[    0.000000] Booting Linux on physical CPU 0x0000000000 [0x412fd050]
[    0.000000] Linux version 5.4.254-ab181 (jks@62jks) (DEFAULT, ) #1 SMP PREEMPT PREEMPT_RT Tue Jun 4 13:41:46 CST 2024
[    0.000000] Machine model: Spreadtrum UMS9230 1H10 SoC
[    0.000000] earlycon: sprd_serial0 at MMIO 0x00000000200b0000 (options '115200n8')
[    0.000000] printk: bootconsole [sprd_serial0] enabled
[    0.000000] efi: Getting EFI parameters from FDT:
[    0.000000] efi: UEFI not found.
[    0.000000] OF: fdt: Reserved memory: failed to reserve memory for node 'sysdump-uboot@9f000000': base 0x000000009f000000, size 0 MiB
[    0.000000] memblock overlap! base:[0x000000f0000000 - 0x000000f2ffffff], overlap:[0x000000f0000000 - 0x000000f2ffffff]
[    0.000000] Reserved memory: created CMA memory pool at 0x00000000f0000000, size 48 MiB
[    0.000000] OF: reserved mem: initialized node cma_share@f00000000, compatible id shared-dma-pool
[    0.000000] On node 0 totalpages: 1572847
[    0.000000] DMA32 zone: 8192 pages used for memmap
[    0.000000] DMA32 zone: 0 pages reserved
[    0.000000] DMA32 zone: 524272 pages, LIFO batch:63
[    0.000000] Normal zone: 16384 pages used for memmap
[    0.000000] Normal zone: 1048575 pages, LIFO batch:63
[    0.000000] psci: probing for conduit method from DT.
[    0.000000] psci: PSCIv1.0 detected in firmware.
[    0.000000] psci: Using standard PSCI v0.2 function IDs
[    0.000000] psci: MIGRATE_INFO_TYPE not supported.
[    0.000000] psci: SMC Calling Convention v1.0
[    0.000000] percpu: Embedded 32 pages/cpu s93592 r8192 d29288 u131072
[    0.000000] pcpu-alloc: s93592 r8192 d29288 u131072 alloc=32*4096
[    0.000000] pcpu-alloc: [0] 0 [0] 1 [0] 2 [0] 3 [0] 4 [0] 5 [0] 6 [0] 7 
[    0.000000] Detected VIPT I-cache on CPU0
[    0.000000] CPU features: detected: GIC system register CPU interface
[    0.000000] CPU features: detected: Speculative Store Bypassing Safe (SSBS)
[    0.000000] Built 1 zonelists, mobility grouping on.  Total pages: 1548271
[    0.000000] Kernel command line: earlycon console=ttySPRD1,115200n8 loop.max_part=7 loglevel=1 init=/init root=/dev/ram0 rw printk.devkmsg=on swiotlb=1 dummy_hcd.num=0 initcall_debug=1 androidboot.hardware=ums9230_1h10 androidboot.dtbo_idx=1 lcd_id=ID41 lcd_name=lcd_icnl9911c_mdt_mipi_hdp lcd_base=9e000000 lcd_size=1600x720 logo_bpix=8 androidboot.ddrsize=6144M androidboot.ddrsize.range=[6144,) androidboot.lwfq.type=0 androidboot.auto.efuse=T616 androidboot.auto.chipid=UMS9230-AC  sysdump_magic=80001000 sysdump_re_flag=1  androidboot.wdten=e551  androidboot.dswdten=enable modem=shutdown androidboot.mode=recovery ltemode=lcsfb rfboard.id=0 rfhw.id=32816 crystal=6 32k.less=1 marlin.clktype=1 androidboot.pmic.chipid=2730 cpcmdline=end  androidboot.verifiedbootstate=orange androidboot.flash.locked=0  androidboot.serialno=Z60plusBD2309059028 buildvariant=user androidboot.vbmeta.device=PARTUUID=1.0 androidboot.vbmeta.avb_version=1.1 androidboot.vbmeta.device_state=unlocked and
[    0.000000] sprd-sysdump: [sysdump_magic_setup]SYSDUMP paddr from uboot: 0x80001000
[    0.000000] sprd-sysdump: [sysdump_reflag_setup]sysdump reserve flag from uboot: 1
[    0.000000] Dentry cache hash table entries: 1048576 (order: 11, 8388608 bytes, linear)
[    0.000000] Inode-cache hash table entries: 524288 (order: 10, 4194304 bytes, linear)
[    0.000000] mem auto-init: stack:all(zero), heap alloc:on, heap free:off
[    0.000000] software IO TLB: mapped [mem 0xffa30000-0xffa70000] (0MB)
[    0.000000] Memory: 5804452K/6291388K available (22716K kernel code, 1742K rwdata, 10488K rodata, 2112K init, 2788K bss, 437784K reserved, 49152K cma-reserved)
[    0.000000] SLUB: HWalign=64, Order=0-3, MinObjects=0, CPUs=8, Nodes=1
[    0.000000] rcu: Preemptible hierarchical RCU implementation.
[    0.000000] rcu: \x09RCU dyntick-idle grace-period acceleration is enabled.
[    0.000000] rcu: \x09RCU restricting CPUs from NR_CPUS=32 to nr_cpu_ids=8.
[    0.000000] \x09Tasks RCU enabled.
[    0.000000] rcu: RCU calculated value of scheduler-enlistment delay is 25 jiffies.
[    0.000000] rcu: Adjusting geometry for rcu_fanout_leaf=16, nr_cpu_ids=8
[    0.000000] NR_IRQS: 64, nr_irqs: 64, preallocated irqs: 0
[    0.000000] GICv3: GIC: Using split EOI/Deactivate mode
[    0.000000] GICv3: 192 SPIs implemented
[    0.000000] GICv3: 0 Extended SPIs implemented
[    0.000000] GICv3: Distributor has no Range Selector support
[    0.000000] GICv3: 16 PPIs implemented
[    0.000000] GICv3: no VLPI support, no direct LPI support
[    0.000000] GICv3: CPU0: found redistributor 0 region 0:0x0000000010040000
[    0.000000] rcu: \x09Offload RCU callbacks from CPUs: (none).
[    0.000000] kfence: initialized - using 2097152 bytes for 255 objects at 0x(____ptrval____)-0x(____ptrval____)
[    0.000000] clocksource: sprd_suspend_timer: mask: 0xffffffff max_cycles: 0xffffffff, max_idle_ns: 58327039986419 ns
[    0.000000] arch_timer: cp15 timer(s) running at 26.00MHz (phys).
[    0.000000] clocksource: arch_sys_counter: mask: 0xffffffffffffff max_cycles: 0x5ff13d5a9, max_idle_ns: 440795202370 ns
[    0.000000] sched_clock: 56 bits at 26MHz, resolution 38ns, wraps every 4398046511088ns
[    0.000000] calling  __typeid__ZTSFivE_global_addr+0x770/0xec8 @ 0
[    0.000000] initcall __typeid__ZTSFivE_global_addr+0x770/0xec8 returned 0 after 0 usecs
[    0.000000] calling  __typeid__ZTSFivE_global_addr+0x778/0xec8 @ 0
[    0.000000] initcall __typeid__ZTSFivE_global_addr+0x778/0xec8 returned 0 after 0 usecs
[    0.000000] calling  __typeid__ZTSFivE_global_addr+0x78c/0xec8 @ 0
[    0.000000] serial port 1 not yet initialized
[    0.000000] initcall __typeid__ZTSFivE_global_addr+0x78c/0xec8 returned 0 after 0 usecs
[    0.000000] Calibrating delay loop (skipped), value calculated using timer frequency.. 52.00 BogoMIPS (lpj=104000)
[    0.000000] pid_max: default: 32768 minimum: 301
[    0.000000] LSM: Security Framework initializing
[    0.000000] SELinux:  Initializing.
[    0.000000] Mount-cache hash table entries: 16384 (order: 5, 131072 bytes, linear)
[    0.000000] Mountpoint-cache hash table entries: 16384 (order: 5, 131072 bytes, linear)
[    0.000000] calling  __typeid__ZTSFivE_global_addr+0x40/0xec8 @ 1
[    0.000000] initcall __typeid__ZTSFivE_global_addr+0x40/0xec8 returned 0 after 0 usecs
[    0.000000] calling  __typeid__ZTSFivE_global_addr+0x3c/0xec8 @ 1
[    0.000000] initcall __typeid__ZTSFivE_global_addr+0x3c/0xec8 returned 0 after 0 usecs
[    0.000000] calling  __typeid__ZTSFivE_global_addr+0x74/0xec8 @ 1
[    0.000000] initcall __typeid__ZTSFivE_global_addr+0x74/0xec8 returned 0 after 0 usecs
[    0.000000] calling  __typeid__ZTSFivE_global_addr+0x8c/0xec8 @ 1
[    0.000000] ASID allocator initialised with 32768 entries
[    0.000000] initcall __typeid__ZTSFivE_global_addr+0x8c/0xec8 returned 0 after 0 usecs
[    0.000000] calling  __typeid__ZTSFivE_global_addr+0xec/0xec8 @ 1
[    0.000000] initcall __typeid__ZTSFivE_global_addr+0xec/0xec8 returned 0 after 0 usecs
[    0.000000] calling  __typeid__ZTSFivE_global_addr+0x10c/0xec8 @ 1
[    0.000000] initcall __typeid__ZTSFivE_global_addr+0x10c/0xec8 returned 0 after 0 usecs
[    0.000000] calling  __typeid__ZTSFivE_global_addr+0x17c/0xec8 @ 1
[    0.000000] rcu: Hierarchical SRCU implementation.
[    0.000000] initcall __typeid__ZTSFivE_global_addr+0x17c/0xec8 returned 0 after 0 usecs
[    0.000000] calling  __typeid__ZTSFivE_global_addr+0x190/0xec8 @ 1
[    0.000000] initcall __typeid__ZTSFivE_global_addr+0x190/0xec8 returned 0 after 0 usecs
[    0.000000] calling  __typeid__ZTSFivE_global_addr+0x18c/0xec8 @ 1
[    0.000000] initcall __typeid__ZTSFivE_global_addr+0x18c/0xec8 returned 0 after 0 usecs
[    0.000000] calling  __typeid__ZTSFivE_global_addr+0x188/0xec8 @ 1
[    0.000000] initcall __typeid__ZTSFivE_global_addr+0x188/0xec8 returned 0 after 0 usecs
[    0.000000] calling  __typeid__ZTSFivE_global_addr+0x1fc/0xec8 @ 1
[    0.000000] initcall __typeid__ZTSFivE_global_addr+0x1fc/0xec8 returned 0 after 0 usecs
[    0.000000] calling  __typeid__ZTSFivE_global_addr+0x244/0xec8 @ 1
[    0.000000] initcall __typeid__ZTSFivE_global_addr+0x244/0xec8 returned 0 after 0 usecs
[    0.000000] calling  __typeid__ZTSFivE_global_addr+0x24c/0xec8 @ 1
[    0.000000] initcall __typeid__ZTSFivE_global_addr+0x24c/0xec8 returned 0 after 0 usecs
[    0.000000] calling  __typeid__ZTSFivE_global_addr+0x294/0xec8 @ 1
[    0.000000] initcall __typeid__ZTSFivE_global_addr+0x294/0xec8 returned 0 after 0 usecs
[    0.000000] calling  __typeid__ZTSFivE_global_addr+0x2d8/0xec8 @ 1
[    0.000000] initcall __typeid__ZTSFivE_global_addr+0x2d8/0xec8 returned 0 after 0 usecs
[    0.000000] calling  __typeid__ZTSFivE_global_addr+0x674/0xec8 @ 1
[    0.004000] initcall __typeid__ZTSFivE_global_addr+0x674/0xec8 returned 0 after 3906 usecs
[    0.004000] calling  __typeid__ZTSFivE_global_addr+0x680/0xec8 @ 1
[    0.004000] initcall __typeid__ZTSFivE_global_addr+0x680/0xec8 returned 0 after 0 usecs
[    0.004000] calling  __typeid__ZTSFivE_global_addr+0x684/0xec8 @ 1
[    0.004000] initcall __typeid__ZTSFivE_global_addr+0x684/0xec8 returned 0 after 0 usecs
[    0.004000] calling  __typeid__ZTSFivE_global_addr+0x728/0xec8 @ 1
[    0.004000] sprd-sysdump: [sysdump_info_init]vmcore info init end!
[    0.100000] sprd-sysdump: section_info_log_buf in. vaddr : 0xffffffc0124ecca8  len :0x100000
[    0.100000] sprd-sysdump: log_buf added successfully in minidump section:paddr_start=824ecca8,paddr_end=825ecca8
[    0.100000] sprd-sysdump: add log_buf to minidump section ok!!
[    0.100000] sprd-sysdump: per_cpu added successfully in minidump section:paddr_start=1ff244000,paddr_end=1ff344000
[    0.100000] sprd-sysdump: per_cpu added to minidump section ok!!
[    0.100000] sprd-sysdump: etb_data added successfully in minidump section:paddr_start=0,paddr_end=0
[    0.100000] initcall __typeid__ZTSFivE_global_addr+0x728/0xec8 returned 0 after 93750 usecs
[    0.100000] calling  __typeid__ZTSFivE_global_addr+0x730/0xec8 @ 1
[    0.100000] sprd-sysdump: vmcoreinfo added successfully in minidump section:paddr_start=1f7d85000,paddr_end=1f7d87000
[    0.100000] add vmcoreinfo to minidump ok!!
[    0.100000] initcall __typeid__ZTSFivE_global_addr+0x730/0xec8 returned 0 after 0 usecs
[    0.100000] calling  __typeid__ZTSFivE_global_addr+0x824/0xec8 @ 1
[    0.100000] initcall __typeid__ZTSFivE_global_addr+0x824/0xec8 returned 0 after 0 usecs
[    0.100000] calling  __typeid__ZTSFivE_global_addr+0xa74/0xec8 @ 1
[    0.100000] initcall __typeid__ZTSFivE_global_addr+0xa74/0xec8 returned 0 after 0 usecs
[    0.100000] calling  __typeid__ZTSFivE_global_addr+0xa94/0xec8 @ 1
[    0.100000] EFI services will not be available.
[    0.100000] initcall __typeid__ZTSFivE_global_addr+0xa94/0xec8 returned 0 after 0 usecs
[    0.100000] calling  __typeid__ZTSFivE_global_addr+0xa9c/0xec8 @ 1
[    0.100000] initcall __typeid__ZTSFivE_global_addr+0xa9c/0xec8 returned 0 after 0 usecs
[    0.100000] calling  __typeid__ZTSFivE_global_addr+0xaa0/0xec8 @ 1
[    0.100000] initcall __typeid__ZTSFivE_global_addr+0xaa0/0xec8 returned 0 after 0 usecs
[    0.100000] calling  __typeid__ZTSFivE_global_addr+0xec4/0xec8 @ 1
[    0.100000] initcall __typeid__ZTSFivE_global_addr+0xec4/0xec8 returned 0 after 0 usecs
[    0.100000] smp: Bringing up secondary CPUs ...
[    0.104000] Detected VIPT I-cache on CPU1
[    0.104000] GICv3: CPU1: found redistributor 100 region 0:0x0000000010060000
[    0.104000] CPU1: Booted secondary processor 0x0000000100 [0x412fd050]
[    0.104000] Detected VIPT I-cache on CPU2
[    0.104000] GICv3: CPU2: found redistributor 200 region 0:0x0000000010080000
[    0.104000] CPU2: Booted secondary processor 0x0000000200 [0x412fd050]
[    0.104000] Detected VIPT I-cache on CPU3
[    0.104000] GICv3: CPU3: found redistributor 300 region 0:0x00000000100a0000
[    0.104000] CPU3: Booted secondary processor 0x0000000300 [0x412fd050]
[    0.104000] Detected VIPT I-cache on CPU4
[    0.104000] GICv3: CPU4: found redistributor 400 region 0:0x00000000100c0000
[    0.104000] CPU4: Booted secondary processor 0x0000000400 [0x412fd050]
[    0.108000] Detected VIPT I-cache on CPU5
[    0.108000] GICv3: CPU5: found redistributor 500 region 0:0x00000000100e0000
[    0.108000] CPU5: Booted secondary processor 0x0000000500 [0x412fd050]
[    5.344000] CPU6: failed to come online
[    5.344000] CPU6: failed in unknown state : 0x0
[   10.464000] CPU7: failed to come online
[   10.464000] CPU7: failed in unknown state : 0x0
[   10.464000] smp: Brought up 1 node, 6 CPUs
[   10.464000] SMP: Total of 6 processors activated.
[   10.464000] CPU features: detected: Privileged Access Never
[   10.464000] CPU features: detected: LSE atomic instructions
[   10.464000] CPU features: detected: User Access Override
[   10.464000] CPU features: detected: 32-bit EL0 Support
[   10.464000] CPU features: detected: Common not Private translations
[   10.464000] CPU features: detected: RAS Extension Support
[   10.464000] CPU features: detected: Data cache clean to the PoU not required for I/D coherence
[   10.464000] CPU features: detected: CRC32 instructions
[   10.556000] CPU: All CPU(s) started at EL2
[   10.556000] alternatives: patching kernel code
[   10.556000] CPU5: update max cpu_capacity 544
[   10.564000] CPU2: update max cpu_capacity 544
[   10.580000] calling  __typeid__ZTSFivE_global_addr+0x27c/0xec8 @ 1
[   10.580000] initcall __typeid__ZTSFivE_global_addr+0x27c/0xec8 returned 0 after 0 usecs
[   10.580000] calling  __typeid__ZTSFivE_global_addr+0x500/0xec8 @ 1
[   10.580000] initcall __typeid__ZTSFivE_global_addr+0x500/0xec8 returned 0 after 0 usecs
[   10.580000] calling  __typeid__ZTSFivE_global_addr+0x6b4/0xec8 @ 1
[   10.580000] initcall __typeid__ZTSFivE_global_addr+0x6b4/0xec8 returned 0 after 0 usecs
[   10.580000] calling  __typeid__ZTSFivE_global_addr+0x724/0xec8 @ 1
[   10.580000] initcall __typeid__ZTSFivE_global_addr+0x724/0xec8 returned 0 after 0 usecs
[   10.580000] calling  __typeid__ZTSFivE_global_addr+0xc08/0xec8 @ 1
[   10.580000] initcall __typeid__ZTSFivE_global_addr+0xc08/0xec8 returned 0 after 0 usecs
[   10.580000] calling  __typeid__ZTSFivE_global_addr+0x34/0xec8 @ 1
[   10.580000] initcall __typeid__ZTSFivE_global_addr+0x34/0xec8 returned 0 after 0 usecs
[   10.580000] calling  __typeid__ZTSFivE_global_addr+0x38/0xec8 @ 1
[   10.580000] initcall __typeid__ZTSFivE_global_addr+0x38/0xec8 returned 0 after 0 usecs
[   10.580000] calling  __typeid__ZTSFivE_global_addr+0x60/0xec8 @ 1
[   10.580000] initcall __typeid__ZTSFivE_global_addr+0x60/0xec8 returned 0 after 0 usecs
[   10.580000] calling  __typeid__ZTSFivE_global_addr+0x78/0xec8 @ 1
[   10.580000] initcall __typeid__ZTSFivE_global_addr+0x78/0xec8 returned 0 after 0 usecs
[   10.580000] calling  __typeid__ZTSFivE_global_addr+0x7c/0xec8 @ 1
[   10.580000] Registered cp15_barrier emulation handler
[   10.580000] Registered setend emulation handler
[   10.580000] initcall __typeid__ZTSFivE_global_addr+0x7c/0xec8 returned 0 after 0 usecs
[   10.580000] calling  __typeid__ZTSFivE_global_addr+0x88/0xec8 @ 1
[   10.580000] initcall __typeid__ZTSFivE_global_addr+0x88/0xec8 returned 0 after 0 usecs
[   10.580000] calling  __typeid__ZTSFivE_global_addr+0xe0/0xec8 @ 1
[   10.580000] initcall __typeid__ZTSFivE_global_addr+0xe0/0xec8 returned 0 after 0 usecs
[   10.580000] calling  __typeid__ZTSFivE_global_addr+0xdc/0xec8 @ 1
[   10.580000] initcall __typeid__ZTSFivE_global_addr+0xdc/0xec8 returned 0 after 0 usecs
[   10.580000] calling  __typeid__ZTSFivE_global_addr+0xfc/0xec8 @ 1
[   10.580000] initcall __typeid__ZTSFivE_global_addr+0xfc/0xec8 returned 0 after 0 usecs
[   10.580000] calling  __typeid__ZTSFivE_global_addr+0x104/0xec8 @ 1
[   10.580000] initcall __typeid__ZTSFivE_global_addr+0x104/0xec8 returned 0 after 0 usecs
[   10.580000] calling  __typeid__ZTSFivE_global_addr+0x124/0xec8 @ 1
[   10.580000] initcall __typeid__ZTSFivE_global_addr+0x124/0xec8 returned 0 after 0 usecs
[   10.580000] calling  __typeid__ZTSFivE_global_addr+0x140/0xec8 @ 1
[   10.580000] initcall __typeid__ZTSFivE_global_addr+0x140/0xec8 returned 0 after 0 usecs
[   10.580000] calling  __typeid__ZTSFivE_global_addr+0x174/0xec8 @ 1
[   10.580000] initcall __typeid__ZTSFivE_global_addr+0x174/0xec8 returned 0 after 0 usecs
[   10.580000] calling  __typeid__ZTSFivE_global_addr+0x170/0xec8 @ 1
[   10.580000] initcall __typeid__ZTSFivE_global_addr+0x170/0xec8 returned 0 after 0 usecs
[   10.580000] calling  __typeid__ZTSFivE_global_addr+0x194/0xec8 @ 1
[   10.580000] initcall __typeid__ZTSFivE_global_addr+0x194/0xec8 returned -12 after 0 usecs
[   10.580000] calling  __typeid__ZTSFivE_global_addr+0x1b4/0xec8 @ 1
[   10.580000] clocksource: jiffies: mask: 0xffffffff max_cycles: 0xffffffff, max_idle_ns: 7645041785100000 ns
[   10.580000] initcall __typeid__ZTSFivE_global_addr+0x1b4/0xec8 returned 0 after 0 usecs
[   10.580000] calling  __typeid__ZTSFivE_global_addr+0x1d4/0xec8 @ 1
[   10.580000] futex hash table entries: 2048 (order: 5, 131072 bytes, linear)
[   10.580000] initcall __typeid__ZTSFivE_global_addr+0x1d4/0xec8 returned 0 after 0 usecs
[   10.580000] calling  __typeid__ZTSFivE_global_addr+0x1e4/0xec8 @ 1
[   10.580000] initcall __typeid__ZTSFivE_global_addr+0x1e4/0xec8 returned 0 after 0 usecs
[   10.580000] calling  __typeid__ZTSFivE_global_addr+0x1ec/0xec8 @ 1
[   10.580000] initcall __typeid__ZTSFivE_global_addr+0x1ec/0xec8 returned 0 after 0 usecs
[   10.580000] calling  __typeid__ZTSFivE_global_addr+0x274/0xec8 @ 1
[   10.580000] initcall __typeid__ZTSFivE_global_addr+0x274/0xec8 returned 0 after 0 usecs
[   10.580000] calling  __typeid__ZTSFivE_global_addr+0x328/0xec8 @ 1
[   10.580000] initcall __typeid__ZTSFivE_global_addr+0x328/0xec8 returned 0 after 0 usecs
[   10.580000] calling  __typeid__ZTSFivE_global_addr+0x358/0xec8 @ 1
[   10.580000] initcall __typeid__ZTSFivE_global_addr+0x358/0xec8 returned 0 after 0 usecs
[   10.580000] calling  __typeid__ZTSFivE_global_addr+0x37c/0xec8 @ 1
[   10.580000] initcall __typeid__ZTSFivE_global_addr+0x37c/0xec8 returned 0 after 0 usecs
[   10.580000] calling  __typeid__ZTSFivE_global_addr+0x388/0xec8 @ 1
[   10.580000] initcall __typeid__ZTSFivE_global_addr+0x388/0xec8 returned 0 after 0 usecs
[   10.580000] calling  __typeid__ZTSFivE_global_addr+0x38c/0xec8 @ 1
[   10.580000] initcall __typeid__ZTSFivE_global_addr+0x38c/0xec8 returned 0 after 0 usecs
[   10.580000] calling  __typeid__ZTSFivE_global_addr+0x390/0xec8 @ 1
[   10.580000] initcall __typeid__ZTSFivE_global_addr+0x390/0xec8 returned 0 after 0 usecs
[   10.580000] calling  __typeid__ZTSFivE_global_addr+0x394/0xec8 @ 1
[   10.580000] initcall __typeid__ZTSFivE_global_addr+0x394/0xec8 returned 0 after 0 usecs
[   10.580000] calling  __typeid__ZTSFivE_global_addr+0x3dc/0xec8 @ 1
[   10.580000] initcall __typeid__ZTSFivE_global_addr+0x3dc/0xec8 returned 0 after 0 usecs
[   10.580000] calling  __typeid__ZTSFivE_global_addr+0x4dc/0xec8 @ 1
[   10.580000] initcall __typeid__ZTSFivE_global_addr+0x4dc/0xec8 returned 0 after 0 usecs
[   10.580000] calling  __typeid__ZTSFivE_global_addr+0x4e0/0xec8 @ 1
[   10.580000] initcall __typeid__ZTSFivE_global_addr+0x4e0/0xec8 returned 0 after 0 usecs
[   10.580000] calling  __typeid__ZTSFivE_global_addr+0x508/0xec8 @ 1
[   10.580000] initcall __typeid__ZTSFivE_global_addr+0x508/0xec8 returned 0 after 0 usecs
[   10.580000] calling  __typeid__ZTSFivE_global_addr+0x5ec/0xec8 @ 1
[   10.580000] xor: measuring software checksum speed
[   10.620000] 8regs     :  3255.000 MB/sec
[   10.660000] 32regs    :  3624.000 MB/sec
[   10.700000] arm64_neon:  3149.000 MB/sec
[   10.700000] xor: using function: 32regs (3624.000 MB/sec)
[   10.700000] initcall __typeid__ZTSFivE_global_addr+0x5ec/0xec8 returned 0 after 117187 usecs
[   10.700000] calling  __typeid__ZTSFivE_global_addr+0x63c/0xec8 @ 1
[   10.700000] initcall __typeid__ZTSFivE_global_addr+0x63c/0xec8 returned 0 after 0 usecs
[   10.700000] calling  __typeid__ZTSFivE_global_addr+0x68c/0xec8 @ 1
[   10.700000] pinctrl core: initialized pinctrl subsystem
[   10.700000] initcall __typeid__ZTSFivE_global_addr+0x68c/0xec8 returned 0 after 0 usecs
[   10.700000] calling  __typeid__ZTSFivE_global_addr+0x69c/0xec8 @ 1
[   10.700000] initcall __typeid__ZTSFivE_global_addr+0x69c/0xec8 returned 0 after 0 usecs
[   10.700000] calling  __typeid__ZTSFivE_global_addr+0x74c/0xec8 @ 1
[   10.700000] initcall __typeid__ZTSFivE_global_addr+0x74c/0xec8 returned 0 after 0 usecs
[   10.700000] calling  __typeid__ZTSFivE_global_addr+0x754/0xec8 @ 1
[   10.700000] probe of reg-dummy returned 1 after 0 usecs
[   10.700000] initcall __typeid__ZTSFivE_global_addr+0x754/0xec8 returned 0 after 0 usecs
[   10.700000] calling  __typeid__ZTSFivE_global_addr+0x7a4/0xec8 @ 1
[   10.700000] initcall __typeid__ZTSFivE_global_addr+0x7a4/0xec8 returned 0 after 0 usecs
[   10.700000] calling  __typeid__ZTSFivE_global_addr+0x7c8/0xec8 @ 1
[   10.700000] initcall __typeid__ZTSFivE_global_addr+0x7c8/0xec8 returned 0 after 0 usecs
[   10.700000] calling  __typeid__ZTSFivE_global_addr+0x7fc/0xec8 @ 1
[   10.700000] initcall __typeid__ZTSFivE_global_addr+0x7fc/0xec8 returned 0 after 0 usecs
[   10.700000] calling  __typeid__ZTSFivE_global_addr+0x810/0xec8 @ 1
[   10.700000] initcall __typeid__ZTSFivE_global_addr+0x810/0xec8 returned 0 after 0 usecs
[   10.700000] calling  __typeid__ZTSFivE_global_addr+0x814/0xec8 @ 1
[   10.700000] initcall __typeid__ZTSFivE_global_addr+0x814/0xec8 returned 0 after 0 usecs
[   10.700000] calling  __typeid__ZTSFivE_global_addr+0xa04/0xec8 @ 1
[   10.700000] initcall __typeid__ZTSFivE_global_addr+0xa04/0xec8 returned 0 after 0 usecs
[   10.700000] calling  __typeid__ZTSFivE_global_addr+0xa10/0xec8 @ 1
[   10.700000] initcall __typeid__ZTSFivE_global_addr+0xa10/0xec8 returned 0 after 0 usecs
[   10.700000] calling  __typeid__ZTSFivE_global_addr+0xa14/0xec8 @ 1
[   10.700000] initcall __typeid__ZTSFivE_global_addr+0xa14/0xec8 returned 0 after 0 usecs
[   10.700000] calling  __typeid__ZTSFivE_global_addr+0xa28/0xec8 @ 1
[   10.700000] initcall __typeid__ZTSFivE_global_addr+0xa28/0xec8 returned 0 after 0 usecs
[   10.700000] calling  __typeid__ZTSFivE_global_addr+0xa84/0xec8 @ 1
[   10.700000] initcall __typeid__ZTSFivE_global_addr+0xa84/0xec8 returned 0 after 0 usecs
[   10.700000] calling  __typeid__ZTSFivE_global_addr+0xa90/0xec8 @ 1
[   10.700000] initcall __typeid__ZTSFivE_global_addr+0xa90/0xec8 returned 0 after 0 usecs
[   10.700000] calling  __typeid__ZTSFivE_global_addr+0xbfc/0xec8 @ 1
[   10.700000] initcall __typeid__ZTSFivE_global_addr+0xbfc/0xec8 returned 0 after 0 usecs
[   10.700000] calling  __typeid__ZTSFivE_global_addr+0xc04/0xec8 @ 1
[   10.700000] initcall __typeid__ZTSFivE_global_addr+0xc04/0xec8 returned 0 after 0 usecs
[   10.700000] calling  __typeid__ZTSFivE_global_addr+0xc0c/0xec8 @ 1
[   10.700000] initcall __typeid__ZTSFivE_global_addr+0xc0c/0xec8 returned 0 after 0 usecs
[   10.700000] calling  __typeid__ZTSFivE_global_addr+0xc10/0xec8 @ 1
[   10.700000] initcall __typeid__ZTSFivE_global_addr+0xc10/0xec8 returned 0 after 0 usecs
[   10.700000] calling  __typeid__ZTSFivE_global_addr+0xc90/0xec8 @ 1
[   10.700000] NET: Registered protocol family 16
[   10.700000] initcall __typeid__ZTSFivE_global_addr+0xc90/0xec8 returned 0 after 0 usecs
[   10.700000] calling  __typeid__ZTSFivE_global_addr+0x2c/0xec8 @ 1
[   10.700000] initcall __typeid__ZTSFivE_global_addr+0x2c/0xec8 returned 0 after 0 usecs
[   10.700000] calling  __typeid__ZTSFivE_global_addr+0x160/0xec8 @ 1
[   10.700000] initcall __typeid__ZTSFivE_global_addr+0x160/0xec8 returned 0 after 0 usecs
[   10.700000] calling  __typeid__ZTSFivE_global_addr+0x19c/0xec8 @ 1
[   10.700000] DMA: preallocated 256 KiB pool for atomic allocations
[   10.700000] initcall __typeid__ZTSFivE_global_addr+0x19c/0xec8 returned 0 after 0 usecs
[   10.700000] calling  __typeid__ZTSFivE_global_addr+0x200/0xec8 @ 1
[   10.700000] audit: initializing netlink subsys (disabled)
[   10.700000] initcall __typeid__ZTSFivE_global_addr+0x200/0xec8 returned 0 after 0 usecs
[   10.700000] calling  __typeid__ZTSFivE_global_addr+0x22c/0xec8 @ 1
[   10.700000] audit: type=2000 audit(10.700:1): state=initialized audit_enabled=0 res=1
[   10.700000] initcall __typeid__ZTSFivE_global_addr+0x22c/0xec8 returned 0 after 0 usecs
[   10.700000] calling  __typeid__ZTSFivE_global_addr+0x2b4/0xec8 @ 1
[   10.700000] initcall __typeid__ZTSFivE_global_addr+0x2b4/0xec8 returned 0 after 0 usecs
[   10.700000] calling  __typeid__ZTSFivE_global_addr+0x2b8/0xec8 @ 1
[   10.700000] initcall __typeid__ZTSFivE_global_addr+0x2b8/0xec8 returned 0 after 0 usecs
[   10.700000] calling  __typeid__ZTSFivE_global_addr+0x2f0/0xec8 @ 1
[   10.700000] initcall __typeid__ZTSFivE_global_addr+0x2f0/0xec8 returned 0 after 0 usecs
[   10.700000] calling  __typeid__ZTSFivE_global_addr+0x4ec/0xec8 @ 1
[   10.700000] initcall __typeid__ZTSFivE_global_addr+0x4ec/0xec8 returned 0 after 0 usecs
[   10.700000] calling  __typeid__ZTSFivE_global_addr+0x6b0/0xec8 @ 1
[   10.700000] initcall __typeid__ZTSFivE_global_addr+0x6b0/0xec8 returned 0 after 0 usecs
[   10.700000] calling  __typeid__ZTSFivE_global_addr+0x6bc/0xec8 @ 1
[   10.700000] initcall __typeid__ZTSFivE_global_addr+0x6bc/0xec8 returned 0 after 0 usecs
[   10.700000] calling  __typeid__ZTSFivE_global_addr+0x6ec/0xec8 @ 1
[   10.700000] initcall __typeid__ZTSFivE_global_addr+0x6ec/0xec8 returned 0 after 0 usecs
[   10.700000] calling  __typeid__ZTSFivE_global_addr+0x6f8/0xec8 @ 1
[   10.700000] initcall __typeid__ZTSFivE_global_addr+0x6f8/0xec8 returned 0 after 0 usecs
[   10.700000] calling  __typeid__ZTSFivE_global_addr+0x760/0xec8 @ 1
[   10.700000] initcall __typeid__ZTSFivE_global_addr+0x760/0xec8 returned 0 after 0 usecs
[   10.700000] calling  __typeid__ZTSFivE_global_addr+0x790/0xec8 @ 1
[   10.700000] initcall __typeid__ZTSFivE_global_addr+0x790/0xec8 returned 0 after 0 usecs
[   10.700000] calling  __typeid__ZTSFivE_global_addr+0x7ac/0xec8 @ 1
[   10.700000] initcall __typeid__ZTSFivE_global_addr+0x7ac/0xec8 returned 0 after 0 usecs
[   10.700000] calling  __typeid__ZTSFivE_global_addr+0x7c0/0xec8 @ 1
[   10.700000] initcall __typeid__ZTSFivE_global_addr+0x7c0/0xec8 returned 0 after 0 usecs
[   10.700000] calling  __typeid__ZTSFivE_global_addr+0x7d0/0xec8 @ 1
[   10.700000] initcall __typeid__ZTSFivE_global_addr+0x7d0/0xec8 returned 0 after 0 usecs
[   10.700000] calling  __typeid__ZTSFivE_global_addr+0x7ec/0xec8 @ 1
[   10.700000] initcall __typeid__ZTSFivE_global_addr+0x7ec/0xec8 returned 0 after 0 usecs
[   10.700000] calling  __typeid__ZTSFivE_global_addr+0x7f0/0xec8 @ 1
[   10.700000] initcall __typeid__ZTSFivE_global_addr+0x7f0/0xec8 returned 0 after 0 usecs
[   10.700000] calling  __typeid__ZTSFivE_global_addr+0x7f4/0xec8 @ 1
[   10.700000] initcall __typeid__ZTSFivE_global_addr+0x7f4/0xec8 returned 0 after 0 usecs
[   10.700000] calling  __typeid__ZTSFivE_global_addr+0x808/0xec8 @ 1
[   10.700000] initcall __typeid__ZTSFivE_global_addr+0x808/0xec8 returned 0 after 0 usecs
[   10.700000] calling  __typeid__ZTSFivE_global_addr+0x80c/0xec8 @ 1
[   10.700000] initcall __typeid__ZTSFivE_global_addr+0x80c/0xec8 returned 0 after 0 usecs
[   10.700000] calling  __typeid__ZTSFivE_global_addr+0x82c/0xec8 @ 1
[   10.700000] initcall __typeid__ZTSFivE_global_addr+0x82c/0xec8 returned 0 after 0 usecs
[   10.700000] calling  __typeid__ZTSFivE_global_addr+0x860/0xec8 @ 1
[   10.700000] initcall __typeid__ZTSFivE_global_addr+0x860/0xec8 returned 0 after 0 usecs
[   10.700000] calling  __typeid__ZTSFivE_global_addr+0x864/0xec8 @ 1
[   10.700000] initcall __typeid__ZTSFivE_global_addr+0x864/0xec8 returned 0 after 0 usecs
[   10.700000] calling  __typeid__ZTSFivE_global_addr+0x96c/0xec8 @ 1
[   10.700000] initcall __typeid__ZTSFivE_global_addr+0x96c/0xec8 returned 0 after 0 usecs
[   10.700000] calling  __typeid__ZTSFivE_global_addr+0xa2c/0xec8 @ 1
[   10.700000] cpuidle: using governor menu
[   10.700000] initcall __typeid__ZTSFivE_global_addr+0xa2c/0xec8 returned 0 after 0 usecs
[   10.700000] calling  __typeid__ZTSFivE_global_addr+0xb50/0xec8 @ 1
[   10.700000] initcall __typeid__ZTSFivE_global_addr+0xb50/0xec8 returned 0 after 0 usecs
[   10.700000] calling  __typeid__ZTSFivE_global_addr+0xb54/0xec8 @ 1
[   10.700000] initcall __typeid__ZTSFivE_global_addr+0xb54/0xec8 returned 0 after 0 usecs
[   10.700000] calling  __typeid__ZTSFivE_global_addr+0xb8c/0xec8 @ 1
[   10.700000] initcall __typeid__ZTSFivE_global_addr+0xb8c/0xec8 returned 0 after 0 usecs
[   10.700000] calling  __typeid__ZTSFivE_global_addr+0xec0/0xec8 @ 1
[   10.700000] initcall __typeid__ZTSFivE_global_addr+0xec0/0xec8 returned 0 after 0 usecs
[   10.700000] calling  __typeid__ZTSFivE_global_addr+0x28/0xec8 @ 1
[   10.700000] initcall __typeid__ZTSFivE_global_addr+0x28/0xec8 returned 0 after 0 usecs
[   10.700000] calling  __typeid__ZTSFivE_global_addr+0x4c/0xec8 @ 1
[   10.700000] memblock overlap! base:[0x00000080000000 - 0x00000080001fff], overlap:[0x00000080000000 - 0x000000fff6ffff]
[   10.700000] memblock overlap! base:[0x000000fff80000 - 0x000000fffbffff], overlap:[0x000000fff80000 - 0x000001ffffefff]
[   10.700000] initcall __typeid__ZTSFivE_global_addr+0x4c/0xec8 returned 0 after 0 usecs
[   10.700000] calling  __typeid__ZTSFivE_global_addr+0x54/0xec8 @ 1
[   10.700000] initcall __typeid__ZTSFivE_global_addr+0x54/0xec8 returned 0 after 0 usecs
[   10.700000] calling  __typeid__ZTSFivE_global_addr+0x50/0xec8 @ 1
[   10.700000] initcall __typeid__ZTSFivE_global_addr+0x50/0xec8 returned 0 after 0 usecs
[   10.700000] calling  __typeid__ZTSFivE_global_addr+0x70/0xec8 @ 1
[   10.700000] hw-breakpoint: found 6 breakpoint and 4 watchpoint registers.
[   10.700000] initcall __typeid__ZTSFivE_global_addr+0x70/0xec8 returned 0 after 0 usecs
[   10.700000] calling  __typeid__ZTSFivE_global_addr+0x54c/0xec8 @ 1
[   10.700000] initcall __typeid__ZTSFivE_global_addr+0x54c/0xec8 returned 0 after 0 usecs
[   10.700000] calling  __typeid__ZTSFivE_global_addr+0x71c/0xec8 @ 1
[   10.700000] initcall __typeid__ZTSFivE_global_addr+0x71c/0xec8 returned 0 after 0 usecs
[   10.700000] calling  __typeid__ZTSFivE_global_addr+0x718/0xec8 @ 1
[   10.700000] initcall __typeid__ZTSFivE_global_addr+0x718/0xec8 returned 0 after 0 usecs
[   10.700000] calling  __typeid__ZTSFivE_global_addr+0x784/0xec8 @ 1
[   10.700000] Serial: AMBA PL011 UART driver
[   10.700000] initcall __typeid__ZTSFivE_global_addr+0x784/0xec8 returned 0 after 0 usecs
[   10.700000] calling  __typeid__ZTSFivE_global_addr+0x7b0/0xec8 @ 1
[   10.700000] initcall __typeid__ZTSFivE_global_addr+0x7b0/0xec8 returned 0 after 0 usecs
[   10.700000] calling  __typeid__ZTSFivE_global_addr+0xb2c/0xec8 @ 1
[   10.704000] printk: console [ramoops-1] enabled
[   10.704000] pstore: Registered ramoops as persistent store backend
[   10.704000] ramoops: using 0x40000@0xfff80000, ecc: 0
[   10.704000] probe of fff80000.ramoops returned 1 after 0 usecs
[   10.740000] initcall __typeid__ZTSFivE_global_addr+0xb2c/0xec8 returned 0 after 39062 usecs
[   10.740000] calling  __typeid__ZTSFivE_global_addr+0x48/0xec8 @ 1
[   10.740000] initcall __typeid__ZTSFivE_global_addr+0x48/0xec8 returned 0 after 0 usecs
[   10.740000] calling  __typeid__ZTSFivE_global_addr+0xf4/0xec8 @ 1
[   10.740000] initcall __typeid__ZTSFivE_global_addr+0xf4/0xec8 returned 0 after 0 usecs
[   10.740000] calling  __typeid__ZTSFivE_global_addr+0x100/0xec8 @ 1
[   10.748000] initcall __typeid__ZTSFivE_global_addr+0x100/0xec8 returned 0 after 7812 usecs
[   10.748000] calling  __typeid__ZTSFivE_global_addr+0x108/0xec8 @ 1
[   10.748000] initcall __typeid__ZTSFivE_global_addr+0x108/0xec8 returned 0 after 0 usecs
[   10.748000] calling  __typeid__ZTSFivE_global_addr+0x118/0xec8 @ 1
[   10.748000] initcall __typeid__ZTSFivE_global_addr+0x118/0xec8 returned 0 after 0 usecs
[   10.748000] calling  __typeid__ZTSFivE_global_addr+0x148/0xec8 @ 1
[   10.748000] initcall __typeid__ZTSFivE_global_addr+0x148/0xec8 returned 0 after 0 usecs
[   10.748000] calling  __typeid__ZTSFivE_global_addr+0x1a0/0xec8 @ 1
[   10.748000] initcall __typeid__ZTSFivE_global_addr+0x1a0/0xec8 returned 0 after 0 usecs
[   10.748000] calling  __typeid__ZTSFivE_global_addr+0x1e0/0xec8 @ 1
[   10.748000] initcall __typeid__ZTSFivE_global_addr+0x1e0/0xec8 returned 0 after 0 usecs
[   10.748000] calling  __typeid__ZTSFivE_global_addr+0x1e8/0xec8 @ 1
[   10.748000] initcall __typeid__ZTSFivE_global_addr+0x1e8/0xec8 returned 0 after 0 usecs
[   10.748000] calling  __typeid__ZTSFivE_global_addr+0x218/0xec8 @ 1
[   10.748000] initcall __typeid__ZTSFivE_global_addr+0x218/0xec8 returned 0 after 0 usecs
[   10.748000] calling  __typeid__ZTSFivE_global_addr+0x254/0xec8 @ 1
[   10.748000] initcall __typeid__ZTSFivE_global_addr+0x254/0xec8 returned 0 after 0 usecs
[   10.748000] calling  __typeid__ZTSFivE_global_addr+0x284/0xec8 @ 1
[   10.748000] initcall __typeid__ZTSFivE_global_addr+0x284/0xec8 returned 0 after 0 usecs
[   10.748000] calling  __typeid__ZTSFivE_global_addr+0x288/0xec8 @ 1
[   10.748000] initcall __typeid__ZTSFivE_global_addr+0x288/0xec8 returned 0 after 0 usecs
[   10.748000] calling  __typeid__ZTSFivE_global_addr+0x2a0/0xec8 @ 1
[   10.748000] initcall __typeid__ZTSFivE_global_addr+0x2a0/0xec8 returned 0 after 0 usecs
[   10.748000] calling  __typeid__ZTSFivE_global_addr+0x2b0/0xec8 @ 1
[   10.748000] initcall __typeid__ZTSFivE_global_addr+0x2b0/0xec8 returned 0 after 0 usecs
[   10.748000] calling  __typeid__ZTSFivE_global_addr+0x2ac/0xec8 @ 1
[   10.748000] initcall __typeid__ZTSFivE_global_addr+0x2ac/0xec8 returned 0 after 0 usecs
[   10.748000] calling  __typeid__ZTSFivE_global_addr+0x2c0/0xec8 @ 1
[   10.748000] initcall __typeid__ZTSFivE_global_addr+0x2c0/0xec8 returned 0 after 0 usecs
[   10.748000] calling  __typeid__ZTSFivE_global_addr+0x2cc/0xec8 @ 1
[   10.748000] initcall __typeid__ZTSFivE_global_addr+0x2cc/0xec8 returned 0 after 0 usecs
[   10.748000] calling  __typeid__ZTSFivE_global_addr+0x2e4/0xec8 @ 1
[   10.748000] initcall __typeid__ZTSFivE_global_addr+0x2e4/0xec8 returned 0 after 0 usecs
[   10.748000] calling  __typeid__ZTSFivE_global_addr+0x2e0/0xec8 @ 1
[   10.748000] initcall __typeid__ZTSFivE_global_addr+0x2e0/0xec8 returned 0 after 0 usecs
[   10.748000] calling  __typeid__ZTSFivE_global_addr+0x2dc/0xec8 @ 1
[   10.748000] initcall __typeid__ZTSFivE_global_addr+0x2dc/0xec8 returned 0 after 0 usecs
[   10.748000] calling  __typeid__ZTSFivE_global_addr+0x2f8/0xec8 @ 1
[   10.748000] initcall __typeid__ZTSFivE_global_addr+0x2f8/0xec8 returned 0 after 0 usecs
[   10.748000] calling  __typeid__ZTSFivE_global_addr+0x2fc/0xec8 @ 1
[   10.748000] initcall __typeid__ZTSFivE_global_addr+0x2fc/0xec8 returned 0 after 0 usecs
[   10.748000] calling  __typeid__ZTSFivE_global_addr+0x314/0xec8 @ 1
[   10.748000] initcall __typeid__ZTSFivE_global_addr+0x314/0xec8 returned 0 after 0 usecs
[   10.748000] calling  __typeid__ZTSFivE_global_addr+0x31c/0xec8 @ 1
[   10.748000] initcall __typeid__ZTSFivE_global_addr+0x31c/0xec8 returned 0 after 0 usecs
[   10.748000] calling  __typeid__ZTSFivE_global_addr+0x318/0xec8 @ 1
[   10.748000] initcall __typeid__ZTSFivE_global_addr+0x318/0xec8 returned 0 after 0 usecs
[   10.748000] calling  __typeid__ZTSFivE_global_addr+0x52c/0xec8 @ 1
[   10.748000] initcall __typeid__ZTSFivE_global_addr+0x52c/0xec8 returned 0 after 0 usecs
[   10.748000] calling  __typeid__ZTSFivE_global_addr+0x540/0xec8 @ 1
[   10.748000] initcall __typeid__ZTSFivE_global_addr+0x540/0xec8 returned 0 after 0 usecs
[   10.748000] calling  __typeid__ZTSFivE_global_addr+0x544/0xec8 @ 1
[   10.748000] initcall __typeid__ZTSFivE_global_addr+0x544/0xec8 returned 0 after 0 usecs
[   10.748000] calling  __typeid__ZTSFivE_global_addr+0x548/0xec8 @ 1
[   10.748000] initcall __typeid__ZTSFivE_global_addr+0x548/0xec8 returned 0 after 0 usecs
[   10.748000] calling  __typeid__ZTSFivE_global_addr+0x550/0xec8 @ 1
[   10.748000] initcall __typeid__ZTSFivE_global_addr+0x550/0xec8 returned 0 after 0 usecs
[   10.748000] calling  __typeid__ZTSFivE_global_addr+0x554/0xec8 @ 1
[   10.748000] initcall __typeid__ZTSFivE_global_addr+0x554/0xec8 returned 0 after 0 usecs
[   10.748000] calling  __typeid__ZTSFivE_global_addr+0x558/0xec8 @ 1
[   10.748000] initcall __typeid__ZTSFivE_global_addr+0x558/0xec8 returned 0 after 0 usecs
[   10.748000] calling  __typeid__ZTSFivE_global_addr+0x55c/0xec8 @ 1
[   10.748000] cryptomgr_test (58) used greatest stack depth: 14360 bytes left
[   10.748000] initcall __typeid__ZTSFivE_global_addr+0x55c/0xec8 returned 0 after 0 usecs
[   10.748000] calling  __typeid__ZTSFivE_global_addr+0x560/0xec8 @ 1
[   10.748000] initcall __typeid__ZTSFivE_global_addr+0x560/0xec8 returned 0 after 0 usecs
[   10.748000] calling  __typeid__ZTSFivE_global_addr+0x564/0xec8 @ 1
[   10.748000] initcall __typeid__ZTSFivE_global_addr+0x564/0xec8 returned 0 after 0 usecs
[   10.748000] calling  __typeid__ZTSFivE_global_addr+0x568/0xec8 @ 1
[   10.748000] initcall __typeid__ZTSFivE_global_addr+0x568/0xec8 returned 0 after 0 usecs
[   10.748000] calling  __typeid__ZTSFivE_global_addr+0x56c/0xec8 @ 1
[   10.748000] initcall __typeid__ZTSFivE_global_addr+0x56c/0xec8 returned 0 after 0 usecs
[   10.748000] calling  __typeid__ZTSFivE_global_addr+0x570/0xec8 @ 1
[   10.748000] initcall __typeid__ZTSFivE_global_addr+0x570/0xec8 returned 0 after 0 usecs
[   10.748000] calling  __typeid__ZTSFivE_global_addr+0x574/0xec8 @ 1
[   10.748000] initcall __typeid__ZTSFivE_global_addr+0x574/0xec8 returned 0 after 0 usecs
[   10.748000] calling  __typeid__ZTSFivE_global_addr+0x578/0xec8 @ 1
[   10.748000] initcall __typeid__ZTSFivE_global_addr+0x578/0xec8 returned 0 after 0 usecs
[   10.748000] calling  __typeid__ZTSFivE_global_addr+0x57c/0xec8 @ 1
[   10.748000] initcall __typeid__ZTSFivE_global_addr+0x57c/0xec8 returned 0 after 0 usecs
[   10.748000] calling  __typeid__ZTSFivE_global_addr+0x580/0xec8 @ 1
[   10.748000] initcall __typeid__ZTSFivE_global_addr+0x580/0xec8 returned 0 after 0 usecs
[   10.748000] calling  __typeid__ZTSFivE_global_addr+0x584/0xec8 @ 1
[   10.748000] initcall __typeid__ZTSFivE_global_addr+0x584/0xec8 returned 0 after 0 usecs
[   10.748000] calling  __typeid__ZTSFivE_global_addr+0x588/0xec8 @ 1
[   10.748000] initcall __typeid__ZTSFivE_global_addr+0x588/0xec8 returned 0 after 0 usecs
[   10.748000] calling  __typeid__ZTSFivE_global_addr+0x58c/0xec8 @ 1
[   10.748000] initcall __typeid__ZTSFivE_global_addr+0x58c/0xec8 returned 0 after 0 usecs
[   10.748000] calling  __typeid__ZTSFivE_global_addr+0x590/0xec8 @ 1
[   10.748000] initcall __typeid__ZTSFivE_global_addr+0x590/0xec8 returned 0 after 0 usecs
[   10.748000] calling  __typeid__ZTSFivE_global_addr+0x594/0xec8 @ 1
[   10.748000] initcall __typeid__ZTSFivE_global_addr+0x594/0xec8 returned 0 after 0 usecs
[   10.748000] calling  __typeid__ZTSFivE_global_addr+0x598/0xec8 @ 1
[   10.748000] initcall __typeid__ZTSFivE_global_addr+0x598/0xec8 returned 0 after 0 usecs
[   10.748000] calling  __typeid__ZTSFivE_global_addr+0x59c/0xec8 @ 1
[   10.752000] cryptd: max_cpu_qlen set to 1000
[   10.752000] initcall __typeid__ZTSFivE_global_addr+0x59c/0xec8 returned 0 after 3906 usecs
[   10.752000] calling  __typeid__ZTSFivE_global_addr+0x5a0/0xec8 @ 1
[   10.752000] initcall __typeid__ZTSFivE_global_addr+0x5a0/0xec8 returned 0 after 0 usecs
[   10.752000] calling  __typeid__ZTSFivE_global_addr+0x5a4/0xec8 @ 1
[   10.752000] initcall __typeid__ZTSFivE_global_addr+0x5a4/0xec8 returned 0 after 0 usecs
[   10.752000] calling  __typeid__ZTSFivE_global_addr+0x5a8/0xec8 @ 1
[   10.752000] initcall __typeid__ZTSFivE_global_addr+0x5a8/0xec8 returned 0 after 0 usecs
[   10.752000] calling  __typeid__ZTSFivE_global_addr+0x5ac/0xec8 @ 1
[   10.752000] initcall __typeid__ZTSFivE_global_addr+0x5ac/0xec8 returned 0 after 0 usecs
[   10.752000] calling  __typeid__ZTSFivE_global_addr+0x5b0/0xec8 @ 1
[   10.752000] initcall __typeid__ZTSFivE_global_addr+0x5b0/0xec8 returned 0 after 0 usecs
[   10.752000] calling  __typeid__ZTSFivE_global_addr+0x5b4/0xec8 @ 1
[   10.752000] initcall __typeid__ZTSFivE_global_addr+0x5b4/0xec8 returned 0 after 0 usecs
[   10.752000] calling  __typeid__ZTSFivE_global_addr+0x5b8/0xec8 @ 1
[   10.752000] initcall __typeid__ZTSFivE_global_addr+0x5b8/0xec8 returned 0 after 0 usecs
[   10.752000] calling  __typeid__ZTSFivE_global_addr+0x5bc/0xec8 @ 1
[   10.752000] initcall __typeid__ZTSFivE_global_addr+0x5bc/0xec8 returned 0 after 0 usecs
[   10.752000] calling  __typeid__ZTSFivE_global_addr+0x5c0/0xec8 @ 1
[   10.752000] initcall __typeid__ZTSFivE_global_addr+0x5c0/0xec8 returned 0 after 0 usecs
[   10.752000] calling  __typeid__ZTSFivE_global_addr+0x5c4/0xec8 @ 1
[   10.752000] initcall __typeid__ZTSFivE_global_addr+0x5c4/0xec8 returned 0 after 0 usecs
[   10.752000] calling  __typeid__ZTSFivE_global_addr+0x5d0/0xec8 @ 1
[   10.752000] initcall __typeid__ZTSFivE_global_addr+0x5d0/0xec8 returned 0 after 0 usecs
[   10.752000] calling  __typeid__ZTSFivE_global_addr+0x5d4/0xec8 @ 1
[   10.752000] initcall __typeid__ZTSFivE_global_addr+0x5d4/0xec8 returned 0 after 0 usecs
[   10.752000] calling  __typeid__ZTSFivE_global_addr+0x5dc/0xec8 @ 1
[   10.752000] initcall __typeid__ZTSFivE_global_addr+0x5dc/0xec8 returned 0 after 0 usecs
[   10.752000] calling  __typeid__ZTSFivE_global_addr+0x5e0/0xec8 @ 1
[   10.752000] initcall __typeid__ZTSFivE_global_addr+0x5e0/0xec8 returned 0 after 0 usecs
[   10.752000] calling  __typeid__ZTSFivE_global_addr+0x5e4/0xec8 @ 1
[   10.752000] initcall __typeid__ZTSFivE_global_addr+0x5e4/0xec8 returned 0 after 0 usecs
[   10.752000] calling  __typeid__ZTSFivE_global_addr+0x5e8/0xec8 @ 1
[   10.752000] initcall __typeid__ZTSFivE_global_addr+0x5e8/0xec8 returned 0 after 0 usecs
[   10.752000] calling  __typeid__ZTSFivE_global_addr+0x5f8/0xec8 @ 1
[   10.752000] initcall __typeid__ZTSFivE_global_addr+0x5f8/0xec8 returned 0 after 0 usecs
[   10.752000] calling  __typeid__ZTSFivE_global_addr+0x5fc/0xec8 @ 1
[   10.752000] initcall __typeid__ZTSFivE_global_addr+0x5fc/0xec8 returned 0 after 0 usecs
[   10.752000] calling  __typeid__ZTSFivE_global_addr+0x600/0xec8 @ 1
[   10.752000] initcall __typeid__ZTSFivE_global_addr+0x600/0xec8 returned 0 after 0 usecs
[   10.752000] calling  __typeid__ZTSFivE_global_addr+0x604/0xec8 @ 1
[   10.752000] initcall __typeid__ZTSFivE_global_addr+0x604/0xec8 returned 0 after 0 usecs
[   10.752000] calling  __typeid__ZTSFivE_global_addr+0x608/0xec8 @ 1
[   10.752000] initcall __typeid__ZTSFivE_global_addr+0x608/0xec8 returned 0 after 0 usecs
[   10.752000] calling  __typeid__ZTSFivE_global_addr+0x610/0xec8 @ 1
[   10.752000] initcall __typeid__ZTSFivE_global_addr+0x610/0xec8 returned 0 after 0 usecs
[   10.752000] calling  __typeid__ZTSFivE_global_addr+0x61c/0xec8 @ 1
[   10.752000] initcall __typeid__ZTSFivE_global_addr+0x61c/0xec8 returned 0 after 0 usecs
[   10.752000] calling  __typeid__ZTSFivE_global_addr+0x630/0xec8 @ 1
[   10.752000] initcall __typeid__ZTSFivE_global_addr+0x630/0xec8 returned 0 after 0 usecs
[   10.752000] calling  __typeid__ZTSFivE_global_addr+0x698/0xec8 @ 1
[   10.752000] initcall __typeid__ZTSFivE_global_addr+0x698/0xec8 returned 0 after 0 usecs
[   10.752000] calling  __typeid__ZTSFivE_global_addr+0x6a4/0xec8 @ 1
[   10.752000] initcall __typeid__ZTSFivE_global_addr+0x6a4/0xec8 returned 0 after 0 usecs
[   10.752000] calling  __typeid__ZTSFivE_global_addr+0x6a8/0xec8 @ 1
[   10.752000] initcall __typeid__ZTSFivE_global_addr+0x6a8/0xec8 returned 0 after 0 usecs
[   10.752000] calling  __typeid__ZTSFivE_global_addr+0x6c8/0xec8 @ 1
[   10.752000] initcall __typeid__ZTSFivE_global_addr+0x6c8/0xec8 returned 0 after 0 usecs
[   10.752000] calling  __typeid__ZTSFivE_global_addr+0x72c/0xec8 @ 1
[   10.752000] initcall __typeid__ZTSFivE_global_addr+0x72c/0xec8 returned 0 after 0 usecs
[   10.752000] calling  __typeid__ZTSFivE_global_addr+0x758/0xec8 @ 1
[   10.756000] initcall __typeid__ZTSFivE_global_addr+0x758/0xec8 returned 0 after 3906 usecs
[   10.756000] calling  __typeid__ZTSFivE_global_addr+0x79c/0xec8 @ 1
[   10.756000] initcall __typeid__ZTSFivE_global_addr+0x79c/0xec8 returned 0 after 0 usecs
[   10.756000] calling  __typeid__ZTSFivE_global_addr+0x7a8/0xec8 @ 1
[   10.756000] iommu: Default domain type: Translated 
[   10.756000] initcall __typeid__ZTSFivE_global_addr+0x7a8/0xec8 returned 0 after 0 usecs
[   10.756000] calling  __typeid__ZTSFivE_global_addr+0x818/0xec8 @ 1
[   10.756000] initcall __typeid__ZTSFivE_global_addr+0x818/0xec8 returned 0 after 0 usecs
[   10.756000] calling  __typeid__ZTSFivE_global_addr+0x828/0xec8 @ 1
[   10.756000] initcall __typeid__ZTSFivE_global_addr+0x828/0xec8 returned 0 after 0 usecs
[   10.756000] calling  __typeid__ZTSFivE_global_addr+0x830/0xec8 @ 1
[   10.756000] initcall __typeid__ZTSFivE_global_addr+0x830/0xec8 returned 0 after 0 usecs
[   10.756000] calling  __typeid__ZTSFivE_global_addr+0x844/0xec8 @ 1
[   10.756000] initcall __typeid__ZTSFivE_global_addr+0x844/0xec8 returned 0 after 0 usecs
[   10.756000] calling  __typeid__ZTSFivE_global_addr+0x848/0xec8 @ 1
[   10.756000] initcall __typeid__ZTSFivE_global_addr+0x848/0xec8 returned 0 after 0 usecs
[   10.756000] calling  __typeid__ZTSFivE_global_addr+0x84c/0xec8 @ 1
[   10.756000] initcall __typeid__ZTSFivE_global_addr+0x84c/0xec8 returned 0 after 0 usecs
[   10.756000] calling  __typeid__ZTSFivE_global_addr+0x850/0xec8 @ 1
[   10.756000] SCSI subsystem initialized
[   10.756000] initcall __typeid__ZTSFivE_global_addr+0x850/0xec8 returned 0 after 0 usecs
[   10.756000] calling  __typeid__ZTSFivE_global_addr+0x87c/0xec8 @ 1
[   10.756000] initcall __typeid__ZTSFivE_global_addr+0x87c/0xec8 returned 0 after 0 usecs
[   10.756000] calling  __typeid__ZTSFivE_global_addr+0x8c0/0xec8 @ 1
[   10.756000] initcall __typeid__ZTSFivE_global_addr+0x8c0/0xec8 returned 0 after 0 usecs
[   10.756000] calling  __typeid__ZTSFivE_global_addr+0x8c8/0xec8 @ 1
[   10.756000] usbcore: registered new interface driver usbfs
[   10.756000] usbcore: registered new interface driver hub
[   10.756000] usbcore: registered new device driver usb
[   10.756000] initcall __typeid__ZTSFivE_global_addr+0x8c8/0xec8 returned 0 after 0 usecs
[   10.756000] calling  __typeid__ZTSFivE_global_addr+0x900/0xec8 @ 1
[   10.756000] initcall __typeid__ZTSFivE_global_addr+0x900/0xec8 returned 0 after 0 usecs
[   10.756000] calling  __typeid__ZTSFivE_global_addr+0x928/0xec8 @ 1
[   10.756000] initcall __typeid__ZTSFivE_global_addr+0x928/0xec8 returned 0 after 0 usecs
[   10.756000] calling  __typeid__ZTSFivE_global_addr+0x92c/0xec8 @ 1
[   10.756000] initcall __typeid__ZTSFivE_global_addr+0x92c/0xec8 returned 0 after 0 usecs
[   10.756000] calling  __typeid__ZTSFivE_global_addr+0x930/0xec8 @ 1
[   10.756000] initcall __typeid__ZTSFivE_global_addr+0x930/0xec8 returned 0 after 0 usecs
[   10.756000] calling  __typeid__ZTSFivE_global_addr+0x938/0xec8 @ 1
[   10.756000] initcall __typeid__ZTSFivE_global_addr+0x938/0xec8 returned 0 after 0 usecs
[   10.756000] calling  __typeid__ZTSFivE_global_addr+0x95c/0xec8 @ 1
[   10.756000] initcall __typeid__ZTSFivE_global_addr+0x95c/0xec8 returned 0 after 0 usecs
[   10.756000] calling  __typeid__ZTSFivE_global_addr+0x970/0xec8 @ 1
[   10.756000] mc: Linux media interface: v0.10
[   10.756000] initcall __typeid__ZTSFivE_global_addr+0x970/0xec8 returned 0 after 0 usecs
[   10.756000] calling  __typeid__ZTSFivE_global_addr+0x974/0xec8 @ 1
[   10.756000] videodev: Linux video capture interface: v2.00
[   10.756000] initcall __typeid__ZTSFivE_global_addr+0x974/0xec8 returned 0 after 0 usecs
[   10.756000] calling  __typeid__ZTSFivE_global_addr+0x978/0xec8 @ 1
[   10.756000] initcall __typeid__ZTSFivE_global_addr+0x978/0xec8 returned 0 after 0 usecs
[   10.756000] calling  __typeid__ZTSFivE_global_addr+0x97c/0xec8 @ 1
[   10.756000] initcall __typeid__ZTSFivE_global_addr+0x97c/0xec8 returned 0 after 0 usecs
[   10.756000] calling  __typeid__ZTSFivE_global_addr+0x98c/0xec8 @ 1
[   10.756000] initcall __typeid__ZTSFivE_global_addr+0x98c/0xec8 returned 0 after 0 usecs
[   10.756000] calling  __typeid__ZTSFivE_global_addr+0x9fc/0xec8 @ 1
[   10.756000] EDAC MC: Ver: 3.0.0
[   10.756000] initcall __typeid__ZTSFivE_global_addr+0x9fc/0xec8 returned 0 after 0 usecs
[   10.756000] calling  __typeid__ZTSFivE_global_addr+0xa38/0xec8 @ 1
[   10.756000] initcall __typeid__ZTSFivE_global_addr+0xa38/0xec8 returned 0 after 0 usecs
[   10.756000] calling  __typeid__ZTSFivE_global_addr+0xa48/0xec8 @ 1
[   10.756000] initcall __typeid__ZTSFivE_global_addr+0xa48/0xec8 returned 0 after 0 usecs
[   10.756000] calling  __typeid__ZTSFivE_global_addr+0xa54/0xec8 @ 1
[   10.756000] initcall __typeid__ZTSFivE_global_addr+0xa54/0xec8 returned 0 after 0 usecs
[   10.756000] calling  __typeid__ZTSFivE_global_addr+0xa5c/0xec8 @ 1
[   10.756000] initcall __typeid__ZTSFivE_global_addr+0xa5c/0xec8 returned 20 after 0 usecs
[   10.756000] calling  __typeid__ZTSFivE_global_addr+0xa60/0xec8 @ 1
[   10.756000] initcall __typeid__ZTSFivE_global_addr+0xa60/0xec8 returned 19 after 0 usecs
[   10.756000] calling  __typeid__ZTSFivE_global_addr+0xa64/0xec8 @ 1
[   10.756000] initcall __typeid__ZTSFivE_global_addr+0xa64/0xec8 returned 17 after 0 usecs
[   10.756000] calling  __typeid__ZTSFivE_global_addr+0xa68/0xec8 @ 1
[   10.756000] initcall __typeid__ZTSFivE_global_addr+0xa68/0xec8 returned 22 after 0 usecs
[   10.756000] calling  __typeid__ZTSFivE_global_addr+0xa6c/0xec8 @ 1
[   10.756000] initcall __typeid__ZTSFivE_global_addr+0xa6c/0xec8 returned 21 after 0 usecs
[   10.756000] calling  __typeid__ZTSFivE_global_addr+0xa78/0xec8 @ 1
[   10.756000] initcall __typeid__ZTSFivE_global_addr+0xa78/0xec8 returned 0 after 0 usecs
[   10.756000] calling  __typeid__ZTSFivE_global_addr+0xa8c/0xec8 @ 1
[   10.756000] initcall __typeid__ZTSFivE_global_addr+0xa8c/0xec8 returned 0 after 0 usecs
[   10.756000] calling  __typeid__ZTSFivE_global_addr+0xb3c/0xec8 @ 1
[   10.756000] initcall __typeid__ZTSFivE_global_addr+0xb3c/0xec8 returned 0 after 0 usecs
[   10.756000] calling  __typeid__ZTSFivE_global_addr+0xb40/0xec8 @ 1
[   10.756000] initcall __typeid__ZTSFivE_global_addr+0xb40/0xec8 returned 0 after 0 usecs
[   10.756000] calling  __typeid__ZTSFivE_global_addr+0xb4c/0xec8 @ 1
[   10.756000] initcall __typeid__ZTSFivE_global_addr+0xb4c/0xec8 returned 0 after 0 usecs
[   10.756000] calling  __typeid__ZTSFivE_global_addr+0xb58/0xec8 @ 1
[   10.756000] initcall __typeid__ZTSFivE_global_addr+0xb58/0xec8 returned 0 after 0 usecs
[   10.756000] calling  __typeid__ZTSFivE_global_addr+0xb5c/0xec8 @ 1
[   10.756000] initcall __typeid__ZTSFivE_global_addr+0xb5c/0xec8 returned 0 after 0 usecs
[   10.756000] calling  __typeid__ZTSFivE_global_addr+0xb60/0xec8 @ 1
[   10.756000] initcall __typeid__ZTSFivE_global_addr+0xb60/0xec8 returned 0 after 0 usecs
[   10.756000] calling  __typeid__ZTSFivE_global_addr+0xb64/0xec8 @ 1
[   10.756000] initcall __typeid__ZTSFivE_global_addr+0xb64/0xec8 returned 0 after 0 usecs
[   10.756000] calling  __typeid__ZTSFivE_global_addr+0xb68/0xec8 @ 1
[   10.756000] initcall __typeid__ZTSFivE_global_addr+0xb68/0xec8 returned 0 after 0 usecs
[   10.756000] calling  __typeid__ZTSFivE_global_addr+0xb6c/0xec8 @ 1
[   10.756000] initcall __typeid__ZTSFivE_global_addr+0xb6c/0xec8 returned 0 after 0 usecs
[   10.756000] calling  __typeid__ZTSFivE_global_addr+0xb70/0xec8 @ 1
[   10.756000] initcall __typeid__ZTSFivE_global_addr+0xb70/0xec8 returned 0 after 0 usecs
[   10.756000] calling  __typeid__ZTSFivE_global_addr+0xb78/0xec8 @ 1
[   10.756000] initcall __typeid__ZTSFivE_global_addr+0xb78/0xec8 returned 0 after 0 usecs
[   10.756000] calling  __typeid__ZTSFivE_global_addr+0xb80/0xec8 @ 1
[   10.756000] initcall __typeid__ZTSFivE_global_addr+0xb80/0xec8 returned 0 after 0 usecs
[   10.756000] calling  __typeid__ZTSFivE_global_addr+0xb84/0xec8 @ 1
[   10.756000] initcall __typeid__ZTSFivE_global_addr+0xb84/0xec8 returned 0 after 0 usecs
[   10.756000] calling  __typeid__ZTSFivE_global_addr+0xbc0/0xec8 @ 1
[   10.756000] initcall __typeid__ZTSFivE_global_addr+0xbc0/0xec8 returned 0 after 0 usecs
[   10.756000] calling  __typeid__ZTSFivE_global_addr+0xbd0/0xec8 @ 1
[   10.756000] initcall __typeid__ZTSFivE_global_addr+0xbd0/0xec8 returned 0 after 0 usecs
[   10.756000] calling  __typeid__ZTSFivE_global_addr+0xbd4/0xec8 @ 1
[   10.756000] Advanced Linux Sound Architecture Driver Initialized.
[   10.756000] initcall __typeid__ZTSFivE_global_addr+0xbd4/0xec8 returned 0 after 0 usecs
[   10.756000] calling  __typeid__ZTSFivE_global_addr+0xc00/0xec8 @ 1
[   10.756000] initcall __typeid__ZTSFivE_global_addr+0xc00/0xec8 returned 0 after 0 usecs
[   10.756000] calling  __typeid__ZTSFivE_global_addr+0xc1c/0xec8 @ 1
[   10.756000] initcall __typeid__ZTSFivE_global_addr+0xc1c/0xec8 returned 0 after 0 usecs
[   10.756000] calling  __typeid__ZTSFivE_global_addr+0xc20/0xec8 @ 1
[   10.756000] initcall __typeid__ZTSFivE_global_addr+0xc20/0xec8 returned 0 after 0 usecs
[   10.756000] calling  __typeid__ZTSFivE_global_addr+0xc38/0xec8 @ 1
[   10.756000] initcall __typeid__ZTSFivE_global_addr+0xc38/0xec8 returned 0 after 0 usecs
[   10.756000] calling  __typeid__ZTSFivE_global_addr+0xc3c/0xec8 @ 1
[   10.756000] initcall __typeid__ZTSFivE_global_addr+0xc3c/0xec8 returned 0 after 0 usecs
[   10.756000] calling  __typeid__ZTSFivE_global_addr+0xc40/0xec8 @ 1
[   10.756000] initcall __typeid__ZTSFivE_global_addr+0xc40/0xec8 returned 0 after 0 usecs
[   10.756000] calling  __typeid__ZTSFivE_global_addr+0xc50/0xec8 @ 1
[   10.756000] initcall __typeid__ZTSFivE_global_addr+0xc50/0xec8 returned 0 after 0 usecs
[   10.756000] calling  __typeid__ZTSFivE_global_addr+0xc58/0xec8 @ 1
[   10.756000] initcall __typeid__ZTSFivE_global_addr+0xc58/0xec8 returned 0 after 0 usecs
[   10.756000] calling  __typeid__ZTSFivE_global_addr+0xc5c/0xec8 @ 1
[   10.756000] initcall __typeid__ZTSFivE_global_addr+0xc5c/0xec8 returned 0 after 0 usecs
[   10.756000] calling  __typeid__ZTSFivE_global_addr+0xc94/0xec8 @ 1
[   10.756000] initcall __typeid__ZTSFivE_global_addr+0xc94/0xec8 returned 0 after 0 usecs
[   10.756000] calling  __typeid__ZTSFivE_global_addr+0xda4/0xec8 @ 1
[   10.756000] initcall __typeid__ZTSFivE_global_addr+0xda4/0xec8 returned 0 after 0 usecs
[   10.756000] calling  __typeid__ZTSFivE_global_addr+0xe84/0xec8 @ 1
[   10.756000] Bluetooth: Core ver 2.22
[   10.756000] NET: Registered protocol family 31
[   10.756000] Bluetooth: HCI device and connection manager initialized
[   10.756000] Bluetooth: HCI socket layer initialized
[   10.756000] Bluetooth: L2CAP socket layer initialized
[   10.756000] Bluetooth: SCO socket layer initialized
[   10.756000] initcall __typeid__ZTSFivE_global_addr+0xe84/0xec8 returned 0 after 0 usecs
[   10.756000] calling  __typeid__ZTSFivE_global_addr+0xea0/0xec8 @ 1
[   10.756000] initcall __typeid__ZTSFivE_global_addr+0xea0/0xec8 returned 0 after 0 usecs
[   10.756000] calling  __typeid__ZTSFivE_global_addr+0xea4/0xec8 @ 1
[   10.756000] initcall __typeid__ZTSFivE_global_addr+0xea4/0xec8 returned 0 after 0 usecs
[   10.756000] calling  __typeid__ZTSFivE_global_addr+0xeb0/0xec8 @ 1
[   10.756000] initcall __typeid__ZTSFivE_global_addr+0xeb0/0xec8 returned 0 after 0 usecs
[   10.756000] calling  __typeid__ZTSFivE_global_addr+0x998/0xec8 @ 1
[   10.756000] initcall __typeid__ZTSFivE_global_addr+0x998/0xec8 returned 0 after 0 usecs
[   10.756000] calling  __typeid__ZTSFivE_global_addr+0x30/0xec8 @ 1
[   10.756000] initcall __typeid__ZTSFivE_global_addr+0x30/0xec8 returned 0 after 0 usecs
[   10.756000] calling  __typeid__ZTSFivE_global_addr+0x150/0xec8 @ 1
[   10.756000] initcall __typeid__ZTSFivE_global_addr+0x150/0xec8 returned 0 after 0 usecs
[   10.756000] calling  __typeid__ZTSFivE_global_addr+0x1b0/0xec8 @ 1
[   10.756013] clocksource: Switched to clocksource arch_sys_counter
[   10.756018] initcall __typeid__ZTSFivE_global_addr+0x1b0/0xec8 returned 0 after 14 usecs
[   10.756023] calling  __typeid__ZTSFivE_global_addr+0x240/0xec8 @ 1
[   10.759683] cryptomgr_test (59): highest shadow stack usage: 96 bytes
[   10.780035] cryptomgr_test (58): highest shadow stack usage: 104 bytes
[   10.812414] initcall __typeid__ZTSFivE_global_addr+0x240/0xec8 returned 0 after 55054 usecs
[   10.812424] calling  __typeid__ZTSFivE_global_addr+0x248/0xec8 @ 1
[   10.812437] initcall __typeid__ZTSFivE_global_addr+0x248/0xec8 returned 0 after 7 usecs
[   10.812442] calling  __typeid__ZTSFivE_global_addr+0x250/0xec8 @ 1
[   10.812447] initcall __typeid__ZTSFivE_global_addr+0x250/0xec8 returned 0 after 1 usecs
[   10.812452] calling  __typeid__ZTSFivE_global_addr+0x258/0xec8 @ 1
[   10.812469] initcall __typeid__ZTSFivE_global_addr+0x258/0xec8 returned 0 after 11 usecs
[   10.812473] calling  __typeid__ZTSFivE_global_addr+0x25c/0xec8 @ 1
[   10.812483] initcall __typeid__ZTSFivE_global_addr+0x25c/0xec8 returned 0 after 5 usecs
[   10.812487] calling  __typeid__ZTSFivE_global_addr+0x260/0xec8 @ 1
[   10.812512] initcall __typeid__ZTSFivE_global_addr+0x260/0xec8 returned 0 after 19 usecs
[   10.812517] calling  __typeid__ZTSFivE_global_addr+0x280/0xec8 @ 1
[   10.812541] initcall __typeid__ZTSFivE_global_addr+0x280/0xec8 returned 0 after 18 usecs
[   10.812545] calling  __typeid__ZTSFivE_global_addr+0x334/0xec8 @ 1
[   10.812610] initcall __typeid__ZTSFivE_global_addr+0x334/0xec8 returned 0 after 57 usecs
[   10.812615] calling  __typeid__ZTSFivE_global_addr+0x344/0xec8 @ 1
[   10.812634] initcall __typeid__ZTSFivE_global_addr+0x344/0xec8 returned 0 after 13 usecs
[   10.812638] calling  __typeid__ZTSFivE_global_addr+0x35c/0xec8 @ 1
[   10.812685] initcall __typeid__ZTSFivE_global_addr+0x35c/0xec8 returned 0 after 40 usecs
[   10.812690] calling  __typeid__ZTSFivE_global_addr+0x360/0xec8 @ 1
[   10.812713] initcall __typeid__ZTSFivE_global_addr+0x360/0xec8 returned 0 after 18 usecs
[   10.812719] calling  __typeid__ZTSFivE_global_addr+0x364/0xec8 @ 1
[   10.812767] initcall __typeid__ZTSFivE_global_addr+0x364/0xec8 returned 0 after 40 usecs
[   10.812774] calling  __typeid__ZTSFivE_global_addr+0x380/0xec8 @ 1
[   10.812787] initcall __typeid__ZTSFivE_global_addr+0x380/0xec8 returned 0 after 8 usecs
[   10.812791] calling  __typeid__ZTSFivE_global_addr+0x39c/0xec8 @ 1
[   10.812795] VFS: Disk quotas dquot_6.6.0
[   10.812853] VFS: Dquot-cache hash table entries: 512 (order 0, 4096 bytes)
[   10.812860] initcall __typeid__ZTSFivE_global_addr+0x39c/0xec8 returned 0 after 62 usecs
[   10.812866] calling  __typeid__ZTSFivE_global_addr+0x3a4/0xec8 @ 1
[   10.812875] initcall __typeid__ZTSFivE_global_addr+0x3a4/0xec8 returned 0 after 4 usecs
[   10.812879] calling  __typeid__ZTSFivE_global_addr+0x3a8/0xec8 @ 1
[   10.812893] initcall __typeid__ZTSFivE_global_addr+0x3a8/0xec8 returned 0 after 9 usecs
[   10.812899] calling  __typeid__ZTSFivE_global_addr+0x3ac/0xec8 @ 1
[   10.812906] initcall __typeid__ZTSFivE_global_addr+0x3ac/0xec8 returned 0 after 2 usecs
[   10.812910] calling  __typeid__ZTSFivE_global_addr+0x3b0/0xec8 @ 1
[   10.812916] initcall __typeid__ZTSFivE_global_addr+0x3b0/0xec8 returned 0 after 1 usecs
[   10.812920] calling  __typeid__ZTSFivE_global_addr+0x3b4/0xec8 @ 1
[   10.812927] initcall __typeid__ZTSFivE_global_addr+0x3b4/0xec8 returned 0 after 2 usecs
[   10.812931] calling  __typeid__ZTSFivE_global_addr+0x3b8/0xec8 @ 1
[   10.812938] initcall __typeid__ZTSFivE_global_addr+0x3b8/0xec8 returned 0 after 3 usecs
[   10.812941] calling  __typeid__ZTSFivE_global_addr+0x3bc/0xec8 @ 1
[   10.812949] initcall __typeid__ZTSFivE_global_addr+0x3bc/0xec8 returned 0 after 4 usecs
[   10.812953] calling  __typeid__ZTSFivE_global_addr+0x3c0/0xec8 @ 1
[   10.812959] initcall __typeid__ZTSFivE_global_addr+0x3c0/0xec8 returned 0 after 1 usecs
[   10.812962] calling  __typeid__ZTSFivE_global_addr+0x3c4/0xec8 @ 1
[   10.812969] initcall __typeid__ZTSFivE_global_addr+0x3c4/0xec8 returned 0 after 3 usecs
[   10.812973] calling  __typeid__ZTSFivE_global_addr+0x3c8/0xec8 @ 1
[   10.812981] initcall __typeid__ZTSFivE_global_addr+0x3c8/0xec8 returned 0 after 4 usecs
[   10.812986] calling  __typeid__ZTSFivE_global_addr+0x3cc/0xec8 @ 1
[   10.812992] initcall __typeid__ZTSFivE_global_addr+0x3cc/0xec8 returned 0 after 1 usecs
[   10.812996] calling  __typeid__ZTSFivE_global_addr+0x3d0/0xec8 @ 1
[   10.813002] initcall __typeid__ZTSFivE_global_addr+0x3d0/0xec8 returned 0 after 1 usecs
[   10.813007] calling  __typeid__ZTSFivE_global_addr+0x3d4/0xec8 @ 1
[   10.813016] initcall __typeid__ZTSFivE_global_addr+0x3d4/0xec8 returned 0 after 4 usecs
[   10.813020] calling  __typeid__ZTSFivE_global_addr+0x3d8/0xec8 @ 1
[   10.813039] initcall __typeid__ZTSFivE_global_addr+0x3d8/0xec8 returned 0 after 13 usecs
[   10.813044] calling  __typeid__ZTSFivE_global_addr+0x3ec/0xec8 @ 1
[   10.813053] initcall __typeid__ZTSFivE_global_addr+0x3ec/0xec8 returned 0 after 4 usecs
[   10.813057] calling  __typeid__ZTSFivE_global_addr+0x614/0xec8 @ 1
[   10.813063] initcall __typeid__ZTSFivE_global_addr+0x614/0xec8 returned 0 after 1 usecs
[   10.813067] calling  __typeid__ZTSFivE_global_addr+0x670/0xec8 @ 1
[   10.813094] initcall __typeid__ZTSFivE_global_addr+0x670/0xec8 returned 0 after 21 usecs
[   10.813098] calling  __typeid__ZTSFivE_global_addr+0x794/0xec8 @ 1
[   10.813446] initcall __typeid__ZTSFivE_global_addr+0x794/0xec8 returned 0 after 332 usecs
[   10.813453] calling  __typeid__ZTSFivE_global_addr+0x804/0xec8 @ 1
[   10.813485] initcall __typeid__ZTSFivE_global_addr+0x804/0xec8 returned 0 after 25 usecs
[   10.813490] calling  __typeid__ZTSFivE_global_addr+0x990/0xec8 @ 1
[   10.813496] thermal_sys: Registered thermal governor 'step_wise'
[   10.813498] thermal_sys: Registered thermal governor 'user_space'
[   10.813500] thermal_sys: Registered thermal governor 'power_allocator'
[   10.815037] initcall __typeid__ZTSFivE_global_addr+0x990/0xec8 returned 0 after 1500 usecs
[   10.815045] calling  __typeid__ZTSFivE_global_addr+0xbac/0xec8 @ 1
[   10.815061] initcall __typeid__ZTSFivE_global_addr+0xbac/0xec8 returned 0 after 10 usecs
[   10.815065] calling  __typeid__ZTSFivE_global_addr+0xc14/0xec8 @ 1
[   10.815119] initcall __typeid__ZTSFivE_global_addr+0xc14/0xec8 returned 0 after 46 usecs
[   10.815125] calling  __typeid__ZTSFivE_global_addr+0xc48/0xec8 @ 1
[   10.815131] initcall __typeid__ZTSFivE_global_addr+0xc48/0xec8 returned 0 after 1 usecs
[   10.815136] calling  __typeid__ZTSFivE_global_addr+0xd9c/0xec8 @ 1
[   10.815142] initcall __typeid__ZTSFivE_global_addr+0xd9c/0xec8 returned 0 after 2 usecs
[   10.815146] calling  __typeid__ZTSFivE_global_addr+0xd98/0xec8 @ 1
[   10.815263] NET: Registered protocol family 2
[   10.815558] IP idents hash table entries: 131072 (order: 8, 1048576 bytes, linear)
[   10.817467] tcp_listen_portaddr_hash hash table entries: 4096 (order: 4, 65536 bytes, linear)
[   10.817667] TCP established hash table entries: 65536 (order: 7, 524288 bytes, linear)
[   10.818146] TCP bind hash table entries: 65536 (order: 8, 1048576 bytes, linear)
[   10.818798] TCP: Hash tables configured (established 65536 bind 65536)
[   10.818960] UDP hash table entries: 4096 (order: 5, 131072 bytes, linear)
[   10.819070] UDP-Lite hash table entries: 4096 (order: 5, 131072 bytes, linear)
[   10.819265] initcall __typeid__ZTSFivE_global_addr+0xd98/0xec8 returned 0 after 4012 usecs
[   10.819272] calling  __typeid__ZTSFivE_global_addr+0xe1c/0xec8 @ 1
[   10.819295] NET: Registered protocol family 1
[   10.819311] initcall __typeid__ZTSFivE_global_addr+0xe1c/0xec8 returned 0 after 32 usecs
[   10.819317] calling  __typeid__ZTSFivE_global_addr+0xe64/0xec8 @ 1
[   10.819325] initcall __typeid__ZTSFivE_global_addr+0xe64/0xec8 returned 0 after 3 usecs
[   10.819329] calling  __typeid__ZTSFivE_global_addr+0xe98/0xec8 @ 1
[   10.819619] initcall __typeid__ZTSFivE_global_addr+0xe98/0xec8 returned 0 after 275 usecs
[   10.819625] calling  __typeid__ZTSFivE_global_addr+0xebc/0xec8 @ 1
[   10.819629] NET: Registered protocol family 44
[   10.819637] initcall __typeid__ZTSFivE_global_addr+0xebc/0xec8 returned 0 after 8 usecs
[   10.819642] calling  __typeid__ZTSFivE_global_addr+0x6cc/0xec8 @ 1
[   10.819647] PCI: CLS 0 bytes, default 64
[   10.819651] initcall __typeid__ZTSFivE_global_addr+0x6cc/0xec8 returned 0 after 5 usecs
[   10.819656] calling  __typeid__ZTSFivE_global_addr+0x0/0xec8 @ 1
[   10.819825] Trying to unpack rootfs image as initramfs...
[   11.404241] Freeing initrd memory: 59076K
[   11.404263] initcall __typeid__ZTSFivE_global_addr+0x0/0xec8 returned 0 after 570890 usecs
[   11.404554] calling  __typeid__ZTSFivE_global_addr+0x44/0xec8 @ 1
[   11.404560] initcall __typeid__ZTSFivE_global_addr+0x44/0xec8 returned 0 after 1 usecs
[   11.404565] calling  __typeid__ZTSFivE_global_addr+0x58/0xec8 @ 1
[   11.404943] initcall __typeid__ZTSFivE_global_addr+0x58/0xec8 returned 0 after 358 usecs
[   11.404951] calling  __typeid__ZTSFivE_global_addr+0x64/0xec8 @ 1
[   11.404956] initcall __typeid__ZTSFivE_global_addr+0x64/0xec8 returned 0 after 1 usecs
[   11.404961] calling  __typeid__ZTSFivE_global_addr+0x6c/0xec8 @ 1
[   11.405914] hw perfevents: no interrupt-affinity property for /pmu, guessing.
[   11.406325] hw perfevents: enabled with armv8_pmuv3 PMU driver, 7 counters available
[   11.406377] probe of pmu returned 1 after 568 usecs
[   11.406522] initcall __typeid__ZTSFivE_global_addr+0x6c/0xec8 returned 0 after 1516 usecs
[   11.406530] calling  __typeid__ZTSFivE_global_addr+0x80/0xec8 @ 1
[   11.406536] initcall __typeid__ZTSFivE_global_addr+0x80/0xec8 returned 0 after 1 usecs
[   11.406541] calling  __typeid__ZTSFivE_global_addr+0x84/0xec8 @ 1
[   11.406547] initcall __typeid__ZTSFivE_global_addr+0x84/0xec8 returned 0 after 1 usecs
[   11.406551] calling  __typeid__ZTSFivE_global_addr+0x94/0xec8 @ 1
[   11.406590] kvm [1]: IPA Size Limit: 40 bits
[   11.407432] kvm [1]: GICv3: no GICV resource entry
[   11.407434] kvm [1]: disabling GICv2 emulation
[   11.407447] kvm [1]: GIC system register CPU interface enabled
[   11.407634] kvm [1]: vgic interrupt IRQ9
[   11.407841] kvm [1]: Hyp mode initialized successfully
[   11.408099] initcall __typeid__ZTSFivE_global_addr+0x94/0xec8 returned 0 after 1503 usecs
[   11.408106] calling  __typeid__ZTSFivE_global_addr+0xa4/0xec8 @ 1
[   11.408346] cryptomgr_test (113) used greatest stack depth: 14096 bytes left
[   11.408471] initcall __typeid__ZTSFivE_global_addr+0xa4/0xec8 returned 0 after 347 usecs
[   11.408476] calling  __typeid__ZTSFivE_global_addr+0xa8/0xec8 @ 1
[   11.408576] initcall __typeid__ZTSFivE_global_addr+0xa8/0xec8 returned 0 after 92 usecs
[   11.408581] calling  __typeid__ZTSFivE_global_addr+0xac/0xec8 @ 1
[   11.410271] initcall __typeid__ZTSFivE_global_addr+0xac/0xec8 returned 0 after 1643 usecs
[   11.410276] calling  __typeid__ZTSFivE_global_addr+0xb0/0xec8 @ 1
[   11.410707] initcall __typeid__ZTSFivE_global_addr+0xb0/0xec8 returned 0 after 414 usecs
[   11.410712] calling  __typeid__ZTSFivE_global_addr+0xb4/0xec8 @ 1
[   11.411058] initcall __typeid__ZTSFivE_global_addr+0xb4/0xec8 returned 0 after 331 usecs
[   11.411064] calling  __typeid__ZTSFivE_global_addr+0xb8/0xec8 @ 1
[   11.411187] initcall __typeid__ZTSFivE_global_addr+0xb8/0xec8 returned 0 after 114 usecs
[   11.411192] calling  __typeid__ZTSFivE_global_addr+0xbc/0xec8 @ 1
[   11.411305] initcall __typeid__ZTSFivE_global_addr+0xbc/0xec8 returned 0 after 105 usecs
[   11.411310] calling  __typeid__ZTSFivE_global_addr+0xc0/0xec8 @ 1
[   11.411322] initcall __typeid__ZTSFivE_global_addr+0xc0/0xec8 returned 0 after 7 usecs
[   11.411326] calling  __typeid__ZTSFivE_global_addr+0xc4/0xec8 @ 1
[   11.411354] initcall __typeid__ZTSFivE_global_addr+0xc4/0xec8 returned 0 after 22 usecs
[   11.411359] calling  __typeid__ZTSFivE_global_addr+0xd8/0xec8 @ 1
[   11.411452] initcall __typeid__ZTSFivE_global_addr+0xd8/0xec8 returned 0 after 85 usecs
[   11.411458] calling  __typeid__ZTSFivE_global_addr+0xf0/0xec8 @ 1
[   11.411470] initcall __typeid__ZTSFivE_global_addr+0xf0/0xec8 returned 0 after 7 usecs
[   11.411474] calling  __typeid__ZTSFivE_global_addr+0x110/0xec8 @ 1
[   11.411516] initcall __typeid__ZTSFivE_global_addr+0x110/0xec8 returned 0 after 36 usecs
[   11.411520] calling  __typeid__ZTSFivE_global_addr+0x11c/0xec8 @ 1
[   11.411528] initcall __typeid__ZTSFivE_global_addr+0x11c/0xec8 returned 0 after 2 usecs
[   11.411532] calling  __typeid__ZTSFivE_global_addr+0x128/0xec8 @ 1
[   11.411542] initcall __typeid__ZTSFivE_global_addr+0x128/0xec8 returned 0 after 6 usecs
[   11.411547] calling  __typeid__ZTSFivE_global_addr+0x12c/0xec8 @ 1
[   11.411551] sprd_corectl: sprd_core_ctl feature start init
[   11.411571] sprd_corectl: Creating CPU group 0
[   11.411702] sprd_corectl_error: ctrl_max_min_core_api, set fail
[   11.411705] sprd_corectl_error: ctrl_max_min_core_api, set fail
[   11.411736] initcall __typeid__ZTSFivE_global_addr+0x12c/0xec8 returned 0 after 178 usecs
[   11.411741] calling  __typeid__ZTSFivE_global_addr+0x164/0xec8 @ 1
[   11.411746] initcall __typeid__ZTSFivE_global_addr+0x164/0xec8 returned 0 after 1 usecs
[   11.411750] calling  __typeid__ZTSFivE_global_addr+0x16c/0xec8 @ 1
[   11.411756] initcall __typeid__ZTSFivE_global_addr+0x16c/0xec8 returned 0 after 0 usecs
[   11.411760] calling  __typeid__ZTSFivE_global_addr+0x1a4/0xec8 @ 1
[   11.411764] initcall __typeid__ZTSFivE_global_addr+0x1a4/0xec8 returned 0 after 0 usecs
[   11.411768] calling  __typeid__ZTSFivE_global_addr+0x1ac/0xec8 @ 1
[   11.411885] initcall __typeid__ZTSFivE_global_addr+0x1ac/0xec8 returned 0 after 108 usecs
[   11.411891] calling  __typeid__ZTSFivE_global_addr+0x1b8/0xec8 @ 1
[   11.411900] initcall __typeid__ZTSFivE_global_addr+0x1b8/0xec8 returned 0 after 4 usecs
[   11.411904] calling  __typeid__ZTSFivE_global_addr+0x1bc/0xec8 @ 1
[   11.412158] initcall __typeid__ZTSFivE_global_addr+0x1bc/0xec8 returned 0 after 241 usecs
[   11.412163] calling  __typeid__ZTSFivE_global_addr+0x1c0/0xec8 @ 1
[   11.412220] initcall __typeid__ZTSFivE_global_addr+0x1c0/0xec8 returned 0 after 50 usecs
[   11.412227] calling  __typeid__ZTSFivE_global_addr+0x1c4/0xec8 @ 1
[   11.412570] initcall __typeid__ZTSFivE_global_addr+0x1c4/0xec8 returned 0 after 328 usecs
[   11.412577] calling  __typeid__ZTSFivE_global_addr+0x1c8/0xec8 @ 1
[   11.412583] initcall __typeid__ZTSFivE_global_addr+0x1c8/0xec8 returned 0 after 1 usecs
[   11.412587] calling  __typeid__ZTSFivE_global_addr+0x1d8/0xec8 @ 1
[   11.412597] initcall __typeid__ZTSFivE_global_addr+0x1d8/0xec8 returned 0 after 4 usecs
[   11.412601] calling  __typeid__ZTSFivE_global_addr+0x1dc/0xec8 @ 1
[   11.412608] initcall __typeid__ZTSFivE_global_addr+0x1dc/0xec8 returned 0 after 2 usecs
[   11.412613] calling  __typeid__ZTSFivE_global_addr+0x1f4/0xec8 @ 1
[   11.412619] initcall __typeid__ZTSFivE_global_addr+0x1f4/0xec8 returned 0 after 2 usecs
[   11.412624] calling  __typeid__ZTSFivE_global_addr+0x1f8/0xec8 @ 1
[   11.412635] initcall __typeid__ZTSFivE_global_addr+0x1f8/0xec8 returned 0 after 7 usecs
[   11.412639] calling  __typeid__ZTSFivE_global_addr+0x208/0xec8 @ 1
[   11.412644] initcall __typeid__ZTSFivE_global_addr+0x208/0xec8 returned 0 after 1 usecs
[   11.412648] calling  __typeid__ZTSFivE_global_addr+0x20c/0xec8 @ 1
[   11.412653] initcall __typeid__ZTSFivE_global_addr+0x20c/0xec8 returned 0 after 1 usecs
[   11.412658] calling  __typeid__ZTSFivE_global_addr+0x210/0xec8 @ 1
[   11.412671] initcall __typeid__ZTSFivE_global_addr+0x210/0xec8 returned 0 after 7 usecs
[   11.412676] calling  __typeid__ZTSFivE_global_addr+0x21c/0xec8 @ 1
[   11.412699] initcall __typeid__ZTSFivE_global_addr+0x21c/0xec8 returned 0 after 17 usecs
[   11.412704] calling  __typeid__ZTSFivE_global_addr+0x220/0xec8 @ 1
[   11.412722] initcall __typeid__ZTSFivE_global_addr+0x220/0xec8 returned 0 after 13 usecs
[   11.412728] calling  __typeid__ZTSFivE_global_addr+0x228/0xec8 @ 1
[   11.412734] initcall __typeid__ZTSFivE_global_addr+0x228/0xec8 returned 0 after 2 usecs
[   11.412739] calling  __typeid__ZTSFivE_global_addr+0x290/0xec8 @ 1
[   11.413055] initcall __typeid__ZTSFivE_global_addr+0x290/0xec8 returned 0 after 303 usecs
[   11.413062] calling  __typeid__ZTSFivE_global_addr+0x29c/0xec8 @ 1
[   11.413065] Initialise system trusted keyrings
[   11.413090] initcall __typeid__ZTSFivE_global_addr+0x29c/0xec8 returned 0 after 21 usecs
[   11.413095] calling  __typeid__ZTSFivE_global_addr+0x2a4/0xec8 @ 1
[   11.413205] initcall __typeid__ZTSFivE_global_addr+0x2a4/0xec8 returned 0 after 101 usecs
[   11.413210] calling  __typeid__ZTSFivE_global_addr+0x2a8/0xec8 @ 1
[   11.413245] initcall __typeid__ZTSFivE_global_addr+0x2a8/0xec8 returned 0 after 29 usecs
[   11.413249] calling  __typeid__ZTSFivE_global_addr+0x2bc/0xec8 @ 1
[   11.413256] initcall __typeid__ZTSFivE_global_addr+0x2bc/0xec8 returned 0 after 2 usecs
[   11.413260] calling  __typeid__ZTSFivE_global_addr+0x2c8/0xec8 @ 1
[   11.413269] initcall __typeid__ZTSFivE_global_addr+0x2c8/0xec8 returned 0 after 4 usecs
[   11.413273] calling  __typeid__ZTSFivE_global_addr+0x2d0/0xec8 @ 1
[   11.413277] workingset: timestamp_bits=46 max_order=21 bucket_order=0
[   11.413289] initcall __typeid__ZTSFivE_global_addr+0x2d0/0xec8 returned 0 after 11 usecs
[   11.413293] calling  __typeid__ZTSFivE_global_addr+0x2e8/0xec8 @ 1
[   11.413299] initcall __typeid__ZTSFivE_global_addr+0x2e8/0xec8 returned 0 after 2 usecs
[   11.413303] calling  __typeid__ZTSFivE_global_addr+0x2f4/0xec8 @ 1
[   11.413326] initcall __typeid__ZTSFivE_global_addr+0x2f4/0xec8 returned 0 after 17 usecs
[   11.413331] calling  __typeid__ZTSFivE_global_addr+0x304/0xec8 @ 1
[   11.413338] initcall __typeid__ZTSFivE_global_addr+0x304/0xec8 returned 0 after 3 usecs
[   11.413345] calling  __typeid__ZTSFivE_global_addr+0x308/0xec8 @ 1
[   11.417619] initcall __typeid__ZTSFivE_global_addr+0x308/0xec8 returned 0 after 4165 usecs
[   11.417626] calling  __typeid__ZTSFivE_global_addr+0x320/0xec8 @ 1
[   11.417670] initcall __typeid__ZTSFivE_global_addr+0x320/0xec8 returned 0 after 37 usecs
[   11.417675] calling  __typeid__ZTSFivE_global_addr+0x330/0xec8 @ 1
[   11.417681] initcall __typeid__ZTSFivE_global_addr+0x330/0xec8 returned 0 after 1 usecs
[   11.417685] calling  __typeid__ZTSFivE_global_addr+0x338/0xec8 @ 1
[   11.417697] initcall __typeid__ZTSFivE_global_addr+0x338/0xec8 returned 0 after 7 usecs
[   11.417702] calling  __typeid__ZTSFivE_global_addr+0x33c/0xec8 @ 1
[   11.417712] initcall __typeid__ZTSFivE_global_addr+0x33c/0xec8 returned 0 after 5 usecs
[   11.417716] calling  __typeid__ZTSFivE_global_addr+0x340/0xec8 @ 1
[   11.417723] initcall __typeid__ZTSFivE_global_addr+0x340/0xec8 returned 0 after 2 usecs
[   11.417727] calling  __typeid__ZTSFivE_global_addr+0x350/0xec8 @ 1
[   11.417758] initcall __typeid__ZTSFivE_global_addr+0x350/0xec8 returned 0 after 25 usecs
[   11.417764] calling  __typeid__ZTSFivE_global_addr+0x354/0xec8 @ 1
[   11.417865] initcall __typeid__ZTSFivE_global_addr+0x354/0xec8 returned 0 after 94 usecs
[   11.417872] calling  __typeid__ZTSFivE_global_addr+0x368/0xec8 @ 1
[   11.417941] initcall __typeid__ZTSFivE_global_addr+0x368/0xec8 returned 0 after 63 usecs
[   11.417947] calling  __typeid__ZTSFivE_global_addr+0x36c/0xec8 @ 1
[   11.418092] initcall __typeid__ZTSFivE_global_addr+0x36c/0xec8 returned 0 after 136 usecs
[   11.418099] calling  __typeid__ZTSFivE_global_addr+0x370/0xec8 @ 1
[   11.418112] initcall __typeid__ZTSFivE_global_addr+0x370/0xec8 returned 0 after 7 usecs
[   11.418117] calling  __typeid__ZTSFivE_global_addr+0x384/0xec8 @ 1
[   11.418211] initcall __typeid__ZTSFivE_global_addr+0x384/0xec8 returned 0 after 87 usecs
[   11.418215] calling  __typeid__ZTSFivE_global_addr+0x398/0xec8 @ 1
[   11.418298] initcall __typeid__ZTSFivE_global_addr+0x398/0xec8 returned 0 after 75 usecs
[   11.418304] calling  __typeid__ZTSFivE_global_addr+0x3a0/0xec8 @ 1
[   11.418310] initcall __typeid__ZTSFivE_global_addr+0x3a0/0xec8 returned 0 after 1 usecs
[   11.418315] calling  __typeid__ZTSFivE_global_addr+0x3e0/0xec8 @ 1
[   11.418344] initcall __typeid__ZTSFivE_global_addr+0x3e0/0xec8 returned 0 after 24 usecs
[   11.418348] calling  __typeid__ZTSFivE_global_addr+0x3e4/0xec8 @ 1
[   11.418812] initcall __typeid__ZTSFivE_global_addr+0x3e4/0xec8 returned 0 after 446 usecs
[   11.418818] calling  __typeid__ZTSFivE_global_addr+0x3e8/0xec8 @ 1
[   11.419058] initcall __typeid__ZTSFivE_global_addr+0x3e8/0xec8 returned 0 after 227 usecs
[   11.419064] calling  __typeid__ZTSFivE_global_addr+0x3f0/0xec8 @ 1
[   11.419201] initcall __typeid__ZTSFivE_global_addr+0x3f0/0xec8 returned 0 after 127 usecs
[   11.419208] calling  __typeid__ZTSFivE_global_addr+0x3f4/0xec8 @ 1
[   11.419216] initcall __typeid__ZTSFivE_global_addr+0x3f4/0xec8 returned 0 after 3 usecs
[   11.419221] calling  __typeid__ZTSFivE_global_addr+0x3f8/0xec8 @ 1
[   11.419226] initcall __typeid__ZTSFivE_global_addr+0x3f8/0xec8 returned 0 after 1 usecs
[   11.419230] calling  __typeid__ZTSFivE_global_addr+0x3fc/0xec8 @ 1
[   11.419236] initcall __typeid__ZTSFivE_global_addr+0x3fc/0xec8 returned 0 after 1 usecs
[   11.419241] calling  __typeid__ZTSFivE_global_addr+0x400/0xec8 @ 1
[   11.419245] initcall __typeid__ZTSFivE_global_addr+0x400/0xec8 returned 0 after 0 usecs
[   11.419249] calling  __typeid__ZTSFivE_global_addr+0x404/0xec8 @ 1
[   11.419253] initcall __typeid__ZTSFivE_global_addr+0x404/0xec8 returned 0 after 0 usecs
[   11.419257] calling  __typeid__ZTSFivE_global_addr+0x408/0xec8 @ 1
[   11.419264] initcall __typeid__ZTSFivE_global_addr+0x408/0xec8 returned 0 after 3 usecs
[   11.419268] calling  __typeid__ZTSFivE_global_addr+0x40c/0xec8 @ 1
[   11.419272] initcall __typeid__ZTSFivE_global_addr+0x40c/0xec8 returned 0 after 0 usecs
[   11.419276] calling  __typeid__ZTSFivE_global_addr+0x410/0xec8 @ 1
[   11.419280] initcall __typeid__ZTSFivE_global_addr+0x410/0xec8 returned 0 after 0 usecs
[   11.419285] calling  __typeid__ZTSFivE_global_addr+0x414/0xec8 @ 1
[   11.419290] initcall __typeid__ZTSFivE_global_addr+0x414/0xec8 returned 0 after 0 usecs
[   11.419293] calling  __typeid__ZTSFivE_global_addr+0x418/0xec8 @ 1
[   11.419297] initcall __typeid__ZTSFivE_global_addr+0x418/0xec8 returned 0 after 0 usecs
[   11.419301] calling  __typeid__ZTSFivE_global_addr+0x41c/0xec8 @ 1
[   11.419305] initcall __typeid__ZTSFivE_global_addr+0x41c/0xec8 returned 0 after 0 usecs
[   11.419309] calling  __typeid__ZTSFivE_global_addr+0x420/0xec8 @ 1
[   11.419316] initcall __typeid__ZTSFivE_global_addr+0x420/0xec8 returned 0 after 0 usecs
[   11.419320] calling  __typeid__ZTSFivE_global_addr+0x424/0xec8 @ 1
[   11.419325] initcall __typeid__ZTSFivE_global_addr+0x424/0xec8 returned 0 after 0 usecs
[   11.419329] calling  __typeid__ZTSFivE_global_addr+0x428/0xec8 @ 1
[   11.419333] initcall __typeid__ZTSFivE_global_addr+0x428/0xec8 returned 0 after 0 usecs
[   11.419336] calling  __typeid__ZTSFivE_global_addr+0x42c/0xec8 @ 1
[   11.419340] initcall __typeid__ZTSFivE_global_addr+0x42c/0xec8 returned 0 after 0 usecs
[   11.419344] calling  __typeid__ZTSFivE_global_addr+0x430/0xec8 @ 1
[   11.419348] initcall __typeid__ZTSFivE_global_addr+0x430/0xec8 returned 0 after 0 usecs
[   11.419353] calling  __typeid__ZTSFivE_global_addr+0x434/0xec8 @ 1
[   11.419357] initcall __typeid__ZTSFivE_global_addr+0x434/0xec8 returned 0 after 0 usecs
[   11.419361] calling  __typeid__ZTSFivE_global_addr+0x438/0xec8 @ 1
[   11.419365] initcall __typeid__ZTSFivE_global_addr+0x438/0xec8 returned 0 after 0 usecs
[   11.419369] calling  __typeid__ZTSFivE_global_addr+0x43c/0xec8 @ 1
[   11.419376] initcall __typeid__ZTSFivE_global_addr+0x43c/0xec8 returned 0 after 3 usecs
[   11.419379] calling  __typeid__ZTSFivE_global_addr+0x440/0xec8 @ 1
[   11.419384] initcall __typeid__ZTSFivE_global_addr+0x440/0xec8 returned 0 after 1 usecs
[   11.419388] calling  __typeid__ZTSFivE_global_addr+0x444/0xec8 @ 1
[   11.419392] initcall __typeid__ZTSFivE_global_addr+0x444/0xec8 returned 0 after 0 usecs
[   11.419396] calling  __typeid__ZTSFivE_global_addr+0x448/0xec8 @ 1
[   11.419402] initcall __typeid__ZTSFivE_global_addr+0x448/0xec8 returned 0 after 3 usecs
[   11.419406] calling  __typeid__ZTSFivE_global_addr+0x44c/0xec8 @ 1
[   11.419410] initcall __typeid__ZTSFivE_global_addr+0x44c/0xec8 returned 0 after 0 usecs
[   11.419414] calling  __typeid__ZTSFivE_global_addr+0x450/0xec8 @ 1
[   11.419418] initcall __typeid__ZTSFivE_global_addr+0x450/0xec8 returned 0 after 0 usecs
[   11.419423] calling  __typeid__ZTSFivE_global_addr+0x454/0xec8 @ 1
[   11.419427] initcall __typeid__ZTSFivE_global_addr+0x454/0xec8 returned 0 after 0 usecs
[   11.419431] calling  __typeid__ZTSFivE_global_addr+0x458/0xec8 @ 1
[   11.419435] initcall __typeid__ZTSFivE_global_addr+0x458/0xec8 returned 0 after 0 usecs
[   11.419441] calling  __typeid__ZTSFivE_global_addr+0x45c/0xec8 @ 1
[   11.419446] initcall __typeid__ZTSFivE_global_addr+0x45c/0xec8 returned 0 after 0 usecs
[   11.419450] calling  __typeid__ZTSFivE_global_addr+0x460/0xec8 @ 1
[   11.419455] initcall __typeid__ZTSFivE_global_addr+0x460/0xec8 returned 0 after 0 usecs
[   11.419459] calling  __typeid__ZTSFivE_global_addr+0x464/0xec8 @ 1
[   11.419463] initcall __typeid__ZTSFivE_global_addr+0x464/0xec8 returned 0 after 0 usecs
[   11.419467] calling  __typeid__ZTSFivE_global_addr+0x468/0xec8 @ 1
[   11.419474] initcall __typeid__ZTSFivE_global_addr+0x468/0xec8 returned 0 after 3 usecs
[   11.419478] calling  __typeid__ZTSFivE_global_addr+0x46c/0xec8 @ 1
[   11.419482] initcall __typeid__ZTSFivE_global_addr+0x46c/0xec8 returned 0 after 0 usecs
[   11.419486] calling  __typeid__ZTSFivE_global_addr+0x470/0xec8 @ 1
[   11.419490] initcall __typeid__ZTSFivE_global_addr+0x470/0xec8 returned 0 after 0 usecs
[   11.419495] calling  __typeid__ZTSFivE_global_addr+0x474/0xec8 @ 1
[   11.419499] initcall __typeid__ZTSFivE_global_addr+0x474/0xec8 returned 0 after 0 usecs
[   11.419502] calling  __typeid__ZTSFivE_global_addr+0x478/0xec8 @ 1
[   11.419506] initcall __typeid__ZTSFivE_global_addr+0x478/0xec8 returned 0 after 0 usecs
[   11.419510] calling  __typeid__ZTSFivE_global_addr+0x47c/0xec8 @ 1
[   11.419514] initcall __typeid__ZTSFivE_global_addr+0x47c/0xec8 returned 0 after 0 usecs
[   11.419518] calling  __typeid__ZTSFivE_global_addr+0x480/0xec8 @ 1
[   11.419522] initcall __typeid__ZTSFivE_global_addr+0x480/0xec8 returned 0 after 0 usecs
[   11.419526] calling  __typeid__ZTSFivE_global_addr+0x484/0xec8 @ 1
[   11.419532] initcall __typeid__ZTSFivE_global_addr+0x484/0xec8 returned 0 after 2 usecs
[   11.419536] calling  __typeid__ZTSFivE_global_addr+0x488/0xec8 @ 1
[   11.419540] initcall __typeid__ZTSFivE_global_addr+0x488/0xec8 returned 0 after 0 usecs
[   11.419545] calling  __typeid__ZTSFivE_global_addr+0x48c/0xec8 @ 1
[   11.419549] initcall __typeid__ZTSFivE_global_addr+0x48c/0xec8 returned 0 after 0 usecs
[   11.419553] calling  __typeid__ZTSFivE_global_addr+0x490/0xec8 @ 1
[   11.419560] initcall __typeid__ZTSFivE_global_addr+0x490/0xec8 returned 0 after 3 usecs
[   11.419565] calling  __typeid__ZTSFivE_global_addr+0x494/0xec8 @ 1
[   11.419571] initcall __typeid__ZTSFivE_global_addr+0x494/0xec8 returned 0 after 1 usecs
[   11.419575] calling  __typeid__ZTSFivE_global_addr+0x498/0xec8 @ 1
[   11.419580] initcall __typeid__ZTSFivE_global_addr+0x498/0xec8 returned 0 after 0 usecs
[   11.419584] calling  __typeid__ZTSFivE_global_addr+0x49c/0xec8 @ 1
[   11.419591] initcall __typeid__ZTSFivE_global_addr+0x49c/0xec8 returned 0 after 3 usecs
[   11.419595] calling  __typeid__ZTSFivE_global_addr+0x4a0/0xec8 @ 1
[   11.419600] initcall __typeid__ZTSFivE_global_addr+0x4a0/0xec8 returned 0 after 1 usecs
[   11.419603] calling  __typeid__ZTSFivE_global_addr+0x4a4/0xec8 @ 1
[   11.419608] initcall __typeid__ZTSFivE_global_addr+0x4a4/0xec8 returned 0 after 0 usecs
[   11.419611] calling  __typeid__ZTSFivE_global_addr+0x4a8/0xec8 @ 1
[   11.419615] initcall __typeid__ZTSFivE_global_addr+0x4a8/0xec8 returned 0 after 0 usecs
[   11.419619] calling  __typeid__ZTSFivE_global_addr+0x4ac/0xec8 @ 1
[   11.419624] initcall __typeid__ZTSFivE_global_addr+0x4ac/0xec8 returned 0 after 0 usecs
[   11.419627] calling  __typeid__ZTSFivE_global_addr+0x4b0/0xec8 @ 1
[   11.419635] initcall __typeid__ZTSFivE_global_addr+0x4b0/0xec8 returned 0 after 3 usecs
[   11.419640] calling  __typeid__ZTSFivE_global_addr+0x4b4/0xec8 @ 1
[   11.419644] initcall __typeid__ZTSFivE_global_addr+0x4b4/0xec8 returned 0 after 0 usecs
[   11.419649] calling  __typeid__ZTSFivE_global_addr+0x4b8/0xec8 @ 1
[   11.419654] initcall __typeid__ZTSFivE_global_addr+0x4b8/0xec8 returned 0 after 0 usecs
[   11.419658] calling  __typeid__ZTSFivE_global_addr+0x4bc/0xec8 @ 1
[   11.419662] initcall __typeid__ZTSFivE_global_addr+0x4bc/0xec8 returned 0 after 0 usecs
[   11.419666] calling  __typeid__ZTSFivE_global_addr+0x4c0/0xec8 @ 1
[   11.419670] initcall __typeid__ZTSFivE_global_addr+0x4c0/0xec8 returned 0 after 0 usecs
[   11.419674] calling  __typeid__ZTSFivE_global_addr+0x4c4/0xec8 @ 1
[   11.419678] initcall __typeid__ZTSFivE_global_addr+0x4c4/0xec8 returned 0 after 0 usecs
[   11.419682] calling  __typeid__ZTSFivE_global_addr+0x4cc/0xec8 @ 1
[   11.419685] fuse: init (API version 7.31)
[   11.419916] initcall __typeid__ZTSFivE_global_addr+0x4cc/0xec8 returned 0 after 221 usecs
[   11.419923] calling  __typeid__ZTSFivE_global_addr+0x4d0/0xec8 @ 1
[   11.419948] initcall __typeid__ZTSFivE_global_addr+0x4d0/0xec8 returned 0 after 19 usecs
[   11.419952] calling  __typeid__ZTSFivE_global_addr+0x4d4/0xec8 @ 1
[   11.420048] initcall __typeid__ZTSFivE_global_addr+0x4d4/0xec8 returned 0 after 88 usecs
[   11.420055] calling  __typeid__ZTSFivE_global_addr+0x4d8/0xec8 @ 1
[   11.420077] initcall __typeid__ZTSFivE_global_addr+0x4d8/0xec8 returned 0 after 16 usecs
[   11.420082] calling  __typeid__ZTSFivE_global_addr+0x4e4/0xec8 @ 1
[   11.421367] initcall __typeid__ZTSFivE_global_addr+0x4e4/0xec8 returned 0 after 1246 usecs
[   11.421375] calling  __typeid__ZTSFivE_global_addr+0x4f0/0xec8 @ 1
[   11.421643] initcall __typeid__ZTSFivE_global_addr+0x4f0/0xec8 returned 0 after 254 usecs
[   11.421649] calling  __typeid__ZTSFivE_global_addr+0x4f8/0xec8 @ 1
[   11.421660] initcall __typeid__ZTSFivE_global_addr+0x4f8/0xec8 returned 0 after 6 usecs
[   11.421665] calling  __typeid__ZTSFivE_global_addr+0x514/0xec8 @ 1
[   11.421710] initcall __typeid__ZTSFivE_global_addr+0x514/0xec8 returned 0 after 39 usecs
[   11.421715] calling  __typeid__ZTSFivE_global_addr+0x518/0xec8 @ 1
[   11.422005] initcall __typeid__ZTSFivE_global_addr+0x518/0xec8 returned 0 after 276 usecs
[   11.422012] calling  __typeid__ZTSFivE_global_addr+0x51c/0xec8 @ 1
[   11.422053] initcall __typeid__ZTSFivE_global_addr+0x51c/0xec8 returned 0 after 34 usecs
[   11.422058] calling  __typeid__ZTSFivE_global_addr+0x520/0xec8 @ 1
[   11.422069] initcall __typeid__ZTSFivE_global_addr+0x520/0xec8 returned 0 after 6 usecs
[   11.422074] calling  __typeid__ZTSFivE_global_addr+0x524/0xec8 @ 1
[   11.422082] initcall __typeid__ZTSFivE_global_addr+0x524/0xec8 returned 0 after 3 usecs
[   11.422087] calling  __typeid__ZTSFivE_global_addr+0x528/0xec8 @ 1
[   11.422095] initcall __typeid__ZTSFivE_global_addr+0x528/0xec8 returned 0 after 4 usecs
[   11.422099] calling  __typeid__ZTSFivE_global_addr+0x530/0xec8 @ 1
[   11.422105] initcall __typeid__ZTSFivE_global_addr+0x530/0xec8 returned 0 after 0 usecs
[   11.422109] calling  __typeid__ZTSFivE_global_addr+0x53c/0xec8 @ 1
[   11.422117] initcall __typeid__ZTSFivE_global_addr+0x53c/0xec8 returned 0 after 3 usecs
[   11.422120] calling  __typeid__ZTSFivE_global_addr+0x5d8/0xec8 @ 1
[   11.450152] initcall __typeid__ZTSFivE_global_addr+0x5d8/0xec8 returned 0 after 27367 usecs
[   11.450158] calling  __typeid__ZTSFivE_global_addr+0x5f0/0xec8 @ 1
[   11.450163] Key type asymmetric registered
[   11.450167] initcall __typeid__ZTSFivE_global_addr+0x5f0/0xec8 returned 0 after 5 usecs
[   11.450172] calling  __typeid__ZTSFivE_global_addr+0x5f4/0xec8 @ 1
[   11.450175] Asymmetric key parser 'x509' registered
[   11.450179] initcall __typeid__ZTSFivE_global_addr+0x5f4/0xec8 returned 0 after 2 usecs
[   11.450183] calling  __typeid__ZTSFivE_global_addr+0x60c/0xec8 @ 1
[   11.450195] initcall __typeid__ZTSFivE_global_addr+0x60c/0xec8 returned 0 after 7 usecs
[   11.450199] calling  __typeid__ZTSFivE_global_addr+0x618/0xec8 @ 1
[   11.450237] Block layer SCSI generic (bsg) driver version 0.4 loaded (major 241)
[   11.450242] initcall __typeid__ZTSFivE_global_addr+0x618/0xec8 returned 0 after 37 usecs
[   11.450247] calling  __typeid__ZTSFivE_global_addr+0x620/0xec8 @ 1
[   11.450369] initcall __typeid__ZTSFivE_global_addr+0x620/0xec8 returned 0 after 113 usecs
[   11.450374] calling  __typeid__ZTSFivE_global_addr+0x624/0xec8 @ 1
[   11.450392] initcall __typeid__ZTSFivE_global_addr+0x624/0xec8 returned 0 after 12 usecs
[   11.450396] calling  __typeid__ZTSFivE_global_addr+0x628/0xec8 @ 1
[   11.450400] io scheduler mq-deadline registered
[   11.450404] initcall __typeid__ZTSFivE_global_addr+0x628/0xec8 returned 0 after 3 usecs
[   11.450409] calling  __typeid__ZTSFivE_global_addr+0x62c/0xec8 @ 1
[   11.450411] io scheduler kyber registered
[   11.450415] initcall __typeid__ZTSFivE_global_addr+0x62c/0xec8 returned 0 after 2 usecs
[   11.450419] calling  __typeid__ZTSFivE_global_addr+0x640/0xec8 @ 1
[   11.450423] initcall __typeid__ZTSFivE_global_addr+0x640/0xec8 returned 0 after 0 usecs
[   11.450427] calling  __typeid__ZTSFivE_global_addr+0x644/0xec8 @ 1
[   11.450430] initcall __typeid__ZTSFivE_global_addr+0x644/0xec8 returned 0 after 0 usecs
[   11.450434] calling  __typeid__ZTSFivE_global_addr+0x648/0xec8 @ 1
[   11.450438] initcall __typeid__ZTSFivE_global_addr+0x648/0xec8 returned 0 after 0 usecs
[   11.450444] calling  __typeid__ZTSFivE_global_addr+0x64c/0xec8 @ 1
[   11.450459] initcall __typeid__ZTSFivE_global_addr+0x64c/0xec8 returned 0 after 10 usecs
[   11.450466] calling  __typeid__ZTSFivE_global_addr+0x658/0xec8 @ 1
[   11.450472] initcall __typeid__ZTSFivE_global_addr+0x658/0xec8 returned 0 after 1 usecs
[   11.450477] calling  __typeid__ZTSFivE_global_addr+0x65c/0xec8 @ 1
[   11.450482] initcall __typeid__ZTSFivE_global_addr+0x65c/0xec8 returned 0 after 1 usecs
[   11.450487] calling  __typeid__ZTSFivE_global_addr+0x660/0xec8 @ 1
[   11.450491] initcall __typeid__ZTSFivE_global_addr+0x660/0xec8 returned 0 after 0 usecs
[   11.450495] calling  __typeid__ZTSFivE_global_addr+0x664/0xec8 @ 1
[   11.450678] initcall __typeid__ZTSFivE_global_addr+0x664/0xec8 returned 0 after 173 usecs
[   11.450683] calling  __typeid__ZTSFivE_global_addr+0x668/0xec8 @ 1
[   11.450693] initcall __typeid__ZTSFivE_global_addr+0x668/0xec8 returned 0 after 5 usecs
[   11.450697] calling  __typeid__ZTSFivE_global_addr+0x678/0xec8 @ 1
[   11.450782] initcall __typeid__ZTSFivE_global_addr+0x678/0xec8 returned 0 after 76 usecs
[   11.450788] calling  __typeid__ZTSFivE_global_addr+0x688/0xec8 @ 1
[   11.450806] initcall __typeid__ZTSFivE_global_addr+0x688/0xec8 returned 0 after 12 usecs
[   11.450811] calling  __typeid__ZTSFivE_global_addr+0x690/0xec8 @ 1
[   11.451039] initcall __typeid__ZTSFivE_global_addr+0x690/0xec8 returned 0 after 218 usecs
[   11.451044] calling  __typeid__ZTSFivE_global_addr+0x694/0xec8 @ 1
[   11.451599] initcall __typeid__ZTSFivE_global_addr+0x694/0xec8 returned 0 after 536 usecs
[   11.451605] calling  __typeid__ZTSFivE_global_addr+0x6a0/0xec8 @ 1
[   11.451641] initcall __typeid__ZTSFivE_global_addr+0x6a0/0xec8 returned 0 after 30 usecs
[   11.451646] calling  __typeid__ZTSFivE_global_addr+0x6c4/0xec8 @ 1
[   11.451658] initcall __typeid__ZTSFivE_global_addr+0x6c4/0xec8 returned 0 after 7 usecs
[   11.451663] calling  __typeid__ZTSFivE_global_addr+0x6d0/0xec8 @ 1
[   11.451755] initcall __typeid__ZTSFivE_global_addr+0x6d0/0xec8 returned 0 after 85 usecs
[   11.451761] calling  __typeid__ZTSFivE_global_addr+0x6d8/0xec8 @ 1
[   11.451776] initcall __typeid__ZTSFivE_global_addr+0x6d8/0xec8 returned 0 after 9 usecs
[   11.451780] calling  __typeid__ZTSFivE_global_addr+0x6dc/0xec8 @ 1
[   11.451804] initcall __typeid__ZTSFivE_global_addr+0x6dc/0xec8 returned 0 after 18 usecs
[   11.451808] calling  __typeid__ZTSFivE_global_addr+0x6e0/0xec8 @ 1
[   11.452234] initcall __typeid__ZTSFivE_global_addr+0x6e0/0xec8 returned 0 after 409 usecs
[   11.452240] calling  __typeid__ZTSFivE_global_addr+0x6e4/0xec8 @ 1
[   11.452476] initcall __typeid__ZTSFivE_global_addr+0x6e4/0xec8 returned 0 after 224 usecs
[   11.452482] calling  __typeid__ZTSFivE_global_addr+0x6e8/0xec8 @ 1
[   11.452649] initcall __typeid__ZTSFivE_global_addr+0x6e8/0xec8 returned 0 after 157 usecs
[   11.452654] calling  __typeid__ZTSFivE_global_addr+0x6f0/0xec8 @ 1
[   11.452733] initcall __typeid__ZTSFivE_global_addr+0x6f0/0xec8 returned 0 after 72 usecs
[   11.452737] calling  __typeid__ZTSFivE_global_addr+0x708/0xec8 @ 1
[   11.452894] initcall __typeid__ZTSFivE_global_addr+0x708/0xec8 returned 0 after 146 usecs
[   11.452901] calling  __typeid__ZTSFivE_global_addr+0x70c/0xec8 @ 1
[   11.453037] initcall __typeid__ZTSFivE_global_addr+0x70c/0xec8 returned 0 after 127 usecs
[   11.453042] calling  __typeid__ZTSFivE_global_addr+0x710/0xec8 @ 1
[   11.453216] initcall __typeid__ZTSFivE_global_addr+0x710/0xec8 returned 0 after 162 usecs
[   11.453223] calling  __typeid__ZTSFivE_global_addr+0x714/0xec8 @ 1
[   11.453362] initcall __typeid__ZTSFivE_global_addr+0x714/0xec8 returned 0 after 129 usecs
[   11.453367] calling  __typeid__ZTSFivE_global_addr+0x73c/0xec8 @ 1
[   11.453430] initcall __typeid__ZTSFivE_global_addr+0x73c/0xec8 returned 0 after 56 usecs
[   11.453435] calling  __typeid__ZTSFivE_global_addr+0x744/0xec8 @ 1
[   11.453448] initcall __typeid__ZTSFivE_global_addr+0x744/0xec8 returned 0 after 7 usecs
[   11.453452] calling  __typeid__ZTSFivE_global_addr+0x748/0xec8 @ 1
[   11.453665] probe of 65002000.dmc-controller returned 1 after 129 usecs
[   11.453781] initcall __typeid__ZTSFivE_global_addr+0x748/0xec8 returned 0 after 315 usecs
[   11.453786] calling  __typeid__ZTSFivE_global_addr+0x75c/0xec8 @ 1
[   11.453857] initcall __typeid__ZTSFivE_global_addr+0x75c/0xec8 returned 0 after 64 usecs
[   11.453863] calling  __typeid__ZTSFivE_global_addr+0x764/0xec8 @ 1
[   11.453869] initcall __typeid__ZTSFivE_global_addr+0x764/0xec8 returned 0 after 1 usecs
[   11.453874] calling  __typeid__ZTSFivE_global_addr+0x768/0xec8 @ 1
[   11.453934] initcall __typeid__ZTSFivE_global_addr+0x768/0xec8 returned 0 after 52 usecs
[   11.453938] calling  __typeid__ZTSFivE_global_addr+0x76c/0xec8 @ 1
[   11.453980] initcall __typeid__ZTSFivE_global_addr+0x76c/0xec8 returned 0 after 35 usecs
[   11.453984] calling  __typeid__ZTSFivE_global_addr+0x774/0xec8 @ 1
[   11.453988] Serial: 8250/16550 driver, 4 ports, IRQ sharing disabled
[   11.454657] probe of serial8250 returned 1 after 26 usecs
[   11.454673] initcall __typeid__ZTSFivE_global_addr+0x774/0xec8 returned 0 after 666 usecs
[   11.454680] calling  __typeid__ZTSFivE_global_addr+0x77c/0xec8 @ 1
[   11.454719] initcall __typeid__ZTSFivE_global_addr+0x77c/0xec8 returned 0 after 33 usecs
[   11.454724] calling  __typeid__ZTSFivE_global_addr+0x780/0xec8 @ 1
[   11.455277] initcall __typeid__ZTSFivE_global_addr+0x780/0xec8 returned 0 after 533 usecs
[   11.455282] calling  __typeid__ZTSFivE_global_addr+0x788/0xec8 @ 1
[   11.455442] 200a0000.serial: ttySPRD0 at MMIO 0x200a0000 (irq = 15, base_baud = 1625000) is a SPX
[   11.455522] serial port 1 not yet initialized
[   11.455699] probe of 200a0000.serial returned 1 after 386 usecs
[   11.455752] 200b0000.serial: ttySPRD1 at MMIO 0x200b0000 (irq = 16, base_baud = 1625000) is a SPX
[   11.455798] printk: console [ttySPRD1] enabled
[   11.455802] printk: bootconsole [sprd_serial0] disabled
[   11.455958] probe of 200b0000.serial returned 1 after 250 usecs
[   11.456033] 200c0000.serial: ttySPRD2 at MMIO 0x200c0000 (irq = 17, base_baud = 1625000) is a SPX
[   11.456195] probe of 200c0000.serial returned 1 after 228 usecs
[   11.456331] initcall __typeid__ZTSFivE_global_addr+0x788/0xec8 returned 0 after 1017 usecs
[   11.456338] calling  __typeid__ZTSFivE_global_addr+0x7a0/0xec8 @ 1
[   11.456398] initcall __typeid__ZTSFivE_global_addr+0x7a0/0xec8 returned 0 after 52 usecs
[   11.456404] calling  __typeid__ZTSFivE_global_addr+0x7b8/0xec8 @ 1
[   11.456409] initcall __typeid__ZTSFivE_global_addr+0x7b8/0xec8 returned 0 after 0 usecs
[   11.456413] calling  __typeid__ZTSFivE_global_addr+0x7bc/0xec8 @ 1
[   11.456446] initcall __typeid__ZTSFivE_global_addr+0x7bc/0xec8 returned 0 after 26 usecs
[   11.456451] calling  __typeid__ZTSFivE_global_addr+0x7c4/0xec8 @ 1
[   11.456486] initcall __typeid__ZTSFivE_global_addr+0x7c4/0xec8 returned 0 after 28 usecs
[   11.456490] calling  __typeid__ZTSFivE_global_addr+0x7e4/0xec8 @ 1
[   11.456652] initcall __typeid__ZTSFivE_global_addr+0x7e4/0xec8 returned 0 after 152 usecs
[   11.456658] calling  __typeid__ZTSFivE_global_addr+0x7e8/0xec8 @ 1
[   11.456689] cacheinfo: Unable to detect cache hierarchy for CPU 0
[   11.456703] initcall __typeid__ZTSFivE_global_addr+0x7e8/0xec8 returned -2 after 37 usecs
[   11.456707] calling  __typeid__ZTSFivE_global_addr+0x81c/0xec8 @ 1
[   11.461533] brd: module loaded
[   11.461546] initcall __typeid__ZTSFivE_global_addr+0x81c/0xec8 returned 0 after 4716 usecs
[   11.461553] calling  __typeid__ZTSFivE_global_addr+0x820/0xec8 @ 1
[   11.471649] loop: module loaded
[   11.471667] initcall __typeid__ZTSFivE_global_addr+0x820/0xec8 returned 0 after 9863 usecs
[   11.471678] calling  __typeid__ZTSFivE_global_addr+0x834/0xec8 @ 1
[   11.471755] initcall __typeid__ZTSFivE_global_addr+0x834/0xec8 returned 0 after 70 usecs
[   11.471760] calling  __typeid__ZTSFivE_global_addr+0x838/0xec8 @ 1
[   11.471775] initcall __typeid__ZTSFivE_global_addr+0x838/0xec8 returned 0 after 8 usecs
[   11.471779] calling  __typeid__ZTSFivE_global_addr+0x83c/0xec8 @ 1
[   11.472453] probe of ndbus0 returned 1 after 68 usecs
[   11.472504] probe of fff70000.rebootescrow returned 1 after 222 usecs
[   11.472547] initcall __typeid__ZTSFivE_global_addr+0x83c/0xec8 returned 0 after 744 usecs
[   11.472556] calling  __typeid__ZTSFivE_global_addr+0x854/0xec8 @ 1
[   11.472677] probe of region0 returned 1 after 76 usecs
[   11.472790] initcall __typeid__ZTSFivE_global_addr+0x854/0xec8 returned 0 after 221 usecs
[   11.472794] nd_pmem namespace0.0: unable to guarantee persistence of writes
[   11.472798] calling  __typeid__ZTSFivE_global_addr+0x858/0xec8 @ 1
[   11.472834] initcall __typeid__ZTSFivE_global_addr+0x858/0xec8 returned 0 after 29 usecs
[   11.472841] calling  __typeid__ZTSFivE_global_addr+0x85c/0xec8 @ 1
[   11.472912] probe of btt0.0 returned 0 after 18 usecs
[   11.472940] initcall __typeid__ZTSFivE_global_addr+0x85c/0xec8 returned 0 after 91 usecs
[   11.472946] calling  __typeid__ZTSFivE_global_addr+0x868/0xec8 @ 1
[   11.473291] initcall __typeid__ZTSFivE_global_addr+0x868/0xec8 returned 0 after 330 usecs
[   11.473299] calling  __typeid__ZTSFivE_global_addr+0x86c/0xec8 @ 1
[   11.473468] pmem0: detected capacity change from 0 to 65536
[   11.473476] wireguard: WireGuard 1.0.0 loaded. See www.wireguard.com for information.
[   11.473478] wireguard: Copyright (C) 2015-2019 Jason A. Donenfeld <Jason@zx2c4.com>. All Rights Reserved.
[   11.473484] initcall __typeid__ZTSFivE_global_addr+0x86c/0xec8 returned 0 after 175 usecs
[   11.473491] calling  __typeid__ZTSFivE_global_addr+0x870/0xec8 @ 1
[   11.473493] probe of namespace0.0 returned 1 after 760 usecs
[   11.473982] initcall __typeid__ZTSFivE_global_addr+0x870/0xec8 returned 0 after 469 usecs
[   11.473989] calling  __typeid__ZTSFivE_global_addr+0x874/0xec8 @ 1
[   11.474003] initcall __typeid__ZTSFivE_global_addr+0x874/0xec8 returned 0 after 9 usecs
[   11.474008] calling  __typeid__ZTSFivE_global_addr+0x878/0xec8 @ 1
[   11.474035] initcall __typeid__ZTSFivE_global_addr+0x878/0xec8 returned 0 after 21 usecs
[   11.474041] calling  __typeid__ZTSFivE_global_addr+0x880/0xec8 @ 1
[   11.474169] initcall __typeid__ZTSFivE_global_addr+0x880/0xec8 returned 0 after 118 usecs
[   11.474176] calling  __typeid__ZTSFivE_global_addr+0x884/0xec8 @ 1
[   11.474179] tun: Universal TUN/TAP device driver, 1.6
[   11.474228] initcall __typeid__ZTSFivE_global_addr+0x884/0xec8 returned 0 after 46 usecs
[   11.474233] calling  __typeid__ZTSFivE_global_addr+0x888/0xec8 @ 1
[   11.474240] initcall __typeid__ZTSFivE_global_addr+0x888/0xec8 returned 0 after 1 usecs
[   11.474244] calling  __typeid__ZTSFivE_global_addr+0x88c/0xec8 @ 1
[   11.474247] CAN device driver interface
[   11.474251] initcall __typeid__ZTSFivE_global_addr+0x88c/0xec8 returned 0 after 2 usecs
[   11.474256] calling  __typeid__ZTSFivE_global_addr+0x890/0xec8 @ 1
[   11.474258] PPP generic driver version 2.4.2
[   11.474333] initcall __typeid__ZTSFivE_global_addr+0x890/0xec8 returned 0 after 70 usecs
[   11.474339] calling  __typeid__ZTSFivE_global_addr+0x894/0xec8 @ 1
[   11.474343] PPP BSD Compression module registered
[   11.474347] initcall __typeid__ZTSFivE_global_addr+0x894/0xec8 returned 0 after 3 usecs
[   11.474351] calling  __typeid__ZTSFivE_global_addr+0x898/0xec8 @ 1
[   11.474357] PPP Deflate Compression module registered
[   11.474360] initcall __typeid__ZTSFivE_global_addr+0x898/0xec8 returned 0 after 5 usecs
[   11.474365] calling  __typeid__ZTSFivE_global_addr+0x89c/0xec8 @ 1
[   11.474383] PPP MPPE Compression module registered
[   11.474387] initcall __typeid__ZTSFivE_global_addr+0x89c/0xec8 returned 0 after 17 usecs
[   11.474391] calling  __typeid__ZTSFivE_global_addr+0x8a0/0xec8 @ 1
[   11.474394] NET: Registered protocol family 24
[   11.474398] initcall __typeid__ZTSFivE_global_addr+0x8a0/0xec8 returned 0 after 3 usecs
[   11.474402] calling  __typeid__ZTSFivE_global_addr+0x8a4/0xec8 @ 1
[   11.474403] PPTP driver version 0.8.5
[   11.474553] initcall __typeid__ZTSFivE_global_addr+0x8a4/0xec8 returned 0 after 141 usecs
[   11.474557] calling  __typeid__ZTSFivE_global_addr+0x8a8/0xec8 @ 1
[   11.474600] usbcore: registered new interface driver r8152
[   11.474605] initcall __typeid__ZTSFivE_global_addr+0x8a8/0xec8 returned 0 after 42 usecs
[   11.474610] calling  __typeid__ZTSFivE_global_addr+0x8ac/0xec8 @ 1
[   11.474666] usbcore: registered new interface driver cdc_ether
[   11.474671] initcall __typeid__ZTSFivE_global_addr+0x8ac/0xec8 returned 0 after 54 usecs
[   11.474675] calling  __typeid__ZTSFivE_global_addr+0x8b0/0xec8 @ 1
[   11.474687] initcall __typeid__ZTSFivE_global_addr+0x8b0/0xec8 returned 0 after 6 usecs
[   11.474692] calling  __typeid__ZTSFivE_global_addr+0x8b4/0xec8 @ 1
[   11.474726] usbcore: registered new interface driver cdc_ncm
[   11.474732] initcall __typeid__ZTSFivE_global_addr+0x8b4/0xec8 returned 0 after 33 usecs
[   11.474737] calling  __typeid__ZTSFivE_global_addr+0x8b8/0xec8 @ 1
[   11.474758] usbcore: registered new interface driver aqc111
[   11.474763] initcall __typeid__ZTSFivE_global_addr+0x8b8/0xec8 returned 0 after 20 usecs
[   11.474767] calling  __typeid__ZTSFivE_global_addr+0x8bc/0xec8 @ 1
[   11.474786] initcall __typeid__ZTSFivE_global_addr+0x8bc/0xec8 returned 0 after 13 usecs
[   11.474790] calling  __typeid__ZTSFivE_global_addr+0x8cc/0xec8 @ 1
[   11.475185] initcall __typeid__ZTSFivE_global_addr+0x8cc/0xec8 returned 0 after 380 usecs
[   11.475190] calling  __typeid__ZTSFivE_global_addr+0x8d0/0xec8 @ 1
[   11.475226] initcall __typeid__ZTSFivE_global_addr+0x8d0/0xec8 returned 0 after 28 usecs
[   11.475230] calling  __typeid__ZTSFivE_global_addr+0x8d4/0xec8 @ 1
[   11.475577] initcall __typeid__ZTSFivE_global_addr+0x8d4/0xec8 returned 0 after 333 usecs
[   11.475583] calling  __typeid__ZTSFivE_global_addr+0x8d8/0xec8 @ 1
[   11.475586] ehci_hcd: USB 2.0 'Enhanced' Host Controller (EHCI) Driver
[   11.475610] initcall __typeid__ZTSFivE_global_addr+0x8d8/0xec8 returned 0 after 21 usecs
[   11.475615] calling  __typeid__ZTSFivE_global_addr+0x8dc/0xec8 @ 1
[   11.475618] ehci-pci: EHCI PCI platform driver
[   11.475659] initcall __typeid__ZTSFivE_global_addr+0x8dc/0xec8 returned 0 after 37 usecs
[   11.475665] calling  __typeid__ZTSFivE_global_addr+0x8e0/0xec8 @ 1
[   11.475667] ehci-platform: EHCI generic platform driver
[   11.475895] initcall __typeid__ZTSFivE_global_addr+0x8e0/0xec8 returned 0 after 219 usecs
[   11.475900] calling  __typeid__ZTSFivE_global_addr+0x8e4/0xec8 @ 1
[   11.475913] initcall __typeid__ZTSFivE_global_addr+0x8e4/0xec8 returned 0 after 7 usecs
[   11.475917] calling  __typeid__ZTSFivE_global_addr+0x8e8/0xec8 @ 1
[   11.475949] initcall __typeid__ZTSFivE_global_addr+0x8e8/0xec8 returned 0 after 25 usecs
[   11.475953] calling  __typeid__ZTSFivE_global_addr+0x8ec/0xec8 @ 1
[   11.476415] initcall __typeid__ZTSFivE_global_addr+0x8ec/0xec8 returned 0 after 444 usecs
[   11.476420] calling  __typeid__ZTSFivE_global_addr+0x8f0/0xec8 @ 1
[   11.476469] usbcore: registered new interface driver cdc_acm
[   11.476472] cdc_acm: USB Abstract Control Model driver for USB modems and ISDN adapters
[   11.476477] initcall __typeid__ZTSFivE_global_addr+0x8f0/0xec8 returned 0 after 50 usecs
[   11.476483] calling  __typeid__ZTSFivE_global_addr+0x8f4/0xec8 @ 1
[   11.476673] usbcore: registered new interface driver uas
[   11.476680] initcall __typeid__ZTSFivE_global_addr+0x8f4/0xec8 returned 0 after 186 usecs
[   11.476687] calling  __typeid__ZTSFivE_global_addr+0x8f8/0xec8 @ 1
[   11.476717] usbcore: registered new interface driver usb-storage
[   11.476723] initcall __typeid__ZTSFivE_global_addr+0x8f8/0xec8 returned 0 after 30 usecs
[   11.476727] calling  __typeid__ZTSFivE_global_addr+0x8fc/0xec8 @ 1
[   11.476830] initcall __typeid__ZTSFivE_global_addr+0x8fc/0xec8 returned 0 after 95 usecs
[   11.476837] calling  __typeid__ZTSFivE_global_addr+0x904/0xec8 @ 1
[   11.476840] Number of emulated UDC must be in range of 1...32
[   11.476844] initcall __typeid__ZTSFivE_global_addr+0x904/0xec8 returned -22 after 2 usecs
[   11.476849] calling  __typeid__ZTSFivE_global_addr+0x908/0xec8 @ 1
[   11.476859] initcall __typeid__ZTSFivE_global_addr+0x908/0xec8 returned 0 after 6 usecs
[   11.476864] calling  __typeid__ZTSFivE_global_addr+0x90c/0xec8 @ 1
[   11.476869] initcall __typeid__ZTSFivE_global_addr+0x90c/0xec8 returned 0 after 1 usecs
[   11.476874] calling  __typeid__ZTSFivE_global_addr+0x910/0xec8 @ 1
[   11.476879] initcall __typeid__ZTSFivE_global_addr+0x910/0xec8 returned 0 after 1 usecs
[   11.476883] calling  __typeid__ZTSFivE_global_addr+0x914/0xec8 @ 1
[   11.476888] initcall __typeid__ZTSFivE_global_addr+0x914/0xec8 returned 0 after 0 usecs
[   11.476892] calling  __typeid__ZTSFivE_global_addr+0x918/0xec8 @ 1
[   11.476897] initcall __typeid__ZTSFivE_global_addr+0x918/0xec8 returned 0 after 0 usecs
[   11.476901] calling  __typeid__ZTSFivE_global_addr+0x91c/0xec8 @ 1
[   11.476906] initcall __typeid__ZTSFivE_global_addr+0x91c/0xec8 returned 0 after 0 usecs
[   11.476909] calling  __typeid__ZTSFivE_global_addr+0x920/0xec8 @ 1
[   11.476914] initcall __typeid__ZTSFivE_global_addr+0x920/0xec8 returned 0 after 1 usecs
[   11.476919] calling  __typeid__ZTSFivE_global_addr+0x924/0xec8 @ 1
[   11.476924] initcall __typeid__ZTSFivE_global_addr+0x924/0xec8 returned 0 after 1 usecs
[   11.476928] calling  __typeid__ZTSFivE_global_addr+0x934/0xec8 @ 1
[   11.476936] initcall __typeid__ZTSFivE_global_addr+0x934/0xec8 returned 0 after 4 usecs
[   11.476940] calling  __typeid__ZTSFivE_global_addr+0x93c/0xec8 @ 1
[   11.476946] initcall __typeid__ZTSFivE_global_addr+0x93c/0xec8 returned 0 after 2 usecs
[   11.476950] calling  __typeid__ZTSFivE_global_addr+0x940/0xec8 @ 1
[   11.476955] initcall __typeid__ZTSFivE_global_addr+0x940/0xec8 returned 0 after 0 usecs
[   11.476959] calling  __typeid__ZTSFivE_global_addr+0x944/0xec8 @ 1
[   11.477022] initcall __typeid__ZTSFivE_global_addr+0x944/0xec8 returned 0 after 56 usecs
[   11.477027] calling  __typeid__ZTSFivE_global_addr+0x94c/0xec8 @ 1
[   11.477065] usbcore: registered new interface driver xpad
[   11.477071] initcall __typeid__ZTSFivE_global_addr+0x94c/0xec8 returned 0 after 38 usecs
[   11.477077] calling  __typeid__ZTSFivE_global_addr+0x950/0xec8 @ 1
[   11.477128] initcall __typeid__ZTSFivE_global_addr+0x950/0xec8 returned 0 after 45 usecs
[   11.477132] calling  __typeid__ZTSFivE_global_addr+0x954/0xec8 @ 1
[   11.477152] mc34xx_i2c_init caikai called init
[   11.477176] initcall __typeid__ZTSFivE_global_addr+0x954/0xec8 returned 0 after 37 usecs
[   11.477181] calling  __typeid__ZTSFivE_global_addr+0x958/0xec8 @ 1
[   11.477198] initcall __typeid__ZTSFivE_global_addr+0x958/0xec8 returned 0 after 11 usecs
[   11.477202] calling  __typeid__ZTSFivE_global_addr+0x960/0xec8 @ 1
[   11.477239] initcall __typeid__ZTSFivE_global_addr+0x960/0xec8 returned 0 after 31 usecs
[   11.477243] calling  __typeid__ZTSFivE_global_addr+0x964/0xec8 @ 1
[   11.477281] initcall __typeid__ZTSFivE_global_addr+0x964/0xec8 returned 0 after 31 usecs
[   11.477287] calling  __typeid__ZTSFivE_global_addr+0x980/0xec8 @ 1
[   11.477324] usbcore: registered new interface driver uvcvideo
[   11.477326] USB Video Class driver (1.1.1)
[   11.477331] initcall __typeid__ZTSFivE_global_addr+0x980/0xec8 returned 0 after 38 usecs
[   11.477336] calling  __typeid__ZTSFivE_global_addr+0x984/0xec8 @ 1
[   11.477338] gspca_main: v2.14.0 registered
[   11.477342] initcall __typeid__ZTSFivE_global_addr+0x984/0xec8 returned 0 after 1 usecs
[   11.477346] calling  __typeid__ZTSFivE_global_addr+0x99c/0xec8 @ 1
[   11.477477] device-mapper: uevent: version 1.0.3
[   11.477616] device-mapper: ioctl: 4.41.0-ioctl (2019-09-16) initialised: dm-devel@redhat.com
[   11.477623] initcall __typeid__ZTSFivE_global_addr+0x99c/0xec8 returned 0 after 265 usecs
[   11.477629] calling  __typeid__ZTSFivE_global_addr+0x9c0/0xec8 @ 1
[   11.477749] initcall __typeid__ZTSFivE_global_addr+0x9c0/0xec8 returned 0 after 110 usecs
[   11.477754] calling  __typeid__ZTSFivE_global_addr+0x9c4/0xec8 @ 1
[   11.477759] initcall __typeid__ZTSFivE_global_addr+0x9c4/0xec8 returned 0 after 1 usecs
[   11.477763] calling  __typeid__ZTSFivE_global_addr+0x9c8/0xec8 @ 1
[   11.477768] initcall __typeid__ZTSFivE_global_addr+0x9c8/0xec8 returned 0 after 0 usecs
[   11.477773] calling  __typeid__ZTSFivE_global_addr+0x9cc/0xec8 @ 1
[   11.477803] initcall __typeid__ZTSFivE_global_addr+0x9cc/0xec8 returned 0 after 24 usecs
[   11.477807] calling  __typeid__ZTSFivE_global_addr+0x9d0/0xec8 @ 1
[   11.477812] initcall __typeid__ZTSFivE_global_addr+0x9d0/0xec8 returned 0 after 1 usecs
[   11.477816] calling  __typeid__ZTSFivE_global_addr+0x9d4/0xec8 @ 1
[   11.477821] initcall __typeid__ZTSFivE_global_addr+0x9d4/0xec8 returned 0 after 1 usecs
[   11.477824] calling  __typeid__ZTSFivE_global_addr+0x9d8/0xec8 @ 1
[   11.477830] initcall __typeid__ZTSFivE_global_addr+0x9d8/0xec8 returned 0 after 0 usecs
[   11.477833] calling  __typeid__ZTSFivE_global_addr+0x9dc/0xec8 @ 1
[   11.477837] Bluetooth: HCI UART driver ver 2.3
[   11.477840] Bluetooth: HCI UART protocol H4 registered
[   11.477860] Bluetooth: HCI UART protocol LL registered
[   11.477960] Bluetooth: HCI UART protocol Broadcom registered
[   11.477973] Bluetooth: HCI UART protocol QCA registered
[   11.477978] initcall __typeid__ZTSFivE_global_addr+0x9dc/0xec8 returned 0 after 136 usecs
[   11.477985] calling  __typeid__ZTSFivE_global_addr+0x9f0/0xec8 @ 1
[   11.478006] initcall __typeid__ZTSFivE_global_addr+0x9f0/0xec8 returned 0 after 15 usecs
[   11.478010] calling  __typeid__ZTSFivE_global_addr+0xa18/0xec8 @ 1
[   11.478016] initcall __typeid__ZTSFivE_global_addr+0xa18/0xec8 returned 0 after 2 usecs
[   11.478020] calling  __typeid__ZTSFivE_global_addr+0xa1c/0xec8 @ 1
[   11.478024] initcall __typeid__ZTSFivE_global_addr+0xa1c/0xec8 returned 0 after 0 usecs
[   11.478029] calling  __typeid__ZTSFivE_global_addr+0xa20/0xec8 @ 1
[   11.478067] initcall __typeid__ZTSFivE_global_addr+0xa20/0xec8 returned 0 after 32 usecs
[   11.478072] calling  __typeid__ZTSFivE_global_addr+0xa24/0xec8 @ 1
[   11.478151] initcall __typeid__ZTSFivE_global_addr+0xa24/0xec8 returned 0 after 72 usecs
[   11.478156] calling  __typeid__ZTSFivE_global_addr+0xa30/0xec8 @ 1
[   11.478178] initcall __typeid__ZTSFivE_global_addr+0xa30/0xec8 returned -95 after 17 usecs
[   11.478183] calling  __typeid__ZTSFivE_global_addr+0xa34/0xec8 @ 1
[   11.478723] initcall __typeid__ZTSFivE_global_addr+0xa34/0xec8 returned 0 after 520 usecs
[   11.478729] calling  __typeid__ZTSFivE_global_addr+0xa3c/0xec8 @ 1
[   11.478774] initcall __typeid__ZTSFivE_global_addr+0xa3c/0xec8 returned 0 after 37 usecs
[   11.478778] calling  __typeid__ZTSFivE_global_addr+0xa40/0xec8 @ 1
[   11.478781] sdhci: Secure Digital Host Controller Interface driver
[   11.478782] sdhci: Copyright(c) Pierre Ossman
[   11.478786] initcall __typeid__ZTSFivE_global_addr+0xa40/0xec8 returned 0 after 3 usecs
[   11.478791] calling  __typeid__ZTSFivE_global_addr+0xa44/0xec8 @ 1
[   11.478793] sdhci-pltfm: SDHCI platform and OF driver helper
[   11.478797] initcall __typeid__ZTSFivE_global_addr+0xa44/0xec8 returned 0 after 2 usecs
[   11.478801] calling  __typeid__ZTSFivE_global_addr+0xa4c/0xec8 @ 1
[   11.478809] initcall __typeid__ZTSFivE_global_addr+0xa4c/0xec8 returned 0 after 4 usecs
[   11.478813] calling  __typeid__ZTSFivE_global_addr+0xa50/0xec8 @ 1
[   11.479006] initcall __typeid__ZTSFivE_global_addr+0xa50/0xec8 returned 0 after 182 usecs
[   11.479011] calling  __typeid__ZTSFivE_global_addr+0xa58/0xec8 @ 1
[   11.479154] initcall __typeid__ZTSFivE_global_addr+0xa58/0xec8 returned 0 after 134 usecs
[   11.479158] calling  __typeid__ZTSFivE_global_addr+0xa88/0xec8 @ 1
[   11.479164] initcall __typeid__ZTSFivE_global_addr+0xa88/0xec8 returned -38 after 0 usecs
[   11.479168] calling  __typeid__ZTSFivE_global_addr+0xaa4/0xec8 @ 1
[   11.479218] hidraw: raw HID events driver (C) Jiri Kosina
[   11.479234] initcall __typeid__ZTSFivE_global_addr+0xaa4/0xec8 returned 0 after 59 usecs
[   11.479241] calling  __typeid__ZTSFivE_global_addr+0xaa8/0xec8 @ 1
[   11.479281] initcall __typeid__ZTSFivE_global_addr+0xaa8/0xec8 returned 0 after 34 usecs
[   11.479286] calling  __typeid__ZTSFivE_global_addr+0xaac/0xec8 @ 1
[   11.479316] initcall __typeid__ZTSFivE_global_addr+0xaac/0xec8 returned 0 after 24 usecs
[   11.479321] calling  __typeid__ZTSFivE_global_addr+0xab0/0xec8 @ 1
[   11.479350] initcall __typeid__ZTSFivE_global_addr+0xab0/0xec8 returned 0 after 23 usecs
[   11.479355] calling  __typeid__ZTSFivE_global_addr+0xab4/0xec8 @ 1
[   11.479386] initcall __typeid__ZTSFivE_global_addr+0xab4/0xec8 returned 0 after 26 usecs
[   11.479392] calling  __typeid__ZTSFivE_global_addr+0xab8/0xec8 @ 1
[   11.479422] initcall __typeid__ZTSFivE_global_addr+0xab8/0xec8 returned 0 after 24 usecs
[   11.479426] calling  __typeid__ZTSFivE_global_addr+0xabc/0xec8 @ 1
[   11.479448] initcall __typeid__ZTSFivE_global_addr+0xabc/0xec8 returned 0 after 16 usecs
[   11.479452] calling  __typeid__ZTSFivE_global_addr+0xac0/0xec8 @ 1
[   11.479482] initcall __typeid__ZTSFivE_global_addr+0xac0/0xec8 returned 0 after 23 usecs
[   11.479487] calling  __typeid__ZTSFivE_global_addr+0xac4/0xec8 @ 1
[   11.479524] initcall __typeid__ZTSFivE_global_addr+0xac4/0xec8 returned 0 after 31 usecs
[   11.479530] calling  __typeid__ZTSFivE_global_addr+0xac8/0xec8 @ 1
[   11.479557] initcall __typeid__ZTSFivE_global_addr+0xac8/0xec8 returned 0 after 20 usecs
[   11.479562] calling  __typeid__ZTSFivE_global_addr+0xacc/0xec8 @ 1
[   11.479586] initcall __typeid__ZTSFivE_global_addr+0xacc/0xec8 returned 0 after 18 usecs
[   11.479591] calling  __typeid__ZTSFivE_global_addr+0xad0/0xec8 @ 1
[   11.479615] initcall __typeid__ZTSFivE_global_addr+0xad0/0xec8 returned 0 after 19 usecs
[   11.479620] calling  __typeid__ZTSFivE_global_addr+0xad4/0xec8 @ 1
[   11.479658] initcall __typeid__ZTSFivE_global_addr+0xad4/0xec8 returned 0 after 32 usecs
[   11.479664] calling  __typeid__ZTSFivE_global_addr+0xad8/0xec8 @ 1
[   11.479688] initcall __typeid__ZTSFivE_global_addr+0xad8/0xec8 returned 0 after 18 usecs
[   11.479693] calling  __typeid__ZTSFivE_global_addr+0xadc/0xec8 @ 1
[   11.479727] initcall __typeid__ZTSFivE_global_addr+0xadc/0xec8 returned 0 after 27 usecs
[   11.479732] calling  __typeid__ZTSFivE_global_addr+0xae0/0xec8 @ 1
[   11.479757] initcall __typeid__ZTSFivE_global_addr+0xae0/0xec8 returned 0 after 19 usecs
[   11.479761] calling  __typeid__ZTSFivE_global_addr+0xae4/0xec8 @ 1
[   11.479768] initcall __typeid__ZTSFivE_global_addr+0xae4/0xec8 returned 0 after 1 usecs
[   11.479772] calling  __typeid__ZTSFivE_global_addr+0xae8/0xec8 @ 1
[   11.479803] initcall __typeid__ZTSFivE_global_addr+0xae8/0xec8 returned 0 after 24 usecs
[   11.479810] calling  __typeid__ZTSFivE_global_addr+0xaec/0xec8 @ 1
[   11.479840] initcall __typeid__ZTSFivE_global_addr+0xaec/0xec8 returned 0 after 24 usecs
[   11.479844] calling  __typeid__ZTSFivE_global_addr+0xaf0/0xec8 @ 1
[   11.479884] initcall __typeid__ZTSFivE_global_addr+0xaf0/0xec8 returned 0 after 34 usecs
[   11.479890] calling  __typeid__ZTSFivE_global_addr+0xaf4/0xec8 @ 1
[   11.479923] initcall __typeid__ZTSFivE_global_addr+0xaf4/0xec8 returned 0 after 26 usecs
[   11.479927] calling  __typeid__ZTSFivE_global_addr+0xaf8/0xec8 @ 1
[   11.479960] initcall __typeid__ZTSFivE_global_addr+0xaf8/0xec8 returned 0 after 26 usecs
[   11.479964] calling  __typeid__ZTSFivE_global_addr+0xafc/0xec8 @ 1
[   11.479996] initcall __typeid__ZTSFivE_global_addr+0xafc/0xec8 returned 0 after 26 usecs
[   11.480001] calling  __typeid__ZTSFivE_global_addr+0xb00/0xec8 @ 1
[   11.480061] initcall __typeid__ZTSFivE_global_addr+0xb00/0xec8 returned 0 after 29 usecs
[   11.480067] calling  __typeid__ZTSFivE_global_addr+0xb04/0xec8 @ 1
[   11.480100] initcall __typeid__ZTSFivE_global_addr+0xb04/0xec8 returned 0 after 27 usecs
[   11.480105] calling  __typeid__ZTSFivE_global_addr+0xb08/0xec8 @ 1
[   11.480137] initcall __typeid__ZTSFivE_global_addr+0xb08/0xec8 returned 0 after 25 usecs
[   11.480144] calling  __typeid__ZTSFivE_global_addr+0xb0c/0xec8 @ 1
[   11.480178] initcall __typeid__ZTSFivE_global_addr+0xb0c/0xec8 returned 0 after 28 usecs
[   11.480182] calling  __typeid__ZTSFivE_global_addr+0xb10/0xec8 @ 1
[   11.480208] initcall __typeid__ZTSFivE_global_addr+0xb10/0xec8 returned 0 after 19 usecs
[   11.480213] calling  __typeid__ZTSFivE_global_addr+0xb14/0xec8 @ 1
[   11.480254] initcall __typeid__ZTSFivE_global_addr+0xb14/0xec8 returned 0 after 35 usecs
[   11.480260] calling  __typeid__ZTSFivE_global_addr+0xb18/0xec8 @ 1
[   11.480287] initcall __typeid__ZTSFivE_global_addr+0xb18/0xec8 returned 0 after 20 usecs
[   11.480291] calling  __typeid__ZTSFivE_global_addr+0xb1c/0xec8 @ 1
[   11.480322] initcall __typeid__ZTSFivE_global_addr+0xb1c/0xec8 returned 0 after 24 usecs
[   11.480326] calling  __typeid__ZTSFivE_global_addr+0xb20/0xec8 @ 1
[   11.480352] initcall __typeid__ZTSFivE_global_addr+0xb20/0xec8 returned 0 after 20 usecs
[   11.480357] calling  __typeid__ZTSFivE_global_addr+0xb24/0xec8 @ 1
[   11.480396] usbcore: registered new interface driver usbhid
[   11.480398] usbhid: USB HID core driver
[   11.480403] initcall __typeid__ZTSFivE_global_addr+0xb24/0xec8 returned 0 after 39 usecs
[   11.480408] calling  __typeid__ZTSFivE_global_addr+0xb34/0xec8 @ 1
[   11.480450] initcall __typeid__ZTSFivE_global_addr+0xb34/0xec8 returned 0 after 35 usecs
[   11.480455] calling  __typeid__ZTSFivE_global_addr+0xb38/0xec8 @ 1
[   11.480459] initcall __typeid__ZTSFivE_global_addr+0xb38/0xec8 returned 0 after 0 usecs
[   11.480464] calling  __typeid__ZTSFivE_global_addr+0xb44/0xec8 @ 1
[   11.480606] ashmem: initialized
[   11.480613] initcall __typeid__ZTSFivE_global_addr+0xb44/0xec8 returned 0 after 140 usecs
[   11.480619] calling  __typeid__ZTSFivE_global_addr+0xb48/0xec8 @ 1
[   11.480650] initcall __typeid__ZTSFivE_global_addr+0xb48/0xec8 returned 0 after 25 usecs
[   11.480655] calling  __typeid__ZTSFivE_global_addr+0xb74/0xec8 @ 1
[   11.480667] initcall __typeid__ZTSFivE_global_addr+0xb74/0xec8 returned 0 after 7 usecs
[   11.480672] calling  __typeid__ZTSFivE_global_addr+0xb90/0xec8 @ 1
[   11.480743] initcall __typeid__ZTSFivE_global_addr+0xb90/0xec8 returned 0 after 63 usecs
[   11.480749] calling  __typeid__ZTSFivE_global_addr+0xb94/0xec8 @ 1
[   11.481045] probe of 7c003000.etb returned 1 after 270 usecs
[   11.481102] coresight-tmc 7e002000.etf: Uses obsolete Coresight DT bindings
[   11.481313] probe of 7e002000.etf returned 1 after 258 usecs
[   11.481584] probe of 7e003000.etf returned 1 after 262 usecs
[   11.481607] initcall __typeid__ZTSFivE_global_addr+0xb94/0xec8 returned 0 after 831 usecs
[   11.481615] calling  __typeid__ZTSFivE_global_addr+0xb9c/0xec8 @ 1
[   11.481781] initcall __typeid__ZTSFivE_global_addr+0xb9c/0xec8 returned 0 after 156 usecs
[   11.481786] calling  __typeid__ZTSFivE_global_addr+0xb98/0xec8 @ 1
[   11.481836] coresight-dynamic-funnel 7c002000.funnel: Uses OBSOLETE CoreSight funnel binding
[   11.481980] probe of 7c002000.funnel returned 1 after 181 usecs
[   11.482156] probe of 7e001000.funnel returned 1 after 166 usecs
[   11.482322] probe of 7e004000.funnel returned 1 after 157 usecs
[   11.482509] probe of 7e005000.funnel returned 1 after 179 usecs
[   11.482527] initcall __typeid__ZTSFivE_global_addr+0xb98/0xec8 returned 0 after 717 usecs
[   11.482535] calling  __typeid__ZTSFivE_global_addr+0xba4/0xec8 @ 1
[   11.482727] initcall __typeid__ZTSFivE_global_addr+0xba4/0xec8 returned 0 after 180 usecs
[   11.482734] calling  __typeid__ZTSFivE_global_addr+0xba0/0xec8 @ 1
[   11.482754] initcall __typeid__ZTSFivE_global_addr+0xba0/0xec8 returned 0 after 15 usecs
[   11.482759] calling  __typeid__ZTSFivE_global_addr+0xba8/0xec8 @ 1
[   11.482775] probe of 7f040000.etm returned -517 after 1 usecs
[   11.482782] probe of 7f140000.etm returned -517 after 0 usecs
[   11.482789] probe of 7f240000.etm returned -517 after 0 usecs
[   11.482796] probe of 7f340000.etm returned -517 after 0 usecs
[   11.482802] probe of 7f440000.etm returned -517 after 0 usecs
[   11.482808] probe of 7f540000.etm returned -517 after 0 usecs
[   11.482814] probe of 7f640000.etm returned -517 after 0 usecs
[   11.482820] probe of 7f740000.etm returned -517 after 0 usecs
[   11.482831] initcall __typeid__ZTSFivE_global_addr+0xba8/0xec8 returned 0 after 65 usecs
[   11.482835] calling  __typeid__ZTSFivE_global_addr+0xbb0/0xec8 @ 1
[   11.483423] probe of soc:apetb returned 1 after 477 usecs
[   11.483471] initcall __typeid__ZTSFivE_global_addr+0xbb0/0xec8 returned 0 after 615 usecs
[   11.483478] calling  __typeid__ZTSFivE_global_addr+0xbb4/0xec8 @ 1
[   11.483498] initcall __typeid__ZTSFivE_global_addr+0xbb4/0xec8 returned 0 after 14 usecs
[   11.483503] calling  __typeid__ZTSFivE_global_addr+0xbb8/0xec8 @ 1
[   11.483551] initcall __typeid__ZTSFivE_global_addr+0xbb8/0xec8 returned 0 after 42 usecs
[   11.483556] calling  __typeid__ZTSFivE_global_addr+0xbbc/0xec8 @ 1
[   11.483623] initcall __typeid__ZTSFivE_global_addr+0xbbc/0xec8 returned 0 after 60 usecs
[   11.483628] calling  __typeid__ZTSFivE_global_addr+0xbc4/0xec8 @ 1
[   11.483642] gnss: GNSS driver registered with major 511
[   11.483647] initcall __typeid__ZTSFivE_global_addr+0xbc4/0xec8 returned 0 after 13 usecs
[   11.483651] calling  __typeid__ZTSFivE_global_addr+0xbc8/0xec8 @ 1
[   11.483667] initcall __typeid__ZTSFivE_global_addr+0xbc8/0xec8 returned 0 after 10 usecs
[   11.483671] calling  __typeid__ZTSFivE_global_addr+0xbcc/0xec8 @ 1
[   11.483901] offset = 0x124, mask = 0x1 
[   11.483904] failed to find pm_aon_apb reg ch
[   11.483964] probe of cp_dump returned 1 after 147 usecs
[   11.483984] initcall __typeid__ZTSFivE_global_addr+0xbcc/0xec8 returned 0 after 299 usecs
[   11.483989] calling  __typeid__ZTSFivE_global_addr+0xbdc/0xec8 @ 1
[   11.484024] initcall __typeid__ZTSFivE_global_addr+0xbdc/0xec8 returned 0 after 28 usecs
[   11.484029] calling  __typeid__ZTSFivE_global_addr+0xbe0/0xec8 @ 1
[   11.484088] initcall __typeid__ZTSFivE_global_addr+0xbe0/0xec8 returned 0 after 52 usecs
[   11.484093] calling  __typeid__ZTSFivE_global_addr+0xbe4/0xec8 @ 1
[   11.484100] initcall __typeid__ZTSFivE_global_addr+0xbe4/0xec8 returned 0 after 2 usecs
[   11.484104] calling  __typeid__ZTSFivE_global_addr+0xbe8/0xec8 @ 1
[   11.484112] initcall __typeid__ZTSFivE_global_addr+0xbe8/0xec8 returned 0 after 3 usecs
[   11.484115] calling  __typeid__ZTSFivE_global_addr+0xbec/0xec8 @ 1
[   11.484120] initcall __typeid__ZTSFivE_global_addr+0xbec/0xec8 returned 0 after 0 usecs
[   11.484124] calling  __typeid__ZTSFivE_global_addr+0xbf0/0xec8 @ 1
[   11.484175] usbcore: registered new interface driver snd-usb-audio
[   11.484180] initcall __typeid__ZTSFivE_global_addr+0xbf0/0xec8 returned 0 after 49 usecs
[   11.484185] calling  __typeid__ZTSFivE_global_addr+0xbf4/0xec8 @ 1
[   11.484401] probe of snd-soc-dummy returned 1 after 32 usecs
[   11.484488] initcall __typeid__ZTSFivE_global_addr+0xbf4/0xec8 returned 0 after 290 usecs
[   11.484495] calling  __typeid__ZTSFivE_global_addr+0xc34/0xec8 @ 1
[   11.484536] initcall __typeid__ZTSFivE_global_addr+0xc34/0xec8 returned 0 after 35 usecs
[   11.484541] calling  __typeid__ZTSFivE_global_addr+0xc44/0xec8 @ 1
[   11.484548] initcall __typeid__ZTSFivE_global_addr+0xc44/0xec8 returned 0 after 2 usecs
[   11.484552] calling  __typeid__ZTSFivE_global_addr+0xc4c/0xec8 @ 1
[   11.484559] initcall __typeid__ZTSFivE_global_addr+0xc4c/0xec8 returned 0 after 2 usecs
[   11.484563] calling  __typeid__ZTSFivE_global_addr+0xc54/0xec8 @ 1
[   11.484570] initcall __typeid__ZTSFivE_global_addr+0xc54/0xec8 returned 0 after 2 usecs
[   11.484574] calling  __typeid__ZTSFivE_global_addr+0xc60/0xec8 @ 1
[   11.484583] initcall __typeid__ZTSFivE_global_addr+0xc60/0xec8 returned 0 after 4 usecs
[   11.484587] calling  __typeid__ZTSFivE_global_addr+0xc64/0xec8 @ 1
[   11.484589] GACT probability NOT on
[   11.484595] initcall __typeid__ZTSFivE_global_addr+0xc64/0xec8 returned 0 after 4 usecs
[   11.484599] calling  __typeid__ZTSFivE_global_addr+0xc68/0xec8 @ 1
[   11.484611] Mirror/redirect action on
[   11.484617] initcall __typeid__ZTSFivE_global_addr+0xc68/0xec8 returned 0 after 9 usecs
[   11.484622] calling  __typeid__ZTSFivE_global_addr+0xc6c/0xec8 @ 1
[   11.484627] initcall __typeid__ZTSFivE_global_addr+0xc6c/0xec8 returned 0 after 1 usecs
[   11.484633] calling  __typeid__ZTSFivE_global_addr+0xc70/0xec8 @ 1
[   11.484639] initcall __typeid__ZTSFivE_global_addr+0xc70/0xec8 returned 0 after 1 usecs
[   11.484643] calling  __typeid__ZTSFivE_global_addr+0xc74/0xec8 @ 1
[   11.484648] initcall __typeid__ZTSFivE_global_addr+0xc74/0xec8 returned 0 after 1 usecs
[   11.484652] calling  __typeid__ZTSFivE_global_addr+0xc78/0xec8 @ 1
[   11.484656] u32 classifier
[   11.484658] input device check on
[   11.484660] Actions configured
[   11.484670] initcall __typeid__ZTSFivE_global_addr+0xc78/0xec8 returned 0 after 13 usecs
[   11.484674] calling  __typeid__ZTSFivE_global_addr+0xc7c/0xec8 @ 1
[   11.484682] initcall __typeid__ZTSFivE_global_addr+0xc7c/0xec8 returned 0 after 4 usecs
[   11.484686] calling  __typeid__ZTSFivE_global_addr+0xc80/0xec8 @ 1
[   11.484691] initcall __typeid__ZTSFivE_global_addr+0xc80/0xec8 returned 0 after 0 usecs
[   11.484695] calling  __typeid__ZTSFivE_global_addr+0xc84/0xec8 @ 1
[   11.484700] initcall __typeid__ZTSFivE_global_addr+0xc84/0xec8 returned 0 after 0 usecs
[   11.484704] calling  __typeid__ZTSFivE_global_addr+0xc88/0xec8 @ 1
[   11.484709] initcall __typeid__ZTSFivE_global_addr+0xc88/0xec8 returned 0 after 0 usecs
[   11.484713] calling  __typeid__ZTSFivE_global_addr+0xc8c/0xec8 @ 1
[   11.484718] initcall __typeid__ZTSFivE_global_addr+0xc8c/0xec8 returned 0 after 1 usecs
[   11.484724] calling  __typeid__ZTSFivE_global_addr+0xc98/0xec8 @ 1
[   11.484736] initcall __typeid__ZTSFivE_global_addr+0xc98/0xec8 returned 0 after 7 usecs
[   11.484741] calling  __typeid__ZTSFivE_global_addr+0xc9c/0xec8 @ 1
[   11.484755] initcall __typeid__ZTSFivE_global_addr+0xc9c/0xec8 returned 0 after 9 usecs
[   11.484759] calling  __typeid__ZTSFivE_global_addr+0xca0/0xec8 @ 1
[   11.484771] initcall __typeid__ZTSFivE_global_addr+0xca0/0xec8 returned 0 after 6 usecs
[   11.484775] calling  __typeid__ZTSFivE_global_addr+0xca4/0xec8 @ 1
[   11.485251] initcall __typeid__ZTSFivE_global_addr+0xca4/0xec8 returned 0 after 458 usecs
[   11.485258] calling  __typeid__ZTSFivE_global_addr+0xca8/0xec8 @ 1
[   11.485267] initcall __typeid__ZTSFivE_global_addr+0xca8/0xec8 returned 0 after 3 usecs
[   11.485272] calling  __typeid__ZTSFivE_global_addr+0xcac/0xec8 @ 1
[   11.485289] initcall __typeid__ZTSFivE_global_addr+0xcac/0xec8 returned 0 after 11 usecs
[   11.485293] calling  __typeid__ZTSFivE_global_addr+0xcb0/0xec8 @ 1
[   11.485313] initcall __typeid__ZTSFivE_global_addr+0xcb0/0xec8 returned 0 after 14 usecs
[   11.485318] calling  __typeid__ZTSFivE_global_addr+0xcb4/0xec8 @ 1
[   11.485345] initcall __typeid__ZTSFivE_global_addr+0xcb4/0xec8 returned 0 after 22 usecs
[   11.485349] calling  __typeid__ZTSFivE_global_addr+0xcb8/0xec8 @ 1
[   11.485367] initcall __typeid__ZTSFivE_global_addr+0xcb8/0xec8 returned 0 after 12 usecs
[   11.485371] calling  __typeid__ZTSFivE_global_addr+0xcbc/0xec8 @ 1
[   11.485378] initcall __typeid__ZTSFivE_global_addr+0xcbc/0xec8 returned 0 after 2 usecs
[   11.485382] calling  __typeid__ZTSFivE_global_addr+0xcc0/0xec8 @ 1
[   11.485390] initcall __typeid__ZTSFivE_global_addr+0xcc0/0xec8 returned 0 after 3 usecs
[   11.485393] calling  __typeid__ZTSFivE_global_addr+0xcc4/0xec8 @ 1
[   11.485413] initcall __typeid__ZTSFivE_global_addr+0xcc4/0xec8 returned 0 after 14 usecs
[   11.485418] calling  __typeid__ZTSFivE_global_addr+0xcc8/0xec8 @ 1
[   11.485430] initcall __typeid__ZTSFivE_global_addr+0xcc8/0xec8 returned 0 after 7 usecs
[   11.485434] calling  __typeid__ZTSFivE_global_addr+0xccc/0xec8 @ 1
[   11.485552] initcall __typeid__ZTSFivE_global_addr+0xccc/0xec8 returned 0 after 110 usecs
[   11.485556] calling  __typeid__ZTSFivE_global_addr+0xcd4/0xec8 @ 1
[   11.485561] initcall __typeid__ZTSFivE_global_addr+0xcd4/0xec8 returned 0 after 1 usecs
[   11.485566] calling  __typeid__ZTSFivE_global_addr+0xcd8/0xec8 @ 1
[   11.485571] initcall __typeid__ZTSFivE_global_addr+0xcd8/0xec8 returned 0 after 0 usecs
[   11.485575] calling  __typeid__ZTSFivE_global_addr+0xcdc/0xec8 @ 1
[   11.485580] initcall __typeid__ZTSFivE_global_addr+0xcdc/0xec8 returned 0 after 0 usecs
[   11.485584] calling  __typeid__ZTSFivE_global_addr+0xce0/0xec8 @ 1
[   11.485588] initcall __typeid__ZTSFivE_global_addr+0xce0/0xec8 returned 0 after 0 usecs
[   11.485591] calling  __typeid__ZTSFivE_global_addr+0xce4/0xec8 @ 1
[   11.485707] initcall __typeid__ZTSFivE_global_addr+0xce4/0xec8 returned 0 after 108 usecs
[   11.485714] calling  __typeid__ZTSFivE_global_addr+0xce8/0xec8 @ 1
[   11.485722] initcall __typeid__ZTSFivE_global_addr+0xce8/0xec8 returned 0 after 3 usecs
[   11.485726] calling  __typeid__ZTSFivE_global_addr+0xcec/0xec8 @ 1
[   11.485732] initcall __typeid__ZTSFivE_global_addr+0xcec/0xec8 returned 0 after 2 usecs
[   11.485736] calling  __typeid__ZTSFivE_global_addr+0xcf0/0xec8 @ 1
[   11.485742] initcall __typeid__ZTSFivE_global_addr+0xcf0/0xec8 returned 0 after 1 usecs
[   11.485746] calling  __typeid__ZTSFivE_global_addr+0xcf4/0xec8 @ 1
[   11.485752] initcall __typeid__ZTSFivE_global_addr+0xcf4/0xec8 returned 0 after 1 usecs
[   11.485756] calling  __typeid__ZTSFivE_global_addr+0xcf8/0xec8 @ 1
[   11.485761] initcall __typeid__ZTSFivE_global_addr+0xcf8/0xec8 returned 0 after 0 usecs
[   11.485764] calling  __typeid__ZTSFivE_global_addr+0xcfc/0xec8 @ 1
[   11.485768] initcall __typeid__ZTSFivE_global_addr+0xcfc/0xec8 returned 0 after 0 usecs
[   11.485772] calling  __typeid__ZTSFivE_global_addr+0xd00/0xec8 @ 1
[   11.485777] initcall __typeid__ZTSFivE_global_addr+0xd00/0xec8 returned 0 after 0 usecs
[   11.485781] calling  __typeid__ZTSFivE_global_addr+0xd04/0xec8 @ 1
[   11.485788] initcall __typeid__ZTSFivE_global_addr+0xd04/0xec8 returned 0 after 3 usecs
[   11.485793] calling  __typeid__ZTSFivE_global_addr+0xd08/0xec8 @ 1
[   11.485798] initcall __typeid__ZTSFivE_global_addr+0xd08/0xec8 returned 0 after 0 usecs
[   11.485801] calling  __typeid__ZTSFivE_global_addr+0xd0c/0xec8 @ 1
[   11.485805] initcall __typeid__ZTSFivE_global_addr+0xd0c/0xec8 returned 0 after 0 usecs
[   11.485809] calling  __typeid__ZTSFivE_global_addr+0xd10/0xec8 @ 1
[   11.485814] initcall __typeid__ZTSFivE_global_addr+0xd10/0xec8 returned 0 after 1 usecs
[   11.485817] calling  __typeid__ZTSFivE_global_addr+0xd14/0xec8 @ 1
[   11.485825] initcall __typeid__ZTSFivE_global_addr+0xd14/0xec8 returned 0 after 3 usecs
[   11.485829] calling  __typeid__ZTSFivE_global_addr+0xd18/0xec8 @ 1
[   11.485841] initcall __typeid__ZTSFivE_global_addr+0xd18/0xec8 returned 0 after 6 usecs
[   11.485845] calling  __typeid__ZTSFivE_global_addr+0xd1c/0xec8 @ 1
[   11.485850] initcall __typeid__ZTSFivE_global_addr+0xd1c/0xec8 returned 0 after 0 usecs
[   11.485854] calling  __typeid__ZTSFivE_global_addr+0xd20/0xec8 @ 1
[   11.485859] initcall __typeid__ZTSFivE_global_addr+0xd20/0xec8 returned 0 after 0 usecs
[   11.485863] calling  __typeid__ZTSFivE_global_addr+0xd24/0xec8 @ 1
[   11.485867] initcall __typeid__ZTSFivE_global_addr+0xd24/0xec8 returned 0 after 0 usecs
[   11.485871] calling  __typeid__ZTSFivE_global_addr+0xd28/0xec8 @ 1
[   11.485883] initcall __typeid__ZTSFivE_global_addr+0xd28/0xec8 returned 0 after 7 usecs
[   11.485887] calling  __typeid__ZTSFivE_global_addr+0xd2c/0xec8 @ 1
[   11.485892] initcall __typeid__ZTSFivE_global_addr+0xd2c/0xec8 returned 0 after 0 usecs
[   11.485896] calling  __typeid__ZTSFivE_global_addr+0xd30/0xec8 @ 1
[   11.485953] initcall __typeid__ZTSFivE_global_addr+0xd30/0xec8 returned 0 after 49 usecs
[   11.485959] calling  __typeid__ZTSFivE_global_addr+0xd34/0xec8 @ 1
[   11.485965] initcall __typeid__ZTSFivE_global_addr+0xd34/0xec8 returned 0 after 1 usecs
[   11.485969] calling  __typeid__ZTSFivE_global_addr+0xd38/0xec8 @ 1
[   11.485975] initcall __typeid__ZTSFivE_global_addr+0xd38/0xec8 returned 0 after 0 usecs
[   11.485979] calling  __typeid__ZTSFivE_global_addr+0xd3c/0xec8 @ 1
[   11.485984] initcall __typeid__ZTSFivE_global_addr+0xd3c/0xec8 returned 0 after 0 usecs
[   11.485988] calling  __typeid__ZTSFivE_global_addr+0xd40/0xec8 @ 1
[   11.485994] initcall __typeid__ZTSFivE_global_addr+0xd40/0xec8 returned 0 after 2 usecs
[   11.485997] calling  __typeid__ZTSFivE_global_addr+0xd44/0xec8 @ 1
[   11.486002] initcall __typeid__ZTSFivE_global_addr+0xd44/0xec8 returned 0 after 0 usecs
[   11.486006] calling  __typeid__ZTSFivE_global_addr+0xd48/0xec8 @ 1
[   11.486030] initcall __typeid__ZTSFivE_global_addr+0xd48/0xec8 returned 0 after 18 usecs
[   11.486034] calling  __typeid__ZTSFivE_global_addr+0xd4c/0xec8 @ 1
[   11.486039] initcall __typeid__ZTSFivE_global_addr+0xd4c/0xec8 returned 0 after 1 usecs
[   11.486043] calling  __typeid__ZTSFivE_global_addr+0xd50/0xec8 @ 1
[   11.486051] initcall __typeid__ZTSFivE_global_addr+0xd50/0xec8 returned 0 after 0 usecs
[   11.486056] calling  __typeid__ZTSFivE_global_addr+0xd54/0xec8 @ 1
[   11.486062] initcall __typeid__ZTSFivE_global_addr+0xd54/0xec8 returned 0 after 1 usecs
[   11.486067] calling  __typeid__ZTSFivE_global_addr+0xd58/0xec8 @ 1
[   11.486071] initcall __typeid__ZTSFivE_global_addr+0xd58/0xec8 returned 0 after 0 usecs
[   11.486075] calling  __typeid__ZTSFivE_global_addr+0xd5c/0xec8 @ 1
[   11.486079] initcall __typeid__ZTSFivE_global_addr+0xd5c/0xec8 returned 0 after 0 usecs
[   11.486083] calling  __typeid__ZTSFivE_global_addr+0xd60/0xec8 @ 1
[   11.486087] initcall __typeid__ZTSFivE_global_addr+0xd60/0xec8 returned 0 after 0 usecs
[   11.486091] calling  __typeid__ZTSFivE_global_addr+0xd64/0xec8 @ 1
[   11.486095] initcall __typeid__ZTSFivE_global_addr+0xd64/0xec8 returned 0 after 0 usecs
[   11.486099] calling  __typeid__ZTSFivE_global_addr+0xd68/0xec8 @ 1
[   11.486103] initcall __typeid__ZTSFivE_global_addr+0xd68/0xec8 returned 0 after 0 usecs
[   11.486107] calling  __typeid__ZTSFivE_global_addr+0xd6c/0xec8 @ 1
[   11.486111] initcall __typeid__ZTSFivE_global_addr+0xd6c/0xec8 returned 0 after 0 usecs
[   11.486115] calling  __typeid__ZTSFivE_global_addr+0xd70/0xec8 @ 1
[   11.486119] initcall __typeid__ZTSFivE_global_addr+0xd70/0xec8 returned 0 after 1 usecs
[   11.486124] calling  __typeid__ZTSFivE_global_addr+0xd74/0xec8 @ 1
[   11.486131] initcall __typeid__ZTSFivE_global_addr+0xd74/0xec8 returned 0 after 3 usecs
[   11.486135] calling  __typeid__ZTSFivE_global_addr+0xd78/0xec8 @ 1
[   11.486157] initcall __typeid__ZTSFivE_global_addr+0xd78/0xec8 returned 0 after 16 usecs
[   11.486161] calling  __typeid__ZTSFivE_global_addr+0xd7c/0xec8 @ 1
[   11.486167] initcall __typeid__ZTSFivE_global_addr+0xd7c/0xec8 returned 0 after 2 usecs
[   11.486170] calling  __typeid__ZTSFivE_global_addr+0xd80/0xec8 @ 1
[   11.486174] initcall __typeid__ZTSFivE_global_addr+0xd80/0xec8 returned 0 after 0 usecs
[   11.486178] calling  __typeid__ZTSFivE_global_addr+0xd84/0xec8 @ 1
[   11.486183] initcall __typeid__ZTSFivE_global_addr+0xd84/0xec8 returned 0 after 0 usecs
[   11.486187] calling  __typeid__ZTSFivE_global_addr+0xd88/0xec8 @ 1
[   11.486191] initcall __typeid__ZTSFivE_global_addr+0xd88/0xec8 returned 0 after 0 usecs
[   11.486196] calling  __typeid__ZTSFivE_global_addr+0xd8c/0xec8 @ 1
[   11.486199] xt_time: kernel timezone is -0000
[   11.486203] initcall __typeid__ZTSFivE_global_addr+0xd8c/0xec8 returned 0 after 2 usecs
[   11.486206] calling  __typeid__ZTSFivE_global_addr+0xd90/0xec8 @ 1
[   11.486210] initcall __typeid__ZTSFivE_global_addr+0xd90/0xec8 returned 0 after 0 usecs
[   11.486215] calling  __typeid__ZTSFivE_global_addr+0xda0/0xec8 @ 1
[   11.486220] initcall __typeid__ZTSFivE_global_addr+0xda0/0xec8 returned 0 after 1 usecs
[   11.486225] calling  __typeid__ZTSFivE_global_addr+0xda8/0xec8 @ 1
[   11.486333] initcall __typeid__ZTSFivE_global_addr+0xda8/0xec8 returned 0 after 100 usecs
[   11.486338] calling  __typeid__ZTSFivE_global_addr+0xdac/0xec8 @ 1
[   11.486341] ipip: IPv4 and MPLS over IPv4 tunneling driver
[   11.486697] initcall __typeid__ZTSFivE_global_addr+0xdac/0xec8 returned 0 after 343 usecs
[   11.486702] calling  __typeid__ZTSFivE_global_addr+0xdb0/0xec8 @ 1
[   11.486704] gre: GRE over IPv4 demultiplexor driver
[   11.486709] initcall __typeid__ZTSFivE_global_addr+0xdb0/0xec8 returned 0 after 2 usecs
[   11.486713] calling  __typeid__ZTSFivE_global_addr+0xdb4/0xec8 @ 1
[   11.486715] ip_gre: GRE over IPv4 tunneling driver
[   11.487445] initcall __typeid__ZTSFivE_global_addr+0xdb4/0xec8 returned 0 after 708 usecs
[   11.487451] calling  __typeid__ZTSFivE_global_addr+0xdb8/0xec8 @ 1
[   11.487454] IPv4 over IPsec tunneling driver
[   11.487728] initcall __typeid__ZTSFivE_global_addr+0xdb8/0xec8 returned 0 after 262 usecs
[   11.487735] calling  __typeid__ZTSFivE_global_addr+0xdbc/0xec8 @ 1
[   11.487741] initcall __typeid__ZTSFivE_global_addr+0xdbc/0xec8 returned 0 after 1 usecs
[   11.487745] calling  __typeid__ZTSFivE_global_addr+0xdc0/0xec8 @ 1
[   11.487750] initcall __typeid__ZTSFivE_global_addr+0xdc0/0xec8 returned 0 after 0 usecs
[   11.487755] calling  __typeid__ZTSFivE_global_addr+0xdc8/0xec8 @ 1
[   11.487760] initcall __typeid__ZTSFivE_global_addr+0xdc8/0xec8 returned 0 after 0 usecs
[   11.487764] calling  __typeid__ZTSFivE_global_addr+0xdcc/0xec8 @ 1
[   11.487769] initcall __typeid__ZTSFivE_global_addr+0xdcc/0xec8 returned 0 after 1 usecs
[   11.487773] calling  __typeid__ZTSFivE_global_addr+0xdd0/0xec8 @ 1
[   11.487780] initcall __typeid__ZTSFivE_global_addr+0xdd0/0xec8 returned 0 after 3 usecs
[   11.487784] calling  __typeid__ZTSFivE_global_addr+0xdd4/0xec8 @ 1
[   11.487800] initcall __typeid__ZTSFivE_global_addr+0xdd4/0xec8 returned 0 after 11 usecs
[   11.487803] calling  __typeid__ZTSFivE_global_addr+0xdd8/0xec8 @ 1
[   11.487849] initcall __typeid__ZTSFivE_global_addr+0xdd8/0xec8 returned 0 after 40 usecs
[   11.487854] calling  __typeid__ZTSFivE_global_addr+0xddc/0xec8 @ 1
[   11.487959] initcall __typeid__ZTSFivE_global_addr+0xddc/0xec8 returned 0 after 95 usecs
[   11.487966] calling  __typeid__ZTSFivE_global_addr+0xde0/0xec8 @ 1
[   11.488003] initcall __typeid__ZTSFivE_global_addr+0xde0/0xec8 returned 0 after 31 usecs
[   11.488032] calling  __typeid__ZTSFivE_global_addr+0xde4/0xec8 @ 1
[   11.488055] initcall __typeid__ZTSFivE_global_addr+0xde4/0xec8 returned 0 after 16 usecs
[   11.488059] calling  __typeid__ZTSFivE_global_addr+0xde8/0xec8 @ 1
[   11.488141] initcall __typeid__ZTSFivE_global_addr+0xde8/0xec8 returned 0 after 73 usecs
[   11.488147] calling  __typeid__ZTSFivE_global_addr+0xdec/0xec8 @ 1
[   11.488152] initcall __typeid__ZTSFivE_global_addr+0xdec/0xec8 returned 0 after 1 usecs
[   11.488156] calling  __typeid__ZTSFivE_global_addr+0xdf0/0xec8 @ 1
[   11.488170] initcall __typeid__ZTSFivE_global_addr+0xdf0/0xec8 returned 0 after 9 usecs
[   11.488174] calling  __typeid__ZTSFivE_global_addr+0xdf4/0xec8 @ 1
[   11.488179] initcall __typeid__ZTSFivE_global_addr+0xdf4/0xec8 returned 0 after 0 usecs
[   11.488183] calling  __typeid__ZTSFivE_global_addr+0xdf8/0xec8 @ 1
[   11.488225] initcall __typeid__ZTSFivE_global_addr+0xdf8/0xec8 returned 0 after 34 usecs
[   11.488231] calling  __typeid__ZTSFivE_global_addr+0xdfc/0xec8 @ 1
[   11.488238] initcall __typeid__ZTSFivE_global_addr+0xdfc/0xec8 returned 0 after 2 usecs
[   11.488242] calling  __typeid__ZTSFivE_global_addr+0xe00/0xec8 @ 1
[   11.488247] initcall __typeid__ZTSFivE_global_addr+0xe00/0xec8 returned 0 after 1 usecs
[   11.488251] calling  __typeid__ZTSFivE_global_addr+0xe04/0xec8 @ 1
[   11.488256] initcall __typeid__ZTSFivE_global_addr+0xe04/0xec8 returned 0 after 1 usecs
[   11.488259] calling  __typeid__ZTSFivE_global_addr+0xe08/0xec8 @ 1
[   11.488266] initcall __typeid__ZTSFivE_global_addr+0xe08/0xec8 returned 0 after 2 usecs
[   11.488270] calling  __typeid__ZTSFivE_global_addr+0xe14/0xec8 @ 1
[   11.488272] Initializing XFRM netlink socket
[   11.488290] initcall __typeid__ZTSFivE_global_addr+0xe14/0xec8 returned 0 after 15 usecs
[   11.488294] calling  __typeid__ZTSFivE_global_addr+0xe18/0xec8 @ 1
[   11.488296] IPsec XFRM device driver
[   11.488309] initcall __typeid__ZTSFivE_global_addr+0xe18/0xec8 returned 0 after 10 usecs
[   11.488314] calling  __typeid__ZTSFivE_global_addr+0xe20/0xec8 @ 1
[   11.488762] NET: Registered protocol family 10
[   11.489948] Segment Routing with IPv6
[   11.489995] initcall __typeid__ZTSFivE_global_addr+0xe20/0xec8 returned 0 after 1634 usecs
[   11.490002] calling  __typeid__ZTSFivE_global_addr+0xe24/0xec8 @ 1
[   11.490009] initcall __typeid__ZTSFivE_global_addr+0xe24/0xec8 returned 0 after 2 usecs
[   11.490014] calling  __typeid__ZTSFivE_global_addr+0xe28/0xec8 @ 1
[   11.490019] initcall __typeid__ZTSFivE_global_addr+0xe28/0xec8 returned 0 after 1 usecs
[   11.490024] calling  __typeid__ZTSFivE_global_addr+0xe2c/0xec8 @ 1
[   11.490045] initcall __typeid__ZTSFivE_global_addr+0xe2c/0xec8 returned 0 after 15 usecs
[   11.490049] calling  __typeid__ZTSFivE_global_addr+0xe30/0xec8 @ 1
[   11.490054] initcall __typeid__ZTSFivE_global_addr+0xe30/0xec8 returned 0 after 0 usecs
[   11.490058] calling  __typeid__ZTSFivE_global_addr+0xe34/0xec8 @ 1
[   11.490061] mip6: Mobile IPv6
[   11.490065] initcall __typeid__ZTSFivE_global_addr+0xe34/0xec8 returned 0 after 2 usecs
[   11.490069] calling  __typeid__ZTSFivE_global_addr+0xe38/0xec8 @ 1
[   11.490084] initcall __typeid__ZTSFivE_global_addr+0xe38/0xec8 returned 0 after 10 usecs
[   11.490088] calling  __typeid__ZTSFivE_global_addr+0xe3c/0xec8 @ 1
[   11.490169] initcall __typeid__ZTSFivE_global_addr+0xe3c/0xec8 returned 0 after 72 usecs
[   11.490174] calling  __typeid__ZTSFivE_global_addr+0xe40/0xec8 @ 1
[   11.490216] initcall __typeid__ZTSFivE_global_addr+0xe40/0xec8 returned 0 after 35 usecs
[   11.490222] calling  __typeid__ZTSFivE_global_addr+0xe44/0xec8 @ 1
[   11.490242] initcall __typeid__ZTSFivE_global_addr+0xe44/0xec8 returned 0 after 14 usecs
[   11.490246] calling  __typeid__ZTSFivE_global_addr+0xe48/0xec8 @ 1
[   11.490288] initcall __typeid__ZTSFivE_global_addr+0xe48/0xec8 returned 0 after 34 usecs
[   11.490293] calling  __typeid__ZTSFivE_global_addr+0xe4c/0xec8 @ 1
[   11.490298] initcall __typeid__ZTSFivE_global_addr+0xe4c/0xec8 returned 0 after 0 usecs
[   11.490303] calling  __typeid__ZTSFivE_global_addr+0xe50/0xec8 @ 1
[   11.490308] initcall __typeid__ZTSFivE_global_addr+0xe50/0xec8 returned 0 after 1 usecs
[   11.490313] calling  __typeid__ZTSFivE_global_addr+0xe54/0xec8 @ 1
[   11.490677] initcall __typeid__ZTSFivE_global_addr+0xe54/0xec8 returned 0 after 348 usecs
[   11.490683] calling  __typeid__ZTSFivE_global_addr+0xe58/0xec8 @ 1
[   11.490685] sit: IPv6, IPv4 and MPLS over IPv4 tunneling driver
[   11.490975] initcall __typeid__ZTSFivE_global_addr+0xe58/0xec8 returned 0 after 278 usecs
[   11.490981] calling  __typeid__ZTSFivE_global_addr+0xe5c/0xec8 @ 1
[   11.491333] initcall __typeid__ZTSFivE_global_addr+0xe5c/0xec8 returned 0 after 337 usecs
[   11.491341] calling  __typeid__ZTSFivE_global_addr+0xe60/0xec8 @ 1
[   11.491344] ip6_gre: GRE over IPv6 tunneling driver
[   11.491712] initcall __typeid__ZTSFivE_global_addr+0xe60/0xec8 returned 0 after 354 usecs
[   11.491720] calling  __typeid__ZTSFivE_global_addr+0xe68/0xec8 @ 1
[   11.491725] NET: Registered protocol family 17
[   11.491737] initcall __typeid__ZTSFivE_global_addr+0xe68/0xec8 returned 0 after 11 usecs
[   11.491741] calling  __typeid__ZTSFivE_global_addr+0xe6c/0xec8 @ 1
[   11.491757] NET: Registered protocol family 15
[   11.491764] initcall __typeid__ZTSFivE_global_addr+0xe6c/0xec8 returned 0 after 17 usecs
[   11.491769] calling  __typeid__ZTSFivE_global_addr+0xe70/0xec8 @ 1
[   11.491795] initcall __typeid__ZTSFivE_global_addr+0xe70/0xec8 returned 0 after 20 usecs
[   11.491800] calling  __typeid__ZTSFivE_global_addr+0xe74/0xec8 @ 1
[   11.491802] can: controller area network core (rev 20170425 abi 9)
[   11.491832] NET: Registered protocol family 29
[   11.491839] initcall __typeid__ZTSFivE_global_addr+0xe74/0xec8 returned 0 after 33 usecs
[   11.491844] calling  __typeid__ZTSFivE_global_addr+0xe78/0xec8 @ 1
[   11.491846] can: raw protocol (rev 20170425)
[   11.491854] initcall __typeid__ZTSFivE_global_addr+0xe78/0xec8 returned 0 after 5 usecs
[   11.491859] calling  __typeid__ZTSFivE_global_addr+0xe7c/0xec8 @ 1
[   11.491861] can: broadcast manager protocol (rev 20170425 t)
[   11.491870] initcall __typeid__ZTSFivE_global_addr+0xe7c/0xec8 returned 0 after 7 usecs
[   11.491875] calling  __typeid__ZTSFivE_global_addr+0xe80/0xec8 @ 1
[   11.491877] can: netlink gateway (rev 20190810) max_hops=1
[   11.491974] initcall __typeid__ZTSFivE_global_addr+0xe80/0xec8 returned 0 after 90 usecs
[   11.491980] calling  __typeid__ZTSFivE_global_addr+0xe88/0xec8 @ 1
[   11.492390] Bluetooth: RFCOMM TTY layer initialized
[   11.492406] Bluetooth: RFCOMM socket layer initialized
[   11.492434] Bluetooth: RFCOMM ver 1.11
[   11.492444] initcall __typeid__ZTSFivE_global_addr+0xe88/0xec8 returned 0 after 447 usecs
[   11.492451] calling  __typeid__ZTSFivE_global_addr+0xe8c/0xec8 @ 1
[   11.492453] Bluetooth: HIDP (Human Interface Emulation) ver 1.2
[   11.492460] Bluetooth: HIDP socket layer initialized
[   11.492464] initcall __typeid__ZTSFivE_global_addr+0xe8c/0xec8 returned 0 after 8 usecs
[   11.492468] calling  __typeid__ZTSFivE_global_addr+0xe90/0xec8 @ 1
[   11.492487] l2tp_core: L2TP core driver, V2.0
[   11.492491] initcall __typeid__ZTSFivE_global_addr+0xe90/0xec8 returned 0 after 17 usecs
[   11.492495] calling  __typeid__ZTSFivE_global_addr+0xe94/0xec8 @ 1
[   11.492503] l2tp_ppp: PPPoL2TP kernel driver, V2.0
[   11.492507] initcall __typeid__ZTSFivE_global_addr+0xe94/0xec8 returned 0 after 7 usecs
[   11.492511] calling  __typeid__ZTSFivE_global_addr+0xea8/0xec8 @ 1
[   11.492514] tipc: Activated (version 2.0.0)
[   11.492573] NET: Registered protocol family 30
[   11.492633] tipc: Started in single node mode
[   11.492639] initcall __typeid__ZTSFivE_global_addr+0xea8/0xec8 returned 0 after 119 usecs
[   11.492646] calling  __typeid__ZTSFivE_global_addr+0xeac/0xec8 @ 1
[   11.492652] initcall __typeid__ZTSFivE_global_addr+0xeac/0xec8 returned 0 after 2 usecs
[   11.492657] calling  __typeid__ZTSFivE_global_addr+0xeb4/0xec8 @ 1
[   11.492803] NET: Registered protocol family 40
[   11.492809] initcall __typeid__ZTSFivE_global_addr+0xeb4/0xec8 returned 0 after 143 usecs
[   11.492815] calling  __typeid__ZTSFivE_global_addr+0xeb8/0xec8 @ 1
[   11.492821] initcall __typeid__ZTSFivE_global_addr+0xeb8/0xec8 returned 0 after 1 usecs
[   11.493099] calling  __typeid__ZTSFivE_global_addr+0x5c/0xec8 @ 1
[   11.493108] initcall __typeid__ZTSFivE_global_addr+0x5c/0xec8 returned 0 after 4 usecs
[   11.493112] calling  __typeid__ZTSFivE_global_addr+0xa0/0xec8 @ 1
[   11.493117] initcall __typeid__ZTSFivE_global_addr+0xa0/0xec8 returned 0 after 0 usecs
[   11.493122] calling  __typeid__ZTSFivE_global_addr+0xd0/0xec8 @ 1
[   11.493137] initcall __typeid__ZTSFivE_global_addr+0xd0/0xec8 returned 0 after 10 usecs
[   11.493141] calling  __typeid__ZTSFivE_global_addr+0xcc/0xec8 @ 1
[   11.493160] initcall __typeid__ZTSFivE_global_addr+0xcc/0xec8 returned 0 after 13 usecs
[   11.493166] calling  __typeid__ZTSFivE_global_addr+0xc8/0xec8 @ 1
[   11.493175] initcall __typeid__ZTSFivE_global_addr+0xc8/0xec8 returned 0 after 4 usecs
[   11.493180] calling  __typeid__ZTSFivE_global_addr+0xe8/0xec8 @ 1
[   11.493192] initcall __typeid__ZTSFivE_global_addr+0xe8/0xec8 returned 0 after 7 usecs
[   11.493196] calling  __typeid__ZTSFivE_global_addr+0xe4/0xec8 @ 1
[   11.493204] initcall __typeid__ZTSFivE_global_addr+0xe4/0xec8 returned 0 after 3 usecs
[   11.493208] calling  __typeid__ZTSFivE_global_addr+0x120/0xec8 @ 1
[   11.493247] initcall __typeid__ZTSFivE_global_addr+0x120/0xec8 returned 0 after 32 usecs
[   11.493253] calling  __typeid__ZTSFivE_global_addr+0x138/0xec8 @ 1
[   11.496307] sprd-rotask: rotation_task_init OK
[   11.496317] initcall __typeid__ZTSFivE_global_addr+0x138/0xec8 returned 0 after 2984 usecs
[   11.496322] calling  __typeid__ZTSFivE_global_addr+0x130/0xec8 @ 1
[   11.496328] initcall __typeid__ZTSFivE_global_addr+0x130/0xec8 returned 0 after 1 usecs
[   11.496332] calling  __typeid__ZTSFivE_global_addr+0x13c/0xec8 @ 1
[   11.496418] initcall __typeid__ZTSFivE_global_addr+0x13c/0xec8 returned 0 after 78 usecs
[   11.496424] calling  __typeid__ZTSFivE_global_addr+0x144/0xec8 @ 1
[   11.496437] initcall __typeid__ZTSFivE_global_addr+0x144/0xec8 returned 0 after 7 usecs
[   11.496441] calling  __typeid__ZTSFivE_global_addr+0x14c/0xec8 @ 1
[   11.496469] initcall __typeid__ZTSFivE_global_addr+0x14c/0xec8 returned 0 after 22 usecs
[   11.496474] calling  __typeid__ZTSFivE_global_addr+0x15c/0xec8 @ 1
[   11.496482] initcall __typeid__ZTSFivE_global_addr+0x15c/0xec8 returned 0 after 4 usecs
[   11.496487] calling  __typeid__ZTSFivE_global_addr+0x178/0xec8 @ 1
[   11.496495] initcall __typeid__ZTSFivE_global_addr+0x178/0xec8 returned 0 after 2 usecs
[   11.496499] calling  __typeid__ZTSFivE_global_addr+0x198/0xec8 @ 1
[   11.496520] initcall __typeid__ZTSFivE_global_addr+0x198/0xec8 returned 0 after 16 usecs
[   11.496524] calling  __typeid__ZTSFivE_global_addr+0x1d0/0xec8 @ 1
[   11.496536] initcall __typeid__ZTSFivE_global_addr+0x1d0/0xec8 returned 0 after 8 usecs
[   11.496540] calling  __typeid__ZTSFivE_global_addr+0x214/0xec8 @ 1
[   11.496567] initcall __typeid__ZTSFivE_global_addr+0x214/0xec8 returned 0 after 22 usecs
[   11.496571] calling  __typeid__ZTSFivE_global_addr+0x224/0xec8 @ 1
[   11.496590] registered taskstats version 1
[   11.496594] initcall __typeid__ZTSFivE_global_addr+0x224/0xec8 returned 0 after 17 usecs
[   11.496600] calling  __typeid__ZTSFivE_global_addr+0x298/0xec8 @ 1
[   11.496603] Loading compiled-in X.509 certificates
[   11.500146] Loaded X.509 cert 'Build time autogenerated kernel key: 2824651acf94b8e8d3c673204c5dda60b2455354'
[   11.500155] initcall __typeid__ZTSFivE_global_addr+0x298/0xec8 returned 0 after 3464 usecs
[   11.500162] calling  __typeid__ZTSFivE_global_addr+0x2c4/0xec8 @ 1
[   11.500201] initcall __typeid__ZTSFivE_global_addr+0x2c4/0xec8 returned 0 after 32 usecs
[   11.500207] calling  __typeid__ZTSFivE_global_addr+0x2d4/0xec8 @ 1
[   11.500218] initcall __typeid__ZTSFivE_global_addr+0x2d4/0xec8 returned 0 after 5 usecs
[   11.500223] calling  __typeid__ZTSFivE_global_addr+0x2ec/0xec8 @ 1
[   11.500229] initcall __typeid__ZTSFivE_global_addr+0x2ec/0xec8 returned 0 after 0 usecs
[   11.500233] calling  __typeid__ZTSFivE_global_addr+0x300/0xec8 @ 1
[   11.500238] initcall __typeid__ZTSFivE_global_addr+0x300/0xec8 returned 0 after 0 usecs
[   11.500241] calling  __typeid__ZTSFivE_global_addr+0x30c/0xec8 @ 1
[   11.500262] initcall __typeid__ZTSFivE_global_addr+0x30c/0xec8 returned 0 after 16 usecs
[   11.500266] calling  __typeid__ZTSFivE_global_addr+0x310/0xec8 @ 1
[   11.500277] initcall __typeid__ZTSFivE_global_addr+0x310/0xec8 returned 0 after 6 usecs
[   11.500281] calling  __typeid__ZTSFivE_global_addr+0x324/0xec8 @ 1
[   11.500287] initcall __typeid__ZTSFivE_global_addr+0x324/0xec8 returned 0 after 1 usecs
[   11.500291] calling  __typeid__ZTSFivE_global_addr+0x32c/0xec8 @ 1
[   11.500296] initcall __typeid__ZTSFivE_global_addr+0x32c/0xec8 returned 1 after 0 usecs
[   11.500300] calling  __typeid__ZTSFivE_global_addr+0x374/0xec8 @ 1
[   11.500433] Key type ._fscrypt registered
[   11.500435] Key type .fscrypt registered
[   11.500438] Key type fscrypt-provisioning registered
[   11.500443] initcall __typeid__ZTSFivE_global_addr+0x374/0xec8 returned 0 after 134 usecs
[   11.500449] calling  __typeid__ZTSFivE_global_addr+0x378/0xec8 @ 1
[   11.500575] initcall __typeid__ZTSFivE_global_addr+0x378/0xec8 returned 0 after 117 usecs
[   11.500581] calling  __typeid__ZTSFivE_global_addr+0x4e8/0xec8 @ 1
[   11.500716] pstore: Using crash dump compression: deflate
[   11.500746] initcall __typeid__ZTSFivE_global_addr+0x4e8/0xec8 returned 0 after 155 usecs
[   11.500752] calling  __typeid__ZTSFivE_global_addr+0x4f4/0xec8 @ 1
[   11.500803] initcall __typeid__ZTSFivE_global_addr+0x4f4/0xec8 returned 0 after 44 usecs
[   11.500809] calling  __typeid__ZTSFivE_global_addr+0x538/0xec8 @ 1
[   11.500827] initcall __typeid__ZTSFivE_global_addr+0x538/0xec8 returned 0 after 13 usecs
[   11.500832] calling  __typeid__ZTSFivE_global_addr+0x638/0xec8 @ 1
[   11.500838] initcall __typeid__ZTSFivE_global_addr+0x638/0xec8 returned 0 after 1 usecs
[   11.500842] calling  __typeid__ZTSFivE_global_addr+0x66c/0xec8 @ 1
[   11.501099] initcall __typeid__ZTSFivE_global_addr+0x66c/0xec8 returned 0 after 245 usecs
[   11.501106] calling  __typeid__ZTSFivE_global_addr+0x6b8/0xec8 @ 1
[   11.501126] initcall __typeid__ZTSFivE_global_addr+0x6b8/0xec8 returned 0 after 14 usecs
[   11.501131] calling  __typeid__ZTSFivE_global_addr+0x6c0/0xec8 @ 1
[   11.501138] initcall __typeid__ZTSFivE_global_addr+0x6c0/0xec8 returned 0 after 3 usecs
[   11.501142] calling  __typeid__ZTSFivE_global_addr+0x6f4/0xec8 @ 1
[   11.501148] initcall __typeid__ZTSFivE_global_addr+0x6f4/0xec8 returned 0 after 1 usecs
[   11.501152] calling  __typeid__ZTSFivE_global_addr+0x700/0xec8 @ 1
[   11.501466] initcall __typeid__ZTSFivE_global_addr+0x700/0xec8 returned 0 after 299 usecs
[   11.501472] calling  __typeid__ZTSFivE_global_addr+0x740/0xec8 @ 1
[   11.501526] sprd-sysdump: sprd_log_buf0 added successfully in minidump section:paddr_start=1ed618000,paddr_end=1ed620000
[   11.501530] sprd-sysdump: sprd_log_buf1 added successfully in minidump section:paddr_start=1ed620000,paddr_end=1ed628000
[   11.501534] sprd-sysdump: sprd_log_buf2 added successfully in minidump section:paddr_start=1ed628000,paddr_end=1ed630000
[   11.501538] sprd-sysdump: sprd_log_buf3 added successfully in minidump section:paddr_start=1ed630000,paddr_end=1ed638000
[   11.501542] sprd-sysdump: sprd_log_buf4 added successfully in minidump section:paddr_start=1ed638000,paddr_end=1ed640000
[   11.501546] sprd-sysdump: sprd_log_buf5 added successfully in minidump section:paddr_start=1ed640000,paddr_end=1ed648000
[   11.501551] sprd-sysdump: sprd_log_buf6 added successfully in minidump section:paddr_start=1ed648000,paddr_end=1ed650000
[   11.501555] sprd-sysdump: sprd_log_buf7 added successfully in minidump section:paddr_start=1ed650000,paddr_end=1ed658000
[   11.501560] initcall __typeid__ZTSFivE_global_addr+0x740/0xec8 returned 0 after 80 usecs
[   11.501565] calling  __typeid__ZTSFivE_global_addr+0x7cc/0xec8 @ 1
[   11.501571] initcall __typeid__ZTSFivE_global_addr+0x7cc/0xec8 returned 0 after 1 usecs
[   11.501575] calling  __typeid__ZTSFivE_global_addr+0x7d4/0xec8 @ 1
[   11.501638] probe of 7f040000.etm returned -517 after 2 usecs
[   11.501650] probe of 7f140000.etm returned -517 after 0 usecs
[   11.501660] probe of 7f240000.etm returned -517 after 0 usecs
[   11.501670] probe of 7f340000.etm returned -517 after 0 usecs
[   11.501679] probe of 7f440000.etm returned -517 after 0 usecs
[   11.501688] probe of 7f540000.etm returned -517 after 0 usecs
[   11.501699] probe of 7f640000.etm returned -517 after 0 usecs
[   11.501709] probe of 7f740000.etm returned -517 after 0 usecs
[   11.501737] probe of 7f040000.etm returned -517 after 0 usecs
[   11.501744] probe of 7f140000.etm returned -517 after 0 usecs
[   11.501750] probe of 7f240000.etm returned -517 after 0 usecs
[   11.501756] probe of 7f340000.etm returned -517 after 0 usecs
[   11.501762] probe of 7f440000.etm returned -517 after 0 usecs
[   11.501769] probe of 7f540000.etm returned -517 after 0 usecs
[   11.501775] probe of 7f640000.etm returned -517 after 0 usecs
[   11.501781] probe of 7f740000.etm returned -517 after 0 usecs
[   11.501793] initcall __typeid__ZTSFivE_global_addr+0x7d4/0xec8 returned 0 after 206 usecs
[   11.501797] calling  __typeid__ZTSFivE_global_addr+0x7e0/0xec8 @ 1
[   11.501803] initcall __typeid__ZTSFivE_global_addr+0x7e0/0xec8 returned 0 after 1 usecs
[   11.501807] calling  __typeid__ZTSFivE_global_addr+0x800/0xec8 @ 1
[   11.501812] initcall __typeid__ZTSFivE_global_addr+0x800/0xec8 returned 0 after 1 usecs
[   11.501816] calling  __typeid__ZTSFivE_global_addr+0x7f8/0xec8 @ 1
[   11.501833] initcall __typeid__ZTSFivE_global_addr+0x7f8/0xec8 returned 0 after 11 usecs
[   11.501837] calling  __typeid__ZTSFivE_global_addr+0x948/0xec8 @ 1
[   11.501901] probe of gpio-keys returned -517 after 0 usecs
[   11.502344] initcall __typeid__ZTSFivE_global_addr+0x948/0xec8 returned 0 after 489 usecs
[   11.502349] calling  __typeid__ZTSFivE_global_addr+0x994/0xec8 @ 1
[   11.502356] initcall __typeid__ZTSFivE_global_addr+0x994/0xec8 returned 0 after 1 usecs
[   11.502363] calling  __typeid__ZTSFivE_global_addr+0xa80/0xec8 @ 1
[   11.502368] initcall __typeid__ZTSFivE_global_addr+0xa80/0xec8 returned -19 after 1 usecs
[   11.502372] calling  __typeid__ZTSFivE_global_addr+0xa98/0xec8 @ 1
[   11.502377] initcall __typeid__ZTSFivE_global_addr+0xa98/0xec8 returned 0 after 0 usecs
[   11.502381] calling  __typeid__ZTSFivE_global_addr+0xb30/0xec8 @ 1
[   11.502939] initcall __typeid__ZTSFivE_global_addr+0xb30/0xec8 returned 0 after 539 usecs
[   11.502943] calling  __typeid__ZTSFivE_global_addr+0xd94/0xec8 @ 1
[   11.502950] initcall __typeid__ZTSFivE_global_addr+0xd94/0xec8 returned 0 after 2 usecs
[   11.502954] calling  __typeid__ZTSFivE_global_addr+0xdc4/0xec8 @ 1
[   11.502987] initcall __typeid__ZTSFivE_global_addr+0xdc4/0xec8 returned 0 after 26 usecs
[   11.502992] calling  __typeid__ZTSFivE_global_addr+0xe9c/0xec8 @ 1
[   11.503006] cfg80211: Loading compiled-in X.509 certificates for regulatory database
[   11.505654] cfg80211: Loaded X.509 cert 'sforshee: 00b28ddf47aef9cea7'
[   11.505680] initcall __typeid__ZTSFivE_global_addr+0xe9c/0xec8 returned 0 after 2617 usecs
[   11.507475] calling  __typeid__ZTSFivE_global_addr+0x23c/0xec8 @ 1
[   11.507481] initcall __typeid__ZTSFivE_global_addr+0x23c/0xec8 returned 0 after 1 usecs
[   11.507487] calling  __typeid__ZTSFivE_global_addr+0x704/0xec8 @ 1
[   11.507498] initcall __typeid__ZTSFivE_global_addr+0x704/0xec8 returned 0 after 6 usecs
[   11.507503] calling  __typeid__ZTSFivE_global_addr+0x720/0xec8 @ 1
[   11.507657] sprd-sysdump:  detect pmic is sc2730 ,offset = 0x1bac !!!
[   11.507781] sprd-sysdump: of_find_device_by_node failed!!!
[   11.508003] sprd-sysdump: ylog_buffer_init: ylog_buffer vaddr is (____ptrval____)
[   11.508103] sprd-sysdump: section_info_ylog_buf in. vaddr : 0xffffff816d700000  len :0x100000
[   11.508111] sprd-sysdump: ylog_buf added successfully in minidump section:paddr_start=1ed700000,paddr_end=1ed800000
[   11.508113] sprd-sysdump: ylog_buf added to minidump section ok!!
[   11.508117] sprd-sysdump: kernel_pt added successfully in minidump section:paddr_start=82110000,paddr_end=82111000
[   11.508119] sprd-sysdump: kernel pt added to minidump section ok!!
[   11.508122] sprd-sysdump: pgd vaddr start: 0xffffffc012110000  paddr start: 0x82110000  len :0x1000
[   11.508126] sprd-sysdump: nhang added successfully in minidump section:paddr_start=82674d48,paddr_end=82774d48
[   11.508127] sprd-sysdump: nhang added to minidump section ok!!
[   11.508505] sprd-sysdump: Not find scproc from dts 
[   11.508507] sprd-sysdump: minidump_init out.
[   11.508515] initcall __typeid__ZTSFivE_global_addr+0x720/0xec8 returned 0 after 981 usecs
[   11.508520] calling  __typeid__ZTSFivE_global_addr+0x734/0xec8 @ 1
[   11.508632] sprd-sysdump-msg: minidump_add_section in. vaddr : 0xffffff816d000000  len :0x75440
[   11.508638] sprd-sysdump: task_stats added successfully in minidump section:paddr_start=1ed000000,paddr_end=1ed075440
[   11.508640] sprd-sysdump-msg: task_stats added to minidump section ok!!
[   11.508647] sprd-sysdump-msg: minidump_add_section in. vaddr : 0xffffff816d6ac000  len :0x3e80
[   11.508652] sprd-sysdump: runqueue added successfully in minidump section:paddr_start=1ed6ac000,paddr_end=1ed6afe80
[   11.508654] sprd-sysdump-msg: runqueue added to minidump section ok!!
[   11.508661] sprd-sysdump-msg: minidump_add_section in. vaddr : 0xffffff816d6b0000  len :0x4000
[   11.508665] sprd-sysdump: stack_regs added successfully in minidump section:paddr_start=1ed6b0000,paddr_end=1ed6b4000
[   11.508666] sprd-sysdump-msg: stack_regs added to minidump section ok!!
[   11.508672] sprd-sysdump-msg: minidump_add_section in. vaddr : 0xffffff816d6b4000  len :0x3000
[   11.508677] sprd-sysdump: memstat added successfully in minidump section:paddr_start=1ed6b4000,paddr_end=1ed6b7000
[   11.508678] sprd-sysdump-msg: memstat added to minidump section ok!!
[   11.508683] sprd-sysdump-msg: minidump_add_section in. vaddr : 0xffffff816d6b8000  len :0x3000
[   11.508688] sprd-sysdump: interruptes added successfully in minidump section:paddr_start=1ed6b8000,paddr_end=1ed6bb000
[   11.508689] sprd-sysdump-msg: interruptes added to minidump section ok!!
[   11.508696] sprd-sysdump: irqstack0_0 added successfully in minidump section:paddr_start=1f7c82000,paddr_end=1f7c83000
[   11.508700] sprd-sysdump: irqstack0_1 added successfully in minidump section:paddr_start=1f7c83000,paddr_end=1f7c84000
[   11.508705] sprd-sysdump: irqstack0_2 added successfully in minidump section:paddr_start=1f7c84000,paddr_end=1f7c85000
[   11.508710] sprd-sysdump: irqstack0_3 added successfully in minidump section:paddr_start=1f7c85000,paddr_end=1f7c86000
[   11.508716] sprd-sysdump: irqstack1_0 added successfully in minidump section:paddr_start=1f7c86000,paddr_end=1f7c87000
[   11.508721] sprd-sysdump: irqstack1_1 added successfully in minidump section:paddr_start=1f7c87000,paddr_end=1f7c88000
[   11.508726] sprd-sysdump: irqstack1_2 added successfully in minidump section:paddr_start=1f7c88000,paddr_end=1f7c89000
[   11.508730] sprd-sysdump: irqstack1_3 added successfully in minidump section:paddr_start=1f7c89000,paddr_end=1f7c8a000
[   11.508736] sprd-sysdump: irqstack2_0 added successfully in minidump section:paddr_start=1f7c8a000,paddr_end=1f7c8b000
[   11.508741] sprd-sysdump: irqstack2_1 added successfully in minidump section:paddr_start=1f7c8b000,paddr_end=1f7c8c000
[   11.508746] sprd-sysdump: irqstack2_2 added successfully in minidump section:paddr_start=1f7c8c000,paddr_end=1f7c8d000
[   11.508751] sprd-sysdump: irqstack2_3 added successfully in minidump section:paddr_start=1f7c8d000,paddr_end=1f7c8e000
[   11.508757] sprd-sysdump: irqstack3_0 added successfully in minidump section:paddr_start=1f7c8e000,paddr_end=1f7c8f000
[   11.508762] sprd-sysdump: irqstack3_1 added successfully in minidump section:paddr_start=1f7c8f000,paddr_end=1f7c90000
[   11.508766] sprd-sysdump: irqstack3_2 added successfully in minidump section:paddr_start=1f7c90000,paddr_end=1f7c91000
[   11.508771] sprd-sysdump: irqstack3_3 added successfully in minidump section:paddr_start=1f7c91000,paddr_end=1f7c92000
[   11.508776] sprd-sysdump: irqstack4_0 added successfully in minidump section:paddr_start=1f7c92000,paddr_end=1f7c93000
[   11.508782] sprd-sysdump: irqstack4_1 added successfully in minidump section:paddr_start=1f7c93000,paddr_end=1f7c94000
[   11.508786] sprd-sysdump: irqstack4_2 added successfully in minidump section:paddr_start=1f7c94000,paddr_end=1f7c95000
[   11.508791] sprd-sysdump: irqstack4_3 added successfully in minidump section:paddr_start=1f7c95000,paddr_end=1f7c96000
[   11.508796] sprd-sysdump: irqstack5_0 added successfully in minidump section:paddr_start=1f7c96000,paddr_end=1f7c97000
[   11.508801] sprd-sysdump: irqstack5_1 added successfully in minidump section:paddr_start=1f7c97000,paddr_end=1f7c98000
[   11.508806] sprd-sysdump: irqstack5_2 added successfully in minidump section:paddr_start=1f7c98000,paddr_end=1f7c99000
[   11.508811] sprd-sysdump: irqstack5_3 added successfully in minidump section:paddr_start=1f7c99000,paddr_end=1f7c9a000
[   11.508817] sprd-sysdump: irqstack6_0 added successfully in minidump section:paddr_start=1f7c9a000,paddr_end=1f7c9b000
[   11.508822] sprd-sysdump: irqstack6_1 added successfully in minidump section:paddr_start=1f7c9b000,paddr_end=1f7c9c000
[   11.508827] sprd-sysdump: irqstack6_2 added successfully in minidump section:paddr_start=1f7c9c000,paddr_end=1f7c9d000
[   11.508832] sprd-sysdump: irqstack6_3 added successfully in minidump section:paddr_start=1f7c9d000,paddr_end=1f7c9e000
[   11.508840] sprd-sysdump: irqstack7_0 added successfully in minidump section:paddr_start=1f7c9e000,paddr_end=1f7c9f000
[   11.508846] sprd-sysdump: irqstack7_1 added successfully in minidump section:paddr_start=1f7c9f000,paddr_end=1f7ca0000
[   11.508851] sprd-sysdump: irqstack7_2 added successfully in minidump section:paddr_start=1f7ca0000,paddr_end=1f7ca1000
[   11.508857] sprd-sysdump: irqstack7_3 added successfully in minidump section:paddr_start=1f7ca1000,paddr_end=1f7ca2000
[   11.508863] sprd-sysdump: cpustack0_0 added successfully in minidump section:paddr_start=0,paddr_end=1000
[   11.508868] sprd-sysdump: cpustack0_1 added successfully in minidump section:paddr_start=0,paddr_end=1000
[   11.508874] sprd-sysdump: cpustack0_2 added successfully in minidump section:paddr_start=0,paddr_end=1000
[   11.508879] sprd-sysdump: cpustack0_3 added successfully in minidump section:paddr_start=0,paddr_end=1000
[   11.508884] sprd-sysdump: cpustack1_0 added successfully in minidump section:paddr_start=0,paddr_end=1000
[   11.508890] sprd-sysdump: cpustack1_1 added successfully in minidump section:paddr_start=0,paddr_end=1000
[   11.508895] sprd-sysdump: cpustack1_2 added successfully in minidump section:paddr_start=0,paddr_end=1000
[   11.508900] sprd-sysdump: cpustack1_3 added successfully in minidump section:paddr_start=0,paddr_end=1000
[   11.508905] sprd-sysdump: cpustack2_0 added successfully in minidump section:paddr_start=0,paddr_end=1000
[   11.508911] sprd-sysdump: cpustack2_1 added successfully in minidump section:paddr_start=0,paddr_end=1000
[   11.508917] sprd-sysdump: cpustack2_2 added successfully in minidump section:paddr_start=0,paddr_end=1000
[   11.508922] sprd-sysdump: cpustack2_3 added successfully in minidump section:paddr_start=0,paddr_end=1000
[   11.508928] sprd-sysdump: cpustack3_0 added successfully in minidump section:paddr_start=0,paddr_end=1000
[   11.508934] sprd-sysdump: cpustack3_1 added successfully in minidump section:paddr_start=0,paddr_end=1000
[   11.508939] sprd-sysdump: cpustack3_2 added successfully in minidump section:paddr_start=0,paddr_end=1000
[   11.508945] sprd-sysdump: cpustack3_3 added successfully in minidump section:paddr_start=0,paddr_end=1000
[   11.508950] sprd-sysdump: cpustack4_0 added successfully in minidump section:paddr_start=0,paddr_end=1000
[   11.508957] sprd-sysdump: cpustack4_1 added successfully in minidump section:paddr_start=0,paddr_end=1000
[   11.508962] sprd-sysdump: cpustack4_2 added successfully in minidump section:paddr_start=0,paddr_end=1000
[   11.508968] sprd-sysdump: cpustack4_3 added successfully in minidump section:paddr_start=0,paddr_end=1000
[   11.508974] sprd-sysdump: cpustack5_0 added successfully in minidump section:paddr_start=0,paddr_end=1000
[   11.508980] sprd-sysdump: cpustack5_1 added successfully in minidump section:paddr_start=0,paddr_end=1000
[   11.508985] sprd-sysdump: cpustack5_2 added successfully in minidump section:paddr_start=0,paddr_end=1000
[   11.508991] sprd-sysdump: cpustack5_3 added successfully in minidump section:paddr_start=0,paddr_end=1000
[   11.508997] sprd-sysdump: cpustack6_0 added successfully in minidump section:paddr_start=0,paddr_end=1000
[   11.509003] sprd-sysdump: cpustack6_1 added successfully in minidump section:paddr_start=0,paddr_end=1000
[   11.509009] sprd-sysdump: cpustack6_2 added successfully in minidump section:paddr_start=0,paddr_end=1000
[   11.509018] sprd-sysdump: cpustack6_3 added successfully in minidump section:paddr_start=0,paddr_end=1000
[   11.509025] sprd-sysdump: cpustack7_0 added successfully in minidump section:paddr_start=0,paddr_end=1000
[   11.509031] sprd-sysdump: cpustack7_1 added successfully in minidump section:paddr_start=0,paddr_end=1000
[   11.509038] sprd-sysdump: cpustack7_2 added successfully in minidump section:paddr_start=0,paddr_end=1000
[   11.509044] sprd-sysdump: cpustack7_3 added successfully in minidump section:paddr_start=0,paddr_end=1000
[   11.509047] sprd-sysdump-msg: sprd_kmsg_panic_notifier_register success!
[   11.509053] initcall __typeid__ZTSFivE_global_addr+0x734/0xec8 returned 0 after 515 usecs
[   11.509057] calling  __typeid__ZTSFivE_global_addr+0x738/0xec8 @ 1
[   11.509068] sprd-sysdump-io: minidump_add_section in. vaddr : 0xffffff816d6c0000  len :0x9000
[   11.509075] sprd-sysdump: io added successfully in minidump section:paddr_start=1ed6c0000,paddr_end=1ed6c9000
[   11.509076] sprd-sysdump-io: io added to minidump section ok!!
[   11.509078] sprd-sysdump-io: sprd: io_panic_nofifier_register success
[   11.509083] initcall __typeid__ZTSFivE_global_addr+0x738/0xec8 returned 0 after 20 usecs
[   11.509086] calling  __typeid__ZTSFivE_global_addr+0x750/0xec8 @ 1
[   11.509094] initcall __typeid__ZTSFivE_global_addr+0x750/0xec8 returned 0 after 2 usecs
[   11.509102] calling  __typeid__ZTSFivE_global_addr+0xb28/0xec8 @ 1
[   11.509109] initcall __typeid__ZTSFivE_global_addr+0xb28/0xec8 returned 0 after 2 usecs
[   11.509113] calling  __typeid__ZTSFivE_global_addr+0xbf8/0xec8 @ 1
[   11.509116] ALSA device list:
[   11.509124] No soundcards found.
[   11.509128] initcall __typeid__ZTSFivE_global_addr+0xbf8/0xec8 returned 0 after 10 usecs
[   11.509235] sprd_serial 200b0000.serial: request TX DMA channel failed, ret = -19
[   11.509240] sprd_serial 200b0000.serial: request RX DMA channel failed, ret = -19
[   11.509896] Freeing unused kernel memory: 2112K
[   11.532678] cryptomgr_probe (160): highest shadow stack usage: 144 bytes
[   11.533009] Run /init as init process
[   11.534324] magiskinit: Ramdisk is recovery, abort
[   11.737251] init: init first stage started!
[   11.740819] init: Loading module /lib/modules/sprd_wdt_fiq.ko with args ''
[   11.744267] calling  sprd_wdt_fiq_get_timeleft+0x30/0x6c [sprd_wdt_fiq] @ 1
[   11.744614] probe of 644e0000.watchdog returned -517 after 2 usecs
[   11.744896] initcall sprd_wdt_fiq_get_timeleft+0x30/0x6c [sprd_wdt_fiq] returned 0 after 595 usecs
[   11.744922] sprd wdt fiq syscore s2idle register done.
[   11.745035] init: Loaded kernel module /lib/modules/sprd_wdt_fiq.ko
[   11.745174] init: Loading module /lib/modules/sprd_sip_svc.ko with args ''
[   11.749234] calling  sprd_sip_svc_pwr_get_wakeup_source+0xc4/0x908 [sprd_sip_svc] @ 1
[   11.749240] sprd_sip: SPRD SIP SVC PERF:v0.1 detected in firmware.
[   11.749244] sprd_sip: SPRD SIP SVC DBG:v1.0 detected in firmware.
[   11.749247] sprd_sip: SPRD SIP SVC PWR:v0.1 detected in firmware.
[   11.749256] initcall sprd_sip_svc_pwr_get_wakeup_source+0xc4/0x908 [sprd_sip_svc] returned 0 after 12 usecs
[   11.749269] sprd_sip: hdl for sprd svc sip : func_addr = 0xffffffc01169b9b4, pdg = 0x0, level = 0x0
[   11.749272] sprd_wdh: func_addr = 0xffffffc01169b9b4 , pdg = 0x0 level = 0x0
[   11.757199] sprd_sip: hdl for sprd svc sip : func_addr = 0xffffffc01169b9b8, pdg = 0x4000082110001, level = 0x1
[   11.757202] sprd_wdh: func_addr = 0xffffffc01169b9b8 , pdg = 0x4000082110001 level = 0x1
[   11.766176] sprd_sip: hdl for sprd svc sip : func_addr = 0x8169b9bc, pdg = 0x0, level = 0x2
[   11.766178] sprd_wdh: func_addr = 0x8169b9bc , pdg = 0x0 level = 0x2
[   11.773515] init: Loaded kernel module /lib/modules/sprd_sip_svc.ko
[   11.773679] init: Loading module /lib/modules/sprd_systimer.ko with args ''
[   11.776600] calling  sync_cnter_boottime+0x100/0xd94 [sprd_systimer] @ 1
[   11.776925] initcall sync_cnter_boottime+0x100/0xd94 [sprd_systimer] returned 0 after 301 usecs
[   11.776988] init: Loaded kernel module /lib/modules/sprd_systimer.ko
[   11.777127] init: Loading module /lib/modules/sprd_time_sync.ko with args ''
[   11.780323] calling  _copy_to_user+0x12c/0x14c [sprd_time_sync] @ 1
[   11.780808] initcall _copy_to_user+0x12c/0x14c [sprd_time_sync] returned 0 after 460 usecs
[   11.780876] init: Loaded kernel module /lib/modules/sprd_time_sync.ko
[   11.781022] init: Loading module /lib/modules/sprd_time_sync_cp.ko with args ''
[   11.783708] device is not exist 
[   11.783710] sprd time sync cp notifier register done.
[   11.783761] init: Loaded kernel module /lib/modules/sprd_time_sync_cp.ko
[   11.783886] init: Loading module /lib/modules/clk-sprd.ko with args ''
[   11.787147] init: Loaded kernel module /lib/modules/clk-sprd.ko
[   11.787269] init: Loading module /lib/modules/ums9230-clk.ko with args ''
[   11.797063] calling  ums9230_clk_probe+0x60/0x6c [ums9230_clk] @ 1
[   11.799407] probe of 7f040000.etm returned -517 after 1 usecs
[   11.799423] probe of 7f140000.etm returned -517 after 0 usecs
[   11.799433] probe of 7f240000.etm returned -517 after 0 usecs
[   11.799443] probe of 7f340000.etm returned -517 after 0 usecs
[   11.799453] probe of 7f440000.etm returned -517 after 0 usecs
[   11.799463] probe of 7f540000.etm returned -517 after 0 usecs
[   11.799474] probe of 7f640000.etm returned -517 after 0 usecs
[   11.799483] probe of 7f740000.etm returned -517 after 0 usecs
[   11.799563] probe of gpio-keys returned -517 after 1 usecs
[   11.799594] probe of 644e0000.watchdog returned -517 after 0 usecs
[   11.799640] probe of soc:pmu-gate returned 1 after 1778 usecs
[   11.799916] probe of 7f040000.etm returned -517 after 0 usecs
[   11.799924] probe of 7f140000.etm returned -517 after 0 usecs
[   11.799931] probe of 7f240000.etm returned -517 after 0 usecs
[   11.799938] probe of 7f340000.etm returned -517 after 0 usecs
[   11.799945] probe of 7f440000.etm returned -517 after 0 usecs
[   11.799951] probe of 7f540000.etm returned -517 after 0 usecs
[   11.799958] probe of 7f640000.etm returned -517 after 0 usecs
[   11.799964] probe of 7f740000.etm returned -517 after 0 usecs
[   11.800002] probe of gpio-keys returned -517 after 0 usecs
[   11.800060] probe of 644e0000.watchdog returned -517 after 0 usecs
[   11.800086] probe of soc:dpll0 returned 1 after 432 usecs
[   11.800348] probe of 7f040000.etm returned -517 after 0 usecs
[   11.800356] probe of 7f140000.etm returned -517 after 0 usecs
[   11.800362] probe of 7f240000.etm returned -517 after 0 usecs
[   11.800369] probe of 7f340000.etm returned -517 after 0 usecs
[   11.800376] probe of 7f440000.etm returned -517 after 0 usecs
[   11.800382] probe of 7f540000.etm returned -517 after 0 usecs
[   11.800388] probe of 7f640000.etm returned -517 after 0 usecs
[   11.800394] probe of 7f740000.etm returned -517 after 0 usecs
[   11.800428] probe of gpio-keys returned -517 after 0 usecs
[   11.800455] probe of 644e0000.watchdog returned -517 after 0 usecs
[   11.800513] probe of soc:pll0 returned 1 after 415 usecs
[   11.800906] probe of 7f040000.etm returned -517 after 0 usecs
[   11.800915] probe of 7f140000.etm returned -517 after 0 usecs
[   11.800921] probe of 7f240000.etm returned -517 after 0 usecs
[   11.800928] probe of 7f340000.etm returned -517 after 0 usecs
[   11.800934] probe of 7f440000.etm returned -517 after 0 usecs
[   11.800940] probe of 7f540000.etm returned -517 after 0 usecs
[   11.800947] probe of 7f640000.etm returned -517 after 0 usecs
[   11.800953] probe of 7f740000.etm returned -517 after 0 usecs
[   11.800988] probe of gpio-keys returned -517 after 0 usecs
[   11.801015] probe of 644e0000.watchdog returned -517 after 0 usecs
[   11.801039] probe of soc:mpll1 returned 1 after 514 usecs
[   11.803279] probe of 7f040000.etm returned -517 after 0 usecs
[   11.803288] probe of 7f140000.etm returned -517 after 0 usecs
[   11.803295] probe of 7f240000.etm returned -517 after 0 usecs
[   11.803302] probe of 7f340000.etm returned -517 after 0 usecs
[   11.803308] probe of 7f440000.etm returned -517 after 0 usecs
[   11.803314] probe of 7f540000.etm returned -517 after 0 usecs
[   11.803320] probe of 7f640000.etm returned -517 after 0 usecs
[   11.803326] probe of 7f740000.etm returned -517 after 0 usecs
[   11.803365] probe of gpio-keys returned -517 after 0 usecs
[   11.803391] probe of 644e0000.watchdog returned -517 after 0 usecs
[   11.803817] probe of soc:pll1 returned 1 after 2764 usecs
[   11.806139] probe of 7f040000.etm returned -517 after 0 usecs
[   11.806147] probe of 7f140000.etm returned -517 after 0 usecs
[   11.806153] probe of 7f240000.etm returned -517 after 0 usecs
[   11.806160] probe of 7f340000.etm returned -517 after 0 usecs
[   11.806167] probe of 7f440000.etm returned -517 after 0 usecs
[   11.806173] probe of 7f540000.etm returned -517 after 0 usecs
[   11.806179] probe of 7f640000.etm returned -517 after 0 usecs
[   11.806186] probe of 7f740000.etm returned -517 after 0 usecs
[   11.806225] probe of gpio-keys returned -517 after 0 usecs
[   11.806252] probe of 644e0000.watchdog returned -517 after 0 usecs
[   11.806648] probe of soc:apapb-gate returned 1 after 2820 usecs
[   11.807140] probe of 7f040000.etm returned -517 after 0 usecs
[   11.807148] probe of 7f140000.etm returned -517 after 0 usecs
[   11.807155] probe of 7f240000.etm returned -517 after 0 usecs
[   11.807163] probe of 7f340000.etm returned -517 after 0 usecs
[   11.807169] probe of 7f440000.etm returned -517 after 0 usecs
[   11.807175] probe of 7f540000.etm returned -517 after 0 usecs
[   11.807181] probe of 7f640000.etm returned -517 after 0 usecs
[   11.807187] probe of 7f740000.etm returned -517 after 0 usecs
[   11.807222] probe of gpio-keys returned -517 after 0 usecs
[   11.807249] probe of 644e0000.watchdog returned -517 after 0 usecs
[   11.807423] probe of soc:apahb-gate returned 1 after 762 usecs
[   11.810080] probe of 7f040000.etm returned -517 after 0 usecs
[   11.810089] probe of 7f140000.etm returned -517 after 0 usecs
[   11.810097] probe of 7f240000.etm returned -517 after 0 usecs
[   11.810104] probe of 7f340000.etm returned -517 after 0 usecs
[   11.810111] probe of 7f440000.etm returned -517 after 0 usecs
[   11.810118] probe of 7f540000.etm returned -517 after 0 usecs
[   11.810124] probe of 7f640000.etm returned -517 after 0 usecs
[   11.810131] probe of 7f740000.etm returned -517 after 0 usecs
[   11.810171] probe of gpio-keys returned -517 after 0 usecs
[   11.810199] probe of 644e0000.watchdog returned -517 after 0 usecs
[   11.810694] probe of 20010000.clock-controller returned 1 after 3258 usecs
[   11.811261] probe of 7f040000.etm returned -517 after 0 usecs
[   11.811270] probe of 7f140000.etm returned -517 after 0 usecs
[   11.811276] probe of 7f240000.etm returned -517 after 0 usecs
[   11.811282] probe of 7f340000.etm returned -517 after 0 usecs
[   11.811289] probe of 7f440000.etm returned -517 after 0 usecs
[   11.811294] probe of 7f540000.etm returned -517 after 0 usecs
[   11.811301] probe of 7f640000.etm returned -517 after 0 usecs
[   11.811307] probe of 7f740000.etm returned -517 after 0 usecs
[   11.811342] probe of gpio-keys returned -517 after 0 usecs
[   11.811368] probe of 644e0000.watchdog returned -517 after 0 usecs
[   11.811420] probe of soc:gpu-clk returned 1 after 715 usecs
[   11.812616] probe of 7f040000.etm returned -517 after 0 usecs
[   11.812625] probe of 7f140000.etm returned -517 after 0 usecs
[   11.812631] probe of 7f240000.etm returned -517 after 0 usecs
[   11.812638] probe of 7f340000.etm returned -517 after 0 usecs
[   11.812644] probe of 7f440000.etm returned -517 after 0 usecs
[   11.812650] probe of 7f540000.etm returned -517 after 0 usecs
[   11.812657] probe of 7f640000.etm returned -517 after 0 usecs
[   11.812663] probe of 7f740000.etm returned -517 after 0 usecs
[   11.812699] probe of gpio-keys returned -517 after 0 usecs
[   11.812725] probe of 644e0000.watchdog returned -517 after 0 usecs
[   11.812965] probe of 30010000.clock-controller returned 1 after 1533 usecs
[   11.814413] probe of 7f040000.etm returned -517 after 0 usecs
[   11.814421] probe of 7f140000.etm returned -517 after 0 usecs
[   11.814428] probe of 7f240000.etm returned -517 after 0 usecs
[   11.814434] probe of 7f340000.etm returned -517 after 0 usecs
[   11.814441] probe of 7f440000.etm returned -517 after 0 usecs
[   11.814447] probe of 7f540000.etm returned -517 after 0 usecs
[   11.814454] probe of 7f640000.etm returned -517 after 0 usecs
[   11.814460] probe of 7f740000.etm returned -517 after 0 usecs
[   11.814495] probe of gpio-keys returned -517 after 0 usecs
[   11.814521] probe of 644e0000.watchdog returned -517 after 0 usecs
[   11.814751] probe of soc:mm-gate returned 1 after 1774 usecs
[   11.819783] coresight etm0: CPU0: ETM v4.2 initialized
[   11.819809] probe of 7f040000.etm returned 1 after 772 usecs
[   11.820384] coresight etm1: CPU1: ETM v4.2 initialized
[   11.820406] probe of 7f140000.etm returned 1 after 586 usecs
[   11.820566] probe of 64012000.clock-controller returned 1 after 5801 usecs
[   11.820706] coresight etm2: CPU2: ETM v4.2 initialized
[   11.820728] probe of 7f240000.etm returned 1 after 312 usecs
[   11.821027] coresight etm3: CPU3: ETM v4.2 initialized
[   11.821055] probe of 7f340000.etm returned 1 after 316 usecs
[   11.821176] probe of soc:audcpapb-gate returned 1 after 587 usecs
[   11.821557] coresight etm4: CPU4: ETM v4.2 initialized
[   11.821578] probe of 7f440000.etm returned 1 after 510 usecs
[   11.822100] coresight etm5: CPU5: ETM v4.2 initialized
[   11.822120] probe of 7f540000.etm returned 1 after 531 usecs
[   11.822201] coresight-etm4x 7f640000.etm: ETM arch init failed
[   11.822228] coresight-etm4x: probe of 7f640000.etm failed with error -22
[   11.822230] probe of 7f640000.etm returned 0 after 98 usecs
[   11.822279] coresight-etm4x 7f740000.etm: ETM arch init failed
[   11.822291] coresight-etm4x: probe of 7f740000.etm failed with error -22
[   11.822294] probe of 7f740000.etm returned 0 after 53 usecs
[   11.822365] probe of gpio-keys returned -517 after 1 usecs
[   11.822397] probe of 644e0000.watchdog returned -517 after 0 usecs
[   11.823211] probe of gpio-keys returned -517 after 0 usecs
[   11.823242] probe of 644e0000.watchdog returned -517 after 0 usecs
[   11.823308] probe of soc:audcpahb-gate returned 1 after 2117 usecs
[   11.834740] probe of gpio-keys returned -517 after 1 usecs
[   11.834983] probe of 644e0000.watchdog returned 1 after 207 usecs
[   11.835391] probe of gpio-keys returned -517 after 0 usecs
[   11.835429] probe of soc:aonapb-gate returned 1 after 12109 usecs
[   11.835845] initcall ums9230_clk_probe+0x60/0x6c [ums9230_clk] returned 0 after 37715 usecs
[   11.836057] init: Loaded kernel module /lib/modules/ums9230-clk.ko
[   11.836347] init: Loading module /lib/modules/core.ko with args ''
[   11.839448] calling  sprd_autotest_release+0x10/0x24 [core] @ 1
[   11.839551] initcall sprd_autotest_release+0x10/0x24 [core] returned 0 after 90 usecs
[   11.839627] init: Loaded kernel module /lib/modules/core.ko
[   11.839707] init: Loading module /lib/modules/gpio.ko with args ''
[   11.842737] calling  gpio_match_name_gpio+0x10/0x34 [gpio] @ 1
[   11.842748] initcall gpio_match_name_gpio+0x10/0x34 [gpio] returned 0 after 3 usecs
[   11.842820] init: Loaded kernel module /lib/modules/gpio.ko
[   11.842986] init: Loading module /lib/modules/pinctrl.ko with args ''
[   11.845962] calling  pinctrl_test+0x204/0x220 [pinctrl] @ 1
[   11.846428] initcall pinctrl_test+0x204/0x220 [pinctrl] returned 0 after 442 usecs
[   11.846516] init: Loaded kernel module /lib/modules/pinctrl.ko
[   11.846688] init: Loading module /lib/modules/pinctrl-sprd.ko with args ''
[   11.849922] init: Loaded kernel module /lib/modules/pinctrl-sprd.ko
[   11.850078] init: Loading module /lib/modules/pinctrl-sprd-qogirl6.ko with args ''
[   11.853294] calling  sprd_pinctrl_probe+0x30/0x44 [pinctrl_sprd_qogirl6] @ 1
[   11.854557] probe of gpio-keys returned 0 after 115 usecs
[   11.854647] probe of 64710000.pinctrl returned 1 after 1081 usecs
[   11.854855] initcall sprd_pinctrl_probe+0x30/0x44 [pinctrl_sprd_qogirl6] returned 0 after 1513 usecs
[   11.854921] init: Loaded kernel module /lib/modules/pinctrl-sprd-qogirl6.ko
[   11.855072] init: Loading module /lib/modules/phy-sprd-qogirl6.ko with args ''
[   11.858346] calling  sprd_hsphy_charger_detect_work+0x50/0x90 [phy_sprd_qogirl6] @ 1
[   11.858625] probe of 64570000.hsphy returned -517 after 1 usecs
[   11.858802] initcall sprd_hsphy_charger_detect_work+0x50/0x90 [phy_sprd_qogirl6] returned 0 after 432 usecs
[   11.858868] init: Loaded kernel module /lib/modules/phy-sprd-qogirl6.ko
[   11.859014] init: Loading module /lib/modules/spi-sprd-adi.ko with args ''
[   11.862069] calling  sprd_adi_restart_handler+0x2e0/0x2ec [spi_sprd_adi] @ 1
[   11.862465] sprd-adi 64200000.spi: no hardware spinlock supplied
[   11.868242] probe of 64200000.spi returned 1 after 5843 usecs
[   11.868505] initcall sprd_adi_restart_handler+0x2e0/0x2ec [spi_sprd_adi] returned 0 after 6270 usecs
[   11.868580] init: Loaded kernel module /lib/modules/spi-sprd-adi.ko
[   11.868799] init: Loading module /lib/modules/sprd-sc27xx-spi.ko with args ''
[   11.871807] probe of gpio-keys returned 0 after 140 usecs
[   11.871881] probe of 64570000.hsphy returned -517 after 0 usecs
[   11.872736] calling  sprd_pmic_spi_read+0x128/0x144 [sprd_sc27xx_spi] @ 1
[   11.929707] probe of spi4.0 returned 1 after 56937 usecs
[   11.929760] initcall sprd_pmic_spi_read+0x128/0x144 [sprd_sc27xx_spi] returned 0 after 55670 usecs
[   11.929878] init: Loaded kernel module /lib/modules/sprd-sc27xx-spi.ko
[   11.930115] init: Loading module /lib/modules/sc2730-regulator.ko with args ''
[   11.933491] probe of gpio-keys returned 0 after 145 usecs
[   11.933557] probe of 64570000.hsphy returned -517 after 1 usecs
[   11.935476] calling  debugfs_enable_set+0xc8/0xfc [sc2730_regulator] @ 1
[   11.943268] probe of gpio-keys returned 0 after 115 usecs
[   11.943335] probe of 64570000.hsphy returned -517 after 1 usecs
[   11.943730] probe of 64200000.spi:pmic@0:power-controller@1800 returned 1 after 7761 usecs
[   11.943784] initcall debugfs_enable_set+0xc8/0xfc [sc2730_regulator] returned 0 after 8100 usecs
[   11.943899] init: Loaded kernel module /lib/modules/sc2730-regulator.ko
[   11.944152] init: Loading module /lib/modules/rpmb.ko with args ''
[   11.947873] calling  rpmb_cdev_add+0x9c/0xbc [rpmb] @ 1
[   11.947916] initcall rpmb_cdev_add+0x9c/0xbc [rpmb] returned 0 after 27 usecs
[   11.948002] init: Loaded kernel module /lib/modules/rpmb.ko
[   11.948206] init: Loading module /lib/modules/sprd_soc_id.ko with args ''
[   11.951141] calling  open_socid_fs+0x2c/0x40 [sprd_soc_id] @ 1
[   11.951686] probe of gpio-keys returned 0 after 120 usecs
[   11.951758] probe of 64570000.hsphy returned -517 after 1 usecs
[   11.951790] probe of soc:aon:socid@402e00e0 returned 1 after 347 usecs
[   11.952072] initcall open_socid_fs+0x2c/0x40 [sprd_soc_id] returned 0 after 896 usecs
[   11.952148] init: Loaded kernel module /lib/modules/sprd_soc_id.ko
[   11.952334] init: Loading module /lib/modules/ufs-sprd_qogirl6.ko with args ''
[   11.956207] calling  ufshcd_sprd_ioctl+0x1c4/0x224 [ufs_sprd_qogirl6] @ 1
[   11.957606] ufshcd-sprd 20200000.ufs: ufshcd_populate_vreg: Unable to find vdd-hba-supply regulator, assuming enabled
[   11.957616] ufshcd-sprd 20200000.ufs: ufshcd_populate_vreg: unable to find vcc-max-microamp
[   11.957621] ufshcd-sprd 20200000.ufs: ufshcd_populate_vreg: Unable to find vccq-supply regulator, assuming enabled
[   11.957626] ufshcd-sprd 20200000.ufs: ufshcd_populate_vreg: Unable to find vccq2-supply regulator, assuming enabled
[   11.958306] fangkuiufs host->aon_apb_ufs_en.regmap = (____ptrval____)
[   11.960536] scsi host0: ufshcd
[   11.961159] ufshcd-sprd 20200000.ufs: ufs hardware reset!
[   11.983296] ufshcd-sprd 20200000.ufs: ufshcd_print_pwr_info:[RX, TX]: gear=[1, 1], lane[1, 1], pwr[SLOWAUTO_MODE, SLOWAUTO_MODE], rate = 0
[   12.088656] ufshcd-sprd 20200000.ufs: ufs_sprd_apply_dev_quirks: 13,6,12,6
[   12.119465] ufshcd-sprd 20200000.ufs: ufshcd_print_pwr_info:[RX, TX]: gear=[3, 3], lane[2, 2], pwr[FAST MODE, FAST MODE], rate = 2
[   12.119794] ufshcd-sprd 20200000.ufs: ufshcd_find_max_sup_active_icc_level: Regulator capability was not set, actvIccLevel=0
[   12.120437] ufshcd-sprd 20200000.ufs: ufshcd_wb_config: Write Booster Configured
[   12.124132] scsi 0:0:0:49476: Well-known LUN    SKhynix  H9QT0GECN6X145   A002 PQ: 0 ANSI: 6
[   12.124768] probe of 0:0:0:49476 returned 0 after 37 usecs
[   12.124963] probe of gpio-keys returned 0 after 130 usecs
[   12.125073] probe of 64570000.hsphy returned -517 after 1 usecs
[   12.125112] probe of 20200000.ufs returned 1 after 168784 usecs
[   12.125351] scsi 0:0:0:49488: Well-known LUN    SKhynix  H9QT0GECN6X145   A002 PQ: 0 ANSI: 6
[   12.125630] initcall ufshcd_sprd_ioctl+0x1c4/0x224 [ufs_sprd_qogirl6] returned 0 after 165425 usecs
[   12.126456] probe of 0:0:0:49488 returned 0 after 23 usecs
[   12.126769] scsi 0:0:0:49456: Well-known LUN    SKhynix  H9QT0GECN6X145   A002 PQ: 0 ANSI: 6
[   12.128682] probe of 0:0:0:49456 returned 0 after 22 usecs
[   12.129717] scsi 0:0:0:0: Direct-Access     SKhynix  H9QT0GECN6X145   A002 PQ: 0 ANSI: 6
[   12.131716] sd 0:0:0:0: Power-on or device reset occurred
[   12.132376] scsi 0:0:0:1: Direct-Access     SKhynix  H9QT0GECN6X145   A002 PQ: 0 ANSI: 6
[   12.134586] sd 0:0:0:0: [sda] 31240192 4096-byte logical blocks: (128 GB/119 GiB)
[   12.134646] sd 0:0:0:0: [sda] Write Protect is off
[   12.134652] sd 0:0:0:0: [sda] Mode Sense: 00 32 00 10
[   12.135202] scsi 0:0:0:2: Direct-Access     SKhynix  H9QT0GECN6X145   A002 PQ: 0 ANSI: 6
[   12.135277] sd 0:0:0:1: Power-on or device reset occurred
[   12.135325] sd 0:0:0:0: [sda] Write cache: enabled, read cache: enabled, supports DPO and FUA
[   12.135681] sd 0:0:0:0: [sda] Optimal transfer size 524288 bytes
[   12.137016] sd 0:0:0:2: Power-on or device reset occurred
[   12.138933] sd 0:0:0:1: [sdb] 1024 4096-byte logical blocks: (4.19 MB/4.00 MiB)
[   12.139427] sd 0:0:0:1: [sdb] Write Protect is off
[   12.139434] sd 0:0:0:1: [sdb] Mode Sense: 00 32 00 10
[   12.140415] sd 0:0:0:1: [sdb] Write cache: disabled, read cache: enabled, supports DPO and FUA
[   12.140855] sd 0:0:0:2: [sdc] 1024 4096-byte logical blocks: (4.19 MB/4.00 MiB)
[   12.140858] sd 0:0:0:1: [sdb] Optimal transfer size 524288 bytes
[   12.141197] sd 0:0:0:2: [sdc] Write Protect is off
[   12.141202] sd 0:0:0:2: [sdc] Mode Sense: 00 32 00 10
[   12.141859] sd 0:0:0:2: [sdc] Write cache: disabled, read cache: enabled, supports DPO and FUA
[   12.142198] sd 0:0:0:2: [sdc] Optimal transfer size 524288 bytes
[   12.166975] sda: sda1 sda2 sda3 sda4 sda5 sda6 sda7 sda8 sda9 sda10 sda11 sda12 sda13 sda14 sda15 sda16 sda17 sda18 sda19 sda20 sda21 sda22 sda23 sda24 sda25 sda26 sda27 sda28 sda29 sda30 sda31 sda32 sda33 sda34 sda35 sda36 sda37 sda38 sda39 sda40 sda41 sda42 sda43 sda44 sda45 sda46 sda47 sda48 sda49 sda50 sda51 sda52 sda53 sda54 sda55 sda56 sda57 sda58 sda59 sda60 sda61 sda62 sda63 sda64 sda65 sda66 sda67 sda68 sda69 sda70 sda71 sda72
[   12.170380] sd 0:0:0:2: [sdc] Attached SCSI disk
[   12.170655] probe of gpio-keys returned 0 after 147 usecs
[   12.170741] probe of 64570000.hsphy returned -517 after 0 usecs
[   12.170765] probe of 0:0:0:2 returned 1 after 34054 usecs
[   12.172126] sd 0:0:0:0: [sda] Attached SCSI disk
[   12.172331] probe of gpio-keys returned 0 after 126 usecs
[   12.172398] probe of 64570000.hsphy returned -517 after 0 usecs
[   12.172421] probe of 0:0:0:0 returned 1 after 40865 usecs
[   12.174457] sd 0:0:0:1: [sdb] Attached SCSI disk
[   12.174619] probe of gpio-keys returned 0 after 91 usecs
[   12.174682] probe of 64570000.hsphy returned -517 after 0 usecs
[   12.174704] probe of 0:0:0:1 returned 1 after 39612 usecs
[   12.175092] init: Loaded kernel module /lib/modules/ufs-sprd_qogirl6.ko
[   12.175302] init: Loading module /lib/modules/sprd_hwspinlock.ko with args ''
[   12.178373] calling  sprd_hwspinlock_relax+0x20/0x3c [sprd_hwspinlock] @ 1
[   12.178936] probe of gpio-keys returned 0 after 86 usecs
[   12.178999] probe of 64570000.hsphy returned -517 after 0 usecs
[   12.179171] probe of 64910000.hwspinlock returned 1 after 483 usecs
[   12.179431] initcall sprd_hwspinlock_relax+0x20/0x3c [sprd_hwspinlock] returned 0 after 1022 usecs
[   12.179539] init: Loaded kernel module /lib/modules/sprd_hwspinlock.ko
[   12.179735] init: Loading module /lib/modules/nvmem-sc27xx-efuse.ko with args ''
[   12.182836] calling  sc27xx_efuse_poll_status+0x118/0x130 [nvmem_sc27xx_efuse] @ 1
[   12.183830] probe of gpio-keys returned 0 after 102 usecs
[   12.183894] probe of 64570000.hsphy returned -517 after 0 usecs
[   12.184221] probe of 64200000.spi:pmic@0:efuse@300 returned 1 after 731 usecs
[   12.184295] initcall sc27xx_efuse_poll_status+0x118/0x130 [nvmem_sc27xx_efuse] returned 0 after 1413 usecs
[   12.184377] init: Loaded kernel module /lib/modules/nvmem-sc27xx-efuse.ko
[   12.184562] init: Loading module /lib/modules/nvmem_sprd_cache_efuse.ko with args ''
[   12.187526] calling  efuse_mem_ram_vmap+0x138/0x148 [nvmem_sprd_cache_efuse] @ 1
[   12.188234] probe of gpio-keys returned 0 after 86 usecs
[   12.188299] probe of 64570000.hsphy returned -517 after 0 usecs
[   12.188698] probe of 65014c00.efuse returned 1 after 826 usecs
[   12.188837] initcall efuse_mem_ram_vmap+0x138/0x148 [nvmem_sprd_cache_efuse] returned 0 after 1270 usecs
[   12.188923] init: Loaded kernel module /lib/modules/nvmem_sprd_cache_efuse.ko
[   12.189108] init: Loading module /lib/modules/nvmem_sprd_efuse.ko with args ''
[   12.192193] calling  sprd_efuse_write+0x340/0x354 [nvmem_sprd_efuse] @ 1
[   12.192887] probe of gpio-keys returned 0 after 87 usecs
[   12.192953] probe of 64570000.hsphy returned -517 after 1 usecs
[   12.192984] probe of 643d0000.efuse returned 1 after 386 usecs
[   12.193390] initcall sprd_efuse_write+0x340/0x354 [nvmem_sprd_efuse] returned 0 after 1156 usecs
[   12.193466] init: Loaded kernel module /lib/modules/nvmem_sprd_efuse.ko
[   12.193636] init: Loading module /lib/modules/i2c-sprd.ko with args ''
[   12.196920] calling  sprd_i2c_handle_msg+0x1b4/0x1e4 [i2c_sprd] @ 1
[   12.202688] probe of gpio-keys returned 0 after 108 usecs
[   12.202772] probe of 64570000.hsphy returned -517 after 1 usecs
[   12.202802] probe of 200d0000.i2c returned 1 after 5802 usecs
[   12.206273] probe of gpio-keys returned 0 after 88 usecs
[   12.206345] probe of 64570000.hsphy returned -517 after 1 usecs
[   12.206372] probe of 200e0000.i2c returned 1 after 3558 usecs
[   12.209198] probe of gpio-keys returned 0 after 84 usecs
[   12.209264] probe of 64570000.hsphy returned -517 after 0 usecs
[   12.209291] probe of 200f0000.i2c returned 1 after 2908 usecs
[   12.209999] probe of gpio-keys returned 0 after 87 usecs
[   12.210064] probe of 64570000.hsphy returned -517 after 0 usecs
[   12.210091] probe of 20100000.i2c returned 1 after 789 usecs
[   12.214422] probe of gpio-keys returned 0 after 74 usecs
[   12.214489] probe of 64570000.hsphy returned -517 after 0 usecs
[   12.214516] probe of 20110000.i2c returned 1 after 4415 usecs
[   12.217653] probe of gpio-keys returned 0 after 78 usecs
[   12.217719] probe of 64570000.hsphy returned -517 after 0 usecs
[   12.217752] probe of 20210000.i2c returned 1 after 3221 usecs
[   12.218200] initcall sprd_i2c_handle_msg+0x1b4/0x1e4 [i2c_sprd] returned 0 after 20758 usecs
[   12.218334] init: Loaded kernel module /lib/modules/i2c-sprd.ko
[   12.218542] init: Loading module /lib/modules/i2c-sprd-hw-v2.ko with args ''
[   12.221911] calling  sprd_i2c_hw_dump_reg+0x248/0x260 [i2c_sprd_hw_v2] @ 1
[   12.222268] (null): i2c7 can't get the clk_hw clock
[   12.222589] probe of gpio-keys returned 0 after 109 usecs
[   12.222671] probe of 64570000.hsphy returned -517 after 1 usecs
[   12.222700] probe of 641a0000.i2c returned 1 after 533 usecs
[   12.222975] initcall sprd_i2c_hw_dump_reg+0x248/0x260 [i2c_sprd_hw_v2] returned 0 after 1027 usecs
[   12.223062] init: Loaded kernel module /lib/modules/i2c-sprd-hw-v2.ko
[   12.223250] init: Loading module /lib/modules/sprd-hwdvfs-ums9230-arch.ko with args ''
[   12.227279] calling  __typeid__ZTSFjjjjjE_global_addr+0x4/0x38 [sprd_hwdvfs_ums9230_arch] @ 1
[   12.227776] sprd,hwdvfs-drv 64018000.cpudvfs-dev: finish to parse the cpu hardware dvfs device
[   12.228047] sprd,hwdvfs-drv 64018000.cpudvfs-dev: the dcdc0 does not need an i2c channel
[   12.228057] sprd,hwdvfs-drv 64018000.cpudvfs-dev: the dcdc1 use the i2c channel alone
[   12.228082] sprd,hwdvfs-drv 64018000.cpudvfs-dev: finish to probe the cpu hardware dvfs device
[   12.228279] probe of gpio-keys returned 0 after 117 usecs
[   12.228362] probe of 64570000.hsphy returned -517 after 1 usecs
[   12.228394] probe of 64018000.cpudvfs-dev returned 1 after 800 usecs
[   12.228697] initcall __typeid__ZTSFjjjjjE_global_addr+0x4/0x38 [sprd_hwdvfs_ums9230_arch] returned 0 after 1365 usecs
[   12.228805] init: Loaded kernel module /lib/modules/sprd-hwdvfs-ums9230-arch.ko
[   12.228986] init: Loading module /lib/modules/sprd-hwdvfs-policy.ko with args ''
[   12.232747] calling  sprd_cpufreq_debugfs_remove+0x5c/0xb0 [sprd_hwdvfs_policy] @ 1
[   12.233283] sprd-hw-cpufreq soc:aon:hardware-dvfs-platform: the cpu version: T616
[   12.234055] sprd,hwdvfs-drv 64018000.cpudvfs-dev: update dvfs index map table for host cluster0 host-tbl-name: lit_core_cluster_tbl_T616_tt
[   12.235600] sprd-hw-cpufreq soc:aon:hardware-dvfs-platform: Succeeded to register cpufreq driver
[   12.235781] probe of gpio-keys returned 0 after 106 usecs
[   12.235861] probe of 64570000.hsphy returned -517 after 1 usecs
[   12.235887] probe of soc:aon:hardware-dvfs-platform returned 1 after 2900 usecs
[   12.236150] initcall sprd_cpufreq_debugfs_remove+0x5c/0xb0 [sprd_hwdvfs_policy] returned 0 after 3309 usecs
[   12.236245] init: Loaded kernel module /lib/modules/sprd-hwdvfs-policy.ko
[   12.236405] init: Loading module /lib/modules/sprd-cpufreq-public.ko with args ''
[   12.268196] init: Loaded kernel module /lib/modules/sprd-cpufreq-public.ko
[   12.268420] init: Loading module /lib/modules/sprd_7sreset.ko with args ''
[   12.271134] calling  module_disable_store+0xb4/0xec [sprd_7sreset] @ 1
[   12.272130] probe of gpio-keys returned 0 after 157 usecs
[   12.272240] probe of 64570000.hsphy returned -517 after 1 usecs
[   12.272341] probe of 64200000.spi:pmic@0:hw-reset@1bc0 returned 1 after 558 usecs
[   12.272386] initcall module_disable_store+0xb4/0xec [sprd_7sreset] returned 0 after 1207 usecs
[   12.272484] init: Loaded kernel module /lib/modules/sprd_7sreset.ko
[   12.272662] init: Loading module /lib/modules/sprd_manufacturer_model.ko with args ''
[   12.275175] calling  soc_model_show+0x38/0x48 [sprd_manufacturer_model] @ 1
[   12.275192] Init manufacturer_model mudule successfully
[   12.275199] initcall soc_model_show+0x38/0x48 [sprd_manufacturer_model] returned 0 after 16 usecs
[   12.275260] init: Loaded kernel module /lib/modules/sprd_manufacturer_model.ko
[   12.275410] init: Loading module /lib/modules/trusty.ko with args ''
[   12.278966] calling  __typeid__ZTSFvPvmmmmE_global_addr+0xc/0x30 [trusty] @ 1
[   12.279483] sprd-trusty-core trusty: trusty version: Unisoc TEE v2.1, qogirl6, Built: 02:24:18 Jun 14 2022, 0927fe01 (builder@ceshhud0035)
[   12.279493] sprd-trusty-core trusty: selected api version: 2 (requested 3)
[   12.280166] probe of gpio-keys returned 0 after 117 usecs
[   12.280232] probe of 64570000.hsphy returned -517 after 1 usecs
[   12.280268] probe of trusty returned 1 after 912 usecs
[   12.280385] initcall __typeid__ZTSFvPvmmmmE_global_addr+0xc/0x30 [trusty] returned 0 after 1365 usecs
[   12.280455] init: Loaded kernel module /lib/modules/trusty.ko
[   12.280606] init: Loading module /lib/modules/trusty-pm.ko with args ''
[   12.283082] calling  trusty_pm_resume+0x1c/0x30 [trusty_pm] @ 1
[   12.283106] initcall trusty_pm_resume+0x1c/0x30 [trusty_pm] returned 0 after 16 usecs
[   12.283149] init: Loaded kernel module /lib/modules/trusty-pm.ko
[   12.283284] init: Loading module /lib/modules/trusty-log.ko with args ''
[   12.286007] calling  trusty_dump_logs+0x1c0/0x1f0 [trusty_log] @ 1
[   12.286736] probe of gpio-keys returned 0 after 111 usecs
[   12.286811] probe of 64570000.hsphy returned -517 after 1 usecs
[   12.286848] probe of trusty:log returned 1 after 412 usecs
[   12.286883] initcall trusty_dump_logs+0x1c0/0x1f0 [trusty_log] returned 0 after 844 usecs
[   12.286941] init: Loaded kernel module /lib/modules/trusty-log.ko
[   12.287073] init: Loading module /lib/modules/trusty-irq.ko with args ''
[   12.289982] calling  trusty_irq_enable_irqset+0xf0/0x110 [trusty_irq] @ 1
[   12.292896] probe of gpio-keys returned 0 after 119 usecs
[   12.292977] probe of 64570000.hsphy returned -517 after 1 usecs
[   12.293007] probe of trusty:irq returned 1 after 2618 usecs
[   12.293054] initcall trusty_irq_enable_irqset+0xf0/0x110 [trusty_irq] returned 0 after 2984 usecs
[   12.293127] init: Loaded kernel module /lib/modules/trusty-irq.ko
[   12.293268] init: Loading module /lib/modules/trusty-ipc.ko with args ''
[   12.297032] calling  __typeid__ZTSFvP4krefE_global_addr+0xc/0x14 [trusty_ipc] @ 1
[   12.297093] initcall __typeid__ZTSFvP4krefE_global_addr+0xc/0x14 [trusty_ipc] returned 0 after 46 usecs
[   12.297152] init: Loaded kernel module /lib/modules/trusty-ipc.ko
[   12.297288] init: Loading module /lib/modules/trusty-virtio.ko with args ''
[   12.300134] calling  trusty_virtio_notify+0x70/0xb8 [trusty_virtio] @ 1
[   12.300573] sprd-trusty-virtio trusty:virtio: initializing
[   12.300653] sprd-trusty-log: trusty: [   12.300614] c2 sm_decode_ns_memory_attr:89: raw=0xff0001eca99713: pa=0x1eca99000: mair=0xff, sharable=0x3
[   12.300765] sprd-trusty-ipc virtio0: vring0: va(pa)  (____ptrval____)(0) qsz 32 notifyid 1
[   12.300772] sprd-trusty-ipc virtio0: vring1: va(pa)  (____ptrval____)(0) qsz 32 notifyid 2
[   12.300999] probe of gpio-keys returned 0 after 104 usecs
[   12.301084] probe of 64570000.hsphy returned -517 after 1 usecs
[   12.301099] probe of virtio0 returned 1 after 364 usecs
[   12.301245] sprd-trusty-log: trusty: [   12.301124] c4 sm_decode_ns_memory_attr:89: raw=0xff0001eca99713: pa=0x1eca99000: mair=0xff, sharable=0x3
[   12.301262] sprd-trusty-virtio trusty:virtio: initializing done
[   12.301327] sprd-trusty-ipc virtio0: is online
[   12.301408] probe of gpio-keys returned 0 after 87 usecs
[   12.301479] probe of 64570000.hsphy returned -517 after 1 usecs
[   12.301511] probe of trusty:virtio returned 1 after 961 usecs
[   12.301550] initcall trusty_virtio_notify+0x70/0xb8 [trusty_virtio] returned 0 after 1371 usecs
[   12.301613] init: Loaded kernel module /lib/modules/trusty-virtio.ko
[   12.301751] init: Loading module /lib/modules/sprd_shm.ko with args ''
[   12.304496] calling  tshm_device_remove+0x80/0x90 [sprd_shm] @ 1
[   12.305016] tshm: user pool created: phys_addr 0xb6000000, size 0x100000
[   12.305195] probe of gpio-keys returned 0 after 93 usecs
[   12.305270] probe of 64570000.hsphy returned -517 after 1 usecs
[   12.305296] probe of trusty:sprd-tshm returned 1 after 387 usecs
[   12.305328] initcall tshm_device_remove+0x80/0x90 [sprd_shm] returned 0 after 802 usecs
[   12.305390] init: Loaded kernel module /lib/modules/sprd_shm.ko
[   12.305528] init: Loading module /lib/modules/gpio-eic-sprd.ko with args ''
[   12.308389] calling  sprd_eic_match_chip_by_type+0x48/0x68 [gpio_eic_sprd] @ 1
[   12.308980] probe of gpio-keys returned 0 after 89 usecs
[   12.309054] probe of 64570000.hsphy returned -517 after 1 usecs
[   12.309080] probe of 64100000.gpio returned 1 after 442 usecs
[   12.309296] probe of gpio-keys returned 0 after 56 usecs
[   12.309353] probe of 64570000.hsphy returned -517 after 0 usecs
[   12.309378] probe of 64100080.gpio returned 1 after 290 usecs
[   12.309621] probe of gpio-keys returned 0 after 62 usecs
[   12.309677] probe of 64570000.hsphy returned -517 after 0 usecs
[   12.309700] probe of 641000a0.gpio returned 1 after 313 usecs
[   12.309915] probe of gpio-keys returned 0 after 59 usecs
[   12.309970] probe of 64570000.hsphy returned -517 after 0 usecs
[   12.310045] probe of 641000c0.gpio returned 1 after 338 usecs
[   12.310371] initcall sprd_eic_match_chip_by_type+0x48/0x68 [gpio_eic_sprd] returned 0 after 1923 usecs
[   12.310439] init: Loaded kernel module /lib/modules/gpio-eic-sprd.ko
[   12.310584] init: Loading module /lib/modules/gpio-sprd.ko with args ''
[   12.313021] calling  sprd_gpio_irq_set_type+0x49c/0x4bc [gpio_sprd] @ 1
[   12.313470] probe of gpio-keys returned 0 after 70 usecs
[   12.313543] probe of 64570000.hsphy returned -517 after 1 usecs
[   12.313976] probe of 641b0000.gpio returned 1 after 766 usecs
[   12.314208] initcall sprd_gpio_irq_set_type+0x49c/0x4bc [gpio_sprd] returned 0 after 1149 usecs
[   12.314264] init: Loaded kernel module /lib/modules/gpio-sprd.ko
[   12.314407] init: Loading module /lib/modules/gpio-pmic-eic-sprd.ko with args ''
[   12.317010] calling  sprd_pmic_eic_bus_sync_unlock+0x1dc/0x218 [gpio_pmic_eic_sprd] @ 1
[   12.318340] input: gpio-keys as /devices/platform/gpio-keys/input/input34
[   12.318524] probe of gpio-keys returned 1 after 902 usecs
[   12.318582] probe of 64570000.hsphy returned -517 after 1 usecs
[   12.318720] probe of 64200000.spi:pmic@0:gpio@280 returned 1 after 1377 usecs
[   12.318785] initcall sprd_pmic_eic_bus_sync_unlock+0x1dc/0x218 [gpio_pmic_eic_sprd] returned 0 after 1724 usecs
[   12.318858] init: Loaded kernel module /lib/modules/gpio-pmic-eic-sprd.ko
[   12.319052] init: Loading module /lib/modules/mmc_swcq.ko with args ''
[   12.322635] init: Loaded kernel module /lib/modules/mmc_swcq.ko
[   12.322774] init: Loading module /lib/modules/mmc_hsq.ko with args ''
[   12.325316] init: Loaded kernel module /lib/modules/mmc_hsq.ko
[   12.325354] init: Loading module /lib/modules/sdhci-sprd.ko with args ''
[   12.329598] calling  _sdhci_sprd_set_clock+0x1c0/0x1e4 [sdhci_sprd] @ 1
[   12.330303] [notice] swcq init finish.
[   12.357224] mmc0: SDHCI controller on 201d0000.sdio [201d0000.sdio] using ADMA 64-bit
[   12.357951] probe of 64570000.hsphy returned -517 after 2 usecs
[   12.357988] probe of 201d0000.sdio returned 1 after 28265 usecs
[   12.358147] sdhci_sprd_r11 201a0000.sdio: Got CD GPIO
[   12.358204] read sdio fast hotplug sd-hotplug-rmldo-en-syscon regmap fail
[   12.363051] mmc0: sprd-sdhci: CMD1 Error 0x00018001 0x0800f407 0x10000000 0x00000000
[   12.385522] mmc1: SDHCI controller on 201a0000.sdio [201a0000.sdio] using ADMA 64-bit
[   12.385654] probe of 64570000.hsphy returned -517 after 1 usecs
[   12.385690] probe of 201a0000.sdio returned 1 after 27691 usecs
[   12.386131] initcall _sdhci_sprd_set_clock+0x1c0/0x1e4 [sdhci_sprd] returned 0 after 55173 usecs
[   12.386263] init: Loaded kernel module /lib/modules/sdhci-sprd.ko
[   12.386433] init: Loading module /lib/modules/sec_nfc.ko with args ''
[   12.388441] sec_nfc: loading out-of-tree module taints kernel.
[   12.390587] calling  _copy_to_user+0x12c/0x164 [sec_nfc] @ 1
[   12.390659] __sec_nfc_probe : start
[   12.390690] sec_nfc_parse_dt: irq : 126, ven : 127, firm : 125
[   12.390862] sec-nfc 2-0027: __sec_nfc_probe: success info: (____ptrval____), pdata (____ptrval____)
[   12.390864] sec_nfc_i2c_probe: start: (____ptrval____)
[   12.390919] sec_nfc_i2c_probe: push interrupt no == 89
[   12.391289] sec_nfc_i2c_probe success read_irq 0
[   12.391413] probe of 64570000.hsphy returned -517 after 1 usecs
[   12.391446] probe of 2-0027 returned 1 after 818 usecs
[   12.391499] initcall _copy_to_user+0x12c/0x164 [sec_nfc] returned 0 after 878 usecs
[   12.391591] init: Loaded kernel module /lib/modules/sec_nfc.ko
[   12.391759] init: Loading module /lib/modules/sprd_pmic_syscon.ko with args ''
[   12.394020] mmc0: sprd-sdhci: CMD1 Error 0x00018001 0x08004547 0x10000000 0x00000000
[   12.394330] calling  pmic_reg_store+0x68/0x88 [sprd_pmic_syscon] @ 1
[   12.394943] probe of 64570000.hsphy returned -517 after 1 usecs
[   12.394989] probe of 64200000.spi:pmic@0:syscon@1800 returned 1 after 188 usecs
[   12.395039] initcall pmic_reg_store+0x68/0x88 [sprd_pmic_syscon] returned 0 after 684 usecs
[   12.395100] init: Loaded kernel module /lib/modules/sprd_pmic_syscon.ko
[   12.395257] init: Loading module /lib/modules/sprd_power_manager.ko with args ''
[   12.398360] calling  __typeid__ZTSFijE_global_addr+0x18/0x38 [sprd_power_manager] @ 1
[   12.398402] initcall __typeid__ZTSFijE_global_addr+0x18/0x38 [sprd_power_manager] returned 0 after 31 usecs
[   12.398460] init: Loaded kernel module /lib/modules/sprd_power_manager.ko
[   12.398587] init: Loading module /lib/modules/sprd-debugstat-core.ko with args ''
[   12.401255] calling  stat_print_irq_to_ap+0x110/0x128 [sprd_debugstat_core] @ 1
[   12.401273] initcall stat_print_irq_to_ap+0x110/0x128 [sprd_debugstat_core] returned 0 after 11 usecs
[   12.401315] init: Loaded kernel module /lib/modules/sprd-debugstat-core.ko
[   12.401428] init: Loading module /lib/modules/sprd-debugstat-sharkl6.ko with args ''
[   12.403804] calling  ap_sleep_info_get+0xd4/0xf0 [sprd_debugstat_sharkl6] @ 1
[   12.404198] sprd_debugstat_driver_probe: Init debug stat driver
[   12.404306] probe of 64570000.hsphy returned -517 after 0 usecs
[   12.404336] probe of debugstat returned 1 after 162 usecs
[   12.404466] initcall ap_sleep_info_get+0xd4/0xf0 [sprd_debugstat_sharkl6] returned 0 after 639 usecs
[   12.404508] init: Loaded kernel module /lib/modules/sprd-debugstat-sharkl6.ko
[   12.404626] init: Loading module /lib/modules/unisoc-mailbox.ko with args ''
[   12.407581] calling  sprd_mbox_process_rx_fifo+0x104/0x110 [unisoc_mailbox] @ 1
[   12.408350] unisoc-mailbox 641c0000.mailbox: probe done, version=0x200
[   12.408457] probe of 64570000.hsphy returned -517 after 1 usecs
[   12.408563] probe of 641c0000.mailbox returned 1 after 791 usecs
[   12.408817] initcall sprd_mbox_process_rx_fifo+0x104/0x110 [unisoc_mailbox] returned 0 after 1191 usecs
[   12.408892] init: Loaded kernel module /lib/modules/unisoc-mailbox.ko
[   12.409019] init: Loading module /lib/modules/sprd-sipc-virt-bus.ko with args ''
[   12.411389] calling  sprd_sipc_virt_bus_probe+0x5c/0x68 [sprd_sipc_virt_bus] @ 1
[   12.412893] sprd_time_sync sipc-virt:time_sync: start parse sprd_time_sync
[   12.412961] sprd_time_sync sipc-virt:time_sync: success parse sprd_time_sync
[   12.413033] probe of 64570000.hsphy returned -517 after 1 usecs
[   12.413056] probe of sipc-virt:time_sync returned 1 after 181 usecs
[   12.413063] unisoc-sipc-virt-bus sipc-virt: Populate sub sipc-virt-bus success
[   12.413229] probe of 64570000.hsphy returned -517 after 0 usecs
[   12.413248] probe of sipc-virt returned 1 after 1610 usecs
[   12.413395] initcall sprd_sipc_virt_bus_probe+0x5c/0x68 [sprd_sipc_virt_bus] returned 0 after 1951 usecs
[   12.413456] init: Loaded kernel module /lib/modules/sprd-sipc-virt-bus.ko
[   12.413591] init: Loading module /lib/modules/sipc-core.ko with args ''
[   12.419686] calling  sprd_add_action_ex+0x108/0x214 [sipc_core] @ 1
[   12.420262] sprd-sipc sipc-virt:core@4: label  =sipc-gnss
[   12.420267] sprd-sipc sipc-virt:core@4: dst    =4
[   12.420273] sprd-sipc sipc-virt:core@4: smem count=0, base=0x8749b000, dstbase=0x11b000, size=0x32000
[   12.420275] sprd-smsg: sipc-gnss
[   12.420312] sprd-smem: pool addr = 0x8749b000, size = 0x32000 added.
[   12.420325] unisoc-mailbox 641c0000.mailbox: startup chan-9
[   12.420334] sprd-sipc sipc-virt:core@4: sprd ipc probe success
[   12.420709] probe of 64570000.hsphy returned -517 after 1 usecs
[   12.420737] probe of sipc-virt:core@4 returned 1 after 509 usecs
[   12.420765] sprd-sipc sipc-virt:core@3: label  =sipc-wcn
[   12.420768] sprd-sipc sipc-virt:core@3: dst    =3
[   12.420773] sprd-sipc sipc-virt:core@3: smem count=0, base=0x87240000, dstbase=0x240000, size=0x140000
[   12.420775] sprd-smsg: sipc-wcn
[   12.420792] sprd-smem: pool addr = 0x87240000, size = 0x140000 added.
[   12.420795] sprd-sipc sipc-virt:core@3: register wcn mbox rx callback
[   12.420802] unisoc-mailbox 641c0000.mailbox: startup chan-8
[   12.420805] sprd-sipc sipc-virt:core@3: sprd ipc probe success
[   12.421045] debugfs: Directory 'sipc' with parent '/' already present!
[   12.421111] probe of 64570000.hsphy returned -517 after 0 usecs
[   12.421133] probe of sipc-virt:core@3 returned 1 after 388 usecs
[   12.421159] sprd-sipc sipc-virt:core@5: label  =sipc-lte
[   12.421163] sprd-sipc sipc-virt:core@5: dst    =5
[   12.421167] sprd-sipc sipc-virt:core@5: smem count=0, base=0x8e000000, dstbase=0x8e000000, size=0x900000
[   12.421169] sprd-smsg: sipc-lte
[   12.421181] sprd-smem: pool addr = 0x8e000000, size = 0x900000 added.
[   12.421187] unisoc-mailbox 641c0000.mailbox: startup chan-2
[   12.421189] sprd-sipc sipc-virt:core@5: sprd ipc probe success
[   12.423314] debugfs: Directory 'sipc' with parent '/' already present!
[   12.423375] probe of 64570000.hsphy returned -517 after 0 usecs
[   12.423396] probe of sipc-virt:core@5 returned 1 after 2255 usecs
[   12.423421] sprd-sipc sipc-virt:core@6: label  =sipc-pmsys
[   12.423424] sprd-sipc sipc-virt:core@6: dst    =6
[   12.423429] sprd-sipc sipc-virt:core@6: smem count=0, base=0x6500a400, dstbase=0x2000a400, size=0x2000
[   12.423432] sprd-sipc sipc-virt:core@6: smem count=1, base=0x88000000, dstbase=0x18000000, size=0x40000
[   12.423434] sprd-smsg: sipc-pmsys
[   12.423449] sprd-smem: pool addr = 0x6500a400, size = 0x2000 added.
[   12.423455] sprd-smem: pool addr = 0x88000000, size = 0x40000 added.
[   12.423460] unisoc-mailbox 641c0000.mailbox: startup chan-1
[   12.423466] unisoc-mailbox 641c0000.mailbox: startup chan-6
[   12.423473] sprd-sipc sipc-virt:core@6: sprd ipc probe success
[   12.423969] debugfs: Directory 'sipc' with parent '/' already present!
[   12.424045] probe of 64570000.hsphy returned -517 after 0 usecs
[   12.424066] probe of sipc-virt:core@6 returned 1 after 662 usecs
[   12.424156] initcall sprd_add_action_ex+0x108/0x214 [sipc_core] returned 0 after 4327 usecs
[   12.424298] init: Loaded kernel module /lib/modules/sipc-core.ko
[   12.424472] init: Loading module /lib/modules/spipe.ko with args ''
[   12.426986] mmc0: sprd-sdhci: CMD1 Error 0x00018001 0x0800e847 0x10000000 0x00000000
[   12.427484] calling  spipe_release+0x24/0x50 [spipe] @ 1
[   12.428023] sprd-spipe sipc-virt:core@4:channel@4: After parse device tree, name=sttygnss0, dst=4, channel=4, ringnr=1,  rxbuf_size=0x19000, txbuf_size=0xc800
[   12.428048] sprd-sbuf: channel 4-4, offset = 0x0!
[   12.428346] probe of 64570000.hsphy returned -517 after 1 usecs
[   12.428376] probe of sipc-virt:core@4:channel@4 returned 1 after 400 usecs
[   12.428423] sprd-spipe sipc-virt:core@5:channel@4: After parse device tree, name=spipe_lte, dst=5, channel=4, ringnr=20,  rxbuf_size=0x1000, txbuf_size=0x1000
[   12.428429] sprd-sbuf: channel 5-4, offset = 0x0!
[   12.428465] sprd-smsg: channel 4-4 send open msg!
[   12.429110] sprd-smsg: channel 5-4 send open msg!
[   12.429524] probe of 64570000.hsphy returned -517 after 0 usecs
[   12.429552] probe of sipc-virt:core@5:channel@4 returned 1 after 1163 usecs
[   12.429581] sprd-spipe sipc-virt:core@5:channel@6: After parse device tree, name=stty_lte, dst=5, channel=6, ringnr=32,  rxbuf_size=0x800, txbuf_size=0x800
[   12.429586] sprd-sbuf: channel 5-6, offset = 0x0!
[   12.429795] sprd-smsg: channel 5-6 send open msg!
[   12.430762] probe of 64570000.hsphy returned -517 after 0 usecs
[   12.430788] probe of sipc-virt:core@5:channel@6 returned 1 after 1229 usecs
[   12.430815] sprd-spipe sipc-virt:core@5:channel@21: After parse device tree, name=sdiag_lte, dst=5, channel=21, ringnr=1,  rxbuf_size=0x20000, txbuf_size=0x8000
[   12.430820] sprd-sbuf: channel 5-21, offset = 0x0!
[   12.430915] sprd-smsg: channel 5-21 send open msg!
[   12.431011] probe of 64570000.hsphy returned -517 after 0 usecs
[   12.431033] probe of sipc-virt:core@5:channel@21 returned 1 after 239 usecs
[   12.431087] sprd-spipe sipc-virt:core@6:channel@4: After parse device tree, name=spipe_pm, dst=6, channel=4, ringnr=2,  rxbuf_size=0xb00, txbuf_size=0x180
[   12.431093] sprd-sbuf: channel 6-4, offset = 0x0!
[   12.431212] sprd-smsg: channel 6-4 send open msg!
[   12.431338] probe of 64570000.hsphy returned -517 after 0 usecs
[   12.431360] probe of sipc-virt:core@6:channel@4 returned 1 after 295 usecs
[   12.431387] sprd-spipe sipc-virt:core@6:channel@5: After parse device tree, name=slog_pm, dst=6, channel=5, ringnr=1,  rxbuf_size=0x500, txbuf_size=0x0
[   12.431391] sprd-sbuf: channel 6-5, offset = 0x0!
[   12.431481] sprd-smsg: channel 6-5 send open msg!
[   12.431550] probe of 64570000.hsphy returned -517 after 0 usecs
[   12.431570] probe of sipc-virt:core@6:channel@5 returned 1 after 203 usecs
[   12.431597] sprd-spipe sipc-virt:core@6:channel@6: After parse device tree, name=sctl_pm, dst=6, channel=6, ringnr=1,  rxbuf_size=0x40, txbuf_size=0x20
[   12.431601] sprd-sbuf: channel 6-6, offset = 0x0!
[   12.431690] sprd-smsg: channel 6-6 send open msg!
[   12.431780] probe of 64570000.hsphy returned -517 after 0 usecs
[   12.431801] probe of sipc-virt:core@6:channel@6 returned 1 after 223 usecs
[   12.431838] sprd-spipe sipc-virt:core@6:channel@7: After parse device tree, name=data0_gnss, dst=6, channel=7, ringnr=1,  rxbuf_size=0x20000, txbuf_size=0x18000
[   12.431843] sprd-sbuf: channel 6-7, offset = 0x0!
[   12.431950] sprd-smsg: channel 6-7 send open msg!
[   12.432051] probe of 64570000.hsphy returned -517 after 0 usecs
[   12.432073] probe of sipc-virt:core@6:channel@7 returned 1 after 264 usecs
[   12.432100] sprd-spipe sipc-virt:core@6:channel@41: After parse device tree, name=stime_pm, dst=6, channel=41, ringnr=1,  rxbuf_size=0x40, txbuf_size=0x80
[   12.432104] sprd-sbuf: channel 6-41, offset = 0x0!
[   12.432412] sprd-smsg: channel 6-41 send open msg!
[   12.432504] probe of 64570000.hsphy returned -517 after 0 usecs
[   12.432523] probe of sipc-virt:core@6:channel@41 returned 1 after 443 usecs
[   12.432561] initcall spipe_release+0x24/0x50 [spipe] returned 0 after 4944 usecs
[   12.432664] init: Loaded kernel module /lib/modules/spipe.ko
[   12.432841] init: Loading module /lib/modules/spool.ko with args ''
[   12.435467] calling  _copy_to_user+0x124/0x154 [spool] @ 1
[   12.435971] sprd-spool sipc-virt:core@5:channel@2: name=imsbr_data, dst=5, channel=2, pre_cfg=0
[   12.435975] sprd-spool sipc-virt:core@5:channel@2: tx_num=64, tx_size=1524, rx_num=64, rx_size=1524
[   12.436390] sprd-smsg: channel 5-2 send open msg!
[   12.436496] probe of 64570000.hsphy returned -517 after 0 usecs
[   12.436517] probe of sipc-virt:core@5:channel@2 returned 1 after 569 usecs
[   12.436546] sprd-spool sipc-virt:core@5:channel@3: name=imsbr_ctrl, dst=5, channel=3, pre_cfg=0
[   12.436550] sprd-spool sipc-virt:core@5:channel@3: tx_num=64, tx_size=128, rx_num=64, rx_size=128
[   12.436941] sprd-smsg: channel 5-3 send open msg!
[   12.437028] probe of 64570000.hsphy returned -517 after 0 usecs
[   12.437047] probe of sipc-virt:core@5:channel@3 returned 1 after 522 usecs
[   12.437083] sprd-spool sipc-virt:core@5:channel@5: name=slog_lte, dst=5, channel=5, pre_cfg=0
[   12.437087] sprd-spool sipc-virt:core@5:channel@5: tx_num=0, tx_size=0, rx_num=256, rx_size=4096
[   12.437568] sprd-smsg: channel 5-5 send open msg!
[   12.437673] probe of 64570000.hsphy returned -517 after 0 usecs
[   12.437697] probe of sipc-virt:core@5:channel@5 returned 1 after 638 usecs
[   12.437765] initcall _copy_to_user+0x124/0x154 [spool] returned 0 after 2229 usecs
[   12.437851] init: Loaded kernel module /lib/modules/spool.ko
[   12.438025] init: Loading module /lib/modules/sipx.ko with args ''
[   12.441481] calling  sipx_debug_show+0x460/0x484 [sipx] @ 1
[   12.442011] sprd-sipx sipc-virt:core@5:route@0: label  =sipx_lte
[   12.442016] sprd-sipx sipc-virt:core@5:route@0: dst    =5
[   12.442021] sprd-sipx sipc-virt:core@5:route@0: sprd,dl-pool =2048
[   12.442027] sprd-sipx sipc-virt:core@5:route@0: parse dt, name=sipx_lte, dst=5, pool size=2048, 64, 2048, 1024
[   12.442033] sprd-sipx: offset = 0x0!
[   12.458372] mmc0: sprd-sdhci: CMD1 Error 0x00018001 0x08000087 0x10000000 0x00000000
[   12.460084] probe of 64570000.hsphy returned -517 after 1 usecs
[   12.460114] probe of sipc-virt:core@5:route@0 returned 1 after 18151 usecs
[   12.460192] initcall sipx_debug_show+0x460/0x484 [sipx] returned 0 after 18256 usecs
[   12.460276] init: Loaded kernel module /lib/modules/sipx.ko
[   12.460449] init: Loading module /lib/modules/seth.ko with args ''
[   12.463571] calling  seth_tx_pkt+0x2bc/0x328 [seth] @ 1
[   12.464075] sprd-seth sipc-virt:core@5:channel@7: channel =7
[   12.464078] sprd-seth sipc-virt:core@5:channel@7: dst    =5
[   12.464082] sprd-seth sipc-virt:core@5:channel@7: sprd,blknum =256
[   12.464085] sprd-seth sipc-virt:core@5:channel@7: after parse dt, name=seth_lte0, dst=5, channel=7, blocknum=256
[   12.464114] sprd-sipx: sipx_chan_create
[   12.464120] sprd-sipx: offset = 0x0!
[   12.464465] sprd-smsg: channel 5-7 send open msg!
[   12.465009] probe of 64570000.hsphy returned -517 after 0 usecs
[   12.465036] probe of sipc-virt:core@5:channel@7 returned 1 after 987 usecs
[   12.465065] sprd-seth sipc-virt:core@5:channel@8: channel =8
[   12.465069] sprd-seth sipc-virt:core@5:channel@8: dst    =5
[   12.465072] sprd-seth sipc-virt:core@5:channel@8: sprd,blknum =256
[   12.465076] sprd-seth sipc-virt:core@5:channel@8: after parse dt, name=seth_lte1, dst=5, channel=8, blocknum=256
[   12.465097] sprd-sipx: sipx_chan_create
[   12.465102] sprd-sipx: offset = 0x0!
[   12.465440] sprd-smsg: channel 5-8 send open msg!
[   12.465830] debugfs: File 'gro_enable' in directory 'seth' already present!
[   12.465927] probe of 64570000.hsphy returned -517 after 0 usecs
[   12.465960] probe of sipc-virt:core@5:channel@8 returned 1 after 916 usecs
[   12.465990] sprd-seth sipc-virt:core@5:channel@9: channel =9
[   12.465993] sprd-seth sipc-virt:core@5:channel@9: dst    =5
[   12.465997] sprd-seth sipc-virt:core@5:channel@9: sprd,blknum =256
[   12.466001] sprd-seth sipc-virt:core@5:channel@9: after parse dt, name=seth_lte2, dst=5, channel=9, blocknum=256
[   12.466019] sprd-sipx: sipx_chan_create
[   12.466024] sprd-sipx: offset = 0x0!
[   12.466555] sprd-smsg: channel 5-9 send open msg!
[   12.466710] debugfs: File 'gro_enable' in directory 'seth' already present!
[   12.466812] probe of 64570000.hsphy returned -517 after 0 usecs
[   12.466838] probe of sipc-virt:core@5:channel@9 returned 1 after 870 usecs
[   12.466868] sprd-seth sipc-virt:core@5:channel@18: channel =18
[   12.466871] sprd-seth sipc-virt:core@5:channel@18: dst    =5
[   12.466875] sprd-seth sipc-virt:core@5:channel@18: sprd,blknum =256
[   12.466879] sprd-seth sipc-virt:core@5:channel@18: after parse dt, name=seth_lte3, dst=5, channel=18, blocknum=256
[   12.466895] sprd-sipx: sipx_chan_create
[   12.466900] sprd-sipx: offset = 0x0!
[   12.467643] sprd-smsg: channel 5-18 send open msg!
[   12.467787] debugfs: File 'gro_enable' in directory 'seth' already present!
[   12.467875] probe of 64570000.hsphy returned -517 after 0 usecs
[   12.467900] probe of sipc-virt:core@5:channel@18 returned 1 after 1054 usecs
[   12.467929] sprd-seth sipc-virt:core@5:channel@19: channel =19
[   12.467933] sprd-seth sipc-virt:core@5:channel@19: dst    =5
[   12.467937] sprd-seth sipc-virt:core@5:channel@19: sprd,blknum =256
[   12.467941] sprd-seth sipc-virt:core@5:channel@19: after parse dt, name=seth_lte4, dst=5, channel=19, blocknum=256
[   12.467955] sprd-sipx: sipx_chan_create
[   12.467960] sprd-sipx: offset = 0x0!
[   12.468561] sprd-smsg: channel 5-19 send open msg!
[   12.468729] debugfs: File 'gro_enable' in directory 'seth' already present!
[   12.468815] probe of 64570000.hsphy returned -517 after 0 usecs
[   12.468839] probe of sipc-virt:core@5:channel@19 returned 1 after 932 usecs
[   12.468868] sprd-seth sipc-virt:core@5:channel@20: channel =20
[   12.468871] sprd-seth sipc-virt:core@5:channel@20: dst    =5
[   12.468875] sprd-seth sipc-virt:core@5:channel@20: sprd,blknum =256
[   12.468879] sprd-seth sipc-virt:core@5:channel@20: after parse dt, name=seth_lte5, dst=5, channel=20, blocknum=256
[   12.468894] sprd-sipx: sipx_chan_create
[   12.468905] sprd-sipx: offset = 0x0!
[   12.469223] sprd-smsg: channel 5-20 send open msg!
[   12.469489] debugfs: File 'gro_enable' in directory 'seth' already present!
[   12.469562] probe of 64570000.hsphy returned -517 after 0 usecs
[   12.469584] probe of sipc-virt:core@5:channel@20 returned 1 after 738 usecs
[   12.469612] sprd-seth sipc-virt:core@5:channel@24: channel =24
[   12.469615] sprd-seth sipc-virt:core@5:channel@24: dst    =5
[   12.469619] sprd-seth sipc-virt:core@5:channel@24: sprd,blknum =256
[   12.469623] sprd-seth sipc-virt:core@5:channel@24: after parse dt, name=seth_lte6, dst=5, channel=24, blocknum=256
[   12.469635] sprd-sipx: sipx_chan_create
[   12.469638] sprd-sipx: offset = 0x0!
[   12.469716] sprd-smsg: channel 5-24 send open msg!
[   12.469970] debugfs: File 'gro_enable' in directory 'seth' already present!
[   12.470041] probe of 64570000.hsphy returned -517 after 0 usecs
[   12.470063] probe of sipc-virt:core@5:channel@24 returned 1 after 471 usecs
[   12.470112] sprd-seth sipc-virt:core@5:channel@25: channel =25
[   12.470115] sprd-seth sipc-virt:core@5:channel@25: dst    =5
[   12.470119] sprd-seth sipc-virt:core@5:channel@25: sprd,blknum =256
[   12.470123] sprd-seth sipc-virt:core@5:channel@25: after parse dt, name=seth_lte7, dst=5, channel=25, blocknum=256
[   12.470134] sprd-sipx: sipx_chan_create
[   12.470137] sprd-sipx: offset = 0x0!
[   12.470226] sprd-smsg: channel 5-25 send open msg!
[   12.470467] debugfs: File 'gro_enable' in directory 'seth' already present!
[   12.470535] probe of 64570000.hsphy returned -517 after 0 usecs
[   12.470554] probe of sipc-virt:core@5:channel@25 returned 1 after 485 usecs
[   12.470588] sprd-seth sipc-virt:core@5:channel@26: channel =26
[   12.470591] sprd-seth sipc-virt:core@5:channel@26: dst    =5
[   12.470594] sprd-seth sipc-virt:core@5:channel@26: sprd,blknum =256
[   12.470598] sprd-seth sipc-virt:core@5:channel@26: after parse dt, name=seth_lte8, dst=5, channel=26, blocknum=256
[   12.470609] sprd-sipx: sipx_chan_create
[   12.470613] sprd-sipx: offset = 0x0!
[   12.470695] sprd-smsg: channel 5-26 send open msg!
[   12.470933] debugfs: File 'gro_enable' in directory 'seth' already present!
[   12.471008] probe of 64570000.hsphy returned -517 after 0 usecs
[   12.471029] probe of sipc-virt:core@5:channel@26 returned 1 after 468 usecs
[   12.471062] sprd-seth sipc-virt:core@5:channel@27: channel =27
[   12.471065] sprd-seth sipc-virt:core@5:channel@27: dst    =5
[   12.471069] sprd-seth sipc-virt:core@5:channel@27: sprd,blknum =256
[   12.471073] sprd-seth sipc-virt:core@5:channel@27: after parse dt, name=seth_lte9, dst=5, channel=27, blocknum=256
[   12.471084] sprd-sipx: sipx_chan_create
[   12.471088] sprd-sipx: offset = 0x0!
[   12.471164] sprd-smsg: channel 5-27 send open msg!
[   12.471412] debugfs: File 'gro_enable' in directory 'seth' already present!
[   12.471477] probe of 64570000.hsphy returned -517 after 0 usecs
[   12.471500] probe of sipc-virt:core@5:channel@27 returned 1 after 463 usecs
[   12.471524] sprd-seth sipc-virt:core@5:channel@28: channel =28
[   12.471528] sprd-seth sipc-virt:core@5:channel@28: dst    =5
[   12.471531] sprd-seth sipc-virt:core@5:channel@28: sprd,blknum =256
[   12.471535] sprd-seth sipc-virt:core@5:channel@28: after parse dt, name=seth_lte10, dst=5, channel=28, blocknum=256
[   12.471546] sprd-sipx: sipx_chan_create
[   12.471549] sprd-sipx: offset = 0x0!
[   12.471648] sprd-smsg: channel 5-28 send open msg!
[   12.471888] debugfs: File 'gro_enable' in directory 'seth' already present!
[   12.471952] probe of 64570000.hsphy returned -517 after 0 usecs
[   12.471971] probe of sipc-virt:core@5:channel@28 returned 1 after 465 usecs
[   12.472025] sprd-seth sipc-virt:core@5:channel@29: channel =29
[   12.472028] sprd-seth sipc-virt:core@5:channel@29: dst    =5
[   12.472031] sprd-seth sipc-virt:core@5:channel@29: sprd,blknum =256
[   12.472034] sprd-seth sipc-virt:core@5:channel@29: after parse dt, name=seth_lte11, dst=5, channel=29, blocknum=256
[   12.472053] sprd-sipx: sipx_chan_create
[   12.472057] sprd-sipx: offset = 0x0!
[   12.472405] sprd-smsg: channel 5-29 send open msg!
[   12.472642] debugfs: File 'gro_enable' in directory 'seth' already present!
[   12.472726] probe of 64570000.hsphy returned -517 after 0 usecs
[   12.472748] probe of sipc-virt:core@5:channel@29 returned 1 after 769 usecs
[   12.472773] sprd-seth sipc-virt:core@5:channel@30: channel =30
[   12.472777] sprd-seth sipc-virt:core@5:channel@30: dst    =5
[   12.472780] sprd-seth sipc-virt:core@5:channel@30: sprd,blknum =256
[   12.472784] sprd-seth sipc-virt:core@5:channel@30: after parse dt, name=seth_lte12, dst=5, channel=30, blocknum=256
[   12.472796] sprd-sipx: sipx_chan_create
[   12.472799] sprd-sipx: offset = 0x0!
[   12.473095] sprd-smsg: channel 5-30 send open msg!
[   12.473332] debugfs: File 'gro_enable' in directory 'seth' already present!
[   12.473405] probe of 64570000.hsphy returned -517 after 0 usecs
[   12.473428] probe of sipc-virt:core@5:channel@30 returned 1 after 673 usecs
[   12.473468] sprd-seth sipc-virt:core@5:channel@31: channel =31
[   12.473471] sprd-seth sipc-virt:core@5:channel@31: dst    =5
[   12.473474] sprd-seth sipc-virt:core@5:channel@31: sprd,blknum =256
[   12.473478] sprd-seth sipc-virt:core@5:channel@31: after parse dt, name=seth_lte13, dst=5, channel=31, blocknum=256
[   12.473490] sprd-sipx: sipx_chan_create
[   12.473494] sprd-sipx: offset = 0x0!
[   12.473813] sprd-smsg: channel 5-31 send open msg!
[   12.474032] debugfs: File 'gro_enable' in directory 'seth' already present!
[   12.474099] probe of 64570000.hsphy returned -517 after 0 usecs
[   12.474120] probe of sipc-virt:core@5:channel@31 returned 1 after 684 usecs
[   12.474192] initcall seth_tx_pkt+0x2bc/0x328 [seth] returned 0 after 10349 usecs
[   12.474316] init: Loaded kernel module /lib/modules/seth.ko
[   12.474497] init: Loading module /lib/modules/sprd_modem_loader.ko with args ''
[   12.477883] calling  soc_modem_start+0x25c/0x268 [sprd_modem_loader] @ 1
[   12.478594] probe of 64570000.hsphy returned -517 after 1 usecs
[   12.478627] probe of modem@0 returned 1 after 243 usecs
[   12.478780] probe of 64570000.hsphy returned -517 after 0 usecs
[   12.478799] probe of modem@1 returned 1 after 164 usecs
[   12.478969] initcall soc_modem_start+0x25c/0x268 [sprd_modem_loader] returned 0 after 1047 usecs
[   12.479063] init: Loaded kernel module /lib/modules/sprd_modem_loader.ko
[   12.479286] init: Loading module /lib/modules/usb_f_vser.ko with args ''
[   12.482928] calling  _copy_to_user+0x134/0x188 [usb_f_vser] @ 1
[   12.482946] initcall _copy_to_user+0x134/0x188 [usb_f_vser] returned 0 after 6 usecs
[   12.483015] init: Loaded kernel module /lib/modules/usb_f_vser.ko
[   12.483079] init: Loading module /lib/modules/sprd_iq.ko with args ''
[   12.485894] calling  sprd_iq_thread+0x28c/0x2b8 [sprd_iq] @ 1
[   12.485971] sprd-iq: no in iq mode
[   12.485979] initcall sprd_iq_thread+0x28c/0x2b8 [sprd_iq] returned 0 after 75 usecs
[   12.486029] init: Loaded kernel module /lib/modules/sprd_iq.ko
[   12.486167] init: Loading module /lib/modules/slog_bridge.ko with args ''
[   12.488887] calling  slog_block_send+0x138/0x15c [slog_bridge] @ 1
[   12.489428] slog_bridge sipc-virt:sbridge-log: tx is usb = 1.
[   12.489433] slog_bridge sipc-virt:sbridge-log: probed, tx_is_usb=1, rx_cnt=1
[   12.490574] slog_bridge sipc-virt:sbridge-log: sblock_rx[0] rxblksz=4096
[   12.490577] slog_bridge sipc-virt:sbridge-log: all sblock register ok
[   12.490709] probe of 64570000.hsphy returned -517 after 1 usecs
[   12.490744] probe of sipc-virt:sbridge-log returned 1 after 1349 usecs
[   12.490846] initcall slog_block_send+0x138/0x15c [slog_bridge] returned 0 after 1899 usecs
[   12.490942] init: Loaded kernel module /lib/modules/slog_bridge.ko
[   12.491106] init: Loading module /lib/modules/sbuf_bridge.ko with args ''
[   12.493789] calling  sb_data_move+0x314/0x330 [sbuf_bridge] @ 1
[   12.494336] initcall sb_data_move+0x314/0x330 [sbuf_bridge] returned 0 after 527 usecs
[   12.494392] init: Loaded kernel module /lib/modules/sbuf_bridge.ko
[   12.494530] init: Loading module /lib/modules/sblock_bridge.ko with args ''
[   12.497114] calling  sb_sblock_event_callback+0x10c/0x128 [sblock_bridge] @ 1
[   12.497514] initcall sb_sblock_event_callback+0x10c/0x128 [sblock_bridge] returned 0 after 383 usecs
[   12.497561] init: Loaded kernel module /lib/modules/sblock_bridge.ko
[   12.497685] init: Loading module /lib/modules/sprd_flash_drv.ko with args ''
[   12.500337] calling  sprd_flash_release+0x1bc/0x1e0 [sprd_flash_drv] @ 1
[   12.500816] probe of 64570000.hsphy returned -517 after 0 usecs
[   12.500834] probe of sprd_flash returned 1 after 197 usecs
[   12.500845] initcall sprd_flash_release+0x1bc/0x1e0 [sprd_flash_drv] returned 0 after 488 usecs
[   12.500894] init: Loaded kernel module /lib/modules/sprd_flash_drv.ko
[   12.501017] init: Loading module /lib/modules/flash_ic_aw3641.ko with args ''
[   12.503503] calling  sprd_flash_aw3641_cfg_value_highlight+0x40/0x74 [flash_ic_aw3641] @ 1
[   12.503577] FLASH_AW3641: 1 379 sprd_flash_aw3641_probe : flash-aw3641 probe
[   12.503717] probe of 64570000.hsphy returned -517 after 0 usecs
[   12.503749] probe of flash-gpios returned 1 after 196 usecs
[   12.504139] initcall sprd_flash_aw3641_cfg_value_highlight+0x40/0x74 [flash_ic_aw3641] returned 0 after 612 usecs
[   12.504186] init: Loaded kernel module /lib/modules/flash_ic_aw3641.ko
[   12.504310] init: Loading module /lib/modules/sprd_camsys_pw_domain.ko with args ''
[   12.507598] calling  sprd_cam_pw_off.142+0x1e4/0x1fc [sprd_camsys_pw_domain] @ 1
[   12.508030] probe of 64570000.hsphy returned -517 after 1 usecs
[   12.508318] probe of soc:mm:mm_domain returned 1 after 581 usecs
[   12.508825] initcall sprd_cam_pw_off.142+0x1e4/0x1fc [sprd_camsys_pw_domain] returned 0 after 1186 usecs
[   12.508907] init: Loaded kernel module /lib/modules/sprd_camsys_pw_domain.ko
[   12.509097] init: Loading module /lib/modules/virt-dma.ko with args ''
[   12.511667] init: Loaded kernel module /lib/modules/virt-dma.ko
[   12.511715] init: Loading module /lib/modules/sprd-dma.ko with args ''
[   12.514547] calling  sprd_dma_start+0x4ac/0x50c [sprd_dma] @ 1
[   12.514748] sprd-dma 20410000.dma-controller: no optional ashb eb clock
[   12.515803] probe of 64570000.hsphy returned -517 after 0 usecs
[   12.515836] probe of 20410000.dma-controller returned 1 after 1156 usecs
[   12.517120] probe of 64570000.hsphy returned -517 after 0 usecs
[   12.517273] probe of 56580000.dma-controller returned 1 after 1311 usecs
[   12.517539] initcall sprd_dma_start+0x4ac/0x50c [sprd_dma] returned 0 after 2908 usecs
[   12.517620] init: Loaded kernel module /lib/modules/sprd-dma.ko
[   12.517778] init: Loading module /lib/modules/sprd-ion.ko with args ''
[   12.519635] sprd_ion: module is from the staging directory, the quality is unknown, you have been warned.
[   12.520758] calling  __typeid__ZTSFPvP7dma_bufmE_global_addr+0xc/0x28 [sprd_ion] @ 1
[   12.521146] sprd_ion_parse_dt: num_heaps=1
[   12.521340] sprd_ion_parse_dt: heaps[0]: id: 4 carveout_fd type: 2 base: 0xffa70000 size 0x500000
[   12.522949] probe of 64570000.hsphy returned -517 after 0 usecs
[   12.522974] probe of ion returned 1 after 1855 usecs
[   12.523124] initcall __typeid__ZTSFPvP7dma_bufmE_global_addr+0xc/0x28 [sprd_ion] returned 0 after 2298 usecs
[   12.523227] init: Loaded kernel module /lib/modules/sprd-ion.ko
[   12.523383] init: Loading module /lib/modules/unisoc-iommu.ko with args ''
[   12.527719] calling  sprd_aligned_free+0x24/0x50 [unisoc_iommu] @ 1
[   12.528480] sprd_iommu: sprd_iommu_probe()-start
[   12.528516] sprd_iommu: sprd_iommu_get_resource()-pgt_base phy:0x32000000
[   12.528537] sprd_iommu: sprd_iommu_get_resource()-pgt_base:ffffffc012efd000,pgt_size:80
[   12.528545] sprd_iommu: sprd_iommu_get_resource()-ctrl_reg phy:0x32000000
[   12.528549] sprd_iommu: sprd_iommu_get_resource()-ctrl_reg:0xffffffc012eff000
[   12.528552] sprd_iommu: sprd_iommu_get_resource()-iova_base:0x20000000,iova_size:10000000
[   12.528556] sprd_iommu: sprd_iommu_get_resource()-fault_page: 0x1ec0cb000
[   12.528557] sprd_iommu: sprd_iommu_get_resource()-no reserved rr page addr
[   12.528715] sprd_iommu: sprd_iommuvau_hw_init()-begin
[   12.528757] sprd_iommu: sprd_iommuvau_hw_init()-done
[   12.528798] sprd_iommu: sprd_iommu_probe()-sprd,iommuvaul6-vsp end
[   12.528946] probe of 64570000.hsphy returned -517 after 1 usecs
[   12.529098] probe of 32000000.iommu returned 1 after 652 usecs
[   12.529141] sprd_iommu: sprd_iommu_probe()-start
[   12.529167] sprd_iommu: sprd_iommu_get_resource()-pgt_base phy:0x36000000
[   12.529174] sprd_iommu: sprd_iommu_get_resource()-pgt_base:ffffffc012f05000,pgt_size:300
[   12.529180] sprd_iommu: sprd_iommu_get_resource()-ctrl_reg phy:0x36000300
[   12.529184] sprd_iommu: sprd_iommu_get_resource()-ctrl_reg:0xffffffc012f1d300
[   12.529187] sprd_iommu: sprd_iommu_get_resource()-iova_base:0x60000000,iova_size:10000000
[   12.529191] sprd_iommu: sprd_iommu_get_resource()-fault_page: 0x1ec0c7000
[   12.529192] sprd_iommu: sprd_iommu_get_resource()-no reserved rr page addr
[   12.529295] sprd_iommu: sprd_iommuvau_hw_init()-begin
[   12.529335] sprd_iommu: sprd_iommuvau_hw_init()-done
[   12.529375] sprd_iommu: sprd_iommu_probe()-sprd,iommuvaul6-jpg end
[   12.529449] probe of 64570000.hsphy returned -517 after 0 usecs
[   12.529538] probe of 36000000.iommu returned 1 after 417 usecs
[   12.529606] sprd_iommu: sprd_iommu_probe()-start
[   12.529629] sprd_iommu: sprd_iommu_get_resource()-pgt_base phy:0x3a000000
[   12.529641] sprd_iommu: sprd_iommu_get_resource()-pgt_base:ffffffc013200000,pgt_size:ff000
[   12.529648] sprd_iommu: sprd_iommu_get_resource()-ctrl_reg phy:0x3a0ff000
[   12.529651] sprd_iommu: sprd_iommu_get_resource()-ctrl_reg:0xffffffc012f35000
[   12.529654] sprd_iommu: sprd_iommu_get_resource()-iova_base:0x40000000,iova_size:20000000
[   12.529657] sprd_iommu: sprd_iommu_get_resource()-fault_page: 0x1ec0c3000
[   12.529659] sprd_iommu: sprd_iommu_get_resource()-no reserved rr page addr
[   12.529858] sprd_iommu: sprd_iommuvau_hw_init()-begin
[   12.529940] sprd_iommu: sprd_iommuvau_hw_init()-done
[   12.529960] sprd_iommu: sprd_iommu_probe()-sprd,iommuvaul6-isp end
[   12.530024] probe of 64570000.hsphy returned -517 after 1 usecs
[   12.530110] probe of 3a000000.iommu returned 1 after 521 usecs
[   12.530149] sprd_iommu: sprd_iommu_probe()-start
[   12.530173] sprd_iommu: sprd_iommu_get_resource()-pgt_base phy:0x3e000000
[   12.530180] sprd_iommu: sprd_iommu_get_resource()-pgt_base:ffffffc0131e0000,pgt_size:f000
[   12.530187] sprd_iommu: sprd_iommu_get_resource()-ctrl_reg phy:0x3e00f000
[   12.530191] sprd_iommu: sprd_iommu_get_resource()-ctrl_reg:0xffffffc012f3d000
[   12.530193] sprd_iommu: sprd_iommu_get_resource()-iova_base:0x40000000,iova_size:40000000
[   12.530197] sprd_iommu: sprd_iommu_get_resource()-fault_page: 0x1ec060000
[   12.530199] sprd_iommu: sprd_iommu_get_resource()-no reserved rr page addr
[   12.530567] sprd_iommu: sprd_iommuvau_hw_init()-begin
[   12.530723] sprd_iommu: sprd_iommuvau_hw_init()-done
[   12.530741] sprd_iommu: sprd_iommu_probe()-sprd,iommuvaul6-dcam end
[   12.530810] probe of 64570000.hsphy returned -517 after 0 usecs
[   12.530886] probe of 3e000000.iommu returned 1 after 752 usecs
[   12.530915] sprd_iommu: sprd_iommu_probe()-start
[   12.530938] sprd_iommu: sprd_iommu_get_resource()-pgt_base phy:0x3c000000
[   12.530943] sprd_iommu: sprd_iommu_get_resource()-pgt_base:ffffffc012f5d000,pgt_size:110
[   12.530950] sprd_iommu: sprd_iommu_get_resource()-ctrl_reg phy:0x3c000110
[   12.530953] sprd_iommu: sprd_iommu_get_resource()-ctrl_reg:0xffffffc012f71110
[   12.530955] sprd_iommu: sprd_iommu_get_resource()-iova_base:0x40000000,iova_size:10000000
[   12.530958] sprd_iommu: sprd_iommu_get_resource()-fault_page: 0x1ec044000
[   12.530960] sprd_iommu: sprd_iommu_get_resource()-no reserved rr page addr
[   12.531115] sprd_iommu: sprd_iommuvau_hw_init()-begin
[   12.531153] sprd_iommu: sprd_iommuvau_hw_init()-done
[   12.531182] sprd_iommu: sprd_iommu_probe()-sprd,iommuvaul6-fd end
[   12.531239] probe of 64570000.hsphy returned -517 after 0 usecs
[   12.531258] probe of 3c000000.iommu returned 1 after 357 usecs
[   12.531296] sprd_iommu: sprd_iommu_probe()-start
[   12.531318] sprd_iommu: sprd_iommu_get_resource()-pgt_base phy:0x38000000
[   12.531323] sprd_iommu: sprd_iommu_get_resource()-pgt_base:ffffffc012f7d000,pgt_size:200
[   12.531330] sprd_iommu: sprd_iommu_get_resource()-ctrl_reg phy:0x38000200
[   12.531334] sprd_iommu: sprd_iommu_get_resource()-ctrl_reg:0xffffffc012f85200
[   12.531337] sprd_iommu: sprd_iommu_get_resource()-iova_base:0x40000000,iova_size:20000000
[   12.531341] sprd_iommu: sprd_iommu_get_resource()-fault_page: 0x1ec0ee000
[   12.531343] sprd_iommu: sprd_iommu_get_resource()-no reserved rr page addr
[   12.531571] sprd_iommu: sprd_iommuvau_hw_init()-begin
[   12.531646] sprd_iommu: sprd_iommuvau_hw_init()-done
[   12.531665] sprd_iommu: sprd_iommu_probe()-sprd,iommuvaul6-cpp end
[   12.531726] probe of 64570000.hsphy returned -517 after 0 usecs
[   12.531807] probe of 38000000.iommu returned 1 after 526 usecs
[   12.531891] sprd_iommu: sprd_iommu_probe()-start
[   12.531914] sprd_iommu: sprd_iommu_get_resource()-pgt_base phy:0x31000000
[   12.531919] sprd_iommu: sprd_iommu_get_resource()-pgt_base:ffffffc012f8d000,pgt_size:800
[   12.531926] sprd_iommu: sprd_iommu_get_resource()-ctrl_reg phy:0x31000800
[   12.531930] sprd_iommu: sprd_iommu_get_resource()-ctrl_reg:0xffffffc012f95800
[   12.531933] sprd_iommu: sprd_iommu_get_resource()-iova_base:0x30000000,iova_size:10000000
[   12.531936] sprd_iommu: sprd_iommu_get_resource()-fault_page: 0x1ec0f4000
[   12.531937] sprd_iommu: sprd_iommu_get_resource()-no reserved rr page addr
[   12.532087] sprd_iommu: sprd_iommuvau_hw_init()-begin
[   12.532131] sprd_iommu: sprd_iommuvau_hw_init()-done
[   12.532149] sprd_iommu: sprd_iommu_probe()-sprd,iommuvaul6-dispc end
[   12.532207] probe of 64570000.hsphy returned -517 after 0 usecs
[   12.532338] probe of 31000000.iommu returned 1 after 463 usecs
[   12.534521] initcall sprd_aligned_free+0x24/0x50 [unisoc_iommu] returned 0 after 6607 usecs
[   12.534650] init: Loaded kernel module /lib/modules/unisoc-iommu.ko
[   12.534823] init: Loading module /lib/modules/sprd_sensor.ko with args ''
[   12.542376] calling  compat_get_otp_param_tag+0x15a0/0x15d4 [sprd_sensor] @ 1
[   12.542928] sprd_campd_r8p0: 1 196 sprd_cam_pw_on : Done, read count 1, cb: sprd_cam_pw_on+0x68/0x138 [sprd_camsys_pw_domain]
[   12.542934] sprd_campd_r8p0: 1 86 sprd_cam_domain_eb : cb (____ptrval____)
[   12.543712] SENSOR_DRV: 1: sprd_sensor_probe L 250: dcam sensor probe start:device name:(null)
[   12.543733] SENSOR_DRV: 1: sprd_sensor_parse_clk_dt L 89: sensor_info->sensor_clk: (____ptrval____) id 0
[   12.543782] SENSOR_DRV: 1: sprd_sensor_parse_gpio_dt L 131: invalid gpio: i=2, gpio=-2, name=flash-gpios
[   12.543788] SENSOR_DRV: 1: sprd_sensor_parse_gpio_dt L 131: invalid gpio: i=3, gpio=-2, name=mipi-switch-en-gpios
[   12.543793] SENSOR_DRV: 1: sprd_sensor_parse_gpio_dt L 131: invalid gpio: i=4, gpio=-2, name=mipi-switch-mode-gpios
[   12.543800] SENSOR_DRV: 1: sprd_sensor_parse_gpio_dt L 131: invalid gpio: i=5, gpio=-2, name=switch-mode-gpios
[   12.543807] SENSOR_DRV: 1: sprd_sensor_parse_gpio_dt L 131: invalid gpio: i=6, gpio=-2, name=cam-id-gpios
[   12.543812] SENSOR_DRV: 1: sprd_sensor_parse_gpio_dt L 131: invalid gpio: i=7, gpio=-2, name=iovdd-gpios
[   12.543818] SENSOR_DRV: 1: sprd_sensor_parse_gpio_dt L 131: invalid gpio: i=8, gpio=-2, name=avdd-gpios
[   12.543824] SENSOR_DRV: 1: sprd_sensor_parse_gpio_dt L 131: invalid gpio: i=9, gpio=-2, name=dvdd-gpios
[   12.543830] SENSOR_DRV: 1: sprd_sensor_parse_gpio_dt L 131: invalid gpio: i=10, gpio=-2, name=mot-gpios
[   12.543835] csi_api: 1 217 csi_api_mipi_phy_cfg_init : sensor_id 0 mipi_phy:phy_id:0
[   12.543841] SENSOR_DRV: 1: sprd_sensor_config L 225: 18446743530383037496
[   12.543873] csi_api: 1 248 csi_api_dt_node_init : csi node name csi00
[   12.543878] csi_api: 1 259 csi_api_dt_node_init : csi 0 ,phy addr:0x3e200000 ,size:0x1000 , reg ffffffc012f9d000
[   12.543972] csi_api: 1 301 csi_api_dt_node_init : csi dt info:sensor_id :0, csi_info:0x(____ptrval____)
[   12.543975] SENSOR_DRV: 1: parse_dcam_id L 168: dcam id is 0
[   12.544161] probe of 64570000.hsphy returned -517 after 1 usecs
[   12.544200] probe of 0-0020 returned 1 after 1726 usecs
[   12.544218] sprd_campd_r8p0: 110 108 sprd_cam_domain_disable : cb (____ptrval____)
[   12.544420] SENSOR_DRV: 1: sprd_sensor_register_driver L 583: register main sensor:0
[   12.544633] sprd_campd_r8p0: 110 158 sprd_cam_pw_off : Done, read count 1, cb: sprd_cam_pw_off.3+0xa0/0x12c [sprd_camsys_pw_domain]
[   12.545271] sprd_campd_r8p0: 1 196 sprd_cam_pw_on : Done, read count 1, cb: sprd_cam_pw_on+0x68/0x138 [sprd_camsys_pw_domain]
[   12.545275] sprd_campd_r8p0: 1 86 sprd_cam_domain_eb : cb (____ptrval____)
[   12.546028] SENSOR_DRV: 1: sprd_sensor_probe L 250: dcam sensor probe start:device name:(null)
[   12.546044] SENSOR_DRV: 1: sprd_sensor_parse_clk_dt L 89: sensor_info->sensor_clk: (____ptrval____) id 1
[   12.546093] SENSOR_DRV: 1: sprd_sensor_parse_gpio_dt L 131: invalid gpio: i=2, gpio=-2, name=flash-gpios
[   12.546099] SENSOR_DRV: 1: sprd_sensor_parse_gpio_dt L 131: invalid gpio: i=3, gpio=-2, name=mipi-switch-en-gpios
[   12.546105] SENSOR_DRV: 1: sprd_sensor_parse_gpio_dt L 131: invalid gpio: i=4, gpio=-2, name=mipi-switch-mode-gpios
[   12.546111] SENSOR_DRV: 1: sprd_sensor_parse_gpio_dt L 131: invalid gpio: i=5, gpio=-2, name=switch-mode-gpios
[   12.546117] SENSOR_DRV: 1: sprd_sensor_parse_gpio_dt L 131: invalid gpio: i=6, gpio=-2, name=cam-id-gpios
[   12.546123] SENSOR_DRV: 1: sprd_sensor_parse_gpio_dt L 131: invalid gpio: i=7, gpio=-2, name=iovdd-gpios
[   12.546128] SENSOR_DRV: 1: sprd_sensor_parse_gpio_dt L 131: invalid gpio: i=8, gpio=-2, name=avdd-gpios
[   12.546134] SENSOR_DRV: 1: sprd_sensor_parse_gpio_dt L 131: invalid gpio: i=9, gpio=-2, name=dvdd-gpios
[   12.546140] SENSOR_DRV: 1: sprd_sensor_parse_gpio_dt L 131: invalid gpio: i=10, gpio=-2, name=mot-gpios
[   12.546144] csi_api: 1 217 csi_api_mipi_phy_cfg_init : sensor_id 1 mipi_phy:phy_id:3
[   12.546148] SENSOR_DRV: 1: sprd_sensor_config L 225: 18446743530383038984
[   12.546173] csi_api: 1 248 csi_api_dt_node_init : csi node name csi01
[   12.546176] csi_api: 1 259 csi_api_dt_node_init : csi 1 ,phy addr:0x3e300000 ,size:0x1000 , reg ffffffc012fa5000
[   12.546194] csi_api: 1 301 csi_api_dt_node_init : csi dt info:sensor_id :1, csi_info:0x(____ptrval____)
[   12.546198] SENSOR_DRV: 1: parse_dcam_id L 168: dcam id is 1
[   12.546308] probe of 64570000.hsphy returned -517 after 0 usecs
[   12.546332] probe of 0-005a returned 1 after 1895 usecs
[   12.546344] sprd_campd_r8p0: 166 108 sprd_cam_domain_disable : cb (____ptrval____)
[   12.546401] SENSOR_DRV: 1: sprd_sensor_register_driver L 585: register sub sensor:0
[   12.546744] sprd_campd_r8p0: 166 158 sprd_cam_pw_off : Done, read count 1, cb: sprd_cam_pw_off.3+0xa0/0x12c [sprd_camsys_pw_domain]
[   12.547146] sprd_campd_r8p0: 1 196 sprd_cam_pw_on : Done, read count 1, cb: sprd_cam_pw_on+0x68/0x138 [sprd_camsys_pw_domain]
[   12.547150] sprd_campd_r8p0: 1 86 sprd_cam_domain_eb : cb (____ptrval____)
[   12.547899] SENSOR_DRV: 1: sprd_sensor_probe L 250: dcam sensor probe start:device name:(null)
[   12.547914] SENSOR_DRV: 1: sprd_sensor_parse_clk_dt L 89: sensor_info->sensor_clk: (____ptrval____) id 2
[   12.547960] SENSOR_DRV: 1: sprd_sensor_parse_gpio_dt L 131: invalid gpio: i=2, gpio=-2, name=flash-gpios
[   12.547966] SENSOR_DRV: 1: sprd_sensor_parse_gpio_dt L 131: invalid gpio: i=3, gpio=-2, name=mipi-switch-en-gpios
[   12.547972] SENSOR_DRV: 1: sprd_sensor_parse_gpio_dt L 131: invalid gpio: i=4, gpio=-2, name=mipi-switch-mode-gpios
[   12.547977] SENSOR_DRV: 1: sprd_sensor_parse_gpio_dt L 131: invalid gpio: i=5, gpio=-2, name=switch-mode-gpios
[   12.547983] SENSOR_DRV: 1: sprd_sensor_parse_gpio_dt L 131: invalid gpio: i=6, gpio=-2, name=cam-id-gpios
[   12.547988] SENSOR_DRV: 1: sprd_sensor_parse_gpio_dt L 131: invalid gpio: i=7, gpio=-2, name=iovdd-gpios
[   12.548025] SENSOR_DRV: 1: sprd_sensor_parse_gpio_dt L 131: invalid gpio: i=9, gpio=-2, name=dvdd-gpios
[   12.548048] csi_api: 1 217 csi_api_mipi_phy_cfg_init : sensor_id 2 mipi_phy:phy_id:4
[   12.548051] SENSOR_DRV: 1: sprd_sensor_config L 225: 18446743530383038984
[   12.548069] csi_api: 1 248 csi_api_dt_node_init : csi node name csi01
[   12.548073] csi_api: 1 259 csi_api_dt_node_init : csi 1 ,phy addr:0x3e300000 ,size:0x1000 , reg ffffffc012fad000
[   12.548090] csi_api: 1 301 csi_api_dt_node_init : csi dt info:sensor_id :2, csi_info:0x(____ptrval____)
[   12.548094] SENSOR_DRV: 1: parse_dcam_id L 168: dcam id is 1
[   12.548186] probe of 64570000.hsphy returned -517 after 0 usecs
[   12.548208] probe of 1-0020 returned 1 after 1790 usecs
[   12.548220] sprd_campd_r8p0: 110 108 sprd_cam_domain_disable : cb (____ptrval____)
[   12.548276] SENSOR_DRV: 1: sprd_sensor_register_driver L 587: register main2 sensor:0
[   12.548303] SENSOR_DRV: 1: sprd_sensor_register_driver L 589: register  sub2 sensor:0
[   12.548327] SENSOR_DRV: 1: sprd_sensor_register_driver L 591: register main3 sensor:0
[   12.548364] SENSOR_DRV: 1: sprd_sensor_register_driver L 593: register  sub3 sensor:0
[   12.548367] SENSOR_CORE: 1: sprd_sensor_core_module_init line=875: sensor register
[   12.548426] SENSOR_CORE: 1: sprd_sensor_core_module_init line=878: create device node
[   12.548503] initcall compat_get_otp_param_tag+0x15a0/0x15d4 [sprd_sensor] returned 0 after 5911 usecs
[   12.548617] sprd_campd_r8p0: 110 158 sprd_cam_pw_off : Done, read count 1, cb: sprd_cam_pw_off.3+0xa0/0x12c [sprd_camsys_pw_domain]
[   12.548686] init: Loaded kernel module /lib/modules/sprd_sensor.ko
[   12.548869] init: Loading module /lib/modules/sprd_camera.ko with args ''
[   12.588994] calling  __typeid__ZTSFiPv15isp_gtm_cfg_cmdS_E_global_addr+0x4/0x10 [sprd_camera] @ 1
[   12.589207] sprd_image 3e000000.dcam: ignoring dependency for device, assuming no driver
[   12.589641] sprd_campd_r8p0: 1 196 sprd_cam_pw_on : Done, read count 1, cb: sprd_cam_pw_on+0x68/0x138 [sprd_camsys_pw_domain]
[   12.589647] sprd_campd_r8p0: 1 86 sprd_cam_domain_eb : cb (____ptrval____)
[   12.590421] CAM_CORE: 1 8076 camcore_probe : Start camera img probe
[   12.590497] CAM_CORE: 1 8107 camcore_probe : sprd img probe pdev name 3e000000.dcam
[   12.590500] CAM_CORE: 1 8108 camcore_probe : sprd dcam dev name (null)
[   12.590503] DCAM_DRV: 1 271 dcam_drv_dt_parse : start dcam dts parse
[   12.590517] DCAM_DRV: 1 321 dcam_drv_dt_parse : dev: 3e000000.dcam, full name: dcam@3e000000, cam_ahb_gpr: ffffff817719cc00, count: 3, DCAM dcam_max.w.h 8048 6036
[   12.590549] DCAM_DRV: 1 335 dcam_drv_dt_parse : DCAM IOMMU Base  0xffffffc0130cd000
[   12.590557] DCAM_DRV: 1 370 dcam_drv_dt_parse : get dcam qos node. r: 10 10 w: 13 12
[   12.590615] DCAM_DRV: 1 417 dcam_drv_dt_parse : DCAM0 reg: dcam0_reg 0x3e000000 ffffffc0130d5000, irq: dcam0 45
[   12.590634] DCAM_DRV: 1 417 dcam_drv_dt_parse : DCAM1 reg: dcam1_reg 0x3e001000 ffffffc0130dd000, irq: dcam1 46
[   12.590653] DCAM_DRV: 1 417 dcam_drv_dt_parse : DCAM2 reg: dcam2_reg 0x3e002000 ffffffc0130e5000, irq: dcam2 47
[   12.590668] CAM_CORE: 1 8115 camcore_probe : sprd isp dev name (null)
[   12.590672] ISP_DRV: 1 1049 isp_drv_dt_parse : isp dev device node dcam, full name dcam@3e000000
[   12.590677] ISP_DRV: 1 1059 isp_drv_dt_parse : after isp dev device node isp, full name isp@3a000000
[   12.590693] ISP_DRV: 1 1065 isp_drv_dt_parse : sprd s_isp_pdev name 3a000000.isp
[   12.590742] ISP_DRV: 1 1098 isp_drv_dt_parse : ISP IOMMU Base  0xffffffc0130f5000
[   12.590749] ISP_DRV: 1 1127 isp_drv_dt_parse : get isp qos node. r: 7 6 w: 7 6
[   12.590758] cam_porting: 1 88 cam_syscon_get_args_by_name : fail to get syscon sys_h2p_db_soft_rst 2, (____ptrval____)
[   12.590766] ISP_DRV: 1 1170 isp_drv_dt_parse : isp phys reg base is 3a000000
[   12.590790] ISP_DRV: 1 1188 isp_drv_dt_parse : ISP0 dts OK! regbase ffffffc015000000, irq 43
[   12.590797] ISP_DRV: 1 1188 isp_drv_dt_parse : ISP1 dts OK! regbase ffffffc015000000, irq 44
[   12.590910] DCAM_DEBUG: 1 979 camdebugger_dcam_init : dcam debugfs init ok
[   12.591133] probe of 64570000.hsphy returned -517 after 1 usecs
[   12.591166] probe of 3e000000.dcam returned 1 after 1990 usecs
[   12.591185] sprd_campd_r8p0: 110 108 sprd_cam_domain_disable : cb (____ptrval____)
[   12.591608] sprd_campd_r8p0: 110 158 sprd_cam_pw_off : Done, read count 1, cb: sprd_cam_pw_off.3+0xa0/0x12c [sprd_camsys_pw_domain]
[   12.592058] initcall __typeid__ZTSFiPv15isp_gtm_cfg_cmdS_E_global_addr+0x4/0x10 [sprd_camera] returned 0 after 2658 usecs
[   12.592744] init: Loaded kernel module /lib/modules/sprd_camera.ko
[   12.592921] init: Loading module /lib/modules/sprd_vsp_pw_domain.ko with args ''
[   12.596262] calling  vsp_pw_on+0x1ac/0x1c0 [sprd_vsp_pw_domain] @ 1
[   12.596433] sprd-vsp-pd soc:vsp-power-domain: vsp_pd_probe, 191
[   12.596445] sprd-vsp-pd soc:vsp-power-domain: VSP syscon[pmu-vsp-auto-shutdown-syscon](____ptrval____), offset 0x314, mask 0x1000000
[   12.596449] sprd-vsp-pd soc:vsp-power-domain: VSP syscon[pmu-vsp-force-shutdown-syscon](____ptrval____), offset 0x314, mask 0x2000000
[   12.596453] sprd-vsp-pd soc:vsp-power-domain: VSP syscon[pmu-pwr-status-syscon](____ptrval____), offset 0x514, mask 0x1f0000
[   12.596457] sprd-vsp-pd soc:vsp-power-domain: Read Vsp Dts vsp-domain-eb-syscon regmap fail
[   12.596679] probe of 64570000.hsphy returned -517 after 1 usecs
[   12.596840] probe of soc:vsp-power-domain returned 1 after 445 usecs
[   12.597308] initcall vsp_pw_on+0x1ac/0x1c0 [sprd_vsp_pw_domain] returned 0 after 1012 usecs
[   12.597410] init: Loaded kernel module /lib/modules/sprd_vsp_pw_domain.ko
[   12.597588] init: Loading module /lib/modules/sprd_cpp.ko with args ''
[   12.602310] calling  __typeid__ZTSFiPvS_E_global_addr+0x6c/0x84 [sprd_cpp] @ 1
[   12.602493] sprd_cpp 38000000.cpp: ignoring dependency for device, assuming no driver
[   12.602918] sprd_campd_r8p0: 1 196 sprd_cam_pw_on : Done, read count 1, cb: sprd_cam_pw_on+0x68/0x138 [sprd_camsys_pw_domain]
[   12.602923] sprd_campd_r8p0: 1 86 sprd_cam_domain_eb : cb (____ptrval____)
[   12.603904] sprd_campd_r8p0: 166 108 sprd_cam_domain_disable : cb (____ptrval____)
[   12.604087] probe of 64570000.hsphy returned -517 after 1 usecs
[   12.604121] probe of 38000000.cpp returned 1 after 1656 usecs
[   12.604318] sprd_campd_r8p0: 166 158 sprd_cam_pw_off : Done, read count 1, cb: sprd_cam_pw_off.3+0xa0/0x12c [sprd_camsys_pw_domain]
[   12.604593] initcall __typeid__ZTSFiPvS_E_global_addr+0x6c/0x84 [sprd_cpp] returned 0 after 2207 usecs
[   12.604695] init: Loaded kernel module /lib/modules/sprd_cpp.ko
[   12.604865] init: Loading module /lib/modules/sha1-ce.ko with args ''
[   12.607445] calling  __sha1_ce_transform+0x1c/0x30 [sha1_ce] @ 1
[   12.608527] initcall __sha1_ce_transform+0x1c/0x30 [sha1_ce] returned 0 after 1043 usecs
[   12.608603] init: Loaded kernel module /lib/modules/sha1-ce.ko
[   12.608761] init: Loading module /lib/modules/ghash-ce.ko with args ''
[   12.611596] calling  ghash_final_p64+0x188/0x19c [ghash_ce] @ 1
[   12.613038] initcall ghash_final_p64+0x188/0x19c [ghash_ce] returned 0 after 1394 usecs
[   12.613112] init: Loaded kernel module /lib/modules/ghash-ce.ko
[   12.613274] init: Loading module /lib/modules/aes-ce-ccm.ko with args ''
[   12.615882] calling  ccm_update_mac+0x190/0x1a8 [aes_ce_ccm] @ 1
[   12.616653] initcall ccm_update_mac+0x190/0x1a8 [aes_ce_ccm] returned 0 after 741 usecs
[   12.616718] init: Loaded kernel module /lib/modules/aes-ce-ccm.ko
[   12.616868] init: Loading module /lib/modules/aes-neon-blk.ko with args ''
[   12.619726] calling  ctr_encrypt_one+0x60/0xc8 [aes_neon_blk] @ 1
[   12.621422] initcall ctr_encrypt_one+0x60/0xc8 [aes_neon_blk] returned 0 after 1639 usecs
[   12.621522] init: Loaded kernel module /lib/modules/aes-neon-blk.ko
[   12.621718] init: Loading module /lib/modules/arc4.ko with args ''
[   12.623947] calling  crypto_arc4_crypt+0xb8/0xc8 [arc4] @ 1
[   12.624290] initcall crypto_arc4_crypt+0xb8/0xc8 [arc4] returned 0 after 324 usecs
[   12.624354] init: Loaded kernel module /lib/modules/arc4.ko
[   12.624555] init: Loading module /lib/modules/twofish_common.ko with args ''
[   12.626924] init: Loaded kernel module /lib/modules/twofish_common.ko
[   12.626971] init: Loading module /lib/modules/twofish_generic.ko with args ''
[   12.629363] calling  twofish_decrypt+0x828/0x83c [twofish_generic] @ 1
[   12.630135] initcall twofish_decrypt+0x828/0x83c [twofish_generic] returned 0 after 745 usecs
[   12.630179] init: Loaded kernel module /lib/modules/twofish_generic.ko
[   12.630358] init: Loading module /lib/modules/sprd-gsp.ko with args ''
[   12.641173] calling  __typeid__ZTSFvP13gsp_interfaceE_global_addr+0x38/0x64 [sprd_gsp] @ 1
[   12.641256] sprd-gsp: gsp_drv_init()-gsp device init begin
[   12.641919] sprd-gsp sprd-gsp: gsp_dev_alloc()-node count: 1
[   12.641923] sprd-gsp sprd-gsp: gsp_dev_alloc()-gsp device name: sprd-gsp
[   12.641927] sprd-gsp sprd-gsp: gsp_dev_alloc()-io count: 7
[   12.641954] sprd-gsp: gsp_r8p0_core_alloc()-core[0] device name: 31000000.gsp
[   12.641957] sprd-gsp: gsp_r8p0_core_alloc()-gsp_r8p0_cap_size = 176
[   12.641958] sprd-gsp: gsp_r8p0_core_alloc()-gsp_r8p0 core allocate success
[   12.641963] sprd-gsp: gsp_core_alloc()-read core[0] id
[   12.641967] sprd-gsp: gsp_core_alloc()-read core[0] kfg number: 16
[   12.641970] sprd-gsp: gsp_core_alloc()-core[0] realtime priority: disable
[   12.641973] sprd-gsp: gsp_core_alloc()-core[0] need iommu: no need
[   12.641992] sprd-gsp sprd-gsp: gsp_dev_alloc()-core[0] allocate success
[   12.642063] sprd-gsp sprd-gsp: gsp_dev_probe()-probe success
[   12.642196] probe of 64570000.hsphy returned -517 after 1 usecs
[   12.642227] probe of sprd-gsp returned 1 after 353 usecs
[   12.642511] sprd-gsp: gsp_drv_init()-gsp device init end
[   12.642583] initcall __typeid__ZTSFvP13gsp_interfaceE_global_addr+0x38/0x64 [sprd_gsp] returned 0 after 1304 usecs
[   12.642759] init: Loaded kernel module /lib/modules/sprd-gsp.ko
[   12.642942] init: Loading module /lib/modules/apsys-dvfs.ko with args ''
[   12.648910] calling  set_vdsp_dvfs_swtrig_en.619+0x58/0x1ac [apsys_dvfs] @ 1
[   12.649143] apsys_dvfs: apsys dvfs class init
[   12.649237] apsys_dvfs: apsys_dvfs_parse_dt()
[   12.649242] apsys_dvfs: apsys_top_dvfs_init()
[   12.649246] apsys_dvfs: apsys module registered
[   12.649368] probe of 64570000.hsphy returned -517 after 1 usecs
[   12.649398] probe of 20014000.apsys-dvfs returned 1 after 314 usecs
[   12.650297] apsys_dvfs: find platform device by node with name :apsys-dvfs, address:ffffffc013125000
[   12.650301] apsys_dvfs: dpu_dvfs_parse_dt()
[   12.650631] apsys_dvfs: dpu_dvfs_parse_dt()
[   12.650635] apsys_dvfs: dpu_dvfs_init()
[   12.650640] apsys_dvfs: dpu dvfs module registered
[   12.650732] probe of 64570000.hsphy returned -517 after 0 usecs
[   12.650757] probe of dpu-dvfs returned 1 after 520 usecs
[   12.651388] initcall set_vdsp_dvfs_swtrig_en.619+0x58/0x1ac [apsys_dvfs] returned 0 after 2372 usecs
[   12.651519] init: Loaded kernel module /lib/modules/apsys-dvfs.ko
[   12.651600] init: Loading module /lib/modules/sprd-drm.ko with args ''
[   12.668158] calling  disp_ca_wait_response+0x84/0xf0 [sprd_drm] @ 1
[   12.668244] display class register
[   12.668576] sprd-dpu-drv 31000000.dpu: ignoring dependency for device, assuming no driver
[   12.668601] [drm] backlight is not ready, dpu probe deferred
[   12.668616] probe of 31000000.dpu returned 0 after 70 usecs
[   12.669391] probe of sprd_backlight returned 0 after 78 usecs
[   12.670360] probe of 64570000.hsphy returned -517 after 1 usecs
[   12.670514] sprd-dpu-drv 31000000.dpu: ignoring dependency for device, assuming no driver
[   12.670531] [drm] backlight is not ready, dpu probe deferred
[   12.670539] probe of 31000000.dpu returned 0 after 40 usecs
[   12.670708] probe of sprd_backlight returned 0 after 67 usecs
[   12.670740] probe of 31100000.dsi returned 1 after 965 usecs
[   12.671493] probe of 64570000.hsphy returned -517 after 0 usecs
[   12.671582] sprd-dpu-drv 31000000.dpu: ignoring dependency for device, assuming no driver
[   12.671595] [drm] backlight is not ready, dpu probe deferred
[   12.671602] probe of 31000000.dpu returned 0 after 31 usecs
[   12.671760] probe of sprd_backlight returned 0 after 59 usecs
[   12.671789] probe of 31100000.dphy returned 1 after 607 usecs
[   12.672327] probe of 64570000.hsphy returned -517 after 0 usecs
[   12.672417] sprd-dpu-drv 31000000.dpu: ignoring dependency for device, assuming no driver
[   12.672442] [drm] backlight is not ready, dpu probe deferred
[   12.672449] probe of 31000000.dpu returned 0 after 51 usecs
[   12.672611] probe of sprd_backlight returned 0 after 60 usecs
[   12.672640] probe of display-subsystem returned 1 after 419 usecs
[   12.672728] [drm] backlight is not ready, panel probe deferred
[   12.672734] probe of 31100000.dsi.0 returned 0 after 17 usecs
[   12.672895] initcall disp_ca_wait_response+0x84/0xf0 [sprd_drm] returned 0 after 4479 usecs
[   12.673137] init: Loaded kernel module /lib/modules/sprd-drm.ko
[   12.673321] init: Loading module /lib/modules/extcon-usb-gpio.ko with args ''
[   12.676006] calling  usb_irq_handler+0x38/0x5c [extcon_usb_gpio] @ 1
[   12.677433] sprd-hsphy 64570000.hsphy: unable to get hsphy-device-eye-pattern node
[   12.677437] sprd-hsphy 64570000.hsphy: unable to get hsphy-host-eye-pattern node
[   12.677548] sprd-hsphy 64570000.hsphy: No separate ID extcon device
[   12.677553] probe of extcon-gpio returned 1 after 1239 usecs
[   12.677607] probe of 64570000.hsphy returned 1 after 726 usecs
[   12.677718] initcall usb_irq_handler+0x38/0x5c [extcon_usb_gpio] returned 0 after 1645 usecs
[   12.677787] sprd-dpu-drv 31000000.dpu: ignoring dependency for device, assuming no driver
[   12.677806] init: Loaded kernel module /lib/modules/extcon-usb-gpio.ko
[   12.677807] [drm] backlight is not ready, dpu probe deferred
[   12.677818] probe of 31000000.dpu returned 0 after 48 usecs
[   12.677979] init: Loading module /lib/modules/microarray_fp.ko with args ''
[   12.678011] probe of sprd_backlight returned 0 after 75 usecs
[   12.678045] [drm] backlight is not ready, panel probe deferred
[   12.678051] probe of 31100000.dsi.0 returned 0 after 17 usecs
[   12.681328] calling  __typeid__ZTSFlP4filejmE_global_addr+0x14/0x1c [microarray_fp] @ 1
[   12.681332] MAFP_mas_get_platform: debug! start!
[   12.681721] MAFP_mas_get_platform: debug! end!
[   12.681736] initcall __typeid__ZTSFlP4filejmE_global_addr+0x14/0x1c [microarray_fp] returned 0 after 384 usecs
[   12.681829] init: Loaded kernel module /lib/modules/microarray_fp.ko
[   12.682004] init: Loading module /lib/modules/chipone_fp.ko with args ''
[   12.685099] calling  _copy_from_user+0x164/0x1a4 [chipone_fp] @ 1
[   12.686428] sprd-dpu-drv 31000000.dpu: ignoring dependency for device, assuming no driver
[   12.686449] [drm] backlight is not ready, dpu probe deferred
[   12.686460] probe of 31000000.dpu returned 0 after 51 usecs
[   12.686666] probe of sprd_backlight returned 0 after 79 usecs
[   12.686698] [drm] backlight is not ready, panel probe deferred
[   12.686704] probe of 31100000.dsi.0 returned 0 after 19 usecs
[   12.686737] probe of fingerprint@0 returned 1 after 1579 usecs
[   12.687076] initcall _copy_from_user+0x164/0x1a4 [chipone_fp] returned 0 after 1916 usecs
[   12.687153] init: Loaded kernel module /lib/modules/chipone_fp.ko
[   12.687324] init: Loading module /lib/modules/vsp.ko with args ''
[   12.692055] calling  vsp_clr_interrupt_mask+0x80/0xac [vsp] @ 1
[   12.692256] sprd_vsp 32000000.video-codec: ignoring dependency for device, assuming no driver
[   12.692639] sprd_vsp 32000000.video-codec: sprd_vsp_phys_addr = 32000000
[   12.692644] sprd_vsp 32000000.video-codec: sprd_vsp_base = (____ptrval____)
[   12.692646] sprd_vsp 32000000.video-codec: vsp_glb_reg_base = (____ptrval____)
[   12.692668] sprd_vsp 32000000.video-codec: vsp: irq = 0x1d, version = 0x13
[   12.692676] sprd_vsp 32000000.video-codec: VSP syscon[vsp-domain-eb-syscon](____ptrval____), offset 0x4, mask 0x20
[   12.692683] sprd_vsp 32000000.video-codec: VSP syscon[reset-syscon](____ptrval____), offset 0x4, mask 0x2800
[   12.692688] sprd_vsp 32000000.video-codec: VSP syscon[vsp-dev-eb-syscon](____ptrval____), offset 0x0, mask 0x4
[   12.692696] sprd_vsp 32000000.video-codec: clk clk_src_76m8 not found,continue to find next clock
[   12.692699] sprd_vsp 32000000.video-codec: clk clk_src_96m not found,continue to find next clock
[   12.692703] sprd_vsp 32000000.video-codec: clk clk_src_128m not found,continue to find next clock
[   12.692707] sprd_vsp 32000000.video-codec: clk clk_src_153m6 not found,continue to find next clock
[   12.692710] sprd_vsp 32000000.video-codec: clk clk_src_192m not found,continue to find next clock
[   12.692729] sprd_vsp 32000000.video-codec: vsp clk in dts file: clk[0] = (256000000, clk_src_256m)
[   12.692743] sprd_vsp 32000000.video-codec: vsp clk in dts file: clk[1] = (307200000, clk_src_307m2)
[   12.692751] sprd_vsp 32000000.video-codec: vsp clk in dts file: clk[2] = (384000000, clk_src_384m)
[   12.692755] sprd_vsp 32000000.video-codec: clk clk_src_512m not found,continue to find next clock
[   12.692763] sprd_vsp 32000000.video-codec: 1, 7, 6, 194
[   12.692769] sprd_vsp 32000000.video-codec: iommu_vsp enabled 1
[   12.692843] sprd_vsp 32000000.video-codec: vsp: set dma mask as 64bit
[   12.694154] sprd-dpu-drv 31000000.dpu: ignoring dependency for device, assuming no driver
[   12.694183] [drm] backlight is not ready, dpu probe deferred
[   12.694195] probe of 31000000.dpu returned 0 after 66 usecs
[   12.694437] probe of sprd_backlight returned 0 after 93 usecs
[   12.694478] [drm] backlight is not ready, panel probe deferred
[   12.694484] probe of 31100000.dsi.0 returned 0 after 22 usecs
[   12.694520] probe of 32000000.video-codec returned 1 after 2287 usecs
[   12.695177] initcall vsp_clr_interrupt_mask+0x80/0xac [vsp] returned 0 after 3011 usecs
[   12.695283] init: Loaded kernel module /lib/modules/vsp.ko
[   12.695465] init: Loading module /lib/modules/jpg.ko with args ''
[   12.699666] calling  jpg_clk_disable+0xec/0x10c [jpg] @ 1
[   12.699885] sprd-jpg 36000000.jpg-codec: ignoring dependency for device, assuming no driver
[   12.700312] sprd_campd_r8p0: 1 196 sprd_cam_pw_on : Done, read count 1, cb: sprd_cam_pw_on+0x68/0x138 [sprd_camsys_pw_domain]
[   12.700317] sprd_campd_r8p0: 1 86 sprd_cam_domain_eb : cb (____ptrval____)
[   12.701166] sprd-jpg 36000000.jpg-codec: sprd_jpg_phys jpg:  0X36000000
[   12.701170] sprd-jpg 36000000.jpg-codec: sprd_jpg_virt jpg:  0xffffffc0148e0000
[   12.701173] sprd-jpg 36000000.jpg-codec:  hw_dev.irq  0X1e
[   12.701181] sprd-jpg 36000000.jpg-codec: JPG syscon[aon-apb-eb-syscon](____ptrval____), offset 0x0, mask 0x200
[   12.701190] sprd-jpg 36000000.jpg-codec: JPG syscon[reset-syscon](____ptrval____), offset 0x4, mask 0x80000
[   12.701212] sprd-jpg 36000000.jpg-codec: jpg clk in dts file: clk[0] = (76800000, clk_src_76m8)
[   12.701218] sprd-jpg 36000000.jpg-codec: clk clk_src_96m not found,continue to find next clock
[   12.701228] sprd-jpg 36000000.jpg-codec: jpg clk in dts file: clk[1] = (128000000, clk_src_128m)
[   12.701232] sprd-jpg 36000000.jpg-codec: clk clk_src_153m6 not found,continue to find next clock
[   12.701237] sprd-jpg 36000000.jpg-codec: clk clk_src_192m not found,continue to find next clock
[   12.701245] sprd-jpg 36000000.jpg-codec: jpg clk in dts file: clk[2] = (256000000, clk_src_256m)
[   12.701250] sprd-jpg 36000000.jpg-codec: clk clk_src_307m2 not found,continue to find next clock
[   12.701259] sprd-jpg 36000000.jpg-codec: jpg clk in dts file: clk[3] = (384000000, clk_src_384m)
[   12.701263] sprd-jpg 36000000.jpg-codec: clk clk_src_409m6 not found,continue to find next clock
[   12.701267] sprd-jpg 36000000.jpg-codec: clk clk_src_512m not found,continue to find next clock
[   12.701270] sprd-jpg 36000000.jpg-codec: can't find jpg qos cfg node
[   12.701274] sprd-jpg 36000000.jpg-codec: 0, 0, 0, 0
[   12.701368] sprd-jpg 36000000.jpg-codec: jpg: set dma mask as 64bit
[   12.701413] sprd-jpg 36000000.jpg-codec: sprd_jpg probe with genpd
[   12.701457] probe of 36000000.jpg-codec returned 1 after 1588 usecs
[   12.702146] initcall jpg_clk_disable+0xec/0x10c [jpg] returned 0 after 2396 usecs
[   12.702244] init: Loaded kernel module /lib/modules/jpg.ko
[   12.702418] init: Loading module /lib/modules/leds-sc27xx-bltc.ko with args ''
[   12.704327] sprd-dpu-drv 31000000.dpu: ignoring dependency for device, assuming no driver
[   12.704352] [drm] backlight is not ready, dpu probe deferred
[   12.704365] probe of 31000000.dpu returned 0 after 61 usecs
[   12.704584] probe of sprd_backlight returned 0 after 91 usecs
[   12.704617] [drm] backlight is not ready, panel probe deferred
[   12.704622] probe of 31100000.dsi.0 returned 0 after 17 usecs
[   12.704640] sprd_campd_r8p0: 226 108 sprd_cam_domain_disable : cb (____ptrval____)
[   12.705070] sprd_campd_r8p0: 226 158 sprd_cam_pw_off : Done, read count 1, cb: sprd_cam_pw_off.3+0xa0/0x12c [sprd_camsys_pw_domain]
[   12.705702] calling  sc27xx_led_pattern_clear+0xb4/0xd0 [leds_sc27xx_bltc] @ 1
[   12.706564] sprd-dpu-drv 31000000.dpu: ignoring dependency for device, assuming no driver
[   12.706589] [drm] backlight is not ready, dpu probe deferred
[   12.706598] probe of 31000000.dpu returned 0 after 62 usecs
[   12.706787] probe of sprd_backlight returned 0 after 76 usecs
[   12.706822] [drm] backlight is not ready, panel probe deferred
[   12.706828] probe of 31100000.dsi.0 returned 0 after 16 usecs
[   12.706861] probe of 64200000.spi:pmic@0:led-controller@180 returned 1 after 708 usecs
[   12.707033] initcall sc27xx_led_pattern_clear+0xb4/0xd0 [leds_sc27xx_bltc] returned 0 after 1292 usecs
[   12.707122] init: Loaded kernel module /lib/modules/leds-sc27xx-bltc.ko
[   12.707291] init: Loading module /lib/modules/ledtrig-pattern.ko with args ''
[   12.709977] calling  pattern_trig_timer_function+0x1f4/0x1f8 [ledtrig_pattern] @ 1
[   12.710048] initcall pattern_trig_timer_function+0x1f4/0x1f8 [ledtrig_pattern] returned 0 after 62 usecs
[   12.710100] init: Loaded kernel module /lib/modules/ledtrig-pattern.ko
[   12.710279] init: Loading module /lib/modules/zsmalloc.ko with args ''
[   12.713754] calling  zs_init_fs_context+0x70/0x88 [zsmalloc] @ 1
[   12.713850] initcall zs_init_fs_context+0x70/0x88 [zsmalloc] returned 0 after 81 usecs
[   12.713908] init: Loaded kernel module /lib/modules/zsmalloc.ko
[   12.713961] init: Loading module /lib/modules/zram.ko with args ''
[   12.717958] calling  zram_dedup_deinit+0x38/0xc4 [zram] @ 1
[   12.718332] zram: Added device: zram0
[   12.718349] initcall zram_dedup_deinit+0x38/0xc4 [zram] returned 0 after 366 usecs
[   12.718412] init: Loaded kernel module /lib/modules/zram.ko
[   12.718559] init: Loading module /lib/modules/spi-sprd.ko with args ''
[   12.721547] calling  sprd_spi_wait_for_rx_end+0xf0/0x114 [spi_sprd] @ 1
[   12.721852] sprd-spi 20120000.spi: request RX DMA channel failed!
[   12.721856] sprd-spi 20120000.spi: failed to request dma, enter no dma mode, ret = -19
[   12.722808] sprd-dpu-drv 31000000.dpu: ignoring dependency for device, assuming no driver
[   12.722835] [drm] backlight is not ready, dpu probe deferred
[   12.722846] probe of 31000000.dpu returned 0 after 62 usecs
[   12.723092] probe of sprd_backlight returned 0 after 111 usecs
[   12.723133] [drm] backlight is not ready, panel probe deferred
[   12.723139] probe of 31100000.dsi.0 returned 0 after 18 usecs
[   12.723173] probe of 20120000.spi returned 1 after 1477 usecs
[   12.723296] sprd-spi 20150000.spi: request RX DMA channel failed!
[   12.723299] sprd-spi 20150000.spi: failed to request dma, enter no dma mode, ret = -19
[   12.724376] sprd-dpu-drv 31000000.dpu: ignoring dependency for device, assuming no driver
[   12.724406] [drm] backlight is not ready, dpu probe deferred
[   12.724414] probe of 31000000.dpu returned 0 after 57 usecs
[   12.724614] probe of sprd_backlight returned 0 after 85 usecs
[   12.724647] [drm] backlight is not ready, panel probe deferred
[   12.724652] probe of 31100000.dsi.0 returned 0 after 16 usecs
[   12.724675] probe of 20150000.spi returned 1 after 1489 usecs
[   12.725217] initcall sprd_spi_wait_for_rx_end+0xf0/0x114 [spi_sprd] returned 0 after 3567 usecs
[   12.725336] init: Loaded kernel module /lib/modules/spi-sprd.ko
[   12.725501] init: Loading module /lib/modules/pwm-sprd.ko with args ''
[   12.727873] calling  sprd_pwm_get_state+0x17c/0x194 [pwm_sprd] @ 1
[   12.728293] sprd-pwm 643f0000.pwm: Failed to get clk 'enable3': -2
[   12.728571] sprd-dpu-drv 31000000.dpu: ignoring dependency for device, assuming no driver
[   12.728589] [drm] backlight is not ready, dpu probe deferred
[   12.728599] probe of 31000000.dpu returned 0 after 45 usecs
[   12.728948] probe of sprd_backlight returned 1 after 223 usecs
[   12.729011] sprd-mipi-panel-drv 31100000.dsi.0: 31100000.dsi.0 supply power not found, using dummy regulator
[   12.729115] [drm] lcd name: lcd_icnl9911c_mdt_mipi_hdp
[   12.729210] [drm] info->num_buildin_modes = 2
[   12.729324] [drm] sprd_dsi_host_attach()
[   12.729416] probe of 31100000.dsi.0 returned 1 after 456 usecs
[   12.729509] sprd-dpu-drv 31000000.dpu: ignoring dependency for device, assuming no driver
[   12.729767] [drm] sprd_drm_bind()
[   12.729896] [drm] sprd_dpu_bind()
[   12.730008] [drm] dpu irq_num = 51
[   12.730036] [drm] dpu attach dsi
[   12.730153] sprd-drm-drv display-subsystem: bound 31000000.dpu (ops dpu_component_ops [sprd_drm])
[   12.730188] [drm] dsi irq0 num = 53
[   12.730219] [drm] dsi irq1 num = 54
[   12.730297] sprd-drm-drv display-subsystem: bound 31100000.dsi (ops dsi_component_ops [sprd_drm])
[   12.730316] sprd-gsp: gsp_dev_sysfs_init()-create gsp sysfs attribute: core_cnt success
[   12.730320] sprd-gsp: gsp_dev_sysfs_init()-create gsp sysfs attribute: dev_state success
[   12.730327] sprd-gsp: gsp_interface_attach()-gsp interface name: qogirl6
[   12.730382] sprd-gsp: gsp_r8p0_core_parse_dt()-gsp_ctl_reg_base: 0x(____ptrval____)
[   12.730418] sprd-gsp: gsp_workqueue_load()-workqueue load kcfg[0]
[   12.730420] sprd-gsp: gsp_workqueue_load()-workqueue load kcfg[1]
[   12.730422] sprd-gsp: gsp_workqueue_load()-workqueue load kcfg[2]
[   12.730424] sprd-gsp: gsp_workqueue_load()-workqueue load kcfg[3]
[   12.730426] sprd-gsp: gsp_workqueue_load()-workqueue load kcfg[4]
[   12.730427] sprd-gsp: gsp_workqueue_load()-workqueue load kcfg[5]
[   12.730429] sprd-gsp: gsp_workqueue_load()-workqueue load kcfg[6]
[   12.730430] sprd-gsp: gsp_workqueue_load()-workqueue load kcfg[7]
[   12.730431] sprd-gsp: gsp_workqueue_load()-workqueue load kcfg[8]
[   12.730433] sprd-gsp: gsp_workqueue_load()-workqueue load kcfg[9]
[   12.730434] sprd-gsp: gsp_workqueue_load()-workqueue load kcfg[10]
[   12.730436] sprd-gsp: gsp_workqueue_load()-workqueue load kcfg[11]
[   12.730437] sprd-gsp: gsp_workqueue_load()-workqueue load kcfg[12]
[   12.730439] sprd-gsp: gsp_workqueue_load()-workqueue load kcfg[13]
[   12.730440] sprd-gsp: gsp_workqueue_load()-workqueue load kcfg[14]
[   12.730442] sprd-gsp: gsp_workqueue_load()-workqueue load kcfg[15]
[   12.730445] sprd-gsp: gsp_sync_timeline_create()-create timeline: gsp-core[0]
[   12.730455] sprd-gsp: gsp_core_sysfs_init()-create core[0] sysfs attribute: core_state success
[   12.730459] sprd-gsp: gsp_core_sysfs_init()-create core[0] sysfs attribute: total_kcfg_num success
[   12.730464] sprd-gsp: gsp_core_sysfs_init()-create core[0] sysfs attribute: empty_kcfg_num success
[   12.730467] sprd-gsp: gsp_core_sysfs_init()-create core[0] sysfs attribute: fill_kcfg_num success
[   12.730538] probe of 643f0000.pwm returned 1 after 2384 usecs
[   12.730894] initcall sprd_pwm_get_state+0x17c/0x194 [pwm_sprd] returned 0 after 2939 usecs
[   12.730980] init: Loaded kernel module /lib/modules/pwm-sprd.ko
[   12.731040] sprd-gsp sprd-gsp: gsp_dev_init()-initialize core[0] success
[   12.731051] sprd-gsp sprd-gsp: sprd_gsp_bind()-dev bind success
[   12.731109] sprd-drm-drv display-subsystem: bound sprd-gsp (ops gsp_component_ops [sprd_gsp])
[   12.731113] [drm] Supports vblank timestamp caching Rev 2 (21.10.2013).
[   12.731116] [drm] No driver support for vblank timestamp query.
[   12.731121] [drm] sprd_plane_reset()
[   12.731124] [drm] sprd_plane_reset()
[   12.731127] [drm] sprd_plane_reset()
[   12.731129] [drm] sprd_plane_reset()
[   12.731132] [drm] sprd_crtc_reset()
[   12.731345] [drm] Initialized sprd 1.0.0 20200201 for display-subsystem on minor 0
[   12.731489] probe of 31000000.dpu returned 1 after 1991 usecs
[   12.731624] init: Loading module /lib/modules/rtc-sc27xx.ko with args ''
[   12.734393] calling  sprd_rtc_get_secs+0x130/0x158 [rtc_sc27xx] @ 1
[   12.735513] probe of alarmtimer.0.auto returned 1 after 59 usecs
[   12.735526] sprd-rtc 64200000.spi:pmic@0:rtc@200: registered as rtc0
[   12.735621] sprd_time_sync sprd_time_sync: send monotime_ns=12735593344 boottime_ns=12735593613 realtime_s=1772410456 ts_cnt=426777161 sysfrt_cnt=17305 minuteswest=0 dsttime=0 to userspace
[   12.735851] sprd-rtc 64200000.spi:pmic@0:rtc@200: setting system clock to 2026-03-02T00:14:16 UTC (1772410456)
[   12.735883] probe of 64200000.spi:pmic@0:rtc@200 returned 1 after 1066 usecs
[   12.736045] initcall sprd_rtc_get_secs+0x130/0x158 [rtc_sc27xx] returned 0 after 1603 usecs
[   12.736113] init: Loaded kernel module /lib/modules/rtc-sc27xx.ko
[   12.736272] init: Loading module /lib/modules/sc27xx_adc.ko with args ''
[   12.739125] calling  sc27xx_adc_read+0x2b0/0x2b8 [sc27xx_adc] @ 1
[   12.777491] probe of 64200000.spi:pmic@0:adc@504 returned 1 after 37811 usecs
[   12.777675] initcall sc27xx_adc_read+0x2b0/0x2b8 [sc27xx_adc] returned 0 after 37634 usecs
[   12.777756] init: Loaded kernel module /lib/modules/sc27xx_adc.ko
[   12.777916] init: Loading module /lib/modules/sc27xx-poweroff.ko with args ''
[   12.780506] calling  sc27xx_poweroff_shutdown+0x184/0x198 [sc27xx_poweroff] @ 1
[   12.781160] probe of 64200000.spi:pmic@0:poweroff@1820 returned 1 after 74 usecs
[   12.781306] initcall sc27xx_poweroff_shutdown+0x184/0x198 [sc27xx_poweroff] returned 0 after 772 usecs
[   12.781380] init: Loaded kernel module /lib/modules/sc27xx-poweroff.ko
[   12.781526] init: Loading module /lib/modules/sc27xx-vibra.ko with args ''
[   12.784066] calling  sc27xx_vibra_play+0x3c/0x54 [sc27xx_vibra] @ 1
[   12.784626] input: sc27xx:vibrator as /devices/platform/soc/soc:aon/64200000.spi/spi_master/spi4/spi4.0/64200000.spi:pmic@0:vibrator@1b90/input/input35
[   12.784726] probe of 64200000.spi:pmic@0:vibrator@1b90 returned 1 after 235 usecs
[   12.784834] initcall sc27xx_vibra_play+0x3c/0x54 [sc27xx_vibra] returned 0 after 742 usecs
[   12.784880] init: Loaded kernel module /lib/modules/sc27xx-vibra.ko
[   12.785009] init: Loading module /lib/modules/sc27xx_typec.ko with args ''
[   12.787611] calling  sc27xx_typec_interrupt+0x228/0x23c [sc27xx_typec] @ 1
[   12.826960] sc27xx-typec 64200000.spi:pmic@0:typec@380: now works as DRP and is in 2 state, event 1
[   12.827283] probe of 64200000.spi:pmic@0:typec@380 returned 1 after 39308 usecs
[   12.827444] initcall sc27xx_typec_interrupt+0x228/0x23c [sc27xx_typec] returned 0 after 38887 usecs
[   12.827543] init: Loaded kernel module /lib/modules/sc27xx_typec.ko
[   12.827732] init: Loading module /lib/modules/sprd_tcpm.ko with args ''
[   12.832001] init: Loaded kernel module /lib/modules/sprd_tcpm.ko
[   12.832181] init: Loading module /lib/modules/sc27xx_pd.ko with args ''
[   12.834996] calling  sc27xx_pd_read_message+0x294/0x2fc [sc27xx_pd] @ 1
[   12.882952] sc27xx-typec-pd 64200000.spi:pmic@0:pd@e00: 64200000.spi:pmic@0:pd@e00 supply vbus not found, using dummy regulator
[   12.883086] sc27xx-typec-pd 64200000.spi:pmic@0:pd@e00: unable to get vddldo supply
[   12.883871] OF: graph: no port node found in /soc/aon/spi@64200000/pmic@0/pd@e00
[   12.884071] OF: graph: no port node found in /soc/aon/spi@64200000/pmic@0/pd@e00/connector
[   12.884075] OF: graph: no port node found in /soc/aon/spi@64200000/pmic@0/pd@e00/connector
[   12.884156] OF: graph: no port node found in /soc/aon/spi@64200000/pmic@0/pd@e00/connector
[   12.884210] OF: graph: no port node found in /soc/aon/spi@64200000/pmic@0/pd@e00/connector
[   12.884252] OF: graph: no port node found in /soc/aon/spi@64200000/pmic@0/pd@e00/connector
[   12.884285] OF: graph: no port node found in /soc/aon/spi@64200000/pmic@0/pd@e00/connector
[   12.884313] OF: graph: no port node found in /soc/aon/spi@64200000/pmic@0/pd@e00/connector
[   12.884637] sc27xx-typec-pd 64200000.spi:pmic@0:pd@e00: pd := off
[   12.884641] sc27xx-typec-pd 64200000.spi:pmic@0:pd@e00: vbus is already Off
[   12.884644] sc27xx-typec-pd 64200000.spi:pmic@0:pd@e00: charge is already Off
[   12.884648] sc27xx-typec-pd 64200000.spi:pmic@0:pd@e00: vconn NULL!!!
[   12.884847] probe of 64200000.spi:pmic@0:pd@e00 returned 1 after 49369 usecs
[   12.884996] initcall sc27xx_pd_read_message+0x294/0x2fc [sc27xx_pd] returned 0 after 48812 usecs
[   12.885044] sc27xx-typec-pd 64200000.spi:pmic@0:pd@e00: pd := off
[   12.885048] sc27xx-typec-pd 64200000.spi:pmic@0:pd@e00: vbus is already Off
[   12.885050] sc27xx-typec-pd 64200000.spi:pmic@0:pd@e00: charge is already Off
[   12.885053] sc27xx-typec-pd 64200000.spi:pmic@0:pd@e00: vconn NULL!!!
[   12.885093] init: Loaded kernel module /lib/modules/sc27xx_pd.ko
[   12.885258] init: Loading module /lib/modules/sprd_vote.ko with args ''
[   12.888135] init: Loaded kernel module /lib/modules/sprd_vote.ko
[   12.888274] init: Loading module /lib/modules/sprd_battery_info.ko with args ''
[   12.891035] init: Loaded kernel module /lib/modules/sprd_battery_info.ko
[   12.891201] init: Loading module /lib/modules/charger-manager.ko with args ''
[   12.896096] calling  cm_set_charge_control_limit+0xbc/0x15c [charger_manager] @ 1
[   12.896932] charger-manager charger-manager: cm_cap_remap_init_boundary, cap_remap_table[0].lb =1000,cap_remap_table[0].hb = 4000
[   12.896936] charger-manager charger-manager: cap_remap_table[0].lcap= 1,cap_remap_table[0].hcap = 2,cap_remap_table[0].cnt= 3
[   12.896941] charger-manager charger-manager: cm_cap_remap_init_boundary, cap_remap_table[1].lb =4000,cap_remap_table[1].hb = 6000
[   12.896945] charger-manager charger-manager: cap_remap_table[1].lcap= 2,cap_remap_table[1].hcap = 3,cap_remap_table[1].cnt= 2
[   12.896949] charger-manager charger-manager: cm_cap_remap_init_boundary, cap_remap_table[2].lb =101000,cap_remap_table[2].hb = 103000
[   12.896953] charger-manager charger-manager: cap_remap_table[2].lcap= 98,cap_remap_table[2].hcap = 99,cap_remap_table[2].cnt= 2
[   12.896957] charger-manager charger-manager: cm_cap_remap_init_boundary, cap_remap_table[3].lb =103000,cap_remap_table[3].hb = 106000
[   12.896961] charger-manager charger-manager: cap_remap_table[3].lcap= 99,cap_remap_table[3].hcap = 100,cap_remap_table[3].cnt= 3
[   12.896965] charger-manager charger-manager: cap_remap_total_cnt =106, cap_remap_table_len = 4
[   12.896980] charger-manager charger-manager: Ignoring full-battery soc(state of charge) threshold as it is not supplied
[   12.897087] charger-manager charger-manager: Cannot find power supply "sgm41510_charger"
[   12.897103] probe of charger-manager returned 0 after 257 usecs
[   12.897651] initcall cm_set_charge_control_limit+0xbc/0x15c [charger_manager] returned 0 after 1498 usecs
[   12.897765] init: Loaded kernel module /lib/modules/charger-manager.ko
[   12.897839] init: Loading module /lib/modules/sc27xx_fuel_gauge.ko with args ''
[   12.898953] mmc1: dll config 0xa0250d03, dll count 42, tuning length: 63
[   12.901958] calling  sc27xx_fgu_property_is_writeable+0x34/0x48 [sc27xx_fuel_gauge] @ 1
[   12.902459] mmc1: the best tuning step range 16-6(the length is 33)
[   12.902464] mmc1: the best step 32, phase 0xc3, delay value 0x72c3c37f
[   12.902479] mmc1: new ultra high speed SDR104 SDXC card at address 0001
[   12.902888] power_supply sc27xx-fgu: Mmatch: bat.id= fail in cmdline
[   12.902892] power_supply sc27xx-fgu: Batteryid = 0
[   12.902954] power_supply sc27xx-fgu: engy_dens_ocv_hi = 3800000, engy_dens_ocv_lo = 3350000
[   12.902957] power_supply sc27xx-fgu: engy_dens_ocv_hi = 4390000, engy_dens_ocv_lo = 4150000
[   12.902995] mmcblk1: mmc1:0001 EC2QT 59.6 GiB 
[   12.903113] sc27xx-fgu 64200000.spi:pmic@0:fgu@c00: shutdown_rtc_time = 1772410406, charge_cycle = 7077, basp = -1, learned_mah = 538317936
[   12.913155] mmcblk1: p1
[   12.913874] probe of mmc1:0001 returned 1 after 11282 usecs
[   12.914455] charger-manager charger-manager: cm_cap_remap_init_boundary, cap_remap_table[0].lb =1000,cap_remap_table[0].hb = 4000
[   12.914460] charger-manager charger-manager: cap_remap_table[0].lcap= 1,cap_remap_table[0].hcap = 2,cap_remap_table[0].cnt= 3
[   12.914463] charger-manager charger-manager: cm_cap_remap_init_boundary, cap_remap_table[1].lb =4000,cap_remap_table[1].hb = 6000
[   12.914467] charger-manager charger-manager: cap_remap_table[1].lcap= 2,cap_remap_table[1].hcap = 3,cap_remap_table[1].cnt= 2
[   12.914471] charger-manager charger-manager: cm_cap_remap_init_boundary, cap_remap_table[2].lb =101000,cap_remap_table[2].hb = 103000
[   12.914475] charger-manager charger-manager: cap_remap_table[2].lcap= 98,cap_remap_table[2].hcap = 99,cap_remap_table[2].cnt= 2
[   12.914478] charger-manager charger-manager: cm_cap_remap_init_boundary, cap_remap_table[3].lb =103000,cap_remap_table[3].hb = 106000
[   12.914483] charger-manager charger-manager: cap_remap_table[3].lcap= 99,cap_remap_table[3].hcap = 100,cap_remap_table[3].cnt= 3
[   12.914487] charger-manager charger-manager: cap_remap_total_cnt =106, cap_remap_table_len = 4
[   12.914501] charger-manager charger-manager: Ignoring full-battery soc(state of charge) threshold as it is not supplied
[   12.914596] charger-manager charger-manager: Cannot find power supply "sgm41510_charger"
[   12.914613] probe of charger-manager returned 0 after 238 usecs
[   12.920955] sc27xx-fgu 64200000.spi:pmic@0:fgu@c00: oci_ma = 0, vol_mv = 3795, pocv = 3795000
[   12.920991] sc27xx-fgu 64200000.spi:pmic@0:fgu@c00: low ernergy dens matched, vol = 3795000
[   12.921060] sc27xx-fgu 64200000.spi:pmic@0:fgu@c00: Boot calib: shutdown time = 50 not meet
[   12.921791] sc27xx-fgu 64200000.spi:pmic@0:fgu@c00: init: boot_cap = 151, normal_cap = 173
[   12.922980] sc27xx-fgu 64200000.spi:pmic@0:fgu@c00: end_vol = 4295, end_cur = 130
[   12.923571] charger-manager charger-manager: cm_cap_remap_init_boundary, cap_remap_table[0].lb =1000,cap_remap_table[0].hb = 4000
[   12.923575] charger-manager charger-manager: cap_remap_table[0].lcap= 1,cap_remap_table[0].hcap = 2,cap_remap_table[0].cnt= 3
[   12.923580] charger-manager charger-manager: cm_cap_remap_init_boundary, cap_remap_table[1].lb =4000,cap_remap_table[1].hb = 6000
[   12.923583] charger-manager charger-manager: cap_remap_table[1].lcap= 2,cap_remap_table[1].hcap = 3,cap_remap_table[1].cnt= 2
[   12.923587] charger-manager charger-manager: cm_cap_remap_init_boundary, cap_remap_table[2].lb =101000,cap_remap_table[2].hb = 103000
[   12.923591] charger-manager charger-manager: cap_remap_table[2].lcap= 98,cap_remap_table[2].hcap = 99,cap_remap_table[2].cnt= 2
[   12.923595] charger-manager charger-manager: cm_cap_remap_init_boundary, cap_remap_table[3].lb =103000,cap_remap_table[3].hb = 106000
[   12.923600] charger-manager charger-manager: cap_remap_table[3].lcap= 99,cap_remap_table[3].hcap = 100,cap_remap_table[3].cnt= 3
[   12.923604] charger-manager charger-manager: cap_remap_total_cnt =106, cap_remap_table_len = 4
[   12.923616] charger-manager charger-manager: Ignoring full-battery soc(state of charge) threshold as it is not supplied
[   12.923707] charger-manager charger-manager: Cannot find power supply "sgm41510_charger"
[   12.923720] probe of charger-manager returned 0 after 224 usecs
[   12.923765] probe of 64200000.spi:pmic@0:fgu@c00 returned 1 after 21248 usecs
[   12.923938] initcall sc27xx_fgu_property_is_writeable+0x34/0x48 [sc27xx_fuel_gauge] returned 0 after 21450 usecs
[   12.924065] init: Loaded kernel module /lib/modules/sc27xx_fuel_gauge.ko
[   12.924251] init: Loading module /lib/modules/sgm41510-charger.ko with args ''
[   12.927537] calling  sgm41510_charger_vbus_is_enabled+0x58/0xcc [sgm41510_charger] @ 1
[   12.927629] sgm41510_chg 5-006b: pd_extcon_enable :1
[   12.928281] power_supply sgm41510_charger: Mmatch: bat.id= fail in cmdline
[   12.928284] power_supply sgm41510_charger: Batteryid = 0
[   12.928362] power_supply sgm41510_charger: engy_dens_ocv_hi = 3800000, engy_dens_ocv_lo = 3350000
[   12.928365] power_supply sgm41510_charger: engy_dens_ocv_hi = 4390000, engy_dens_ocv_lo = 4150000
[   12.933106] sgm41510_chg 5-006b: battery present = 1, charger type = 1
[   12.934556] charger-manager charger-manager: cm_cap_remap_init_boundary, cap_remap_table[0].lb =1000,cap_remap_table[0].hb = 4000
[   12.934561] charger-manager charger-manager: cap_remap_table[0].lcap= 1,cap_remap_table[0].hcap = 2,cap_remap_table[0].cnt= 3
[   12.934565] charger-manager charger-manager: cm_cap_remap_init_boundary, cap_remap_table[1].lb =4000,cap_remap_table[1].hb = 6000
[   12.934569] charger-manager charger-manager: cap_remap_table[1].lcap= 2,cap_remap_table[1].hcap = 3,cap_remap_table[1].cnt= 2
[   12.934573] charger-manager charger-manager: cm_cap_remap_init_boundary, cap_remap_table[2].lb =101000,cap_remap_table[2].hb = 103000
[   12.934577] charger-manager charger-manager: cap_remap_table[2].lcap= 98,cap_remap_table[2].hcap = 99,cap_remap_table[2].cnt= 2
[   12.934580] charger-manager charger-manager: cm_cap_remap_init_boundary, cap_remap_table[3].lb =103000,cap_remap_table[3].hb = 106000
[   12.934584] charger-manager charger-manager: cap_remap_table[3].lcap= 99,cap_remap_table[3].hcap = 100,cap_remap_table[3].cnt= 3
[   12.934588] charger-manager charger-manager: cap_remap_total_cnt =106, cap_remap_table_len = 4
[   12.934599] charger-manager charger-manager: Ignoring full-battery soc(state of charge) threshold as it is not supplied
[   12.934686] charger-manager charger-manager: Cannot validate charge voltage
[   12.934765] charger-manager charger-manager: POWER_SUPPLY_PROP_CURRENT_NOW is present
[   12.934769] probe of 5-006b returned 1 after 7179 usecs
[   12.934836] initcall sgm41510_charger_vbus_is_enabled+0x58/0xcc [sgm41510_charger] returned 0 after 7113 usecs
[   12.934928] init: Loaded kernel module /lib/modules/sgm41510-charger.ko
[   12.935104] init: Loading module /lib/modules/bq2597x-charger.ko with args ''
[   12.936160] charger-manager charger-manager: POWER_SUPPLY_PROP_TEMP is present
[   12.936179] charger-manager charger-manager: 'vddgen0' regulator's externally_control is 0
[   12.936963] power_supply battery: Mmatch: bat.id= fail in cmdline
[   12.936967] power_supply battery: Batteryid = 0
[   12.937033] power_supply battery: engy_dens_ocv_hi = 3800000, engy_dens_ocv_lo = 3350000
[   12.937036] power_supply battery: engy_dens_ocv_hi = 4390000, engy_dens_ocv_lo = 4150000
[   12.937069] charger-manager charger-manager: SPRD_BATTERY_INFO: internal_resist = 193, us = 4432000, constant_charge_voltage_max_uv = 4432000, fchg_ocv_threshold = 4100000, cp_target_vbat = 4432000, cp_max_ibat = 5000000, cp_target_ibat = 5000000 cp_max_ibus = 2700000, sdp_limit = 500000, sdp_cur = 500000, dcp_limit = 2200000, dcp_cur = 2000000, cdp_limit = 1500000, cdp_cur = 1500000, unknown_limit=2000000, unknown_cur = 2000000. fchg_limit = 2000000, fchg_cur = 3350000, flash_limit = 2700000, flash_cur = 5000000, wl_bpp_limit = 1000000, wl_bpp_cur= 1000000, wl_epp_limit = 1000000, wl_epp_cur = 2000000, fullbatt_uV= 4370000, fullbatt_uA= 260000, cm->desc->first_fullbatt_uA = 260000, us_upper_limit = 4500000, rc = 20, cp_upper_limit_offset = 100000, force_jeita_status = 2
[   12.937107] charger-manager charger-manager: cm_update_charge_info, chgr type = 1, fchg_en = 0, cp_running = 0, cp_recovery = 0 max chg_lmt_cur = 500000uA, max inpt_lmt_cur = 500000uA, max chg_volt = 6000000uV, chg_volt_drop = 700000, adapter_chg_volt = 5000mV, thm_cur = -22, chg_info_cmd = 0xb, jeita_size = 4
[   12.937114] charger-manager charger-manager: cm_sprd_vote_callback, VOTE_TYPE_IBAT[500000]
[   12.937593] sgm41510_chg 5-006b: current = 500, reg_val = 7
[   12.937598] charger-manager charger-manager: cm_sprd_vote_callback, VOTE_TYPE_IBUS[500000]
[   12.938113] charger-manager charger-manager: cm_manager_get_jeita_status: jeita status:(2) 2 2, temperature:356, jeita_size:4
[   12.938118] charger-manager charger-manager: target terminate voltage = 4432000, target current = 500000
[   12.938122] charger-manager charger-manager: cm_sprd_vote_callback, VOTE_TYPE_IBAT[500000]
[   12.938156] calling  bq2597x_check_alarm_status+0x410/0x458 [bq2597x_charger] @ 1
[   12.938230] initcall bq2597x_check_alarm_status+0x410/0x458 [bq2597x_charger] returned 0 after 63 usecs
[   12.938310] init: Loaded kernel module /lib/modules/bq2597x-charger.ko
[   12.938384] sgm41510_chg 5-006b: current = 500, reg_val = 7
[   12.938388] charger-manager charger-manager: cm_sprd_vote_callback, VOTE_TYPE_CCCV[4432000]
[   12.938484] init: Loading module /lib/modules/sc2730_fast_charger.ko with args ''
[   12.938647] charger-manager charger-manager: cm_manager_get_jeita_status: jeita status:(2) 2 2, temperature:356, jeita_size:4
[   12.938651] charger-manager charger-manager: current-last jeita status: 2--1, current temperature: 356
[   12.938654] charger-manager charger-manager: target terminate voltage = 4432000, target current = 500000
[   12.938658] vote_gov:VOTE_TYPE_IBAT vote the same vote_client[0].value = 500000, value = 500000; vote_client[0].enable = 1, enable = 1
[   12.938662] vote_gov:VOTE_TYPE_CCCV vote the same vote_client[0].value = 4432000, value = 4432000; vote_client[0].enable = 1, enable = 1
[   12.940999] calling  sc2730_fchg_disable+0xdc/0x114 [sc2730_fast_charger] @ 1
[   12.941635] vote_gov:VOTE_TYPE_CCCV vote the same vote_client[1].value = 0, value = 0; vote_client[1].enable = 0, enable = 0
[   12.941639] charger-manager charger-manager: cm_ir_compensation_enable enable ir compensation
[   12.941665] charger-manager charger-manager: Cannot find power supply "sc2730_fast_charger"
[   12.941669] charger-manager charger-manager: battery_status 1, charging_status 0
[   12.941677] charger-manager charger-manager: cm_manager_get_jeita_status: jeita status:(2) 2 2, temperature:356, jeita_size:4
[   12.941680] charger-manager charger-manager: current-last jeita status: 2-2, current temperature: 356
[   12.941791] probe of 64200000.spi:pmic@0:fchg@400 returned 1 after 253 usecs
[   12.941941] initcall sc2730_fchg_disable+0xdc/0x114 [sc2730_fast_charger] returned 0 after 908 usecs
[   12.942008] init: Loaded kernel module /lib/modules/sc2730_fast_charger.ko
[   12.942172] init: Loading module /lib/modules/hl1506_charger.ko with args ''
[   12.942485] sc27xx-fgu 64200000.spi:pmic@0:fgu@c00: UUSOC: cur_avg_ma = 121, resistance_moh = 0, ocv_pzero_uv = 3400000, ocv_pzero_cap = 0, ocv_pzero_mah = 0
[   12.943719] charger-manager charger-manager: battery_status 1, charging_status 0
[   12.943834] probe of charger-manager returned 1 after 9357 usecs
[   12.944090] power_supply sc27xx-fgu: driver failed to report `calibrate' property: -22
[   12.944400] calling  hl1506_charger_property_is_writeable+0x38/0x5c [hl1506_charger] @ 1
[   12.944473] initcall hl1506_charger_property_is_writeable+0x38/0x5c [hl1506_charger] returned 0 after 63 usecs
[   12.944527] init: Loaded kernel module /lib/modules/hl1506_charger.ko
[   12.944693] init: Loading module /lib/modules/nu1619_wireless_charger.ko with args ''
[   12.948102] calling  nu1619_prop_is_writeable+0x20/0x7c [nu1619_wireless_charger] @ 1
[   12.948166] initcall nu1619_prop_is_writeable+0x20/0x7c [nu1619_wireless_charger] returned 0 after 53 usecs
[   12.948232] init: Loaded kernel module /lib/modules/nu1619_wireless_charger.ko
[   12.948386] init: Loading module /lib/modules/misc_sprd_uid.ko with args ''
[   12.950618] calling  uid_show+0x50/0x64 [misc_sprd_uid] @ 1
[   12.950850] probe of sprd_uid returned 1 after 159 usecs
[   12.951377] initcall uid_show+0x50/0x64 [misc_sprd_uid] returned 0 after 730 usecs
[   12.951437] init: Loaded kernel module /lib/modules/misc_sprd_uid.ko
[   12.951602] init: Loading module /lib/modules/chipone_tddi.ko with args ''
[   12.962408] calling  __typeid__ZTSFiPK10cts_devicejjmE_global_addr+0x144/0x5d4 [chipone_tddi] @ 1
[   12.962416] <I>CTS-Driver Chipone touch driver init, version: v1.36.3
[   12.962417] <I>CTS-Driver  - Register spi driver
[   12.962536] <I>CTS-SPIDrv Probe spi device 'chipone-tddi': mode='0' speed=10000000 bits_per_word=8 chip_select=0, cs_gpio=-2 irq=92
[   12.962541] <I>CTS-Plat Init
[   12.962543] <I>CTS-Plat Parse device tree
[   12.962557] <I>CTS-Plat   int gpio    : 208
[   12.962562] <I>CTS-Plat   irq num     : 92
[   12.962569] <I>CTS-Plat   rst gpio    : 209
[   12.962573] <I>CTS-Plat   X resolution: 720
[   12.962575] <I>CTS-Plat   Y resolution: 1600
[   12.962703] input: chipone-tddi as /devices/platform/soc/soc:ap-apb/20150000.spi/spi_master/spi3/spi3.0/input/input36
[   12.962913] <I>CTS-Plat Run thread for IRQ success
[   12.962924] <I>CTS-Plat IRQ thread start ...
[   12.963081] <I>CTS-Plat Request resource
[   12.963115] <I>CTS-Plat Reset device
[   13.014159] <I>CTS-Core Probe device
[   13.014410] <I>CTS-Core Get device firmware id
[   13.014626] <I>CTS-Core Device firmware id: 9954
[   13.014628] <I>CTS-Core Init firmware data
[   13.014849] <I>CTS-Core   Firmware version        : 0205
[   13.015259] <I>CTS-Core   Fimrware lib verion     : v2.f0
[   13.015461] <I>CTS-Core   DDI init code verion    : 00
[   13.015675] <I>CTS-Core   X resolution            : 719
[   13.015887] <I>CTS-Core   Y resolution            : 1599
[   13.016088] <I>CTS-Core   Num rows                : 32
[   13.016291] <I>CTS-Core   Num cols                : 18
[   13.016494] <I>CTS-Core   Flip X                  : True
[   13.016496] <I>CTS-Core   Flip Y                  : False
[   13.016705] <I>CTS-Core   Swap axes               : False
[   13.016909] <I>CTS-Core   Int polarity            : LOW
[   13.017123] <I>CTS-Core   Int keep time           : 3000
[   13.017344] <I>CTS-Core   Raw target value        : 2000
[   13.017563] <I>CTS-Core   Gstr Raw target value   : 2000
[   13.017773] <I>CTS-Core   Esd method              : 1
[   13.017984] <I>CTS-Core   Headphone cable reject  : True
[   13.017987] <I>CTS-Core Init hardware data hwid: ffffffff fwid: 9954
[   13.018024] <I>CTS-Plat Init touch device
[   13.018027] <I>CTS-Plat Init gesture
[   13.018031] <I>CTS-Core Init ESD protection
[   13.018033] <I>CTS-Tool Init
[   13.018038] <I>CTS-Sysfs Add device attr groups
[   13.018152] <I>CTS-CDev Init
[   13.018167] <I>CTS-CDev Allocated cdev major: 491, minor: 0
[   13.018252] <I>CTS-Driver Init FB notifier
[   13.018254] <I>CTS-Plat Request IRQ flags: 0x2002
[   13.018316] <I>CTS-Charger Init detect
[   13.018317] <I>CTS-Charger Parse dt
[   13.018326] <W>CTS-Charger Parse charger detect type failed -22(EINVAL, Invalid argument)
[   13.018330] <W>CTS-Charger Parse power supply name failed -22(EINVAL, Invalid argument)
[   13.018334] <W>CTS-Charger Parse power supply prop failed -22(EINVAL, Invalid argument)
[   13.018337] <W>CTS-Charger Parse power supply prop polling interval failed -22(EINVAL, Invalid argument)
[   13.018339] <I>CTS-Charger Detect: DISABLED
[   13.018341] <I>CTS-Charger   Type    : notify
[   13.018343] <I>CTS-Charger   PSY Name: usb, prop: 4(POWER_SUPPLY_PROP_ONLINE)
[   13.018345] <I>CTS-Charger   Poll Int: 2000ms
[   13.018356] <I>CTS-Charger Create sysfs attr group 'charger-det'
[   13.018366] <I>CTS-Earjack Init detect
[   13.018368] <I>CTS-Earjack Parse dt
[   13.018371] <W>CTS-Earjack Parse state filepath failed -22(EINVAL, Invalid argument)
[   13.018373] <W>CTS-Earjack Parse poll interval failed -22(EINVAL, Invalid argument)
[   13.018375] <I>CTS-Earjack Detect: DISABLED
[   13.018376] <I>CTS-Earjack   Filepath: ''
[   13.018378] <I>CTS-Earjack   Poll Int: 2000ms
[   13.018379] <I>CTS-Earjack Create sysfs attr group 'earjack-det'
[   13.018388] <I>CTS-Oem Init
[   13.018389] <I>CTS-Oem  - Create '/proc/tp_selftest'
[   13.018404] <I>CTS-Driver Create sysfs ts_suspend group succesfully!
[   13.018472] probe of spi3.0 returned 1 after 56026 usecs
[   13.018560] initcall __typeid__ZTSFiPK10cts_devicejjmE_global_addr+0x144/0x5d4 [chipone_tddi] returned 0 after 54783 usecs
[   13.018746] init: Loaded kernel module /lib/modules/chipone_tddi.ko
[   13.018924] init: Loading module /lib/modules/musb_hdrc.ko with args ''
[   13.027685] calling  __typeid__ZTSFi19musb_vbus_id_statusE_global_addr+0x10/0x38 [musb_hdrc] @ 1
[   13.028111] initcall __typeid__ZTSFi19musb_vbus_id_statusE_global_addr+0x10/0x38 [musb_hdrc] returned 0 after 375 usecs
[   13.028288] init: Loaded kernel module /lib/modules/musb_hdrc.ko
[   13.028471] init: Loading module /lib/modules/musb_sprd.ko with args ''
[   13.031813] calling  sprd_musb_interrupt+0x244/0x28c [musb_sprd] @ 1
[   13.032455] musb-sprd 64900000.usb: failed to get pmu regmap!
[   13.032679] (NULL device *): sprd_musb_enable:SOFTDISCONN
[   13.041304] sgm41510_chg 5-006b: sgm41510_charger_dump_register: [REG_0x00]=0x04; [REG_0x01]=0x06; [REG_0x02]=0x11; [REG_0x03]=0x1a; [REG_0x04]=0x07; [REG_0x05]=0x12; [REG_0x06]=0x96; [REG_0x07]=0x9f; [REG_0x08]=0x03; [REG_0x09]=0x44; [REG_0x0a]=0x70; [REG_0x0b]=0x56; [REG_0x0c]=0x00; [REG_0x0d]=0x8d; [REG_0x0e]=0x00; [REG_0x0f]=0x00; [REG_0x10]=0x00; [REG_0x11]=0x80; [REG_0x12]=0x00; [REG_0x13]=0x40; [REG_0x14]=0x00; [REG_0x15]=0x0c; 
[   13.063339] musb-hdrc musb-hdrc.1.auto: MUSB HDRC host driver
[   13.063365] musb-hdrc musb-hdrc.1.auto: new USB bus registered, assigned bus number 1
[   13.063492] usb usb1: New USB device found, idVendor=1d6b, idProduct=0002, bcdDevice= 5.04
[   13.063496] usb usb1: New USB device strings: Mfr=3, Product=2, SerialNumber=1
[   13.063500] usb usb1: Product: MUSB HDRC host driver
[   13.063503] usb usb1: Manufacturer: Linux 5.4.254-ab181 musb-hcd
[   13.063506] usb usb1: SerialNumber: musb-hdrc.1.auto
[   13.063757] hub 1-0:1.0: USB hub found
[   13.063785] hub 1-0:1.0: 1 port detected
[   13.063948] probe of 1-0:1.0 returned 1 after 214 usecs
[   13.064020] probe of usb1 returned 1 after 364 usecs
[   13.074900] probe of musb-hdrc.1.auto returned 1 after 42273 usecs
[   13.075053] probe of 64900000.usb returned 1 after 42837 usecs
[   13.075392] initcall sprd_musb_interrupt+0x244/0x28c [musb_sprd] returned 0 after 42539 usecs
[   13.075505] init: Loaded kernel module /lib/modules/musb_sprd.ko
[   13.075694] init: Loading module /lib/modules/agdsp_access.ko with args ''
[   13.079109] calling  agdsp_access_init_thread+0x210/0x220 [agdsp_access] @ 1
[   13.079463] [sprd-aud-agdsp] agdsp_access_probe auto agcp access = 0
[   13.079473] [sprd-aud-agdsp] audcp_pmu_sleep_ctrl:reg:850,mask:8
[   13.079476] [sprd-aud-agdsp] audcp_pmu_slp_status:reg:860,mask:f000
[   13.079478] [sprd-aud-agdsp] audcp_pmu_pwr_status4:reg:544,mask:1f00
[   13.079481] [sprd-aud-agdsp] audcp_pmu_pwr_status3:reg:544,mask:1f0000
[   13.079484] [sprd-aud-agdsp] ap_access_ena:reg:14c,mask:20
[   13.080133] probe of soc:agcp:agdsp-access returned 1 after 701 usecs
[   13.080289] [sprd-aud-agdsp] Failed to open channel 0,dst=0,rval=-19
[   13.080420] initcall agdsp_access_init_thread+0x210/0x220 [agdsp_access] returned 0 after 1263 usecs
[   13.080528] init: Loaded kernel module /lib/modules/agdsp_access.ko
[   13.080756] init: Loading module /lib/modules/audio_mem.ko with args ''
[   13.083993] calling  audio_smem_init+0xd4/0xe4 [audio_mem] @ 1
[   13.084498] [Audio:MEM] dsp_bin (addr, size): (0x89000000, 0x600000)
[   13.084513] [Audio:MEM] audio_mem_sharkl5_parse_dt ddr32 (COMMD_PARAMS), (SMS), (AUD_STRUCT), (DSP_VBC), (SHM_NXP), (SHM_IVS_SMARTPA) (SHM_REG_DUMP)
[   13.084518] [Audio:MEM] ddr32 (addr, size) (0x94380000, 0x400), (0x94380400, 0xa10), (0x94380e10, 0x400), (0x94381210, 0x1400), (0x94382610, 0x400), (0x94382a10, 0x1000), (0x94383a10, 0x400)
[   13.084521] [Audio:MEM] audio_mem_sharkl5_parse_dt iram_ap_base=0x56800000
[   13.084525] [Audio:MEM] audio_mem_sharkl5_parse_dt iram_dsp_base=0x56800000
[   13.084531] [Audio:MEM] audio_mem_sharkl5_parse_dt audio iram(OFFLOAD), (NORMAL_CAP NODE1), (NORMAL_CAP NODE2), (NORMAL_CAP DATA)
[   13.084534] [Audio:MEM] iram(addr size), (0x56800000,0x5c00), (0x56805e00,0x200), (0x56807e00,0x200), (0x56806000,0x1e00)
[   13.084541] [Audio:MEM] iram audcp aon (addr size), (0x65009400, 0x1000)
[   13.084555] [Audio:MEM] audio_mem_sharkl5_probe addr= 0x94380e10, size=0x400
[   13.084557] [Audio:MEM] audio_mem_sharkl5_probe addr= 0x94381210, size=0x1400
[   13.084559] [Audio:MEM] audio_mem_sharkl5_probe addr= 0x94382610, size=0x400
[   13.084560] [Audio:MEM] audio_mem_sharkl5_probe addr= 0x94383a10, size=0x400
[   13.084562] [Audio:MEM] audio_mem_sharkl5_probe addr= 0x94382a10, size=0x1000
[   13.084564] [Audio:MEM] audio_mem_sharkl5_probe addr= 0x94100000, size=0x200000
[   13.084566] [Audio:MEM] audio_mem_sharkl5_probe addr= 0x94380000, size=0x400
[   13.084568] [Audio:MEM] audio_mem_sharkl5_probe addr= 0x94380400, size=0xa10
[   13.084570] [Audio:MEM] audio_mem_sharkl5_probe addr= 0x56800000, size=0x5c00
[   13.084571] [Audio:MEM] audio_mem_sharkl5_probe addr= 0x94300000, size=0x80000
[   13.084573] [Audio:MEM] audio_mem_sharkl5_probe addr= 0x0, size=0x0
[   13.084574] [Audio:MEM] audio_mem_sharkl5_probe addr= 0x0, size=0x0
[   13.084575] [Audio:MEM] audio_mem_sharkl5_probe addr= 0x0, size=0x0
[   13.084577] [Audio:MEM] audio_mem_sharkl5_probe addr= 0x0, size=0x0
[   13.084578] [Audio:MEM] audio_mem_sharkl5_probe addr= 0x0, size=0x0
[   13.084580] [Audio:MEM] audio_mem_sharkl5_probe addr= 0x0, size=0x0
[   13.084581] [Audio:MEM] audio_mem_sharkl5_probe addr= 0x0, size=0x0
[   13.084582] [Audio:MEM] audio_mem_sharkl5_probe addr= 0x56805e00, size=0x200
[   13.084584] [Audio:MEM] audio_mem_sharkl5_probe addr= 0x56807e00, size=0x200
[   13.084585] [Audio:MEM] audio_mem_sharkl5_probe addr= 0x56806000, size=0x1e00
[   13.084587] [Audio:MEM] audio_mem_sharkl5_probe addr= 0x89000000, size=0x600000
[   13.084588] [Audio:MEM] audio_mem_sharkl5_probe addr= 0x65009400, size=0x1000
[   13.084644] probe of audio-mem-mgr returned 1 after 193 usecs
[   13.084946] initcall audio_smem_init+0xd4/0xe4 [audio_mem] returned 0 after 919 usecs
[   13.085021] init: Loaded kernel module /lib/modules/audio_mem.ko
[   13.085186] init: Loading module /lib/modules/audio_sipc.ko with args ''
[   13.089519] calling  aud_smsg_syscore_suspend+0x8c/0x94 [audio_sipc] @ 1
[   13.089878] [Audio:SIPC] audio_sipc_probe in
[   13.089881] [Audio:SIPC] aud_ipc_init
[   13.089884] [Audio:MEM] audio_mem_alloc mem_type=7 addr = 0x94380400, size=0xa10
[   13.089907] [Audio:SIPC] audio_sipc_create: ioremap txbuf: vbase=0xffffffc015800400, pbase=0x94380400, size=0x500
[   13.089909] [Audio:SIPC] audio_sipc_create successfully
[   13.089911] [Audio:MEM] audio_mem_alloc mem_type=6 addr = 0x94380000, size=0x400
[   13.089914] [Audio:MEM] audio_mem_alloc mem_type=0 addr = 0x94380e10, size=0x400
[   13.089919] [Audio:MEM] audio_mem_alloc mem_type=1 addr = 0x94381210, size=0x1400
[   13.089934] [Audio:MEM] audio_mem_alloc mem_type=2 addr = 0x94382610, size=0x400
[   13.089939] [Audio:MEM] audio_mem_alloc mem_type=3 addr = 0x94383a10, size=0x400
[   13.089943] [Audio:MEM] audio_mem_alloc mem_type=4 addr = 0x94382a10, size=0x1000
[   13.089968] unisoc-mailbox 641c0000.mailbox: startup chan-5
[   13.089971] [Audio:SIPC] mailbox request success
[   13.090045] probe of audio-sipc returned 1 after 193 usecs
[   13.090285] initcall aud_smsg_syscore_suspend+0x8c/0x94 [audio_sipc] returned 0 after 730 usecs
[   13.090372] init: Loaded kernel module /lib/modules/audio_sipc.ko
[   13.090447] init: Loading module /lib/modules/audio-dsp-dump.ko with args ''
[   13.094100] calling  _copy_to_user+0x144/0x170 [audio_dsp_dump] @ 1
[   13.094507] [Audio:DSPDUMP] audio_dsp_probe in
[   13.094514] [Audio:DSPDUMP] audio_dsp_parse_dt, no sprd-txblocknum
[   13.094515] [Audio:DSPDUMP] audio_dsp_parse_dt, no sprd-txblocknum
[   13.094518] [Audio:DSPDUMP] audio_dsp_probe:name=audio_dsp_log, dst=1, channel=4
[   13.094520] [Audio:DSPDUMP] txblocknum=0,txblocksize=0 rxblocknum=8,rxblocksize=8192
[   13.094521] [Audio:DSPDUMP] begin to creat sblock
[   13.094526] [Audio:SBLCK] audio_sblock_ch_open aud_smsg_ch_opened dst 1,channel=4
[   13.094533] [Audio:MEM] audio_mem_alloc mem_type=5 addr = 0x94100000, size=0x100e0
[   13.094534] [Audio:SBLCK] audio_sblock_create smem_addr is 0x94100000
[   13.094556] [Audio:SBLCK] summer: audio_sblock_create head size is 96
[   13.094561] [Audio:SBLCK] summer audio_sblock_create:p_rxblks[0].addr 0x94100060, 0xffffffc01581a0a0
[   13.094564] [Audio:SBLCK] summer audio_sblock_create:p_rxblks[1].addr 0x94102060, 0xffffffc01581a0a8
[   13.094567] [Audio:SBLCK] summer audio_sblock_create:p_rxblks[2].addr 0x94104060, 0xffffffc01581a0b0
[   13.094570] [Audio:SBLCK] summer audio_sblock_create:p_rxblks[3].addr 0x94106060, 0xffffffc01581a0b8
[   13.094573] [Audio:SBLCK] summer audio_sblock_create:p_rxblks[4].addr 0x94108060, 0xffffffc01581a0c0
[   13.094576] [Audio:SBLCK] summer audio_sblock_create:p_rxblks[5].addr 0x9410a060, 0xffffffc01581a0c8
[   13.094579] [Audio:SBLCK] summer audio_sblock_create:p_rxblks[6].addr 0x9410c060, 0xffffffc01581a0d0
[   13.094582] [Audio:SBLCK] summer audio_sblock_create:p_rxblks[7].addr 0x9410e060, 0xffffffc01581a0d8
[   13.094583] [Audio:SBLCK] summer : poolhd->rxblk_wrptr 8
[   13.094965] [Audio:SBLCK] audio_sblock_thread: send smem_addr  to dsp,  sblock->channel=4
[   13.094969] [Audio:SMSG] warning aud_smsg_recv cache is empty!
[   13.094972] [Audio:SIPC] aud_recv_cmd channel =4 cmd=33 ENODATA
[   13.094975] [Audio:SIPC] aud_send_msg,cmd: 0x21, value0: 0x1, value1: 0x94100000,
[   13.094976] [Audio:SIPC]  value2: 0x100e0, value3: 0x0
[   13.094979] [Audio:SMSG] aud_smsg_send: dst=1, channel=4
[   13.095020] [Audio:DSPDUMP] dsp_log_tp_probe success  audio_dsp_log
[   13.095069] probe of audio-dsp-dump@0 returned 1 after 586 usecs
[   13.095092] [Audio:DSPDUMP] audio_dsp_probe in
[   13.095097] [Audio:DSPDUMP] audio_dsp_parse_dt, no sprd-txblocknum
[   13.095099] [Audio:DSPDUMP] audio_dsp_parse_dt, no sprd-txblocknum
[   13.095101] [Audio:DSPDUMP] audio_dsp_probe:name=audio_dsp_pcm, dst=1, channel=3
[   13.095104] [Audio:DSPDUMP] txblocknum=0,txblocksize=0 rxblocknum=8,rxblocksize=8192
[   13.095105] [Audio:DSPDUMP] begin to creat sblock
[   13.095107] [Audio:SBLCK] audio_sblock_ch_open aud_smsg_ch_opened dst 1,channel=3
[   13.095111] [Audio:MEM] audio_mem_alloc mem_type=5 addr = 0x94111000, size=0x100e0
[   13.095112] [Audio:SBLCK] audio_sblock_create smem_addr is 0x94111000
[   13.095132] [Audio:SBLCK] summer: audio_sblock_create head size is 96
[   13.095136] [Audio:SBLCK] summer audio_sblock_create:p_rxblks[0].addr 0x94111060, 0xffffffc01583a0a0
[   13.095139] [Audio:SBLCK] summer audio_sblock_create:p_rxblks[1].addr 0x94113060, 0xffffffc01583a0a8
[   13.095142] [Audio:SBLCK] summer audio_sblock_create:p_rxblks[2].addr 0x94115060, 0xffffffc01583a0b0
[   13.095144] [Audio:SBLCK] summer audio_sblock_create:p_rxblks[3].addr 0x94117060, 0xffffffc01583a0b8
[   13.095147] [Audio:SBLCK] summer audio_sblock_create:p_rxblks[4].addr 0x94119060, 0xffffffc01583a0c0
[   13.095150] [Audio:SBLCK] summer audio_sblock_create:p_rxblks[5].addr 0x9411b060, 0xffffffc01583a0c8
[   13.095153] [Audio:SBLCK] summer audio_sblock_create:p_rxblks[6].addr 0x9411d060, 0xffffffc01583a0d0
[   13.095155] [Audio:SBLCK] summer audio_sblock_create:p_rxblks[7].addr 0x9411f060, 0xffffffc01583a0d8
[   13.095156] [Audio:SBLCK] summer : poolhd->rxblk_wrptr 8
[   13.095470] [Audio:SBLCK] audio_sblock_thread: send smem_addr  to dsp,  sblock->channel=3
[   13.095473] [Audio:SMSG] warning aud_smsg_recv cache is empty!
[   13.095476] [Audio:SIPC] aud_recv_cmd channel =3 cmd=33 ENODATA
[   13.095478] [Audio:SIPC] aud_send_msg,cmd: 0x21, value0: 0x1, value1: 0x94111000,
[   13.095480] [Audio:SIPC]  value2: 0x100e0, value3: 0x0
[   13.095482] [Audio:SMSG] aud_smsg_send: dst=1, channel=3
[   13.095488] [Audio:DSPDUMP] dsp_log_tp_probe success  audio_dsp_pcm
[   13.095516] probe of audio-dsp-dump@1 returned 1 after 437 usecs
[   13.095538] [Audio:DSPDUMP] audio_dsp_probe in
[   13.095543] [Audio:DSPDUMP] sprd-usemem-bytes 524288
[   13.095557] [Audio:DSPDUMP] audio_dsp_log.c: dsp_mem_dump: dump1_p:56200000,size:65536, 2:65009400, 4096,3:89300000,389120
[   13.095559] [Audio:DSPDUMP] audio_dsp_probe:name=audio_dsp_mem, dst=1, channel=5
[   13.095560] [Audio:DSPDUMP] txblocknum=0,txblocksize=0 rxblocknum=0,rxblocksize=0
[   13.095578] [Audio:DSPDUMP] channel 5 open ok
[   13.095580] [Audio:MEM] audio_mem_alloc mem_type=9 addr = 0x94300000, size=0x80000
[   13.095582] [Audio:DSPDUMP] aud_dsp_addr: mem: mem type 9, mem_addr 94300000
[   13.095584] [Audio:DSPDUMP] aud_dsp_addr: mem: dsp space mem_addr 94300000
[   13.095737] [Audio:DSPDUMP] dsp_log_tp_probe success  audio_dsp_mem
[   13.095770] probe of audio-dsp-dump@2 returned 1 after 246 usecs
[   13.096006] initcall _copy_to_user+0x144/0x170 [audio_dsp_dump] returned 0 after 1846 usecs
[   13.096108] init: Loaded kernel module /lib/modules/audio-dsp-dump.ko
[   13.096271] init: Loading module /lib/modules/asix.ko with args ''
[   13.101246] calling  ax88172a_ioctl+0x3c/0x50 [asix] @ 1
[   13.101290] usbcore: registered new interface driver asix
[   13.101308] initcall ax88172a_ioctl+0x3c/0x50 [asix] returned 0 after 42 usecs
[   13.101387] init: Loaded kernel module /lib/modules/asix.ko
[   13.101545] init: Loading module /lib/modules/ax88179_178a.ko with args ''
[   13.104766] calling  ax88179_set_features+0x23c/0x270 [ax88179_178a] @ 1
[   13.104800] usbcore: registered new interface driver ax88179_178a
[   13.104810] initcall ax88179_set_features+0x23c/0x270 [ax88179_178a] returned 0 after 33 usecs
[   13.104860] init: Loaded kernel module /lib/modules/ax88179_178a.ko
[   13.104982] init: Loading module /lib/modules/sprd_apipe.ko with args ''
[   13.105329] [Audio:SIPC] aud_recv_cmd, chan: 0x4, cmd: 0x21, value0: 0x1, value1: 0x94100000,
[   13.105331] [Audio:SIPC]  value2: 0x100e0, value3: 0x0, timeout: -1
[   13.105335] [Audio:SIPC] aud_send_cmd_no_param channel=4, cmd=33 repeat_count=1
[   13.105338] [Audio:SIPC] aud_send_cmd_no_param out,channel = 4 cmd =33 ret-value:0,repeat_count=1
[   13.105340] [Audio:SBLCK] aud_send_cmd_noparam returned.
[   13.105342] [Audio:SBLCK] audio_sblock_thread listen to smsg from dsp
[   13.105539] [Audio:SIPC] aud_recv_cmd, chan: 0x3, cmd: 0x21, value0: 0x1, value1: 0x94111000,
[   13.105541] [Audio:SIPC]  value2: 0x100e0, value3: 0x0, timeout: -1
[   13.105544] [Audio:SIPC] aud_send_cmd_no_param channel=3, cmd=33 repeat_count=1
[   13.105546] [Audio:SIPC] aud_send_cmd_no_param out,channel = 3 cmd =33 ret-value:0,repeat_count=1
[   13.105548] [Audio:SBLCK] aud_send_cmd_noparam returned.
[   13.105551] [Audio:SBLCK] audio_sblock_thread listen to smsg from dsp
[   13.107868] calling  _copy_to_user+0x128/0x180 [sprd_apipe] @ 1
[   13.108315] (NULL device *): name=apipe-pcm
[   13.108432] probe of apipe-pcm returned 1 after 147 usecs
[   13.108453] (NULL device *): name=apipe-cmd-in
[   13.108523] probe of apipe-cmd-in returned 1 after 81 usecs
[   13.108545] (NULL device *): name=apipe-cmd-out
[   13.108603] probe of apipe-cmd-out returned 1 after 72 usecs
[   13.108839] initcall _copy_to_user+0x128/0x180 [sprd_apipe] returned 0 after 932 usecs
[   13.108899] init: Loaded kernel module /lib/modules/sprd_apipe.ko
[   13.109037] init: Loading module /lib/modules/audio-pipe.ko with args ''
[   13.111994] calling  _copy_to_user+0x124/0x160 [audio_pipe] @ 1
[   13.112483] [Audio:PIPE] aud_pipe_data->channel:2
[   13.112486] [Audio:PIPE] audio_pipe_probe:name=audio_pipe_voice
[   13.112583] probe of audio_pipe_voice returned 1 after 131 usecs
[   13.112607] [Audio:PIPE] aud_pipe_data->channel:8
[   13.112609] [Audio:PIPE] audio_pipe_probe:name=audio_pipe_effect
[   13.112675] probe of audio_pipe_effect returned 1 after 83 usecs
[   13.112706] [Audio:PIPE] aud_pipe_data->channel:9
[   13.112708] [Audio:PIPE] audio_pipe_probe:name=audio_pipe_recordproc
[   13.112768] probe of audio_pipe_voiceproc returned 1 after 84 usecs
[   13.112791] [Audio:PIPE] aud_pipe_data->channel:11
[   13.112792] [Audio:PIPE] audio_pipe_probe:name=audio_pipe_bthal
[   13.112860] probe of audio_pipe_bthal returned 1 after 83 usecs
[   13.113107] initcall _copy_to_user+0x124/0x160 [audio_pipe] returned 0 after 1075 usecs
[   13.113177] init: Loaded kernel module /lib/modules/audio-pipe.ko
[   13.113309] init: Loading module /lib/modules/mcdt_hw_r2p0.ko with args ''
[   13.117273] calling  mcdt_probe+0x1b8/0x1c4 [mcdt_hw_r2p0] @ 1
[   13.117654] probe of 56490000.mcdt returned 1 after 99 usecs
[   13.117919] initcall mcdt_probe+0x1b8/0x1c4 [mcdt_hw_r2p0] returned 0 after 618 usecs
[   13.117990] init: Loaded kernel module /lib/modules/mcdt_hw_r2p0.ko
[   13.118141] init: Loading module /lib/modules/sprd_audcp_dvfs.ko with args ''
[   13.121346] calling  status_show+0x20/0xd4 [sprd_audcp_dvfs] @ 1
[   13.121838] probe of audiocp-dvfs returned 1 after 119 usecs
[   13.122050] initcall status_show+0x20/0xd4 [sprd_audcp_dvfs] returned 0 after 676 usecs
[   13.122109] init: Loaded kernel module /lib/modules/sprd_audcp_dvfs.ko
[   13.122260] init: Loading module /lib/modules/sprd_audcp_boot.ko with args ''
[   13.124867] calling  ldinfo_show+0x34/0x58 [sprd_audcp_boot] @ 1
[   13.125319] [Audio:MEM] audio_mem_alloc mem_type=20 addr = 0x89000000, size=0x600000
[   13.125381] sprd_audcp_boot audiocp_boot: base_addr_phy = 0x89000000, base_addr_virt=(____ptrval____), bin size =0x600000
[   13.125383] [Audio:MEM] audio_mem_alloc mem_type=21 addr = 0x65009400, size=0x1000
[   13.125451] probe of audiocp_boot returned 1 after 168 usecs
[   13.125680] initcall ldinfo_show+0x34/0x58 [sprd_audcp_boot] returned 0 after 784 usecs
[   13.125732] init: Loaded kernel module /lib/modules/sprd_audcp_boot.ko
[   13.125967] init: Loading module /lib/modules/snd-soc-aw87xxx.ko with args ''
[   13.131498] calling  __typeid__ZTSFiP9aw_deviceP17aw_data_containerE_global_addr+0x6c/0x74 [snd_soc_aw87xxx] @ 1
[   13.131504] [Awinic] aw87xxx_pa_init:driver version: v2.6.0
[   13.131598] [Awinic] [4-005b]aw87xxx_malloc_init: struct aw87xxx devm_kzalloc and init down
[   13.131602] [Awinic] [4-005b]aw87xxx_dtsi_parse: parse dev_index=[0]
[   13.131616] [Awinic] [4-005b]aw87xxx_dtsi_parse: reset gpio[178] parse succeed
[   13.131638] [Awinic] [4-005b]aw87xxx_device_parse_port_id_dt: read aw-rx-port-id failed,use default
[   13.131640] [Awinic] [4-005b]aw87xxx_device_parse_port_id_dt: rx-port-id: 0x4000
[   13.131642] [Awinic] [4-005b]aw87xxx_device_parse_topo_id_dt: read aw-rx-topo-id failed,use default
[   13.131644] [Awinic] [4-005b]aw87xxx_device_parse_topo_id_dt: rx-topo-id: 0x1000ff01
[   13.135663] [Awinic] [4-005b]aw87xxx_dev_hw_pwr_ctrl: hw power on
[   13.136524] [Awinic] [4-005b]aw87xxx_dev_get_chipid: read chipid[0x59] succeed
[   13.136528] [Awinic] [4-005b]aw_dev_chip_init: product is pid_59_5x9 class
[   13.137480] musb-sprd 64900000.usb: enter into idle mode
[   13.137670] musb-sprd 64900000.usb: enter into suspend mode
[   13.138858] [Awinic] [4-005b]aw87xxx_dev_hw_pwr_ctrl: hw power off
[   13.138876] [Awinic] [4-005b]aw87xxx_fw_load_init: enter
[   13.138884] [Awinic] [4-005b]aw_monitor_dtsi_parse: esd_enable parse failed, user default[disable]
[   13.138891] [Awinic] [4-005b]aw87xxx_monitor_init: monitor init succeed
[   13.138896] [Awinic] [4-005b]aw87xxx_i2c_probe: succeed, dev_index=[0], g_aw87xxx_dev_cnt= [1]
[   13.138970] probe of 4-005b returned 1 after 7408 usecs
[   13.139035] initcall __typeid__ZTSFiP9aw_deviceP17aw_data_containerE_global_addr+0x6c/0x74 [snd_soc_aw87xxx] returned 0 after 7334 usecs
[   13.139156] init: Loaded kernel module /lib/modules/snd-soc-aw87xxx.ko
[   13.139325] init: Loading module /lib/modules/snd-soc-sprd-card.ko with args ''
[   13.144289] calling  __typeid__ZTSFiiiE_global_addr+0x38/0xed8 [snd_soc_sprd_card] @ 1
[   13.144943] [ASoC:BOARD] ERR: asoc_sprd_card_sub_parse_of get dai name for 'cpu' failed!(-517)
[   13.144949] vbc-rxpx-codec-sc27xx sound@0: asoc_sprd_card_parse_of: Parsing dai link 0 failed(-517)!
[   13.144951] [ASoC:BOARD] ERR: vbc_rxpx_codec_sc27xx_probe, asoc_sprd_card_probe failed!
[   13.144957] vbc-rxpx-codec-sc27xx sound@0: Count 'sprd,spk-ext-pa-info' failed!(-22)
[   13.144976] probe of sound@0 returned 0 after 126 usecs
[   13.145248] initcall __typeid__ZTSFiiiE_global_addr+0x38/0xed8 [snd_soc_sprd_card] returned 0 after 915 usecs
[   13.145360] init: Loaded kernel module /lib/modules/snd-soc-sprd-card.ko
[   13.145442] init: Loading module /lib/modules/snd-soc-sprd-codec-sc2730.ko with args ''
[   13.154241] calling  __dsp_fm_mute_by_set_dg+0x180/0x10f4 [snd_soc_sprd_codec_sc2730] @ 1
[   13.154809] [ASoC:SC2730] sprd_codec_probe
[   13.154818] [ASoC:SC2730] sprd_codec_ana_probe :adi_rgmp = (____ptrval____), val=0x1000
[   13.154831] [ASoC: COM ] set_agcp_ahb_offset agcp_ahb_set_offset 0x1000, agcp_ahb_clr_offset 0x2000
[   13.174736] platform 56750000.audio-codec: Get the sprd,anlg-phy-g-syscon failed!(-19)
[   13.174792] [ASoC:SC2730] ana_chip_id is 0x2730
[   13.174845] sprd-codec-sc2730 64200000.spi:pmic@0:audio-codec@1000: 64200000.spi:pmic@0:audio-codec@1000 supply MICBIAS not found, using dummy regulator
[   13.175007] sprd-codec-sc2730 64200000.spi:pmic@0:audio-codec@1000: 64200000.spi:pmic@0:audio-codec@1000 supply HEADMICBIAS not found, using dummy regulator
[   13.175044] sprd-codec-sc2730 64200000.spi:pmic@0:audio-codec@1000: 64200000.spi:pmic@0:audio-codec@1000 supply VB not found, using dummy regulator
[   13.175074] sprd-codec-sc2730 64200000.spi:pmic@0:audio-codec@1000: 64200000.spi:pmic@0:audio-codec@1000 supply BG not found, using dummy regulator
[   13.175134] sprd-codec-sc2730 64200000.spi:pmic@0:audio-codec@1000: 64200000.spi:pmic@0:audio-codec@1000 supply MICBIAS1 not found, using dummy regulator
[   13.215793] [ASoC:BOARD] ERR: asoc_sprd_card_sub_parse_of get dai name for 'cpu' failed!(-517)
[   13.215800] vbc-rxpx-codec-sc27xx sound@0: asoc_sprd_card_parse_of: Parsing dai link 0 failed(-517)!
[   13.215803] [ASoC:BOARD] ERR: vbc_rxpx_codec_sc27xx_probe, asoc_sprd_card_probe failed!
[   13.215809] vbc-rxpx-codec-sc27xx sound@0: Count 'sprd,spk-ext-pa-info' failed!(-22)
[   13.215825] probe of sound@0 returned 0 after 126 usecs
[   13.215870] probe of 64200000.spi:pmic@0:audio-codec@1000 returned 1 after 61112 usecs
[   13.216037] initcall __dsp_fm_mute_by_set_dg+0x180/0x10f4 [snd_soc_sprd_codec_sc2730] returned 0 after 60304 usecs
[   13.216219] init: Loaded kernel module /lib/modules/snd-soc-sprd-codec-sc2730.ko
[   13.216410] init: Loading module /lib/modules/snd-soc-sprd-codec-sc2730-power.ko with args ''
[   13.219632] calling  vreg_disable+0x74/0xa0 [snd_soc_sprd_codec_sc2730_power] @ 1
[   13.219910] initcall vreg_disable+0x74/0xa0 [snd_soc_sprd_codec_sc2730_power] returned 0 after 261 usecs
[   13.220038] init: Loaded kernel module /lib/modules/snd-soc-sprd-codec-sc2730-power.ko
[   13.220212] init: Loading module /lib/modules/snd-soc-sprd-codec-sc2730-power-dev.ko with args ''
[   13.222861] calling  __cfi_check_fail+0x30/0xfc0 [snd_soc_sprd_codec_sc2730_power_dev] @ 1
[   13.223172] [ASoC:POWER] Probe 1
[   13.223456] [ASoC:POWER] Register VREG Success!
[   13.223810] [ASoC:BOARD] ERR: asoc_sprd_card_sub_parse_of get dai name for 'cpu' failed!(-517)
[   13.223818] vbc-rxpx-codec-sc27xx sound@0: asoc_sprd_card_parse_of: Parsing dai link 0 failed(-517)!
[   13.223820] [ASoC:BOARD] ERR: vbc_rxpx_codec_sc27xx_probe, asoc_sprd_card_probe failed!
[   13.223825] vbc-rxpx-codec-sc27xx sound@0: Count 'sprd,spk-ext-pa-info' failed!(-22)
[   13.223841] probe of sound@0 returned 0 after 127 usecs
[   13.223866] probe of sprd-audio-power.1 returned 1 after 716 usecs
[   13.223997] [ASoC:POWER] Probe 2
[   13.224000] [ASoC:POWER] sprd_audio_power_config_reg_vars regmap exist return 0
[   13.224154] SRG_VB: supplied by SRG_VREG
[   13.224183] [ASoC:POWER] Register VB Success!
[   13.224467] [ASoC:BOARD] ERR: asoc_sprd_card_sub_parse_of get dai name for 'cpu' failed!(-517)
[   13.224474] vbc-rxpx-codec-sc27xx sound@0: asoc_sprd_card_parse_of: Parsing dai link 0 failed(-517)!
[   13.224476] [ASoC:BOARD] ERR: vbc_rxpx_codec_sc27xx_probe, asoc_sprd_card_probe failed!
[   13.224481] vbc-rxpx-codec-sc27xx sound@0: Count 'sprd,spk-ext-pa-info' failed!(-22)
[   13.224493] probe of sound@0 returned 0 after 112 usecs
[   13.224522] probe of sprd-audio-power.2 returned 1 after 543 usecs
[   13.224635] [ASoC:POWER] Probe 3
[   13.224638] [ASoC:POWER] sprd_audio_power_config_reg_vars regmap exist return 0
[   13.224764] SRG_BG: supplied by SRG_VB
[   13.224810] [ASoC:POWER] Register BG Success!
[   13.225044] [ASoC:BOARD] ERR: asoc_sprd_card_sub_parse_of get dai name for 'cpu' failed!(-517)
[   13.225050] vbc-rxpx-codec-sc27xx sound@0: asoc_sprd_card_parse_of: Parsing dai link 0 failed(-517)!
[   13.225052] [ASoC:BOARD] ERR: vbc_rxpx_codec_sc27xx_probe, asoc_sprd_card_probe failed!
[   13.225057] vbc-rxpx-codec-sc27xx sound@0: Count 'sprd,spk-ext-pa-info' failed!(-22)
[   13.225070] probe of sound@0 returned 0 after 91 usecs
[   13.225090] probe of sprd-audio-power.3 returned 1 after 469 usecs
[   13.225190] [ASoC:POWER] Probe 4
[   13.225192] [ASoC:POWER] sprd_audio_power_config_reg_vars regmap exist return 0
[   13.225295] SRG_BIAS: supplied by SRG_VB
[   13.225320] [ASoC:POWER] Register BIAS Success!
[   13.225552] [ASoC:BOARD] ERR: asoc_sprd_card_sub_parse_of get dai name for 'cpu' failed!(-517)
[   13.225558] vbc-rxpx-codec-sc27xx sound@0: asoc_sprd_card_parse_of: Parsing dai link 0 failed(-517)!
[   13.225560] [ASoC:BOARD] ERR: vbc_rxpx_codec_sc27xx_probe, asoc_sprd_card_probe failed!
[   13.225564] vbc-rxpx-codec-sc27xx sound@0: Count 'sprd,spk-ext-pa-info' failed!(-22)
[   13.225575] probe of sound@0 returned 0 after 94 usecs
[   13.225593] probe of sprd-audio-power.4 returned 1 after 416 usecs
[   13.225689] [ASoC:POWER] Probe 5
[   13.225692] [ASoC:POWER] sprd_audio_power_config_reg_vars regmap exist return 0
[   13.225787] SRG_MICBIAS1: supplied by SRG_BIAS
[   13.225812] [ASoC:POWER] Register MICBIAS1 Success!
[   13.226016] [ASoC:BOARD] ERR: asoc_sprd_card_sub_parse_of get dai name for 'cpu' failed!(-517)
[   13.226021] vbc-rxpx-codec-sc27xx sound@0: asoc_sprd_card_parse_of: Parsing dai link 0 failed(-517)!
[   13.226023] [ASoC:BOARD] ERR: vbc_rxpx_codec_sc27xx_probe, asoc_sprd_card_probe failed!
[   13.226027] vbc-rxpx-codec-sc27xx sound@0: Count 'sprd,spk-ext-pa-info' failed!(-22)
[   13.226036] probe of sound@0 returned 0 after 87 usecs
[   13.226057] probe of sprd-audio-power.5 returned 1 after 379 usecs
[   13.226144] [ASoC:POWER] Probe 6
[   13.226146] [ASoC:POWER] sprd_audio_power_config_reg_vars regmap exist return 0
[   13.226237] SRG_MICBIAS2: supplied by SRG_BIAS
[   13.226275] [ASoC:POWER] Register MICBIAS2 Success!
[   13.226463] [ASoC:BOARD] ERR: asoc_sprd_card_sub_parse_of get dai name for 'cpu' failed!(-517)
[   13.226469] vbc-rxpx-codec-sc27xx sound@0: asoc_sprd_card_parse_of: Parsing dai link 0 failed(-517)!
[   13.226471] [ASoC:BOARD] ERR: vbc_rxpx_codec_sc27xx_probe, asoc_sprd_card_probe failed!
[   13.226476] vbc-rxpx-codec-sc27xx sound@0: Count 'sprd,spk-ext-pa-info' failed!(-22)
[   13.226485] probe of sound@0 returned 0 after 76 usecs
[   13.226510] probe of sprd-audio-power.6 returned 1 after 378 usecs
[   13.226586] [ASoC:POWER] Probe 7
[   13.226588] [ASoC:POWER] sprd_audio_power_config_reg_vars regmap exist return 0
[   13.226687] SRG_HEADMICBIAS: supplied by SRG_BG
[   13.226715] [ASoC:POWER] Register HEADMICBIAS Success!
[   13.226872] [ASoC:BOARD] ERR: asoc_sprd_card_sub_parse_of get dai name for 'cpu' failed!(-517)
[   13.226876] vbc-rxpx-codec-sc27xx sound@0: asoc_sprd_card_parse_of: Parsing dai link 0 failed(-517)!
[   13.226878] [ASoC:BOARD] ERR: vbc_rxpx_codec_sc27xx_probe, asoc_sprd_card_probe failed!
[   13.226882] vbc-rxpx-codec-sc27xx sound@0: Count 'sprd,spk-ext-pa-info' failed!(-22)
[   13.226890] probe of sound@0 returned 0 after 63 usecs
[   13.226906] probe of sprd-audio-power.7 returned 1 after 330 usecs
[   13.226981] [ASoC:POWER] Probe 8
[   13.226983] [ASoC:POWER] sprd_audio_power_config_reg_vars regmap exist return 0
[   13.227056] SRG_DCL: supplied by SRG_VB
[   13.227099] [ASoC:POWER] Register DCL Success!
[   13.227263] [ASoC:BOARD] ERR: asoc_sprd_card_sub_parse_of get dai name for 'cpu' failed!(-517)
[   13.227268] vbc-rxpx-codec-sc27xx sound@0: asoc_sprd_card_parse_of: Parsing dai link 0 failed(-517)!
[   13.227269] [ASoC:BOARD] ERR: vbc_rxpx_codec_sc27xx_probe, asoc_sprd_card_probe failed!
[   13.227273] vbc-rxpx-codec-sc27xx sound@0: Count 'sprd,spk-ext-pa-info' failed!(-22)
[   13.227281] probe of sound@0 returned 0 after 70 usecs
[   13.227298] probe of sprd-audio-power.8 returned 1 after 332 usecs
[   13.227366] [ASoC:POWER] Probe 9
[   13.227368] [ASoC:POWER] sprd_audio_power_config_reg_vars regmap exist return 0
[   13.227461] SRG_DIG_CLK_INTC: supplied by SRG_DCL
[   13.227484] [ASoC:POWER] Register DIG_CLK_INTC Success!
[   13.227633] [ASoC:BOARD] ERR: asoc_sprd_card_sub_parse_of get dai name for 'cpu' failed!(-517)
[   13.227638] vbc-rxpx-codec-sc27xx sound@0: asoc_sprd_card_parse_of: Parsing dai link 0 failed(-517)!
[   13.227640] [ASoC:BOARD] ERR: vbc_rxpx_codec_sc27xx_probe, asoc_sprd_card_probe failed!
[   13.227643] vbc-rxpx-codec-sc27xx sound@0: Count 'sprd,spk-ext-pa-info' failed!(-22)
[   13.227650] probe of sound@0 returned 0 after 63 usecs
[   13.227670] probe of sprd-audio-power.9 returned 1 after 311 usecs
[   13.227739] [ASoC:POWER] Probe 10
[   13.227741] [ASoC:POWER] sprd_audio_power_config_reg_vars regmap exist return 0
[   13.227821] SRG_DIG_CLK_HID: supplied by SRG_DCL
[   13.227844] [ASoC:POWER] Register DIG_CLK_HID Success!
[   13.228023] [ASoC:BOARD] ERR: asoc_sprd_card_sub_parse_of get dai name for 'cpu' failed!(-517)
[   13.228028] vbc-rxpx-codec-sc27xx sound@0: asoc_sprd_card_parse_of: Parsing dai link 0 failed(-517)!
[   13.228029] [ASoC:BOARD] ERR: vbc_rxpx_codec_sc27xx_probe, asoc_sprd_card_probe failed!
[   13.228032] vbc-rxpx-codec-sc27xx sound@0: Count 'sprd,spk-ext-pa-info' failed!(-22)
[   13.228040] probe of sound@0 returned 0 after 90 usecs
[   13.228058] probe of sprd-audio-power.10 returned 1 after 327 usecs
[   13.228135] [ASoC:POWER] Probe 11
[   13.228137] [ASoC:POWER] sprd_audio_power_config_reg_vars regmap exist return 0
[   13.228222] SRG_CLK_DCL_32K: supplied by SRG_DCL
[   13.228264] [ASoC:POWER] Register CLK_DCL_32K Success!
[   13.228417] [ASoC:BOARD] ERR: asoc_sprd_card_sub_parse_of get dai name for 'cpu' failed!(-517)
[   13.228421] vbc-rxpx-codec-sc27xx sound@0: asoc_sprd_card_parse_of: Parsing dai link 0 failed(-517)!
[   13.228423] [ASoC:BOARD] ERR: vbc_rxpx_codec_sc27xx_probe, asoc_sprd_card_probe failed!
[   13.228426] vbc-rxpx-codec-sc27xx sound@0: Count 'sprd,spk-ext-pa-info' failed!(-22)
[   13.228434] probe of sound@0 returned 0 after 61 usecs
[   13.228459] probe of sprd-audio-power.11 returned 1 after 332 usecs
[   13.228476] initcall __cfi_check_fail+0x30/0xfc0 [snd_soc_sprd_codec_sc2730_power_dev] returned 0 after 5469 usecs
[   13.228585] init: Loaded kernel module /lib/modules/snd-soc-sprd-codec-sc2730-power-dev.ko
[   13.228757] init: Loading module /lib/modules/snd-soc-sprd-dummy-codec.ko with args ''
[   13.231336] calling  sprd_dummy_playback_codec_remove+0x24/0x34 [snd_soc_sprd_dummy_codec] @ 1
[   13.231968] [ASoC:BOARD] ERR: asoc_sprd_card_sub_parse_of get dai name for 'cpu' failed!(-517)
[   13.231973] vbc-rxpx-codec-sc27xx sound@0: asoc_sprd_card_parse_of: Parsing dai link 0 failed(-517)!
[   13.231976] [ASoC:BOARD] ERR: vbc_rxpx_codec_sc27xx_probe, asoc_sprd_card_probe failed!
[   13.231981] vbc-rxpx-codec-sc27xx sound@0: Count 'sprd,spk-ext-pa-info' failed!(-22)
[   13.231990] probe of sound@0 returned 0 after 88 usecs
[   13.232027] probe of sprd-dummy-playback returned 1 after 278 usecs
[   13.232055] initcall sprd_dummy_playback_codec_remove+0x24/0x34 [snd_soc_sprd_dummy_codec] returned 0 after 694 usecs
[   13.232129] init: Loaded kernel module /lib/modules/snd-soc-sprd-dummy-codec.ko
[   13.232293] init: Loading module /lib/modules/snd-soc-sprd-pdm-r2p0.ko with args ''
[   13.235490] calling  pdm_adc2_r_dg_set+0xcc/0x134 [snd_soc_sprd_pdm_r2p0] @ 1
[   13.236187] initcall pdm_adc2_r_dg_set+0xcc/0x134 [snd_soc_sprd_pdm_r2p0] returned 0 after 668 usecs
[   13.236271] init: Loaded kernel module /lib/modules/snd-soc-sprd-pdm-r2p0.ko
[   13.236425] init: Loading module /lib/modules/sprd-platform-pcm-routing.ko with args ''
[   13.240833] calling  be_switch_evt+0xa4/0xc4 [sprd_platform_pcm_routing] @ 1
[   13.241595] [ASoC:BOARD] ERR: asoc_sprd_card_sub_parse_of get dai name for 'cpu' failed!(-517)
[   13.241603] vbc-rxpx-codec-sc27xx sound@0: asoc_sprd_card_parse_of: Parsing dai link 0 failed(-517)!
[   13.241606] [ASoC:BOARD] ERR: vbc_rxpx_codec_sc27xx_probe, asoc_sprd_card_probe failed!
[   13.241611] vbc-rxpx-codec-sc27xx sound@0: Count 'sprd,spk-ext-pa-info' failed!(-22)
[   13.241627] probe of sound@0 returned 0 after 122 usecs
[   13.241683] probe of sprd-routing-pcm returned 1 after 495 usecs
[   13.241929] initcall be_switch_evt+0xa4/0xc4 [sprd_platform_pcm_routing] returned 0 after 1055 usecs
[   13.242020] init: Loaded kernel module /lib/modules/sprd-platform-pcm-routing.ko
[   13.242194] init: Loading module /lib/modules/snd-soc-sprd-vbc-v4.ko with args ''
[   13.257981] calling  pm_shutdown+0x2b8/0xb94 [snd_soc_sprd_vbc_v4] @ 1
[   13.258707] [ASoC: VBC ] vbc_drv_probe: 12160:vbc_drv_probe: to setup vbc dt
[   13.258713] [ASoC: VBC ] sprd_vbc_codec_probe: 4885:sprd_vbc_codec_probe
[   13.258907] [ASoC: VBC ] vbc_of_setup: 12149:get pinctrl device!
[   13.259001] [ASoC: VBC ] vbc_turning_ndp_init: 2903:vbc_turning_ndp_init,alloc dev id 0x1e700000, major =487, minor = 0!
[   13.259004] [ASoC: VBC ] vbc_turning_ndp_init: 2907:vbc_turning_ndp_init,alloc dev id 510656512 for NO.0!
[   13.259010] [ASoC: VBC ] vbc_turning_ndp_init: 2921:vbc_turning_ndp_init,ndp_name = vbc_turning0 !
[   13.259089] [ASoC: VBC ] vbc_turning_ndp_init: 2907:vbc_turning_ndp_init,alloc dev id 510656513 for NO.1!
[   13.259092] [ASoC: VBC ] vbc_turning_ndp_init: 2921:vbc_turning_ndp_init,ndp_name = vbc_turning1 !
[   13.259146] [ASoC: VBC ] vbc_turning_ndp_init: 2907:vbc_turning_ndp_init,alloc dev id 510656514 for NO.2!
[   13.259149] [ASoC: VBC ] vbc_turning_ndp_init: 2921:vbc_turning_ndp_init,ndp_name = vbc_turning2 !
[   13.259186] [ASoC: VBC ] vbc_turning_ndp_init: 2907:vbc_turning_ndp_init,alloc dev id 510656515 for NO.3!
[   13.259189] [ASoC: VBC ] vbc_turning_ndp_init: 2921:vbc_turning_ndp_init,ndp_name = vbc_turning3 !
[   13.259232] [ASoC: VBC ] vbc_turning_ndp_init: 2944:vbc_turning_ndp_init: success.
[   13.259621] [ASoC:BOARD] ERR: asoc_sprd_card_sub_parse_of get dai name for 'cpu' failed!(-517)
[   13.259630] vbc-rxpx-codec-sc27xx sound@0: asoc_sprd_card_parse_of: Parsing dai link 0 failed(-517)!
[   13.259632] [ASoC:BOARD] ERR: vbc_rxpx_codec_sc27xx_probe, asoc_sprd_card_probe failed!
[   13.259638] vbc-rxpx-codec-sc27xx sound@0: Count 'sprd,spk-ext-pa-info' failed!(-22)
[   13.259655] probe of sound@0 returned 0 after 129 usecs
[   13.259707] probe of 56480000.vbc returned 1 after 1312 usecs
[   13.260195] initcall pm_shutdown+0x2b8/0xb94 [snd_soc_sprd_vbc_v4] returned 0 after 2070 usecs
[   13.260399] init: Loaded kernel module /lib/modules/snd-soc-sprd-vbc-v4.ko
[   13.260603] init: Loading module /lib/modules/snd-soc-sprd-vbc-fe.ko with args ''
[   13.263704] calling  fe_hw_free+0x170/0xe1c [snd_soc_sprd_vbc_fe] @ 1
[   13.264487] [ASoC:BOARD] ERR: asoc_sprd_card_sub_parse_of parse phandle 'codec' failed!(-2)
[   13.264489] [ASoC:BOARD] asoc_sprd_card_dai_link_of: parse for codec failed. Go to use a dummy codec.
[   13.264503] vbc-rxpx-codec-sc27xx sound@0: \x09name : FE_NORMAL_AP01
[   13.264506] vbc-rxpx-codec-sc27xx sound@0: \x09stream_name : FE_ST_NORMAL_AP01
[   13.264518] [ASoC:BOARD] ERR: asoc_sprd_card_sub_parse_of parse phandle 'codec' failed!(-2)
[   13.264519] [ASoC:BOARD] asoc_sprd_card_dai_link_of: parse for codec failed. Go to use a dummy codec.
[   13.264524] vbc-rxpx-codec-sc27xx sound@0: \x09name : FE_NORMAL_AP23
[   13.264527] vbc-rxpx-codec-sc27xx sound@0: \x09stream_name : FE_ST_NORMAL_AP23
[   13.264538] [ASoC:BOARD] ERR: asoc_sprd_card_sub_parse_of parse phandle 'codec' failed!(-2)
[   13.264539] [ASoC:BOARD] asoc_sprd_card_dai_link_of: parse for codec failed. Go to use a dummy codec.
[   13.264545] vbc-rxpx-codec-sc27xx sound@0: \x09name : FE_CAPTURE_DSP
[   13.264547] vbc-rxpx-codec-sc27xx sound@0: \x09stream_name : FE_ST_CAPTURE_DSP
[   13.264559] [ASoC:BOARD] ERR: asoc_sprd_card_sub_parse_of parse phandle 'codec' failed!(-2)
[   13.264562] [ASoC:BOARD] asoc_sprd_card_dai_link_of: parse for codec failed. Go to use a dummy codec.
[   13.264567] vbc-rxpx-codec-sc27xx sound@0: \x09name : FE_FAST
[   13.264569] vbc-rxpx-codec-sc27xx sound@0: \x09stream_name : FE_ST_FAST
[   13.264582] [ASoC:BOARD] ERR: asoc_sprd_card_sub_parse_of parse phandle 'codec' failed!(-2)
[   13.264583] [ASoC:BOARD] asoc_sprd_card_dai_link_of: parse for codec failed. Go to use a dummy codec.
[   13.264591] vbc-rxpx-codec-sc27xx sound@0: \x09name : FE_OFFLOAD
[   13.264594] vbc-rxpx-codec-sc27xx sound@0: \x09stream_name : FE_ST_OFFLOAD
[   13.264605] [ASoC:BOARD] ERR: asoc_sprd_card_sub_parse_of parse phandle 'codec' failed!(-2)
[   13.264606] [ASoC:BOARD] asoc_sprd_card_dai_link_of: parse for codec failed. Go to use a dummy codec.
[   13.264612] vbc-rxpx-codec-sc27xx sound@0: \x09name : FE_VOICE
[   13.264615] vbc-rxpx-codec-sc27xx sound@0: \x09stream_name : FE_ST_VOICE
[   13.264627] [ASoC:BOARD] ERR: asoc_sprd_card_sub_parse_of parse phandle 'codec' failed!(-2)
[   13.264628] [ASoC:BOARD] asoc_sprd_card_dai_link_of: parse for codec failed. Go to use a dummy codec.
[   13.264636] vbc-rxpx-codec-sc27xx sound@0: \x09name : FE_VOIP
[   13.264638] vbc-rxpx-codec-sc27xx sound@0: \x09stream_name : FE_ST_VOIP
[   13.264653] [ASoC:BOARD] ERR: asoc_sprd_card_sub_parse_of parse phandle 'codec' failed!(-2)
[   13.264655] [ASoC:BOARD] asoc_sprd_card_dai_link_of: parse for codec failed. Go to use a dummy codec.
[   13.264661] vbc-rxpx-codec-sc27xx sound@0: \x09name : FE_FM
[   13.264664] vbc-rxpx-codec-sc27xx sound@0: \x09stream_name : FE_ST_FM
[   13.264676] [ASoC:BOARD] ERR: asoc_sprd_card_sub_parse_of parse phandle 'codec' failed!(-2)
[   13.264677] [ASoC:BOARD] asoc_sprd_card_dai_link_of: parse for codec failed. Go to use a dummy codec.
[   13.264683] vbc-rxpx-codec-sc27xx sound@0: \x09name : FE_FM_C
[   13.264685] vbc-rxpx-codec-sc27xx sound@0: \x09stream_name : FE_ST_FM_C
[   13.264697] [ASoC:BOARD] ERR: asoc_sprd_card_sub_parse_of parse phandle 'codec' failed!(-2)
[   13.264699] [ASoC:BOARD] asoc_sprd_card_dai_link_of: parse for codec failed. Go to use a dummy codec.
[   13.264704] vbc-rxpx-codec-sc27xx sound@0: \x09name : FE_VOICE_C
[   13.264707] vbc-rxpx-codec-sc27xx sound@0: \x09stream_name : FE_ST_VOICE_C
[   13.264719] [ASoC:BOARD] ERR: asoc_sprd_card_sub_parse_of parse phandle 'codec' failed!(-2)
[   13.264721] [ASoC:BOARD] asoc_sprd_card_dai_link_of: parse for codec failed. Go to use a dummy codec.
[   13.264728] vbc-rxpx-codec-sc27xx sound@0: \x09name : FE_LOOP
[   13.264731] vbc-rxpx-codec-sc27xx sound@0: \x09stream_name : FE_ST_LOOP
[   13.264743] [ASoC:BOARD] ERR: asoc_sprd_card_sub_parse_of parse phandle 'codec' failed!(-2)
[   13.264744] [ASoC:BOARD] asoc_sprd_card_dai_link_of: parse for codec failed. Go to use a dummy codec.
[   13.264751] vbc-rxpx-codec-sc27xx sound@0: \x09name : FE_A2DP_OFFLOAD
[   13.264754] vbc-rxpx-codec-sc27xx sound@0: \x09stream_name : FE_ST_A2DP_OFFLOAD
[   13.264764] [ASoC:BOARD] ERR: asoc_sprd_card_sub_parse_of parse phandle 'codec' failed!(-2)
[   13.264765] [ASoC:BOARD] asoc_sprd_card_dai_link_of: parse for codec failed. Go to use a dummy codec.
[   13.264771] vbc-rxpx-codec-sc27xx sound@0: \x09name : FE_A2DP_PCM
[   13.264773] vbc-rxpx-codec-sc27xx sound@0: \x09stream_name : FE_ST_A2DP_PCM
[   13.264784] [ASoC:BOARD] ERR: asoc_sprd_card_sub_parse_of parse phandle 'codec' failed!(-2)
[   13.264786] [ASoC:BOARD] asoc_sprd_card_dai_link_of: parse for codec failed. Go to use a dummy codec.
[   13.264792] vbc-rxpx-codec-sc27xx sound@0: \x09name : FE_CAPTURE_FM_DSP
[   13.264795] vbc-rxpx-codec-sc27xx sound@0: \x09stream_name : FE_ST_CAPTURE_FM_DSP
[   13.264807] [ASoC:BOARD] ERR: asoc_sprd_card_sub_parse_of parse phandle 'codec' failed!(-2)
[   13.264808] [ASoC:BOARD] asoc_sprd_card_dai_link_of: parse for codec failed. Go to use a dummy codec.
[   13.264815] vbc-rxpx-codec-sc27xx sound@0: \x09name : FE_CAPTURE_BTSCO_DSP
[   13.264818] vbc-rxpx-codec-sc27xx sound@0: \x09stream_name : FE_ST_CAPTURE_BTSCO_DSP
[   13.264830] [ASoC:BOARD] ERR: asoc_sprd_card_sub_parse_of parse phandle 'codec' failed!(-2)
[   13.264831] [ASoC:BOARD] asoc_sprd_card_dai_link_of: parse for codec failed. Go to use a dummy codec.
[   13.264838] vbc-rxpx-codec-sc27xx sound@0: \x09name : FE_FM_DSP
[   13.264840] vbc-rxpx-codec-sc27xx sound@0: \x09stream_name : FE_ST_FM_DSP
[   13.264853] [ASoC:BOARD] ERR: asoc_sprd_card_sub_parse_of parse phandle 'codec' failed!(-2)
[   13.264854] [ASoC:BOARD] asoc_sprd_card_dai_link_of: parse for codec failed. Go to use a dummy codec.
[   13.264860] vbc-rxpx-codec-sc27xx sound@0: \x09name : FE_DUMP
[   13.264862] vbc-rxpx-codec-sc27xx sound@0: \x09stream_name : FE_ST_DUMP
[   13.264874] [ASoC:BOARD] ERR: asoc_sprd_card_sub_parse_of parse phandle 'codec' failed!(-2)
[   13.264876] [ASoC:BOARD] asoc_sprd_card_dai_link_of: parse for codec failed. Go to use a dummy codec.
[   13.264882] vbc-rxpx-codec-sc27xx sound@0: \x09name : FE_BTCAP_AP
[   13.264885] vbc-rxpx-codec-sc27xx sound@0: \x09stream_name : FE_ST_BTCAP_AP
[   13.264911] vbc-rxpx-codec-sc27xx sound@0: \x09name : BE_NORMAL_AP01_CODEC
[   13.264914] vbc-rxpx-codec-sc27xx sound@0: \x09stream_name : BE_ST_NORMAL_AP01_CODEC
[   13.264933] vbc-rxpx-codec-sc27xx sound@0: \x09name : BE_NORMAL_AP23_CODEC
[   13.264936] vbc-rxpx-codec-sc27xx sound@0: \x09stream_name : BE_ST_NORMAL_AP23_CODEC
[   13.264955] vbc-rxpx-codec-sc27xx sound@0: \x09name : BE_CAPTURE_DSP_CODEC
[   13.264957] vbc-rxpx-codec-sc27xx sound@0: \x09stream_name : BE_ST_CAPTURE_DSP_CODEC
[   13.264984] vbc-rxpx-codec-sc27xx sound@0: \x09name : BE_FAST_CODEC
[   13.264987] vbc-rxpx-codec-sc27xx sound@0: \x09stream_name : BE_ST_FAST_CODEC
[   13.265006] vbc-rxpx-codec-sc27xx sound@0: \x09name : BE_OFFLOAD_CODEC
[   13.265009] vbc-rxpx-codec-sc27xx sound@0: \x09stream_name : BE_ST_OFFLOAD_CODEC
[   13.265027] vbc-rxpx-codec-sc27xx sound@0: \x09name : BE_VOICE_CODEC
[   13.265030] vbc-rxpx-codec-sc27xx sound@0: \x09stream_name : BE_ST_VOICE_CODEC
[   13.265048] vbc-rxpx-codec-sc27xx sound@0: \x09name : BE_VOIP_CODEC
[   13.265051] vbc-rxpx-codec-sc27xx sound@0: \x09stream_name : BE_ST_VOIP_CODEC
[   13.265069] vbc-rxpx-codec-sc27xx sound@0: \x09name : BE_FM_CODEC
[   13.265071] vbc-rxpx-codec-sc27xx sound@0: \x09stream_name : BE_ST_FM_CODEC
[   13.265089] vbc-rxpx-codec-sc27xx sound@0: \x09name : BE_LOOP_CODEC
[   13.265092] vbc-rxpx-codec-sc27xx sound@0: \x09stream_name : BE_ST_LOOP_CODEC
[   13.265110] vbc-rxpx-codec-sc27xx sound@0: \x09name : BE_FM_DSP_CODEC
[   13.265113] vbc-rxpx-codec-sc27xx sound@0: \x09stream_name : BE_ST_FM_DSP_CODEC
[   13.265125] [ASoC:BOARD] ERR: asoc_sprd_card_sub_parse_of parse phandle 'codec' failed!(-2)
[   13.265126] [ASoC:BOARD] asoc_sprd_card_dai_link_of: parse for codec failed. Go to use a dummy codec.
[   13.265132] vbc-rxpx-codec-sc27xx sound@0: \x09name : BE_NORMAL_AP01_USB
[   13.265135] vbc-rxpx-codec-sc27xx sound@0: \x09stream_name : BE_ST_NORMAL_AP01_USB
[   13.265147] [ASoC:BOARD] ERR: asoc_sprd_card_sub_parse_of parse phandle 'codec' failed!(-2)
[   13.265149] [ASoC:BOARD] asoc_sprd_card_dai_link_of: parse for codec failed. Go to use a dummy codec.
[   13.265155] vbc-rxpx-codec-sc27xx sound@0: \x09name : BE_NORMAL_AP23_USB
[   13.265158] vbc-rxpx-codec-sc27xx sound@0: \x09stream_name : BE_ST_NORMAL_AP23_USB
[   13.265170] [ASoC:BOARD] ERR: asoc_sprd_card_sub_parse_of parse phandle 'codec' failed!(-2)
[   13.265171] [ASoC:BOARD] asoc_sprd_card_dai_link_of: parse for codec failed. Go to use a dummy codec.
[   13.265177] vbc-rxpx-codec-sc27xx sound@0: \x09name : BE_CAPTURE_DSP_USB
[   13.265179] vbc-rxpx-codec-sc27xx sound@0: \x09stream_name : BE_ST_CAPTURE_DSP_USB
[   13.265191] [ASoC:BOARD] ERR: asoc_sprd_card_sub_parse_of parse phandle 'codec' failed!(-2)
[   13.265192] [ASoC:BOARD] asoc_sprd_card_dai_link_of: parse for codec failed. Go to use a dummy codec.
[   13.265198] vbc-rxpx-codec-sc27xx sound@0: \x09name : BE_FAST_USB
[   13.265201] vbc-rxpx-codec-sc27xx sound@0: \x09stream_name : BE_ST_FAST_USB
[   13.265212] [ASoC:BOARD] ERR: asoc_sprd_card_sub_parse_of parse phandle 'codec' failed!(-2)
[   13.265214] [ASoC:BOARD] asoc_sprd_card_dai_link_of: parse for codec failed. Go to use a dummy codec.
[   13.265220] vbc-rxpx-codec-sc27xx sound@0: \x09name : BE_OFFLOAD_USB
[   13.265223] vbc-rxpx-codec-sc27xx sound@0: \x09stream_name : BE_ST_OFFLOAD_USB
[   13.265235] [ASoC:BOARD] ERR: asoc_sprd_card_sub_parse_of parse phandle 'codec' failed!(-2)
[   13.265236] [ASoC:BOARD] asoc_sprd_card_dai_link_of: parse for codec failed. Go to use a dummy codec.
[   13.265243] vbc-rxpx-codec-sc27xx sound@0: \x09name : BE_VOICE_USB
[   13.265246] vbc-rxpx-codec-sc27xx sound@0: \x09stream_name : BE_ST_VOICE_USB
[   13.265259] [ASoC:BOARD] ERR: asoc_sprd_card_sub_parse_of parse phandle 'codec' failed!(-2)
[   13.265260] [ASoC:BOARD] asoc_sprd_card_dai_link_of: parse for codec failed. Go to use a dummy codec.
[   13.265266] vbc-rxpx-codec-sc27xx sound@0: \x09name : BE_VOIP_USB
[   13.265268] vbc-rxpx-codec-sc27xx sound@0: \x09stream_name : BE_ST_VOIP_USB
[   13.265281] [ASoC:BOARD] ERR: asoc_sprd_card_sub_parse_of parse phandle 'codec' failed!(-2)
[   13.265283] [ASoC:BOARD] asoc_sprd_card_dai_link_of: parse for codec failed. Go to use a dummy codec.
[   13.265288] vbc-rxpx-codec-sc27xx sound@0: \x09name : BE_FM_USB
[   13.265291] vbc-rxpx-codec-sc27xx sound@0: \x09stream_name : BE_ST_FM_USB
[   13.265305] [ASoC:BOARD] ERR: asoc_sprd_card_sub_parse_of parse phandle 'codec' failed!(-2)
[   13.265307] [ASoC:BOARD] asoc_sprd_card_dai_link_of: parse for codec failed. Go to use a dummy codec.
[   13.265314] vbc-rxpx-codec-sc27xx sound@0: \x09name : BE_LOOP_USB
[   13.265317] vbc-rxpx-codec-sc27xx sound@0: \x09stream_name : BE_ST_LOOP_USB
[   13.265330] [ASoC:BOARD] ERR: asoc_sprd_card_sub_parse_of parse phandle 'codec' failed!(-2)
[   13.265331] [ASoC:BOARD] asoc_sprd_card_dai_link_of: parse for codec failed. Go to use a dummy codec.
[   13.265337] vbc-rxpx-codec-sc27xx sound@0: \x09name : BE_FM_DSP_USB
[   13.265339] vbc-rxpx-codec-sc27xx sound@0: \x09stream_name : BE_ST_FM_DSP_USB
[   13.265350] [ASoC:BOARD] ERR: asoc_sprd_card_sub_parse_of parse phandle 'codec' failed!(-2)
[   13.265351] [ASoC:BOARD] asoc_sprd_card_dai_link_of: parse for codec failed. Go to use a dummy codec.
[   13.265358] vbc-rxpx-codec-sc27xx sound@0: \x09name : BE_OFFLOAD_A2DP
[   13.265360] vbc-rxpx-codec-sc27xx sound@0: \x09stream_name : BE_ST_OFFLOAD_A2DP
[   13.265371] [ASoC:BOARD] ERR: asoc_sprd_card_sub_parse_of parse phandle 'codec' failed!(-2)
[   13.265372] [ASoC:BOARD] asoc_sprd_card_dai_link_of: parse for codec failed. Go to use a dummy codec.
[   13.265378] vbc-rxpx-codec-sc27xx sound@0: \x09name : BE_PCM_A2DP
[   13.265380] vbc-rxpx-codec-sc27xx sound@0: \x09stream_name : BE_ST_PCM_A2DP
[   13.265393] [ASoC:BOARD] ERR: asoc_sprd_card_sub_parse_of parse phandle 'codec' failed!(-2)
[   13.265395] [ASoC:BOARD] asoc_sprd_card_dai_link_of: parse for codec failed. Go to use a dummy codec.
[   13.265401] vbc-rxpx-codec-sc27xx sound@0: \x09name : BE_VOICE_BT
[   13.265404] vbc-rxpx-codec-sc27xx sound@0: \x09stream_name : BE_ST_VOICE_BT
[   13.265416] [ASoC:BOARD] ERR: asoc_sprd_card_sub_parse_of parse phandle 'codec' failed!(-2)
[   13.265418] [ASoC:BOARD] asoc_sprd_card_dai_link_of: parse for codec failed. Go to use a dummy codec.
[   13.265424] vbc-rxpx-codec-sc27xx sound@0: \x09name : BE_VOIP_BT
[   13.265426] vbc-rxpx-codec-sc27xx sound@0: \x09stream_name : BE_ST_VOIP_BT
[   13.265439] [ASoC:BOARD] ERR: asoc_sprd_card_sub_parse_of parse phandle 'codec' failed!(-2)
[   13.265441] [ASoC:BOARD] asoc_sprd_card_dai_link_of: parse for codec failed. Go to use a dummy codec.
[   13.265447] vbc-rxpx-codec-sc27xx sound@0: \x09name : BE_LOOP_BT
[   13.265450] vbc-rxpx-codec-sc27xx sound@0: \x09stream_name : BE_ST_LOOP_BT
[   13.265463] [ASoC:BOARD] ERR: asoc_sprd_card_sub_parse_of parse phandle 'codec' failed!(-2)
[   13.265464] [ASoC:BOARD] asoc_sprd_card_dai_link_of: parse for codec failed. Go to use a dummy codec.
[   13.265471] vbc-rxpx-codec-sc27xx sound@0: \x09name : BE_BT_C
[   13.265474] vbc-rxpx-codec-sc27xx sound@0: \x09stream_name : BE_ST_BT_C
[   13.265485] [ASoC:BOARD] ERR: asoc_sprd_card_sub_parse_of parse phandle 'codec' failed!(-2)
[   13.265487] [ASoC:BOARD] asoc_sprd_card_dai_link_of: parse for codec failed. Go to use a dummy codec.
[   13.265494] vbc-rxpx-codec-sc27xx sound@0: \x09name : BE_VOICE_C
[   13.265497] vbc-rxpx-codec-sc27xx sound@0: \x09stream_name : BE_ST_VOICE_C
[   13.265508] [ASoC:BOARD] ERR: asoc_sprd_card_sub_parse_of parse phandle 'codec' failed!(-2)
[   13.265510] [ASoC:BOARD] asoc_sprd_card_dai_link_of: parse for codec failed. Go to use a dummy codec.
[   13.265516] vbc-rxpx-codec-sc27xx sound@0: \x09name : BE_FM_C
[   13.265519] vbc-rxpx-codec-sc27xx sound@0: \x09stream_name : BE_ST_FM_C
[   13.265530] [ASoC:BOARD] ERR: asoc_sprd_card_sub_parse_of parse phandle 'codec' failed!(-2)
[   13.265532] [ASoC:BOARD] asoc_sprd_card_dai_link_of: parse for codec failed. Go to use a dummy codec.
[   13.265538] vbc-rxpx-codec-sc27xx sound@0: \x09name : BE_CAPTURE_FM_DSP
[   13.265541] vbc-rxpx-codec-sc27xx sound@0: \x09stream_name : BE_ST_CAPTURE_FM_DSP
[   13.265552] [ASoC:BOARD] ERR: asoc_sprd_card_sub_parse_of parse phandle 'codec' failed!(-2)
[   13.265554] [ASoC:BOARD] asoc_sprd_card_dai_link_of: parse for codec failed. Go to use a dummy codec.
[   13.265560] vbc-rxpx-codec-sc27xx sound@0: \x09name : BE_CAPTURE_BTSCO_DSP
[   13.265563] vbc-rxpx-codec-sc27xx sound@0: \x09stream_name : BE_ST_CAPTURE_BTSCO_DSP
[   13.265574] [ASoC:BOARD] ERR: asoc_sprd_card_sub_parse_of parse phandle 'codec' failed!(-2)
[   13.265576] [ASoC:BOARD] asoc_sprd_card_dai_link_of: parse for codec failed. Go to use a dummy codec.
[   13.265581] vbc-rxpx-codec-sc27xx sound@0: \x09name : BE_DUMP
[   13.265583] vbc-rxpx-codec-sc27xx sound@0: \x09stream_name : BE_DUMP
[   13.265596] [ASoC:BOARD] ERR: asoc_sprd_card_sub_parse_of parse phandle 'codec' failed!(-2)
[   13.265598] [ASoC:BOARD] asoc_sprd_card_dai_link_of: parse for codec failed. Go to use a dummy codec.
[   13.265605] vbc-rxpx-codec-sc27xx sound@0: \x09name : FE_TEST_CODEC
[   13.265608] vbc-rxpx-codec-sc27xx sound@0: \x09stream_name : FE_ST_TEST_CODEC
[   13.265625] vbc-rxpx-codec-sc27xx sound@0: \x09name : BE_TEST_CODEC
[   13.265628] vbc-rxpx-codec-sc27xx sound@0: \x09stream_name : BE_TEST_CODEC
[   13.265641] [ASoC:BOARD] ERR: asoc_sprd_card_sub_parse_of parse phandle 'codec' failed!(-2)
[   13.265643] [ASoC:BOARD] asoc_sprd_card_dai_link_of: parse for codec failed. Go to use a dummy codec.
[   13.265651] vbc-rxpx-codec-sc27xx sound@0: \x09name : BE_FAST_BTSCO
[   13.265654] vbc-rxpx-codec-sc27xx sound@0: \x09stream_name : BE_ST_FAST_BTSCO
[   13.265667] [ASoC:BOARD] ERR: asoc_sprd_card_sub_parse_of parse phandle 'codec' failed!(-2)
[   13.265669] [ASoC:BOARD] asoc_sprd_card_dai_link_of: parse for codec failed. Go to use a dummy codec.
[   13.265676] vbc-rxpx-codec-sc27xx sound@0: \x09name : BE_NORMAL_AP01_BTSCO
[   13.265678] vbc-rxpx-codec-sc27xx sound@0: \x09stream_name : BE_ST_NORMAL_AP01_BTSCO
[   13.265701] [ASoC:BOARD] ERR: asoc_sprd_card_sub_parse_of parse phandle 'codec' failed!(-2)
[   13.265702] [ASoC:BOARD] asoc_sprd_card_dai_link_of: parse for codec failed. Go to use a dummy codec.
[   13.265710] vbc-rxpx-codec-sc27xx sound@0: \x09name : FE_VOICE_PCM_P
[   13.265712] vbc-rxpx-codec-sc27xx sound@0: \x09stream_name : FE_ST_VOICE_PCM_P
[   13.265728] [ASoC:BOARD] ERR: asoc_sprd_card_sub_parse_of parse phandle 'codec' failed!(-2)
[   13.265730] [ASoC:BOARD] asoc_sprd_card_dai_link_of: parse for codec failed. Go to use a dummy codec.
[   13.265737] vbc-rxpx-codec-sc27xx sound@0: \x09name : BE_VOICE_PCM_P
[   13.265740] vbc-rxpx-codec-sc27xx sound@0: \x09stream_name : BE_ST_VOICE_PCM_P
[   13.265751] [ASoC:BOARD] ERR: asoc_sprd_card_sub_parse_of parse phandle 'codec' failed!(-2)
[   13.265752] [ASoC:BOARD] asoc_sprd_card_dai_link_of: parse for codec failed. Go to use a dummy codec.
[   13.265759] vbc-rxpx-codec-sc27xx sound@0: \x09name : FE_MM_P
[   13.265761] vbc-rxpx-codec-sc27xx sound@0: \x09stream_name : FE_ST_MM_P
[   13.265781] vbc-rxpx-codec-sc27xx sound@0: \x09name : BE_FAST_P_SMART_AMP
[   13.265784] vbc-rxpx-codec-sc27xx sound@0: \x09stream_name : BE_ST_FAST_P_SMART_AMP
[   13.265801] [ASoC:BOARD] sprd_asoc_card_parse_hook hook aw87xx iic pa!
[   13.265807] [ASoC:BOARD] hook_spk_aw87xxx id: 0, on: 0
[   13.265816] [Awinic] [4-005b]aw87xxx_power_on: profile_cfg not load
[   13.265828] vbc-rxpx-codec-sc27xx sound@0: ASoC: failed to init link FE_NORMAL_AP01: -517
[   13.265834] vbc-rxpx-codec-sc27xx sound@0: Count 'sprd,spk-ext-pa-info' failed!(-22)
[   13.265865] probe of sound@0 returned 0 after 1468 usecs
[   13.265914] probe of sprd-fe-dai returned 1 after 1849 usecs
[   13.266153] initcall fe_hw_free+0x170/0xe1c [snd_soc_sprd_vbc_fe] returned 0 after 2379 usecs
[   13.266241] init: Loaded kernel module /lib/modules/snd-soc-sprd-vbc-fe.ko
[   13.266431] init: Loading module /lib/modules/sprd-dmaengine-pcm.ko with args ''
[   13.269789] calling  sprd_pcm_platform_proc_write+0x254/0x2a8 [sprd_dmaengine_pcm] @ 1
[   13.270554] [ASoC:BOARD] ERR: asoc_sprd_card_sub_parse_of parse phandle 'codec' failed!(-2)
[   13.270557] [ASoC:BOARD] asoc_sprd_card_dai_link_of: parse for codec failed. Go to use a dummy codec.
[   13.270571] vbc-rxpx-codec-sc27xx sound@0: \x09name : FE_NORMAL_AP01
[   13.270574] vbc-rxpx-codec-sc27xx sound@0: \x09stream_name : FE_ST_NORMAL_AP01
[   13.270586] [ASoC:BOARD] ERR: asoc_sprd_card_sub_parse_of parse phandle 'codec' failed!(-2)
[   13.270587] [ASoC:BOARD] asoc_sprd_card_dai_link_of: parse for codec failed. Go to use a dummy codec.
[   13.270593] vbc-rxpx-codec-sc27xx sound@0: \x09name : FE_NORMAL_AP23
[   13.270595] vbc-rxpx-codec-sc27xx sound@0: \x09stream_name : FE_ST_NORMAL_AP23
[   13.270605] [ASoC:BOARD] ERR: asoc_sprd_card_sub_parse_of parse phandle 'codec' failed!(-2)
[   13.270607] [ASoC:BOARD] asoc_sprd_card_dai_link_of: parse for codec failed. Go to use a dummy codec.
[   13.270612] vbc-rxpx-codec-sc27xx sound@0: \x09name : FE_CAPTURE_DSP
[   13.270615] vbc-rxpx-codec-sc27xx sound@0: \x09stream_name : FE_ST_CAPTURE_DSP
[   13.270626] [ASoC:BOARD] ERR: asoc_sprd_card_sub_parse_of parse phandle 'codec' failed!(-2)
[   13.270628] [ASoC:BOARD] asoc_sprd_card_dai_link_of: parse for codec failed. Go to use a dummy codec.
[   13.270633] vbc-rxpx-codec-sc27xx sound@0: \x09name : FE_FAST
[   13.270636] vbc-rxpx-codec-sc27xx sound@0: \x09stream_name : FE_ST_FAST
[   13.270647] [ASoC:BOARD] ERR: asoc_sprd_card_sub_parse_of parse phandle 'codec' failed!(-2)
[   13.270649] [ASoC:BOARD] asoc_sprd_card_dai_link_of: parse for codec failed. Go to use a dummy codec.
[   13.270656] vbc-rxpx-codec-sc27xx sound@0: \x09name : FE_OFFLOAD
[   13.270658] vbc-rxpx-codec-sc27xx sound@0: \x09stream_name : FE_ST_OFFLOAD
[   13.270669] [ASoC:BOARD] ERR: asoc_sprd_card_sub_parse_of parse phandle 'codec' failed!(-2)
[   13.270671] [ASoC:BOARD] asoc_sprd_card_dai_link_of: parse for codec failed. Go to use a dummy codec.
[   13.270677] vbc-rxpx-codec-sc27xx sound@0: \x09name : FE_VOICE
[   13.270679] vbc-rxpx-codec-sc27xx sound@0: \x09stream_name : FE_ST_VOICE
[   13.270692] [ASoC:BOARD] ERR: asoc_sprd_card_sub_parse_of parse phandle 'codec' failed!(-2)
[   13.270693] [ASoC:BOARD] asoc_sprd_card_dai_link_of: parse for codec failed. Go to use a dummy codec.
[   13.270701] vbc-rxpx-codec-sc27xx sound@0: \x09name : FE_VOIP
[   13.270704] vbc-rxpx-codec-sc27xx sound@0: \x09stream_name : FE_ST_VOIP
[   13.270719] [ASoC:BOARD] ERR: asoc_sprd_card_sub_parse_of parse phandle 'codec' failed!(-2)
[   13.270721] [ASoC:BOARD] asoc_sprd_card_dai_link_of: parse for codec failed. Go to use a dummy codec.
[   13.270727] vbc-rxpx-codec-sc27xx sound@0: \x09name : FE_FM
[   13.270730] vbc-rxpx-codec-sc27xx sound@0: \x09stream_name : FE_ST_FM
[   13.270741] [ASoC:BOARD] ERR: asoc_sprd_card_sub_parse_of parse phandle 'codec' failed!(-2)
[   13.270743] [ASoC:BOARD] asoc_sprd_card_dai_link_of: parse for codec failed. Go to use a dummy codec.
[   13.270749] vbc-rxpx-codec-sc27xx sound@0: \x09name : FE_FM_C
[   13.270752] vbc-rxpx-codec-sc27xx sound@0: \x09stream_name : FE_ST_FM_C
[   13.270762] [ASoC:BOARD] ERR: asoc_sprd_card_sub_parse_of parse phandle 'codec' failed!(-2)
[   13.270764] [ASoC:BOARD] asoc_sprd_card_dai_link_of: parse for codec failed. Go to use a dummy codec.
[   13.270769] vbc-rxpx-codec-sc27xx sound@0: \x09name : FE_VOICE_C
[   13.270771] vbc-rxpx-codec-sc27xx sound@0: \x09stream_name : FE_ST_VOICE_C
[   13.270782] [ASoC:BOARD] ERR: asoc_sprd_card_sub_parse_of parse phandle 'codec' failed!(-2)
[   13.270783] [ASoC:BOARD] asoc_sprd_card_dai_link_of: parse for codec failed. Go to use a dummy codec.
[   13.270789] vbc-rxpx-codec-sc27xx sound@0: \x09name : FE_LOOP
[   13.270792] vbc-rxpx-codec-sc27xx sound@0: \x09stream_name : FE_ST_LOOP
[   13.270804] [ASoC:BOARD] ERR: asoc_sprd_card_sub_parse_of parse phandle 'codec' failed!(-2)
[   13.270805] [ASoC:BOARD] asoc_sprd_card_dai_link_of: parse for codec failed. Go to use a dummy codec.
[   13.270811] vbc-rxpx-codec-sc27xx sound@0: \x09name : FE_A2DP_OFFLOAD
[   13.270813] vbc-rxpx-codec-sc27xx sound@0: \x09stream_name : FE_ST_A2DP_OFFLOAD
[   13.270826] [ASoC:BOARD] ERR: asoc_sprd_card_sub_parse_of parse phandle 'codec' failed!(-2)
[   13.270827] [ASoC:BOARD] asoc_sprd_card_dai_link_of: parse for codec failed. Go to use a dummy codec.
[   13.270833] vbc-rxpx-codec-sc27xx sound@0: \x09name : FE_A2DP_PCM
[   13.270835] vbc-rxpx-codec-sc27xx sound@0: \x09stream_name : FE_ST_A2DP_PCM
[   13.270847] [ASoC:BOARD] ERR: asoc_sprd_card_sub_parse_of parse phandle 'codec' failed!(-2)
[   13.270848] [ASoC:BOARD] asoc_sprd_card_dai_link_of: parse for codec failed. Go to use a dummy codec.
[   13.270854] vbc-rxpx-codec-sc27xx sound@0: \x09name : FE_CAPTURE_FM_DSP
[   13.270857] vbc-rxpx-codec-sc27xx sound@0: \x09stream_name : FE_ST_CAPTURE_FM_DSP
[   13.270868] [ASoC:BOARD] ERR: asoc_sprd_card_sub_parse_of parse phandle 'codec' failed!(-2)
[   13.270870] [ASoC:BOARD] asoc_sprd_card_dai_link_of: parse for codec failed. Go to use a dummy codec.
[   13.270877] vbc-rxpx-codec-sc27xx sound@0: \x09name : FE_CAPTURE_BTSCO_DSP
[   13.270880] vbc-rxpx-codec-sc27xx sound@0: \x09stream_name : FE_ST_CAPTURE_BTSCO_DSP
[   13.270892] [ASoC:BOARD] ERR: asoc_sprd_card_sub_parse_of parse phandle 'codec' failed!(-2)
[   13.270894] [ASoC:BOARD] asoc_sprd_card_dai_link_of: parse for codec failed. Go to use a dummy codec.
[   13.270900] vbc-rxpx-codec-sc27xx sound@0: \x09name : FE_FM_DSP
[   13.270903] vbc-rxpx-codec-sc27xx sound@0: \x09stream_name : FE_ST_FM_DSP
[   13.270916] [ASoC:BOARD] ERR: asoc_sprd_card_sub_parse_of parse phandle 'codec' failed!(-2)
[   13.270917] [ASoC:BOARD] asoc_sprd_card_dai_link_of: parse for codec failed. Go to use a dummy codec.
[   13.270923] vbc-rxpx-codec-sc27xx sound@0: \x09name : FE_DUMP
[   13.270926] vbc-rxpx-codec-sc27xx sound@0: \x09stream_name : FE_ST_DUMP
[   13.270936] [ASoC:BOARD] ERR: asoc_sprd_card_sub_parse_of parse phandle 'codec' failed!(-2)
[   13.270938] [ASoC:BOARD] asoc_sprd_card_dai_link_of: parse for codec failed. Go to use a dummy codec.
[   13.270944] vbc-rxpx-codec-sc27xx sound@0: \x09name : FE_BTCAP_AP
[   13.270947] vbc-rxpx-codec-sc27xx sound@0: \x09stream_name : FE_ST_BTCAP_AP
[   13.270971] vbc-rxpx-codec-sc27xx sound@0: \x09name : BE_NORMAL_AP01_CODEC
[   13.270973] vbc-rxpx-codec-sc27xx sound@0: \x09stream_name : BE_ST_NORMAL_AP01_CODEC
[   13.270991] vbc-rxpx-codec-sc27xx sound@0: \x09name : BE_NORMAL_AP23_CODEC
[   13.270993] vbc-rxpx-codec-sc27xx sound@0: \x09stream_name : BE_ST_NORMAL_AP23_CODEC
[   13.271009] vbc-rxpx-codec-sc27xx sound@0: \x09name : BE_CAPTURE_DSP_CODEC
[   13.271012] vbc-rxpx-codec-sc27xx sound@0: \x09stream_name : BE_ST_CAPTURE_DSP_CODEC
[   13.271028] vbc-rxpx-codec-sc27xx sound@0: \x09name : BE_FAST_CODEC
[   13.271030] vbc-rxpx-codec-sc27xx sound@0: \x09stream_name : BE_ST_FAST_CODEC
[   13.271048] vbc-rxpx-codec-sc27xx sound@0: \x09name : BE_OFFLOAD_CODEC
[   13.271050] vbc-rxpx-codec-sc27xx sound@0: \x09stream_name : BE_ST_OFFLOAD_CODEC
[   13.271070] vbc-rxpx-codec-sc27xx sound@0: \x09name : BE_VOICE_CODEC
[   13.271073] vbc-rxpx-codec-sc27xx sound@0: \x09stream_name : BE_ST_VOICE_CODEC
[   13.271090] vbc-rxpx-codec-sc27xx sound@0: \x09name : BE_VOIP_CODEC
[   13.271092] vbc-rxpx-codec-sc27xx sound@0: \x09stream_name : BE_ST_VOIP_CODEC
[   13.271111] vbc-rxpx-codec-sc27xx sound@0: \x09name : BE_FM_CODEC
[   13.271113] vbc-rxpx-codec-sc27xx sound@0: \x09stream_name : BE_ST_FM_CODEC
[   13.271131] vbc-rxpx-codec-sc27xx sound@0: \x09name : BE_LOOP_CODEC
[   13.271134] vbc-rxpx-codec-sc27xx sound@0: \x09stream_name : BE_ST_LOOP_CODEC
[   13.271152] vbc-rxpx-codec-sc27xx sound@0: \x09name : BE_FM_DSP_CODEC
[   13.271155] vbc-rxpx-codec-sc27xx sound@0: \x09stream_name : BE_ST_FM_DSP_CODEC
[   13.271167] [ASoC:BOARD] ERR: asoc_sprd_card_sub_parse_of parse phandle 'codec' failed!(-2)
[   13.271169] [ASoC:BOARD] asoc_sprd_card_dai_link_of: parse for codec failed. Go to use a dummy codec.
[   13.271175] vbc-rxpx-codec-sc27xx sound@0: \x09name : BE_NORMAL_AP01_USB
[   13.271178] vbc-rxpx-codec-sc27xx sound@0: \x09stream_name : BE_ST_NORMAL_AP01_USB
[   13.271189] [ASoC:BOARD] ERR: asoc_sprd_card_sub_parse_of parse phandle 'codec' failed!(-2)
[   13.271191] [ASoC:BOARD] asoc_sprd_card_dai_link_of: parse for codec failed. Go to use a dummy codec.
[   13.271197] vbc-rxpx-codec-sc27xx sound@0: \x09name : BE_NORMAL_AP23_USB
[   13.271200] vbc-rxpx-codec-sc27xx sound@0: \x09stream_name : BE_ST_NORMAL_AP23_USB
[   13.271212] [ASoC:BOARD] ERR: asoc_sprd_card_sub_parse_of parse phandle 'codec' failed!(-2)
[   13.271214] [ASoC:BOARD] asoc_sprd_card_dai_link_of: parse for codec failed. Go to use a dummy codec.
[   13.271221] vbc-rxpx-codec-sc27xx sound@0: \x09name : BE_CAPTURE_DSP_USB
[   13.271223] vbc-rxpx-codec-sc27xx sound@0: \x09stream_name : BE_ST_CAPTURE_DSP_USB
[   13.271236] [ASoC:BOARD] ERR: asoc_sprd_card_sub_parse_of parse phandle 'codec' failed!(-2)
[   13.271237] [ASoC:BOARD] asoc_sprd_card_dai_link_of: parse for codec failed. Go to use a dummy codec.
[   13.271244] vbc-rxpx-codec-sc27xx sound@0: \x09name : BE_FAST_USB
[   13.271247] vbc-rxpx-codec-sc27xx sound@0: \x09stream_name : BE_ST_FAST_USB
[   13.271260] [ASoC:BOARD] ERR: asoc_sprd_card_sub_parse_of parse phandle 'codec' failed!(-2)
[   13.271262] [ASoC:BOARD] asoc_sprd_card_dai_link_of: parse for codec failed. Go to use a dummy codec.
[   13.271267] vbc-rxpx-codec-sc27xx sound@0: \x09name : BE_OFFLOAD_USB
[   13.271270] vbc-rxpx-codec-sc27xx sound@0: \x09stream_name : BE_ST_OFFLOAD_USB
[   13.271281] [ASoC:BOARD] ERR: asoc_sprd_card_sub_parse_of parse phandle 'codec' failed!(-2)
[   13.271283] [ASoC:BOARD] asoc_sprd_card_dai_link_of: parse for codec failed. Go to use a dummy codec.
[   13.271289] vbc-rxpx-codec-sc27xx sound@0: \x09name : BE_VOICE_USB
[   13.271292] vbc-rxpx-codec-sc27xx sound@0: \x09stream_name : BE_ST_VOICE_USB
[   13.271305] [ASoC:BOARD] ERR: asoc_sprd_card_sub_parse_of parse phandle 'codec' failed!(-2)
[   13.271306] [ASoC:BOARD] asoc_sprd_card_dai_link_of: parse for codec failed. Go to use a dummy codec.
[   13.271313] vbc-rxpx-codec-sc27xx sound@0: \x09name : BE_VOIP_USB
[   13.271316] vbc-rxpx-codec-sc27xx sound@0: \x09stream_name : BE_ST_VOIP_USB
[   13.271327] [ASoC:BOARD] ERR: asoc_sprd_card_sub_parse_of parse phandle 'codec' failed!(-2)
[   13.271328] [ASoC:BOARD] asoc_sprd_card_dai_link_of: parse for codec failed. Go to use a dummy codec.
[   13.271334] vbc-rxpx-codec-sc27xx sound@0: \x09name : BE_FM_USB
[   13.271337] vbc-rxpx-codec-sc27xx sound@0: \x09stream_name : BE_ST_FM_USB
[   13.271350] [ASoC:BOARD] ERR: asoc_sprd_card_sub_parse_of parse phandle 'codec' failed!(-2)
[   13.271352] [ASoC:BOARD] asoc_sprd_card_dai_link_of: parse for codec failed. Go to use a dummy codec.
[   13.271358] vbc-rxpx-codec-sc27xx sound@0: \x09name : BE_LOOP_USB
[   13.271361] vbc-rxpx-codec-sc27xx sound@0: \x09stream_name : BE_ST_LOOP_USB
[   13.271373] [ASoC:BOARD] ERR: asoc_sprd_card_sub_parse_of parse phandle 'codec' failed!(-2)
[   13.271374] [ASoC:BOARD] asoc_sprd_card_dai_link_of: parse for codec failed. Go to use a dummy codec.
[   13.271381] vbc-rxpx-codec-sc27xx sound@0: \x09name : BE_FM_DSP_USB
[   13.271383] vbc-rxpx-codec-sc27xx sound@0: \x09stream_name : BE_ST_FM_DSP_USB
[   13.271395] [ASoC:BOARD] ERR: asoc_sprd_card_sub_parse_of parse phandle 'codec' failed!(-2)
[   13.271397] [ASoC:BOARD] asoc_sprd_card_dai_link_of: parse for codec failed. Go to use a dummy codec.
[   13.271403] vbc-rxpx-codec-sc27xx sound@0: \x09name : BE_OFFLOAD_A2DP
[   13.271405] vbc-rxpx-codec-sc27xx sound@0: \x09stream_name : BE_ST_OFFLOAD_A2DP
[   13.271416] [ASoC:BOARD] ERR: asoc_sprd_card_sub_parse_of parse phandle 'codec' failed!(-2)
[   13.271418] [ASoC:BOARD] asoc_sprd_card_dai_link_of: parse for codec failed. Go to use a dummy codec.
[   13.271425] vbc-rxpx-codec-sc27xx sound@0: \x09name : BE_PCM_A2DP
[   13.271428] vbc-rxpx-codec-sc27xx sound@0: \x09stream_name : BE_ST_PCM_A2DP
[   13.271439] [ASoC:BOARD] ERR: asoc_sprd_card_sub_parse_of parse phandle 'codec' failed!(-2)
[   13.271441] [ASoC:BOARD] asoc_sprd_card_dai_link_of: parse for codec failed. Go to use a dummy codec.
[   13.271447] vbc-rxpx-codec-sc27xx sound@0: \x09name : BE_VOICE_BT
[   13.271450] vbc-rxpx-codec-sc27xx sound@0: \x09stream_name : BE_ST_VOICE_BT
[   13.271463] [ASoC:BOARD] ERR: asoc_sprd_card_sub_parse_of parse phandle 'codec' failed!(-2)
[   13.271464] [ASoC:BOARD] asoc_sprd_card_dai_link_of: parse for codec failed. Go to use a dummy codec.
[   13.271471] vbc-rxpx-codec-sc27xx sound@0: \x09name : BE_VOIP_BT
[   13.271474] vbc-rxpx-codec-sc27xx sound@0: \x09stream_name : BE_ST_VOIP_BT
[   13.271488] [ASoC:BOARD] ERR: asoc_sprd_card_sub_parse_of parse phandle 'codec' failed!(-2)
[   13.271489] [ASoC:BOARD] asoc_sprd_card_dai_link_of: parse for codec failed. Go to use a dummy codec.
[   13.271495] vbc-rxpx-codec-sc27xx sound@0: \x09name : BE_LOOP_BT
[   13.271498] vbc-rxpx-codec-sc27xx sound@0: \x09stream_name : BE_ST_LOOP_BT
[   13.271511] [ASoC:BOARD] ERR: asoc_sprd_card_sub_parse_of parse phandle 'codec' failed!(-2)
[   13.271512] [ASoC:BOARD] asoc_sprd_card_dai_link_of: parse for codec failed. Go to use a dummy codec.
[   13.271518] vbc-rxpx-codec-sc27xx sound@0: \x09name : BE_BT_C
[   13.271521] vbc-rxpx-codec-sc27xx sound@0: \x09stream_name : BE_ST_BT_C
[   13.271533] [ASoC:BOARD] ERR: asoc_sprd_card_sub_parse_of parse phandle 'codec' failed!(-2)
[   13.271534] [ASoC:BOARD] asoc_sprd_card_dai_link_of: parse for codec failed. Go to use a dummy codec.
[   13.271540] vbc-rxpx-codec-sc27xx sound@0: \x09name : BE_VOICE_C
[   13.271543] vbc-rxpx-codec-sc27xx sound@0: \x09stream_name : BE_ST_VOICE_C
[   13.271553] [ASoC:BOARD] ERR: asoc_sprd_card_sub_parse_of parse phandle 'codec' failed!(-2)
[   13.271555] [ASoC:BOARD] asoc_sprd_card_dai_link_of: parse for codec failed. Go to use a dummy codec.
[   13.271562] vbc-rxpx-codec-sc27xx sound@0: \x09name : BE_FM_C
[   13.271564] vbc-rxpx-codec-sc27xx sound@0: \x09stream_name : BE_ST_FM_C
[   13.271576] [ASoC:BOARD] ERR: asoc_sprd_card_sub_parse_of parse phandle 'codec' failed!(-2)
[   13.271578] [ASoC:BOARD] asoc_sprd_card_dai_link_of: parse for codec failed. Go to use a dummy codec.
[   13.271584] vbc-rxpx-codec-sc27xx sound@0: \x09name : BE_CAPTURE_FM_DSP
[   13.271587] vbc-rxpx-codec-sc27xx sound@0: \x09stream_name : BE_ST_CAPTURE_FM_DSP
[   13.271600] [ASoC:BOARD] ERR: asoc_sprd_card_sub_parse_of parse phandle 'codec' failed!(-2)
[   13.271601] [ASoC:BOARD] asoc_sprd_card_dai_link_of: parse for codec failed. Go to use a dummy codec.
[   13.271607] vbc-rxpx-codec-sc27xx sound@0: \x09name : BE_CAPTURE_BTSCO_DSP
[   13.271610] vbc-rxpx-codec-sc27xx sound@0: \x09stream_name : BE_ST_CAPTURE_BTSCO_DSP
[   13.271620] [ASoC:BOARD] ERR: asoc_sprd_card_sub_parse_of parse phandle 'codec' failed!(-2)
[   13.271621] [ASoC:BOARD] asoc_sprd_card_dai_link_of: parse for codec failed. Go to use a dummy codec.
[   13.271628] vbc-rxpx-codec-sc27xx sound@0: \x09name : BE_DUMP
[   13.271630] vbc-rxpx-codec-sc27xx sound@0: \x09stream_name : BE_DUMP
[   13.271643] [ASoC:BOARD] ERR: asoc_sprd_card_sub_parse_of parse phandle 'codec' failed!(-2)
[   13.271645] [ASoC:BOARD] asoc_sprd_card_dai_link_of: parse for codec failed. Go to use a dummy codec.
[   13.271652] vbc-rxpx-codec-sc27xx sound@0: \x09name : FE_TEST_CODEC
[   13.271655] vbc-rxpx-codec-sc27xx sound@0: \x09stream_name : FE_ST_TEST_CODEC
[   13.271673] vbc-rxpx-codec-sc27xx sound@0: \x09name : BE_TEST_CODEC
[   13.271676] vbc-rxpx-codec-sc27xx sound@0: \x09stream_name : BE_TEST_CODEC
[   13.271688] [ASoC:BOARD] ERR: asoc_sprd_card_sub_parse_of parse phandle 'codec' failed!(-2)
[   13.271690] [ASoC:BOARD] asoc_sprd_card_dai_link_of: parse for codec failed. Go to use a dummy codec.
[   13.271696] vbc-rxpx-codec-sc27xx sound@0: \x09name : BE_FAST_BTSCO
[   13.271699] vbc-rxpx-codec-sc27xx sound@0: \x09stream_name : BE_ST_FAST_BTSCO
[   13.271712] [ASoC:BOARD] ERR: asoc_sprd_card_sub_parse_of parse phandle 'codec' failed!(-2)
[   13.271714] [ASoC:BOARD] asoc_sprd_card_dai_link_of: parse for codec failed. Go to use a dummy codec.
[   13.271721] vbc-rxpx-codec-sc27xx sound@0: \x09name : BE_NORMAL_AP01_BTSCO
[   13.271724] vbc-rxpx-codec-sc27xx sound@0: \x09stream_name : BE_ST_NORMAL_AP01_BTSCO
[   13.271737] [ASoC:BOARD] ERR: asoc_sprd_card_sub_parse_of parse phandle 'codec' failed!(-2)
[   13.271739] [ASoC:BOARD] asoc_sprd_card_dai_link_of: parse for codec failed. Go to use a dummy codec.
[   13.271746] vbc-rxpx-codec-sc27xx sound@0: \x09name : FE_VOICE_PCM_P
[   13.271749] vbc-rxpx-codec-sc27xx sound@0: \x09stream_name : FE_ST_VOICE_PCM_P
[   13.271764] [ASoC:BOARD] ERR: asoc_sprd_card_sub_parse_of parse phandle 'codec' failed!(-2)
[   13.271766] [ASoC:BOARD] asoc_sprd_card_dai_link_of: parse for codec failed. Go to use a dummy codec.
[   13.271771] vbc-rxpx-codec-sc27xx sound@0: \x09name : BE_VOICE_PCM_P
[   13.271774] vbc-rxpx-codec-sc27xx sound@0: \x09stream_name : BE_ST_VOICE_PCM_P
[   13.271785] [ASoC:BOARD] ERR: asoc_sprd_card_sub_parse_of parse phandle 'codec' failed!(-2)
[   13.271787] [ASoC:BOARD] asoc_sprd_card_dai_link_of: parse for codec failed. Go to use a dummy codec.
[   13.271795] vbc-rxpx-codec-sc27xx sound@0: \x09name : FE_MM_P
[   13.271797] vbc-rxpx-codec-sc27xx sound@0: \x09stream_name : FE_ST_MM_P
[   13.271816] vbc-rxpx-codec-sc27xx sound@0: \x09name : BE_FAST_P_SMART_AMP
[   13.271818] vbc-rxpx-codec-sc27xx sound@0: \x09stream_name : BE_ST_FAST_P_SMART_AMP
[   13.271823] [ASoC:BOARD] sprd_asoc_card_parse_hook hook aw87xx iic pa!
[   13.271828] [ASoC:BOARD] hook_spk_aw87xxx id: 0, on: 0
[   13.271837] [Awinic] [4-005b]aw87xxx_power_on: profile_cfg not load
[   13.271849] vbc-rxpx-codec-sc27xx sound@0: ASoC: failed to init link FE_OFFLOAD: -517
[   13.271854] vbc-rxpx-codec-sc27xx sound@0: Count 'sprd,spk-ext-pa-info' failed!(-22)
[   13.271884] probe of sound@0 returned 0 after 1411 usecs
[   13.271933] probe of sprd-pcm-audio returned 1 after 1744 usecs
[   13.272231] initcall sprd_pcm_platform_proc_write+0x254/0x2a8 [sprd_dmaengine_pcm] returned 0 after 2372 usecs
[   13.272320] init: Loaded kernel module /lib/modules/sprd-dmaengine-pcm.ko
[   13.272505] init: Loading module /lib/modules/sprd-compr-2stage-dma.ko with args ''
[   13.276315] calling  sprd_compress_proc_read+0x34/0x84 [sprd_compr_2stage_dma] @ 1
[   13.276743] [ASoC:COMPR] sprd_platform_compr_probe, line: 2254
[   13.276746] [ASoC:COMPR] sprd_platform_compr_probe E,devname:sprd-compr-audio, drivername:sprd-compr-platform
[   13.276754] [ASoC:COMPR] sprd_platform_compr_probe, line: 2263
[   13.277096] [ASoC:BOARD] ERR: asoc_sprd_card_sub_parse_of parse phandle 'codec' failed!(-2)
[   13.277098] [ASoC:BOARD] asoc_sprd_card_dai_link_of: parse for codec failed. Go to use a dummy codec.
[   13.277113] vbc-rxpx-codec-sc27xx sound@0: \x09name : FE_NORMAL_AP01
[   13.277116] vbc-rxpx-codec-sc27xx sound@0: \x09stream_name : FE_ST_NORMAL_AP01
[   13.277127] [ASoC:BOARD] ERR: asoc_sprd_card_sub_parse_of parse phandle 'codec' failed!(-2)
[   13.277129] [ASoC:BOARD] asoc_sprd_card_dai_link_of: parse for codec failed. Go to use a dummy codec.
[   13.277135] vbc-rxpx-codec-sc27xx sound@0: \x09name : FE_NORMAL_AP23
[   13.277137] vbc-rxpx-codec-sc27xx sound@0: \x09stream_name : FE_ST_NORMAL_AP23
[   13.277148] [ASoC:BOARD] ERR: asoc_sprd_card_sub_parse_of parse phandle 'codec' failed!(-2)
[   13.277149] [ASoC:BOARD] asoc_sprd_card_dai_link_of: parse for codec failed. Go to use a dummy codec.
[   13.277155] vbc-rxpx-codec-sc27xx sound@0: \x09name : FE_CAPTURE_DSP
[   13.277157] vbc-rxpx-codec-sc27xx sound@0: \x09stream_name : FE_ST_CAPTURE_DSP
[   13.277168] [ASoC:BOARD] ERR: asoc_sprd_card_sub_parse_of parse phandle 'codec' failed!(-2)
[   13.277170] [ASoC:BOARD] asoc_sprd_card_dai_link_of: parse for codec failed. Go to use a dummy codec.
[   13.277176] vbc-rxpx-codec-sc27xx sound@0: \x09name : FE_FAST
[   13.277179] vbc-rxpx-codec-sc27xx sound@0: \x09stream_name : FE_ST_FAST
[   13.277189] [ASoC:BOARD] ERR: asoc_sprd_card_sub_parse_of parse phandle 'codec' failed!(-2)
[   13.277191] [ASoC:BOARD] asoc_sprd_card_dai_link_of: parse for codec failed. Go to use a dummy codec.
[   13.277198] vbc-rxpx-codec-sc27xx sound@0: \x09name : FE_OFFLOAD
[   13.277200] vbc-rxpx-codec-sc27xx sound@0: \x09stream_name : FE_ST_OFFLOAD
[   13.277211] [ASoC:BOARD] ERR: asoc_sprd_card_sub_parse_of parse phandle 'codec' failed!(-2)
[   13.277213] [ASoC:BOARD] asoc_sprd_card_dai_link_of: parse for codec failed. Go to use a dummy codec.
[   13.277219] vbc-rxpx-codec-sc27xx sound@0: \x09name : FE_VOICE
[   13.277222] vbc-rxpx-codec-sc27xx sound@0: \x09stream_name : FE_ST_VOICE
[   13.277232] [ASoC:BOARD] ERR: asoc_sprd_card_sub_parse_of parse phandle 'codec' failed!(-2)
[   13.277234] [ASoC:BOARD] asoc_sprd_card_dai_link_of: parse for codec failed. Go to use a dummy codec.
[   13.277240] vbc-rxpx-codec-sc27xx sound@0: \x09name : FE_VOIP
[   13.277243] vbc-rxpx-codec-sc27xx sound@0: \x09stream_name : FE_ST_VOIP
[   13.277257] [ASoC:BOARD] ERR: asoc_sprd_card_sub_parse_of parse phandle 'codec' failed!(-2)
[   13.277258] [ASoC:BOARD] asoc_sprd_card_dai_link_of: parse for codec failed. Go to use a dummy codec.
[   13.277265] vbc-rxpx-codec-sc27xx sound@0: \x09name : FE_FM
[   13.277268] vbc-rxpx-codec-sc27xx sound@0: \x09stream_name : FE_ST_FM
[   13.277280] [ASoC:BOARD] ERR: asoc_sprd_card_sub_parse_of parse phandle 'codec' failed!(-2)
[   13.277282] [ASoC:BOARD] asoc_sprd_card_dai_link_of: parse for codec failed. Go to use a dummy codec.
[   13.277288] vbc-rxpx-codec-sc27xx sound@0: \x09name : FE_FM_C
[   13.277290] vbc-rxpx-codec-sc27xx sound@0: \x09stream_name : FE_ST_FM_C
[   13.277302] [ASoC:BOARD] ERR: asoc_sprd_card_sub_parse_of parse phandle 'codec' failed!(-2)
[   13.277303] [ASoC:BOARD] asoc_sprd_card_dai_link_of: parse for codec failed. Go to use a dummy codec.
[   13.277309] vbc-rxpx-codec-sc27xx sound@0: \x09name : FE_VOICE_C
[   13.277312] vbc-rxpx-codec-sc27xx sound@0: \x09stream_name : FE_ST_VOICE_C
[   13.277321] [ASoC:BOARD] ERR: asoc_sprd_card_sub_parse_of parse phandle 'codec' failed!(-2)
[   13.277323] [ASoC:BOARD] asoc_sprd_card_dai_link_of: parse for codec failed. Go to use a dummy codec.
[   13.277329] vbc-rxpx-codec-sc27xx sound@0: \x09name : FE_LOOP
[   13.277332] vbc-rxpx-codec-sc27xx sound@0: \x09stream_name : FE_ST_LOOP
[   13.277342] [ASoC:BOARD] ERR: asoc_sprd_card_sub_parse_of parse phandle 'codec' failed!(-2)
[   13.277343] [ASoC:BOARD] asoc_sprd_card_dai_link_of: parse for codec failed. Go to use a dummy codec.
[   13.277349] vbc-rxpx-codec-sc27xx sound@0: \x09name : FE_A2DP_OFFLOAD
[   13.277352] vbc-rxpx-codec-sc27xx sound@0: \x09stream_name : FE_ST_A2DP_OFFLOAD
[   13.277363] [ASoC:BOARD] ERR: asoc_sprd_card_sub_parse_of parse phandle 'codec' failed!(-2)
[   13.277364] [ASoC:BOARD] asoc_sprd_card_dai_link_of: parse for codec failed. Go to use a dummy codec.
[   13.277371] vbc-rxpx-codec-sc27xx sound@0: \x09name : FE_A2DP_PCM
[   13.277374] vbc-rxpx-codec-sc27xx sound@0: \x09stream_name : FE_ST_A2DP_PCM
[   13.277386] [ASoC:BOARD] ERR: asoc_sprd_card_sub_parse_of parse phandle 'codec' failed!(-2)
[   13.277388] [ASoC:BOARD] asoc_sprd_card_dai_link_of: parse for codec failed. Go to use a dummy codec.
[   13.277393] vbc-rxpx-codec-sc27xx sound@0: \x09name : FE_CAPTURE_FM_DSP
[   13.277396] vbc-rxpx-codec-sc27xx sound@0: \x09stream_name : FE_ST_CAPTURE_FM_DSP
[   13.277407] [ASoC:BOARD] ERR: asoc_sprd_card_sub_parse_of parse phandle 'codec' failed!(-2)
[   13.277408] [ASoC:BOARD] asoc_sprd_card_dai_link_of: parse for codec failed. Go to use a dummy codec.
[   13.277415] vbc-rxpx-codec-sc27xx sound@0: \x09name : FE_CAPTURE_BTSCO_DSP
[   13.277418] vbc-rxpx-codec-sc27xx sound@0: \x09stream_name : FE_ST_CAPTURE_BTSCO_DSP
[   13.277428] [ASoC:BOARD] ERR: asoc_sprd_card_sub_parse_of parse phandle 'codec' failed!(-2)
[   13.277429] [ASoC:BOARD] asoc_sprd_card_dai_link_of: parse for codec failed. Go to use a dummy codec.
[   13.277435] vbc-rxpx-codec-sc27xx sound@0: \x09name : FE_FM_DSP
[   13.277437] vbc-rxpx-codec-sc27xx sound@0: \x09stream_name : FE_ST_FM_DSP
[   13.277449] [ASoC:BOARD] ERR: asoc_sprd_card_sub_parse_of parse phandle 'codec' failed!(-2)
[   13.277450] [ASoC:BOARD] asoc_sprd_card_dai_link_of: parse for codec failed. Go to use a dummy codec.
[   13.277456] vbc-rxpx-codec-sc27xx sound@0: \x09name : FE_DUMP
[   13.277458] vbc-rxpx-codec-sc27xx sound@0: \x09stream_name : FE_ST_DUMP
[   13.277468] [ASoC:BOARD] ERR: asoc_sprd_card_sub_parse_of parse phandle 'codec' failed!(-2)
[   13.277470] [ASoC:BOARD] asoc_sprd_card_dai_link_of: parse for codec failed. Go to use a dummy codec.
[   13.277476] vbc-rxpx-codec-sc27xx sound@0: \x09name : FE_BTCAP_AP
[   13.277479] vbc-rxpx-codec-sc27xx sound@0: \x09stream_name : FE_ST_BTCAP_AP
[   13.277502] vbc-rxpx-codec-sc27xx sound@0: \x09name : BE_NORMAL_AP01_CODEC
[   13.277505] vbc-rxpx-codec-sc27xx sound@0: \x09stream_name : BE_ST_NORMAL_AP01_CODEC
[   13.277525] vbc-rxpx-codec-sc27xx sound@0: \x09name : BE_NORMAL_AP23_CODEC
[   13.277528] vbc-rxpx-codec-sc27xx sound@0: \x09stream_name : BE_ST_NORMAL_AP23_CODEC
[   13.277545] vbc-rxpx-codec-sc27xx sound@0: \x09name : BE_CAPTURE_DSP_CODEC
[   13.277547] vbc-rxpx-codec-sc27xx sound@0: \x09stream_name : BE_ST_CAPTURE_DSP_CODEC
[   13.277563] vbc-rxpx-codec-sc27xx sound@0: \x09name : BE_FAST_CODEC
[   13.277566] vbc-rxpx-codec-sc27xx sound@0: \x09stream_name : BE_ST_FAST_CODEC
[   13.277583] vbc-rxpx-codec-sc27xx sound@0: \x09name : BE_OFFLOAD_CODEC
[   13.277586] vbc-rxpx-codec-sc27xx sound@0: \x09stream_name : BE_ST_OFFLOAD_CODEC
[   13.277604] vbc-rxpx-codec-sc27xx sound@0: \x09name : BE_VOICE_CODEC
[   13.277607] vbc-rxpx-codec-sc27xx sound@0: \x09stream_name : BE_ST_VOICE_CODEC
[   13.277623] vbc-rxpx-codec-sc27xx sound@0: \x09name : BE_VOIP_CODEC
[   13.277626] vbc-rxpx-codec-sc27xx sound@0: \x09stream_name : BE_ST_VOIP_CODEC
[   13.277643] vbc-rxpx-codec-sc27xx sound@0: \x09name : BE_FM_CODEC
[   13.277646] vbc-rxpx-codec-sc27xx sound@0: \x09stream_name : BE_ST_FM_CODEC
[   13.277664] vbc-rxpx-codec-sc27xx sound@0: \x09name : BE_LOOP_CODEC
[   13.277667] vbc-rxpx-codec-sc27xx sound@0: \x09stream_name : BE_ST_LOOP_CODEC
[   13.277683] vbc-rxpx-codec-sc27xx sound@0: \x09name : BE_FM_DSP_CODEC
[   13.277686] vbc-rxpx-codec-sc27xx sound@0: \x09stream_name : BE_ST_FM_DSP_CODEC
[   13.277698] [ASoC:BOARD] ERR: asoc_sprd_card_sub_parse_of parse phandle 'codec' failed!(-2)
[   13.277700] [ASoC:BOARD] asoc_sprd_card_dai_link_of: parse for codec failed. Go to use a dummy codec.
[   13.277707] vbc-rxpx-codec-sc27xx sound@0: \x09name : BE_NORMAL_AP01_USB
[   13.277709] vbc-rxpx-codec-sc27xx sound@0: \x09stream_name : BE_ST_NORMAL_AP01_USB
[   13.277720] [ASoC:BOARD] ERR: asoc_sprd_card_sub_parse_of parse phandle 'codec' failed!(-2)
[   13.277722] [ASoC:BOARD] asoc_sprd_card_dai_link_of: parse for codec failed. Go to use a dummy codec.
[   13.277728] vbc-rxpx-codec-sc27xx sound@0: \x09name : BE_NORMAL_AP23_USB
[   13.277731] vbc-rxpx-codec-sc27xx sound@0: \x09stream_name : BE_ST_NORMAL_AP23_USB
[   13.277743] [ASoC:BOARD] ERR: asoc_sprd_card_sub_parse_of parse phandle 'codec' failed!(-2)
[   13.277745] [ASoC:BOARD] asoc_sprd_card_dai_link_of: parse for codec failed. Go to use a dummy codec.
[   13.277751] vbc-rxpx-codec-sc27xx sound@0: \x09name : BE_CAPTURE_DSP_USB
[   13.277753] vbc-rxpx-codec-sc27xx sound@0: \x09stream_name : BE_ST_CAPTURE_DSP_USB
[   13.277766] [ASoC:BOARD] ERR: asoc_sprd_card_sub_parse_of parse phandle 'codec' failed!(-2)
[   13.277768] [ASoC:BOARD] asoc_sprd_card_dai_link_of: parse for codec failed. Go to use a dummy codec.
[   13.277774] vbc-rxpx-codec-sc27xx sound@0: \x09name : BE_FAST_USB
[   13.277776] vbc-rxpx-codec-sc27xx sound@0: \x09stream_name : BE_ST_FAST_USB
[   13.277788] [ASoC:BOARD] ERR: asoc_sprd_card_sub_parse_of parse phandle 'codec' failed!(-2)
[   13.277789] [ASoC:BOARD] asoc_sprd_card_dai_link_of: parse for codec failed. Go to use a dummy codec.
[   13.277797] vbc-rxpx-codec-sc27xx sound@0: \x09name : BE_OFFLOAD_USB
[   13.277800] vbc-rxpx-codec-sc27xx sound@0: \x09stream_name : BE_ST_OFFLOAD_USB
[   13.277811] [ASoC:BOARD] ERR: asoc_sprd_card_sub_parse_of parse phandle 'codec' failed!(-2)
[   13.277813] [ASoC:BOARD] asoc_sprd_card_dai_link_of: parse for codec failed. Go to use a dummy codec.
[   13.277818] vbc-rxpx-codec-sc27xx sound@0: \x09name : BE_VOICE_USB
[   13.277821] vbc-rxpx-codec-sc27xx sound@0: \x09stream_name : BE_ST_VOICE_USB
[   13.277832] [ASoC:BOARD] ERR: asoc_sprd_card_sub_parse_of parse phandle 'codec' failed!(-2)
[   13.277834] [ASoC:BOARD] asoc_sprd_card_dai_link_of: parse for codec failed. Go to use a dummy codec.
[   13.277839] vbc-rxpx-codec-sc27xx sound@0: \x09name : BE_VOIP_USB
[   13.277841] vbc-rxpx-codec-sc27xx sound@0: \x09stream_name : BE_ST_VOIP_USB
[   13.277853] [ASoC:BOARD] ERR: asoc_sprd_card_sub_parse_of parse phandle 'codec' failed!(-2)
[   13.277854] [ASoC:BOARD] asoc_sprd_card_dai_link_of: parse for codec failed. Go to use a dummy codec.
[   13.277861] vbc-rxpx-codec-sc27xx sound@0: \x09name : BE_FM_USB
[   13.277864] vbc-rxpx-codec-sc27xx sound@0: \x09stream_name : BE_ST_FM_USB
[   13.277879] [ASoC:BOARD] ERR: asoc_sprd_card_sub_parse_of parse phandle 'codec' failed!(-2)
[   13.277881] [ASoC:BOARD] asoc_sprd_card_dai_link_of: parse for codec failed. Go to use a dummy codec.
[   13.277888] vbc-rxpx-codec-sc27xx sound@0: \x09name : BE_LOOP_USB
[   13.277890] vbc-rxpx-codec-sc27xx sound@0: \x09stream_name : BE_ST_LOOP_USB
[   13.277901] [ASoC:BOARD] ERR: asoc_sprd_card_sub_parse_of parse phandle 'codec' failed!(-2)
[   13.277903] [ASoC:BOARD] asoc_sprd_card_dai_link_of: parse for codec failed. Go to use a dummy codec.
[   13.277908] vbc-rxpx-codec-sc27xx sound@0: \x09name : BE_FM_DSP_USB
[   13.277911] vbc-rxpx-codec-sc27xx sound@0: \x09stream_name : BE_ST_FM_DSP_USB
[   13.277923] [ASoC:BOARD] ERR: asoc_sprd_card_sub_parse_of parse phandle 'codec' failed!(-2)
[   13.277925] [ASoC:BOARD] asoc_sprd_card_dai_link_of: parse for codec failed. Go to use a dummy codec.
[   13.277931] vbc-rxpx-codec-sc27xx sound@0: \x09name : BE_OFFLOAD_A2DP
[   13.277934] vbc-rxpx-codec-sc27xx sound@0: \x09stream_name : BE_ST_OFFLOAD_A2DP
[   13.277945] [ASoC:BOARD] ERR: asoc_sprd_card_sub_parse_of parse phandle 'codec' failed!(-2)
[   13.277947] [ASoC:BOARD] asoc_sprd_card_dai_link_of: parse for codec failed. Go to use a dummy codec.
[   13.277953] vbc-rxpx-codec-sc27xx sound@0: \x09name : BE_PCM_A2DP
[   13.277955] vbc-rxpx-codec-sc27xx sound@0: \x09stream_name : BE_ST_PCM_A2DP
[   13.277967] [ASoC:BOARD] ERR: asoc_sprd_card_sub_parse_of parse phandle 'codec' failed!(-2)
[   13.277968] [ASoC:BOARD] asoc_sprd_card_dai_link_of: parse for codec failed. Go to use a dummy codec.
[   13.277975] vbc-rxpx-codec-sc27xx sound@0: \x09name : BE_VOICE_BT
[   13.277977] vbc-rxpx-codec-sc27xx sound@0: \x09stream_name : BE_ST_VOICE_BT
[   13.277990] [ASoC:BOARD] ERR: asoc_sprd_card_sub_parse_of parse phandle 'codec' failed!(-2)
[   13.277991] [ASoC:BOARD] asoc_sprd_card_dai_link_of: parse for codec failed. Go to use a dummy codec.
[   13.277998] vbc-rxpx-codec-sc27xx sound@0: \x09name : BE_VOIP_BT
[   13.278000] vbc-rxpx-codec-sc27xx sound@0: \x09stream_name : BE_ST_VOIP_BT
[   13.278013] [ASoC:BOARD] ERR: asoc_sprd_card_sub_parse_of parse phandle 'codec' failed!(-2)
[   13.278014] [ASoC:BOARD] asoc_sprd_card_dai_link_of: parse for codec failed. Go to use a dummy codec.
[   13.278020] vbc-rxpx-codec-sc27xx sound@0: \x09name : BE_LOOP_BT
[   13.278023] vbc-rxpx-codec-sc27xx sound@0: \x09stream_name : BE_ST_LOOP_BT
[   13.278034] [ASoC:BOARD] ERR: asoc_sprd_card_sub_parse_of parse phandle 'codec' failed!(-2)
[   13.278036] [ASoC:BOARD] asoc_sprd_card_dai_link_of: parse for codec failed. Go to use a dummy codec.
[   13.278041] vbc-rxpx-codec-sc27xx sound@0: \x09name : BE_BT_C
[   13.278044] vbc-rxpx-codec-sc27xx sound@0: \x09stream_name : BE_ST_BT_C
[   13.278055] [ASoC:BOARD] ERR: asoc_sprd_card_sub_parse_of parse phandle 'codec' failed!(-2)
[   13.278057] [ASoC:BOARD] asoc_sprd_card_dai_link_of: parse for codec failed. Go to use a dummy codec.
[   13.278064] vbc-rxpx-codec-sc27xx sound@0: \x09name : BE_VOICE_C
[   13.278067] vbc-rxpx-codec-sc27xx sound@0: \x09stream_name : BE_ST_VOICE_C
[   13.278078] [ASoC:BOARD] ERR: asoc_sprd_card_sub_parse_of parse phandle 'codec' failed!(-2)
[   13.278080] [ASoC:BOARD] asoc_sprd_card_dai_link_of: parse for codec failed. Go to use a dummy codec.
[   13.278087] vbc-rxpx-codec-sc27xx sound@0: \x09name : BE_FM_C
[   13.278089] vbc-rxpx-codec-sc27xx sound@0: \x09stream_name : BE_ST_FM_C
[   13.278101] [ASoC:BOARD] ERR: asoc_sprd_card_sub_parse_of parse phandle 'codec' failed!(-2)
[   13.278102] [ASoC:BOARD] asoc_sprd_card_dai_link_of: parse for codec failed. Go to use a dummy codec.
[   13.278109] vbc-rxpx-codec-sc27xx sound@0: \x09name : BE_CAPTURE_FM_DSP
[   13.278111] vbc-rxpx-codec-sc27xx sound@0: \x09stream_name : BE_ST_CAPTURE_FM_DSP
[   13.278122] [ASoC:BOARD] ERR: asoc_sprd_card_sub_parse_of parse phandle 'codec' failed!(-2)
[   13.278124] [ASoC:BOARD] asoc_sprd_card_dai_link_of: parse for codec failed. Go to use a dummy codec.
[   13.278130] vbc-rxpx-codec-sc27xx sound@0: \x09name : BE_CAPTURE_BTSCO_DSP
[   13.278133] vbc-rxpx-codec-sc27xx sound@0: \x09stream_name : BE_ST_CAPTURE_BTSCO_DSP
[   13.278144] [ASoC:BOARD] ERR: asoc_sprd_card_sub_parse_of parse phandle 'codec' failed!(-2)
[   13.278146] [ASoC:BOARD] asoc_sprd_card_dai_link_of: parse for codec failed. Go to use a dummy codec.
[   13.278151] vbc-rxpx-codec-sc27xx sound@0: \x09name : BE_DUMP
[   13.278154] vbc-rxpx-codec-sc27xx sound@0: \x09stream_name : BE_DUMP
[   13.278165] [ASoC:BOARD] ERR: asoc_sprd_card_sub_parse_of parse phandle 'codec' failed!(-2)
[   13.278166] [ASoC:BOARD] asoc_sprd_card_dai_link_of: parse for codec failed. Go to use a dummy codec.
[   13.278173] vbc-rxpx-codec-sc27xx sound@0: \x09name : FE_TEST_CODEC
[   13.278175] vbc-rxpx-codec-sc27xx sound@0: \x09stream_name : FE_ST_TEST_CODEC
[   13.278193] vbc-rxpx-codec-sc27xx sound@0: \x09name : BE_TEST_CODEC
[   13.278196] vbc-rxpx-codec-sc27xx sound@0: \x09stream_name : BE_TEST_CODEC
[   13.278208] [ASoC:BOARD] ERR: asoc_sprd_card_sub_parse_of parse phandle 'codec' failed!(-2)
[   13.278210] [ASoC:BOARD] asoc_sprd_card_dai_link_of: parse for codec failed. Go to use a dummy codec.
[   13.278217] vbc-rxpx-codec-sc27xx sound@0: \x09name : BE_FAST_BTSCO
[   13.278220] vbc-rxpx-codec-sc27xx sound@0: \x09stream_name : BE_ST_FAST_BTSCO
[   13.278232] [ASoC:BOARD] ERR: asoc_sprd_card_sub_parse_of parse phandle 'codec' failed!(-2)
[   13.278233] [ASoC:BOARD] asoc_sprd_card_dai_link_of: parse for codec failed. Go to use a dummy codec.
[   13.278239] vbc-rxpx-codec-sc27xx sound@0: \x09name : BE_NORMAL_AP01_BTSCO
[   13.278241] vbc-rxpx-codec-sc27xx sound@0: \x09stream_name : BE_ST_NORMAL_AP01_BTSCO
[   13.278252] [ASoC:BOARD] ERR: asoc_sprd_card_sub_parse_of parse phandle 'codec' failed!(-2)
[   13.278253] [ASoC:BOARD] asoc_sprd_card_dai_link_of: parse for codec failed. Go to use a dummy codec.
[   13.278261] vbc-rxpx-codec-sc27xx sound@0: \x09name : FE_VOICE_PCM_P
[   13.278264] vbc-rxpx-codec-sc27xx sound@0: \x09stream_name : FE_ST_VOICE_PCM_P
[   13.278278] [ASoC:BOARD] ERR: asoc_sprd_card_sub_parse_of parse phandle 'codec' failed!(-2)
[   13.278279] [ASoC:BOARD] asoc_sprd_card_dai_link_of: parse for codec failed. Go to use a dummy codec.
[   13.278286] vbc-rxpx-codec-sc27xx sound@0: \x09name : BE_VOICE_PCM_P
[   13.278289] vbc-rxpx-codec-sc27xx sound@0: \x09stream_name : BE_ST_VOICE_PCM_P
[   13.278301] [ASoC:BOARD] ERR: asoc_sprd_card_sub_parse_of parse phandle 'codec' failed!(-2)
[   13.278303] [ASoC:BOARD] asoc_sprd_card_dai_link_of: parse for codec failed. Go to use a dummy codec.
[   13.278309] vbc-rxpx-codec-sc27xx sound@0: \x09name : FE_MM_P
[   13.278312] vbc-rxpx-codec-sc27xx sound@0: \x09stream_name : FE_ST_MM_P
[   13.278331] vbc-rxpx-codec-sc27xx sound@0: \x09name : BE_FAST_P_SMART_AMP
[   13.278334] vbc-rxpx-codec-sc27xx sound@0: \x09stream_name : BE_ST_FAST_P_SMART_AMP
[   13.278339] [ASoC:BOARD] sprd_asoc_card_parse_hook hook aw87xx iic pa!
[   13.278343] [ASoC:BOARD] hook_spk_aw87xxx id: 0, on: 0
[   13.278353] [Awinic] [4-005b]aw87xxx_power_on: profile_cfg not load
[   13.278885] [ASoC:COMPR] sprd_compr_probe, line: 2170
[   13.278942] probe of sprd-compr-audio returned 1 after 2217 usecs
[   13.279241] initcall sprd_compress_proc_read+0x34/0x84 [sprd_compr_2stage_dma] returned 0 after 2838 usecs
[   13.279279] [ASoC:COMPR] sprd_compr_probe, line: 2211
[   13.279425] [ASoC: VBC ] vbc_codec_soc_probe: 4753:vbc_codec_soc_probe
[   13.280145] init: Loaded kernel module /lib/modules/sprd-compr-2stage-dma.ko
[   13.280311] init: Loading module /lib/modules/sprd_mipi.ko with args ''
[   13.281143] [ASoC:HDST2730] sprd_headset_parse_dt :no match found for switch gpio.
[   13.281159] [ASoC:HDST2730] use GPIO_54 for 'aud_int_all', debounce: 10
[   13.281166] [ASoC:HDST2730] sprd_headset_parse_dt: fail to get line_out_support
[   13.281170] [ASoC:HDST2730] half_adc_gnd 100, one_half_adc_gnd 428, sprd_adc_gnd 328
[   13.281173] [ASoC:HDST2730] threshold_3pole 2950, sprd_half_adc_gnd 100, coefficient 884520, irq_threshold_button 4
[   13.281179] [ASoC:HDST2730] device tree data: adc_min 0 adc_max 480 code 226
[   13.281181] [ASoC:HDST2730] device tree data: adc_min 481 adc_max 990 code 115
[   13.281183] [ASoC:HDST2730] device tree data: adc_min 991 adc_max 2500 code 114
[   13.281196] platform sprd-headset: not support typec analog headset
[   13.281198] [ASoC:HDST2730] automatic EU/US type switch is unsupported
[   13.281255] [ASoC:HDST2730] headset_detect_probe success
[   13.281290] [ASoC:HDST2730] sprd_headset_soc_probe adie_chip_id 0x2730
[   13.282061] [ASoC:HDST2730] sprd_headset_power_set name CLK_DCL_32K, power_on 1, en 0
[   13.282075] [ASoC:POWER] audio power  1  enable, vreg_enable
[   13.282295] [ASoC:HDST2730] sprd_headset_power_set name DIG_CLK_INTC, power_on 1, en 0
[   13.282421] [ASoC:HDST2730] sprd_headset_regulator_init PMU0(0000) 2020, PMU1(0004) 0, DCL1(0100) 700, CLK0(0068) 2000
[   13.282629] [ASoC:HDST2730] sprd_hmicbias_polling_init HID0(144) 3888, HID1(148) 101, HID2(14C) 8080, HID3(150) 8, HID4(154) 20
[   13.282867] [ASoC:HDST2730] sprd_headset_eic_init INT0(0200) 0, INT1(0204) ffff, INT6(0218) 0
[   13.282892] [ASoC:HDST2730] sprd_headset_clear_all_eic clear all internal eic
[   13.283036] [ASoC:HDST2730] sprd_set_all_eic_trig_level set all internal eic trig level to high
[   13.283053] [ASoC:HDST2730] sprd_headset_all_eic_enable disable all internal eic
[   13.283093] [ASoC:HDST2730] intc force clear, INT8(220.MIS) 0, bits ffff
[   13.283226] [ASoC:HDST2730] sprd_headset_eic_init STS0(184) 2000, INT5(214.IEV) ffff, INT6(218.IE) 0, INT7(21C.RIS) 0, INT8(220.MIS) 0, INT11(22C.STS1) 0, INT32(280.INTC.EN) 4000, INT34(288) 0
[   13.283334] calling  serdes_enable+0x284/0x2a4 [sprd_mipi] @ 1
[   13.283355] initcall serdes_enable+0x284/0x2a4 [sprd_mipi] returned 0 after 13 usecs
[   13.283425] init: Loaded kernel module /lib/modules/sprd_mipi.ko
[   13.283593] init: Loading module /lib/modules/mipi_driver.ko with args ''
[   13.285714] [ASoC:HDST2730] sprd_headset_debug_sysfs_init success
[   13.285717] [ASoC:HDST2730] sprd_get_adc_cal_from_efuse enter
[   13.286887] calling  dbg_phy_exit+0x70/0x94 [mipi_driver] @ 1
[   13.287641] sprd_campd_r8p0: 1 196 sprd_cam_pw_on : Done, read count 1, cb: sprd_cam_pw_on+0x68/0x138 [sprd_camsys_pw_domain]
[   13.287646] sprd_campd_r8p0: 1 86 sprd_cam_domain_eb : cb (____ptrval____)
[   13.288425] [modem-dbg-log][       dbg_log_probe] hello world! entry
[   13.288465] [modem-dbg-log][dbg_log_device_register] entry
[   13.288547] [modem-dbg-log][       dbg_log_probe] mm enable
[   13.288549] [modem-dbg-log][       dbg_log_probe] dcfix enable
[   13.288553] [modem-dbg-log][       dbg_log_probe] ch_num 6
[   13.288556] [modem-dbg-log][       dbg_log_probe] ch-index count 6, rc 0
[   13.288558] [modem-dbg-log][       dbg_log_probe] sel 0 = 0xf
[   13.288560] [modem-dbg-log][       dbg_log_probe] sel 1 = 0x1
[   13.288561] [modem-dbg-log][       dbg_log_probe] sel 2 = 0x0
[   13.288563] [modem-dbg-log][       dbg_log_probe] sel 3 = 0x2
[   13.288564] [modem-dbg-log][       dbg_log_probe] sel 4 = 0x3
[   13.288566] [modem-dbg-log][       dbg_log_probe] sel 5 = 0x4
[   13.288568] [modem-dbg-log][       dbg_log_probe] ch-name count 6, rc 6
[   13.288570] [modem-dbg-log][       dbg_log_probe] str 0 = TRAINING
[   13.288571] [modem-dbg-log][       dbg_log_probe] str 1 = WTL
[   13.288573] [modem-dbg-log][       dbg_log_probe] str 2 = MADR
[   13.288574] [modem-dbg-log][       dbg_log_probe] str 3 = TPIU
[   13.288576] [modem-dbg-log][       dbg_log_probe] str 4 = DBUS
[   13.288577] [modem-dbg-log][       dbg_log_probe] str 5 = WCN
[   13.288620] modem-dbg-log 64750000.modem-dbg-log: can't get the clock dts config: src0
[   13.288625] modem-dbg-log 64750000.modem-dbg-log: can't get the clock dts config: src1
[   13.288629] modem-dbg-log 64750000.modem-dbg-log: can't get the clock dts config: src2
[   13.288633] modem-dbg-log 64750000.modem-dbg-log: can't get the clock dts config: src3
[   13.288637] modem-dbg-log 64750000.modem-dbg-log: can't get the clock dts config: src4
[   13.288641] [modem-dbg-log][       dbg_log_probe] div1 map count 0, rc -22
[   13.288643] [modem-dbg-log][       dbg_log_probe] get div1 map failed
[   13.288644] [modem-dbg-log][inter_dbg_log_is_freq_valid] input freq 1400000
[   13.288651] [modem-dbg-log][       dbg_log_probe] Finish sharkl6 Probe Function
[   13.288728] probe of 64750000.modem-dbg-log returned 1 after 1529 usecs
[   13.288754] sprd_campd_r8p0: 169 108 sprd_cam_domain_disable : cb (____ptrval____)
[   13.289133] initcall dbg_phy_exit+0x70/0x94 [mipi_driver] returned 0 after 2171 usecs
[   13.289176] sprd_campd_r8p0: 169 158 sprd_cam_pw_off : Done, read count 1, cb: sprd_cam_pw_off.3+0xa0/0x12c [sprd_camsys_pw_domain]
[   13.289274] init: Loaded kernel module /lib/modules/mipi_driver.ko
[   13.289719] init: Loaded 138 kernel modules took 1552 ms
[   13.290004] init: Copied ramdisk prop to /second_stage_resources/system/etc/ramdisk/build.prop
[   13.290043] init: First stage mount skipped (recovery mode)
[   13.290366] init: [libfs_mgr]ReadFstabFromDt(): failed to read fstab from dt
[   13.290581] init: [libfs_mgr]ddrvalue = 
[   13.290590] init: [libfs_mgr]ddr_enable = 
[   13.290605] init: [libfs_mgr]ddrvalue = 
[   13.290613] init: [libfs_mgr]ddr_enable = 
[   13.290628] init: [libfs_mgr]ddrvalue = 
[   13.290635] init: [libfs_mgr]ddr_enable = 
[   13.290665] init: [libfs_mgr]ddrvalue = 
[   13.290673] init: [libfs_mgr]ddr_enable = 
[   13.290692] init: [libfs_mgr]ddrvalue = 
[   13.290699] init: [libfs_mgr]ddr_enable = 
[   13.290723] init: [libfs_mgr]ddrvalue = 
[   13.290730] init: [libfs_mgr]ddr_enable = 
[   13.290746] init: [libfs_mgr]ddrvalue = 
[   13.290753] init: [libfs_mgr]ddr_enable = 
[   13.290770] init: [libfs_mgr]ddrvalue = 
[   13.290777] init: [libfs_mgr]ddr_enable = 
[   13.290794] init: [libfs_mgr]ddrvalue = 
[   13.290801] init: [libfs_mgr]ddr_enable = 
[   13.290874] init: [libfs_mgr]ddrvalue = 
[   13.290882] init: [libfs_mgr]ddr_enable = 
[   13.291435] init: Using Android DT directory /proc/device-tree/firmware/android/
[   13.310800] musb-sprd 64900000.usb: enter into resume mode
[   13.310861] musb-sprd 64900000.usb: is running as DEVICE
[   13.320155] [ASoC:HDST2730] sprd_get_adc_cal_from_efuse test[0] 0x737d 29565, test[1] 0xcac 3244
[   13.320163] [ASoC:HDST2730] sprd_get_adc_cal_from_efuse d[0] 0x7d 125 d[1] 0x73 115 d[2] 0xac 172 d[3] 0xc 12
[   13.320195] [ASoC:HDST2730] sprd_get_adc_cal_from_efuse adie_chip_id 0x2730
[   13.320198] [ASoC:HDST2730] sprd_get_adc_cal_from_efuse A 324, B 3305 E1 2744 E2 1548
[   13.324074] [ASoC:HDST2730] sprd_headset_eic_plugin_enable STS0(184) 2000, INT5(214.IEV) ffff, INT6(218.IE) 1000, INT7(21C.RIS) 0, INT8(220.MIS) 0, INT11(22C.STS1) 0, INT32(280.INTC.EN) 4000, INT34(288) 0
[   13.324202] [ASoC:HDST2730] sprd_headset_soc_probe STS0(184) 2000, INT5(214.IEV) ffff, INT6(218.IE) 1000, INT7(21C.RIS) 0, INT8(220.MIS) 0, INT11(22C.STS1) 0, INT32(280.INTC.EN) 4000, INT34(288) 0
[   13.324278] [Awinic] [4-005b]aw87xxx_kcontrol_dynamic_create: add codec controls[aw87xxx_profile_switch_0,aw87xxx_vmax_get_0,aw87xxx_monitor_switch_0]
[   13.324287] [Awinic] [4-005b]aw87xxx_public_kcontrol_create: add public codec controls[aw87xxx_spin_switch]
[   13.324911] [sprd-aud-agdsp] agdsp_access_enable out
[   13.324917] [sprd-aud-agdsp] agdsp_access_enable out
[   13.324941] [sprd-aud-agdsp] agdsp_access_enable out
[   13.324985] [sprd-aud-agdsp] agdsp_access_enable out
[   13.324991] [sprd-aud-agdsp] agdsp_access_enable out
[   13.325000] [sprd-aud-agdsp] agdsp_access_enable out
[   13.325055] [sprd-aud-agdsp] agdsp_access_enable out
[   13.325061] [sprd-aud-agdsp] agdsp_access_enable out
[   13.325070] [sprd-aud-agdsp] agdsp_access_enable out
[   13.325114] [sprd-aud-agdsp] agdsp_access_enable out
[   13.325120] [sprd-aud-agdsp] agdsp_access_enable out
[   13.325129] [sprd-aud-agdsp] agdsp_access_enable out
[   13.325485] [sprd-aud-agdsp] agdsp_access_enable out
[   13.325492] [sprd-aud-agdsp] agdsp_access_enable out
[   13.325510] [sprd-aud-agdsp] agdsp_access_enable out
[   13.325577] [sprd-aud-agdsp] agdsp_access_enable out
[   13.325583] [sprd-aud-agdsp] agdsp_access_enable out
[   13.325592] [sprd-aud-agdsp] agdsp_access_enable out
[   13.329517] vbc-rxpx-codec-sc27xx sound@0: snd-soc-dummy-dai <-> FE_DAI_ID_NORMAL_AP01 mapping ok
[   13.329580] vbc-rxpx-codec-sc27xx sound@0: snd-soc-dummy-dai <-> FE_DAI_ID_NORMAL_AP23 mapping ok
[   13.329626] vbc-rxpx-codec-sc27xx sound@0: snd-soc-dummy-dai <-> FE_DAI_ID_CAPTURE_DSP mapping ok
[   13.329687] vbc-rxpx-codec-sc27xx sound@0: snd-soc-dummy-dai <-> FE_DAI_ID_FAST_P mapping ok
[   13.329737] vbc-rxpx-codec-sc27xx sound@0: Compress ASoC: snd-soc-dummy-dai <-> FE_DAI_ID_OFFLOAD mapping ok
[   13.329786] vbc-rxpx-codec-sc27xx sound@0: snd-soc-dummy-dai <-> FE_DAI_ID_VOICE mapping ok
[   13.329839] vbc-rxpx-codec-sc27xx sound@0: snd-soc-dummy-dai <-> FE_DAI_ID_VOIP mapping ok
[   13.329875] vbc-rxpx-codec-sc27xx sound@0: snd-soc-dummy-dai <-> FE_DAI_ID_FM mapping ok
[   13.329927] vbc-rxpx-codec-sc27xx sound@0: snd-soc-dummy-dai <-> FE_DAI_ID_FM_CAPTURE_AP mapping ok
[   13.329977] vbc-rxpx-codec-sc27xx sound@0: snd-soc-dummy-dai <-> FE_DAI_ID_VOICE_CAPTURE mapping ok
[   13.330022] vbc-rxpx-codec-sc27xx sound@0: snd-soc-dummy-dai <-> FE_DAI_ID_LOOP mapping ok
[   13.330077] vbc-rxpx-codec-sc27xx sound@0: Compress ASoC: snd-soc-dummy-dai <-> FE_DAI_ID_A2DP_OFFLOAD mapping ok
[   13.330129] vbc-rxpx-codec-sc27xx sound@0: snd-soc-dummy-dai <-> FE_DAI_ID_A2DP_PCM mapping ok
[   13.330178] vbc-rxpx-codec-sc27xx sound@0: snd-soc-dummy-dai <-> FE_DAI_ID_FM_CAP_DSP mapping ok
[   13.330221] vbc-rxpx-codec-sc27xx sound@0: snd-soc-dummy-dai <-> FE_DAI_ID_BTSCO_CAP_DSP mapping ok
[   13.330256] vbc-rxpx-codec-sc27xx sound@0: snd-soc-dummy-dai <-> FE_DAI_ID_FM_DSP mapping ok
[   13.330305] vbc-rxpx-codec-sc27xx sound@0: snd-soc-dummy-dai <-> FE_DAI_ID_DUMP mapping ok
[   13.330347] vbc-rxpx-codec-sc27xx sound@0: snd-soc-dummy-dai <-> FE_DAI_ID_BTSCO_CAP_AP mapping ok
[   13.330376] vbc-rxpx-codec-sc27xx sound@0: sprd-codec-normal-ap01 <-> BE_DAI_ID_NORMAL_AP01_CODEC mapping ok
[   13.330419] vbc-rxpx-codec-sc27xx sound@0: sprd-codec-normal-ap23 <-> BE_DAI_ID_NORMAL_AP23_CODEC mapping ok
[   13.330451] vbc-rxpx-codec-sc27xx sound@0: sprd-codec-normal-ap01 <-> BE_DAI_ID_CAPTURE_DSP_CODEC mapping ok
[   13.330489] vbc-rxpx-codec-sc27xx sound@0: sprd-codec-normal-ap01 <-> BE_DAI_ID_FAST_P_CODEC mapping ok
[   13.330518] vbc-rxpx-codec-sc27xx sound@0: sprd-codec-normal-ap01 <-> BE_DAI_ID_OFFLOAD_CODEC mapping ok
[   13.330543] vbc-rxpx-codec-sc27xx sound@0: sprd-codec-normal-ap01 <-> BE_DAI_ID_VOICE_CODEC mapping ok
[   13.330576] vbc-rxpx-codec-sc27xx sound@0: sprd-codec-normal-ap01 <-> BE_DAI_ID_VOIP_CODEC mapping ok
[   13.330599] vbc-rxpx-codec-sc27xx sound@0: sprd-codec-normal-ap01 <-> BE_DAI_ID_FM_CODEC mapping ok
[   13.330631] vbc-rxpx-codec-sc27xx sound@0: sprd-codec-normal-ap01 <-> BE_DAI_ID_LOOP_CODEC mapping ok
[   13.330665] vbc-rxpx-codec-sc27xx sound@0: sprd-codec-normal-ap01 <-> BE_DAI_ID_FM_DSP_CODEC mapping ok
[   13.330698] vbc-rxpx-codec-sc27xx sound@0: snd-soc-dummy-dai <-> BE_DAI_ID_NORMAL_AP01_USB mapping ok
[   13.330731] vbc-rxpx-codec-sc27xx sound@0: snd-soc-dummy-dai <-> BE_DAI_ID_NORMAL_AP23_USB mapping ok
[   13.330756] vbc-rxpx-codec-sc27xx sound@0: snd-soc-dummy-dai <-> BE_DAI_ID_CAPTURE_DSP_USB mapping ok
[   13.330780] vbc-rxpx-codec-sc27xx sound@0: snd-soc-dummy-dai <-> BE_DAI_ID_FAST_P_USB mapping ok
[   13.330809] vbc-rxpx-codec-sc27xx sound@0: snd-soc-dummy-dai <-> BE_DAI_ID_OFFLOAD_USB mapping ok
[   13.330834] vbc-rxpx-codec-sc27xx sound@0: snd-soc-dummy-dai <-> BE_DAI_ID_VOICE_USB mapping ok
[   13.330878] vbc-rxpx-codec-sc27xx sound@0: snd-soc-dummy-dai <-> BE_DAI_ID_VOIP_USB mapping ok
[   13.330920] vbc-rxpx-codec-sc27xx sound@0: snd-soc-dummy-dai <-> BE_DAI_ID_FM_USB mapping ok
[   13.330946] vbc-rxpx-codec-sc27xx sound@0: snd-soc-dummy-dai <-> BE_DAI_ID_LOOP_USB mapping ok
[   13.330976] vbc-rxpx-codec-sc27xx sound@0: snd-soc-dummy-dai <-> BE_DAI_ID_FM_DSP_USB mapping ok
[   13.331012] vbc-rxpx-codec-sc27xx sound@0: snd-soc-dummy-dai <-> BE_DAI_ID_OFFLOAD_A2DP mapping ok
[   13.331041] vbc-rxpx-codec-sc27xx sound@0: snd-soc-dummy-dai <-> BE_DAI_ID_PCM_A2DP mapping ok
[   13.331070] vbc-rxpx-codec-sc27xx sound@0: snd-soc-dummy-dai <-> BE_DAI_ID_VOICE_BT mapping ok
[   13.331096] vbc-rxpx-codec-sc27xx sound@0: snd-soc-dummy-dai <-> BE_DAI_ID_VOIP_BT mapping ok
[   13.331144] vbc-rxpx-codec-sc27xx sound@0: snd-soc-dummy-dai <-> BE_DAI_ID_LOOP_BT mapping ok
[   13.331176] vbc-rxpx-codec-sc27xx sound@0: snd-soc-dummy-dai <-> BE_DAI_ID_CAPTURE_BT mapping ok
[   13.331216] vbc-rxpx-codec-sc27xx sound@0: snd-soc-dummy-dai <-> BE_DAI_ID_VOICE_CAPTURE mapping ok
[   13.331245] vbc-rxpx-codec-sc27xx sound@0: snd-soc-dummy-dai <-> BE_DAI_ID_FM_CAPTURE mapping ok
[   13.331270] vbc-rxpx-codec-sc27xx sound@0: snd-soc-dummy-dai <-> BE_DAI_ID_FM_CAPTURE_DSP mapping ok
[   13.331300] vbc-rxpx-codec-sc27xx sound@0: snd-soc-dummy-dai <-> BE_DAI_ID_CAPTURE_DSP_BTSCO mapping ok
[   13.331324] vbc-rxpx-codec-sc27xx sound@0: snd-soc-dummy-dai <-> BE_DAI_ID_DUMP mapping ok
[   13.331382] vbc-rxpx-codec-sc27xx sound@0: snd-soc-dummy-dai <-> FE_DAI_ID_CODEC_TEST mapping ok
[   13.331410] vbc-rxpx-codec-sc27xx sound@0: sprd-codec-normal-ap01 <-> BE_DAI_ID_DUMMY_VBC_DAI_NOTBE mapping ok
[   13.331442] vbc-rxpx-codec-sc27xx sound@0: snd-soc-dummy-dai <-> BE_DAI_ID_FAST_P_BTSCO mapping ok
[   13.331472] vbc-rxpx-codec-sc27xx sound@0: snd-soc-dummy-dai <-> BE_DAI_ID_NORMAL_AP01_P_BTSCO mapping ok
[   13.331514] vbc-rxpx-codec-sc27xx sound@0: snd-soc-dummy-dai <-> FE_DAI_ID_VOICE_PCM_P mapping ok
[   13.331554] vbc-rxpx-codec-sc27xx sound@0: snd-soc-dummy-dai <-> BE_DAI_ID_VOICE_PCM_P mapping ok
[   13.331614] vbc-rxpx-codec-sc27xx sound@0: snd-soc-dummy-dai <-> FE_DAI_ID_MM_P mapping ok
[   13.331640] vbc-rxpx-codec-sc27xx sound@0: sprd-codec-normal-ap01 <-> BE_DAI_ID_FAST_P_SMART_AMP mapping ok
[   13.332757] vbc-rxpx-codec-sc27xx sound@0: ASoC: unknown pin inter HP PA
[   13.332772] vbc-rxpx-codec-sc27xx sound@0: ASoC: unknown pin inter Spk PA
[   13.332786] vbc-rxpx-codec-sc27xx sound@0: ASoC: unknown pin inter Ear PA
[   13.334115] [sprd-aud-agdsp] agdsp_access_enable out
[   13.334124] [sprd-aud-agdsp] agdsp_access_enable out
[   13.334146] [sprd-aud-agdsp] agdsp_access_enable out
[   13.334193] [sprd-aud-agdsp] agdsp_access_enable out
[   13.334200] [sprd-aud-agdsp] agdsp_access_enable out
[   13.334208] [sprd-aud-agdsp] agdsp_access_enable out
[   13.334255] [sprd-aud-agdsp] agdsp_access_enable out
[   13.334261] [sprd-aud-agdsp] agdsp_access_enable out
[   13.334269] [sprd-aud-agdsp] agdsp_access_enable out
[   13.334315] [sprd-aud-agdsp] agdsp_access_enable out
[   13.334321] [sprd-aud-agdsp] agdsp_access_enable out
[   13.334330] [sprd-aud-agdsp] agdsp_access_enable out
[   13.334369] debugfs: File 'DAC' in directory 'dapm' already present!
[   13.334409] [sprd-aud-agdsp] agdsp_access_enable out
[   13.334415] [sprd-aud-agdsp] agdsp_access_enable out
[   13.334429] [sprd-aud-agdsp] agdsp_access_enable out
[   13.334475] [sprd-aud-agdsp] agdsp_access_enable out
[   13.334481] [sprd-aud-agdsp] agdsp_access_enable out
[   13.334489] [sprd-aud-agdsp] agdsp_access_enable out
[   13.335143] [sprd-aud-agdsp] agdsp_access_enable out
[   13.335151] [sprd-aud-agdsp] agdsp_access_enable out
[   13.335162] [sprd-aud-agdsp] agdsp_access_enable out
[   13.335209] [sprd-aud-agdsp] agdsp_access_enable out
[   13.335216] [sprd-aud-agdsp] agdsp_access_enable out
[   13.335230] [sprd-aud-agdsp] agdsp_access_enable out
[   13.339281] input: sprdphone-sc2730 Headset Jack as /devices/platform/sound@0/sound/card0/input37
[   13.339421] input: sprdphone-sc2730 Headset Keyboard as /devices/platform/sound@0/sound/card0/input38
[   13.339981] probe of sound@0 returned 1 after 62966 usecs
[   13.432259] init: [libfs_avb]Returning avb_handle with status: VerificationError
[   13.433557] random: init: uninitialized urandom read (40 bytes read)
[   13.446566] random: init: uninitialized urandom read (40 bytes read)
[   13.446720] random: init: uninitialized urandom read (4 bytes read)
[   13.482928] init: dm device 'system_ext_a' not found in /sys, waiting for its uevent
[   13.600053] sc27xx-typec-pd 64200000.spi:pmic@0:pd@e00: pd try to detect typec extcon
[   13.600103] sc27xx-typec-pd 64200000.spi:pmic@0:pd@e00: aon apb NULL
[   13.704966] sc27xx-typec-pd 64200000.spi:pmic@0:pd@e00: vbus is already Off
[   13.705318] sc27xx-typec-pd 64200000.spi:pmic@0:pd@e00: pd := on
[   13.948741] sgm41510_chg 5-006b: Receive USB PD hard reset request
[   13.948788] sc27xx-typec-pd 64200000.spi:pmic@0:pd@e00: IRQ: PD send hardreset
[   14.006289] musb-sprd 64900000.usb: device disconnect detected from VBUS GPIO.
[   14.006384] sgm41510_chg 5-006b: sgm41510_charger_usb_change limit 0, info->pd_hard_reset 1 ,info->usb_phy->chg_state 2, info->typec_online 0
[   14.006389] sgm41510_chg 5-006b: USB PD hard reset, ignore vbus off
[   14.052905] sc27xx-typec-pd 64200000.spi:pmic@0:pd@e00: pd := off
[   14.052916] sc27xx-typec-pd 64200000.spi:pmic@0:pd@e00: vconn NULL!!!
[   14.056421] sc2730-fast-charger 64200000.spi:pmic@0:fchg@400: pd_enable = 0, pps_enable = 0, sfcp_enable = 0
[   14.164426] sc2730-fast-charger 64200000.spi:pmic@0:fchg@400: pd_enable = 0, pps_enable = 0, sfcp_enable = 0
[   14.660446] musb-sprd 64900000.usb: enter into idle mode
[   14.660567] musb-sprd 64900000.usb: enter into suspend mode
[   14.692031] musb-sprd 64900000.usb: is shut down
[   14.748386] [drm] skip esd during panel suspend
[   15.300714] sprd-trusty-log: trusty: [    0.000000] c0 
[   15.300716] sprd-trusty-log: trusty: [    0.000000] c0 welcome to lk/MP
[   15.300718] sprd-trusty-log: trusty: [    0.000000] c0 
[   15.300719] sprd-trusty-log: trusty: [    0.000000] c0 input args 0x56a0000 0xb0040000 0x80000002 0x0
[   15.300721] sprd-trusty-log: trusty: [    0.000000] c0 calling constructors
[   15.300723] sprd-trusty-log: trusty: [    0.000000] c0 initializing heap
[   15.300724] sprd-trusty-log: trusty: [    0.000000] c0 gic 0x10000000
[   15.300725] sprd-trusty-log: trusty: [    0.114642] c0 initializing mp
[   15.300726] sprd-trusty-log: trusty: [    0.114644] c0 initializing threads
[   15.300728] sprd-trusty-log: trusty: [    0.114646] c0 initializing timers
[   15.300729] sprd-trusty-log: trusty: [    0.114648] c0 creating bootstrap completion thread
[   15.300734] sprd-trusty-log: trusty: [    0.114661] c0 top of bootstrap2()
[   15.300736] sprd-trusty-log: trusty: [    0.114664] c0 creating bootstrap completion thread for cpu 1
[   15.300737] sprd-trusty-log: trusty: [    0.114678] c0 creating bootstrap completion thread for cpu 2
[   15.300739] sprd-trusty-log: trusty: [    0.114693] c0 creating bootstrap completion thread for cpu 3
[   15.300740] sprd-trusty-log: trusty: [    0.114697] c0 creating bootstrap completion thread for cpu 4
[   15.300742] sprd-trusty-log: trusty: [    0.114712] c0 creating bootstrap completion thread for cpu 5
[   15.300747] sprd-trusty-log: trusty: [    0.114715] c0 creating bootstrap completion thread for cpu 6
[   15.300749] sprd-trusty-log: trusty: [    0.114730] c0 creating bootstrap completion thread for cpu 7
[   15.300750] sprd-trusty-log: trusty: [    0.114745] c0 initializing platform
[   15.300752] sprd-trusty-log: trusty: [    0.114755] c0 sprd glb clk is ok!
[   15.300753] sprd-trusty-log: trusty: [    0.114773] c0 sprd dma init ok!
[   15.300756] sprd-trusty-log: trusty: [    0.114797] c0 CRIT: 0xffffffffe039fa80: SPRD_FW: firewall/qogirl6/src/tzfw.c:702 FW_SHARE_IRAM_PHYS = 0x65015000, iram_rec_base = 0xffffffffe5703000
[   15.300758] sprd-trusty-log: trusty: [    0.114807] c0 CRIT: 0xffffffffe039fa80: SPRD_FW: firewall/qogirl6/src/tzfw.c:711 SPRD_FW_PHYS = 0x64800000, fw_base = 0xffffffffe5704000
[   15.300761] sprd-trusty-log: trusty: [    0.114814] c0 CRIT: 0xffffffffe039fa80: SPRD_FW: firewall/qogirl6/src/tzfw.c:720 mem_rec_base = 0xffffffffe03a9690
[   15.300763] sprd-trusty-log: trusty: [    0.114930] c0 CRIT: 0xffffffffe039fa80: SPRD_FW: firewall/src/sprd_firewall.c:279 read firewall.xml failed. Error(-2)
[   15.300765] sprd-trusty-log: trusty: [    0.115045] c0 initializing target
[   15.300766] sprd-trusty-log: trusty: [    0.115124] c0 i2c0, freq=100000
[   15.300767] sprd-trusty-log: trusty: [    0.115129] c0 i2c0 is ok!
[   15.300769] sprd-trusty-log: trusty: [    0.115132] c0 i2c1, freq=100000
[   15.300770] sprd-trusty-log: trusty: [    0.115136] c0 i2c1 is ok!
[   15.300771] sprd-trusty-log: trusty: [    0.115140] c0 i2c2, freq=100000
[   15.300772] sprd-trusty-log: trusty: [    0.115144] c0 i2c2 is ok!
[   15.300774] sprd-trusty-log: trusty: [    0.115148] c0 i2c3, freq=100000
[   15.300775] sprd-trusty-log: trusty: [    0.115152] c0 i2c3 is ok!
[   15.300776] sprd-trusty-log: trusty: [    0.115156] c0 i2c4, freq=100000
[   15.300777] sprd-trusty-log: trusty: [    0.115160] c0 i2c4 is ok!
[   15.300779] sprd-trusty-log: trusty: [    0.115163] c0 i2c5, freq=100000
[   15.300780] sprd-trusty-log: trusty: [    0.115167] c0 i2c5 is ok!
[   15.300781] sprd-trusty-log: trusty: [    0.115171] c0 i2c6, freq=100000
[   15.300782] sprd-trusty-log: trusty: [    0.115175] c0 i2c6 is ok!
[   15.300784] sprd-trusty-log: trusty: [    0.115200] c0 sprd_kbc_init() enter.
[   15.300785] sprd-trusty-log: trusty: [    0.115201] c0 map size = 65536 
[   15.300787] sprd-trusty-log: trusty: [    0.115203] c0 CTL_BASE_AON_APB = 0x64000000 
[   15.300789] sprd-trusty-log: trusty: [    0.115207] c0 pmu_vaddr = 0xffffffffe58cc000 
[   15.300790] sprd-trusty-log: trusty: [    0.115209] c0 CTL_BASE_PMU_APB = 0x64020000 
[   15.300792] sprd-trusty-log: trusty: [    0.115213] c0 aon_vaddr = 0xffffffffe58dc000 
[   15.300793] sprd-trusty-log: trusty: [    0.115218] c0 spi0 init ok
[   15.300794] sprd-trusty-log: trusty: [    0.115222] c0 spi1 init ok
[   15.300795] sprd-trusty-log: trusty: [    0.115225] c0 spi2 init ok
[   15.300796] sprd-trusty-log: trusty: [    0.115229] c0 spi3 init ok
[   15.300798] sprd-trusty-log: trusty: [    0.115278] c0 calling apps_init()
[   15.300803] sprd-trusty-log: trusty: [    0.115287] c0 initializing ta_manager enter
[   15.300804] sprd-trusty-log: trusty: [    0.115316] c0 initializing ta_manager thread_resume
[   15.300806] sprd-trusty-log: trusty: [    0.115319] c0 ta_manager_thread_fun:1220: ta_manager_thread_fun enter
[   15.300807] sprd-trusty-log: trusty: [    0.115333] c0 ta_manager_unload_thread_fun:1276: ta_manager_unload_thread_fun enter
[   15.300809] sprd-trusty-log: trusty: [    0.115373] c0 disp_ta_thread:372: disp_ta_thread(): enter loop
[   15.300810] sprd-trusty-log: trusty: [    0.115379] c0 disp_ta_init:427: disp ta thread resumed
[   15.300816] sprd-trusty-log: trusty: [    0.115409] c0 initializing trusty (Unisoc TEE v2.1, qogirl6, Built: 02:24:18 Jun 14 2022, 0927fe01 (builder@ceshhud0035))
[   15.300818] sprd-trusty-log: trusty: [    0.115414] c0 trusty_app:(32) start 0xffffffffe00b9000 size 0x0000b000
[   15.300820] sprd-trusty-log: trusty: [    0.115424] c0 trusty_app 0 uuid: 0xfee67f9f 0xe1b1 0x4e3d 0x8455 0x47f601afef
[   15.300822] sprd-trusty-log: trusty: [    0.115431] c0 trusty_app 0xffffffffe044cdd0: stack_sz=0x2000
[   15.300824] sprd-trusty-log: trusty: [    0.115433] c0 trusty_app 0xffffffffe044cdd0: heap_sz=0x4000
[   15.300826] sprd-trusty-log: trusty: [    0.115436] c0 trusty_app 0xffffffffe044cdd0: one_shot=0x0
[   15.300827] sprd-trusty-log: trusty: [    0.115438] c0 trusty_app 0xffffffffe044cdd0: flags=0x1c
[   15.300829] sprd-trusty-log: trusty: [    0.115441] c0 trusty_app:(32) start 0xffffffffe00c4000 size 0x000e3000
[   15.300831] sprd-trusty-log: trusty: [    0.115451] c0 trusty_app 1 uuid: 0x5f902ace 0x5e5c 0x4cd8 0xae54 0x87b88c22ddaf
[   15.300833] sprd-trusty-log: trusty: [    0.115456] c0 trusty_app 0xffffffffe044ce88: stack_sz=0x40000
[   15.300835] sprd-trusty-log: trusty: [    0.115458] c0 trusty_app 0xffffffffe044ce88: heap_sz=0x40000
[   15.300837] sprd-trusty-log: trusty: [    0.115461] c0 trusty_app 0xffffffffe044ce88: one_shot=0x0
[   15.300839] sprd-trusty-log: trusty: [    0.115463] c0 trusty_app 0xffffffffe044ce88: flags=0x1c
[   15.300841] sprd-trusty-log: trusty: [    0.115466] c0 trusty_app:(32) start 0xffffffffe01a7000 size 0x00030000
[   15.300843] sprd-trusty-log: trusty: [    0.115474] c0 trusty_app 2 uuid: 0xcea8706d 0x6cb4 0x49f3 0xb994 0x29e0e478bd29
[   15.300845] sprd-trusty-log: trusty: [    0.115479] c0 trusty_app 0xffffffffe044cf40: stack_sz=0x4000
[   15.300846] sprd-trusty-log: trusty: [    0.115482] c0 trusty_app 0xffffffffe044cf40: heap_sz=0x49000
[   15.300848] sprd-trusty-log: trusty: [    0.115484] c0 trusty_app 0xffffffffe044cf40: one_shot=0x0
[   15.300849] sprd-trusty-log: trusty: [    0.115486] c0 trusty_app 0xffffffffe044cf40: flags=0x1c
[   15.300851] sprd-trusty-log: trusty: [    0.115492] c0 trusty_app:(32) start 0xffffffffe01d7000 size 0x0000a000
[   15.300853] sprd-trusty-log: trusty: [    0.115510] c0 trusty_app 3 uuid: 0xdf8ec70d 0xbb93 0x4b7b 0xab88 0x72dfd3f33953
[   15.300855] sprd-trusty-log: trusty: [    0.115515] c0 trusty_app 0xffffffffe044cff8: stack_sz=0x4000
[   15.300856] sprd-trusty-log: trusty: [    0.115518] c0 trusty_app 0xffffffffe044cff8: heap_sz=0x8000
[   15.300857] sprd-trusty-log: trusty: [    0.115520] c0 trusty_app 0xffffffffe044cff8: one_shot=0x0
[   15.300859] sprd-trusty-log: trusty: [    0.115523] c0 trusty_app 0xffffffffe044cff8: flags=0x1c
[   15.300861] sprd-trusty-log: trusty: [    0.115528] c0 trusty_app:(32) start 0xffffffffe01e1000 size 0x0000a000
[   15.300863] sprd-trusty-log: trusty: [    0.115535] c0 trusty_app 4 uuid: 0x32305457 0x1 0x2 0x5365 0x63426f6f740
[   15.300864] sprd-trusty-log: trusty: [    0.115540] c0 trusty_app 0xffffffffe044d0b0: stack_sz=0x1000
[   15.300865] sprd-trusty-log: trusty: [    0.115543] c0 trusty_app 0xffffffffe044d0b0: heap_sz=0x2000
[   15.300867] sprd-trusty-log: trusty: [    0.115545] c0 trusty_app 0xffffffffe044d0b0: one_shot=0x0
[   15.300869] sprd-trusty-log: trusty: [    0.115547] c0 trusty_app 0xffffffffe044d0b0: flags=0x1c
[   15.300870] sprd-trusty-log: trusty: [    0.115553] c0 trusty_app:(32) start 0xffffffffe01eb000 size 0x00013000
[   15.300872] sprd-trusty-log: trusty: [    0.115560] c0 trusty_app 5 uuid: 0x38ba0cdc 0xdf0e 0x11e4 0x9869 0x233fb6ae4795
[   15.300873] sprd-trusty-log: trusty: [    0.115565] c0 trusty_app 0xffffffffe044d168: stack_sz=0x1000
[   15.300875] sprd-trusty-log: trusty: [    0.115571] c0 trusty_app 0xffffffffe044d168: heap_sz=0x2000
[   15.300876] sprd-trusty-log: trusty: [    0.115574] c0 trusty_app 0xffffffffe044d168: one_shot=0x0
[   15.300878] sprd-trusty-log: trusty: [    0.115576] c0 trusty_app 0xffffffffe044d168: flags=0x1c
[   15.300880] sprd-trusty-log: trusty: [    0.115579] c0 trusty_app:(32) start 0xffffffffe01fe000 size 0x0005e000
[   15.300881] sprd-trusty-log: trusty: [    0.115586] c0 trusty_app 6 uuid: 0x10259fa6 0xd64d 0x11e6 0x918b 0x3b2c3abe2b31
[   15.300883] sprd-trusty-log: trusty: [    0.115591] c0 trusty_app 0xffffffffe044d220: stack_sz=0x4000
[   15.300884] sprd-trusty-log: trusty: [    0.115593] c0 trusty_app 0xffffffffe044d220: heap_sz=0xc000
[   15.300886] sprd-trusty-log: trusty: [    0.115596] c0 trusty_app 0xffffffffe044d220: one_shot=0x0
[   15.300887] sprd-trusty-log: trusty: [    0.115598] c0 trusty_app 0xffffffffe044d220: flags=0x1c
[   15.300889] sprd-trusty-log: trusty: [    0.115601] c0 trusty_app:(32) start 0xffffffffe025c000 size 0x0000a000
[   15.300891] sprd-trusty-log: trusty: [    0.115609] c0 trusty_app 7 uuid: 0xa755aeac 0xec7d 0x45e0 0x98da 0xcd5bdca03f65
[   15.300896] sprd-trusty-log: trusty: [    0.115614] c0 trusty_app 0xffffffffe044d2d8: stack_sz=0x1000
[   15.300897] sprd-trusty-log: trusty: [    0.115616] c0 trusty_app 0xffffffffe044d2d8: heap_sz=0x1000
[   15.300899] sprd-trusty-log: trusty: [    0.115619] c0 trusty_app 0xffffffffe044d2d8: one_shot=0x0
[   15.300900] sprd-trusty-log: trusty: [    0.115621] c0 trusty_app 0xffffffffe044d2d8: flags=0x1c
[   15.300902] sprd-trusty-log: trusty: [    0.115626] c0 trusty_app:(32) start 0xffffffffe0266000 size 0x00057000
[   15.300903] sprd-trusty-log: trusty: [    0.115644] c0 trusty_app 8 uuid: 0x1c558f47 0x9965 0x4714 0x9fd9 0x9a8ed9b1f0d9
[   15.300905] sprd-trusty-log: trusty: [    0.115649] c0 trusty_app 0xffffffffe044d390: stack_sz=0x4000
[   15.300907] sprd-trusty-log: trusty: [    0.115652] c0 trusty_app 0xffffffffe044d390: heap_sz=0x10000
[   15.300908] sprd-trusty-log: trusty: [    0.115654] c0 trusty_app 0xffffffffe044d390: one_shot=0x0
[   15.300910] sprd-trusty-log: trusty: [    0.115657] c0 trusty_app 0xffffffffe044d390: flags=0x1c
[   15.300911] sprd-trusty-log: trusty: [    0.115740] c0 trusty_app 0: code: start 0x00008000 end 0x0000e034
[   15.300913] sprd-trusty-log: trusty: [    0.115744] c0 trusty_app 0: data: start 0x0000f000 end 0x00011000
[   15.300915] sprd-trusty-log: trusty: [    0.115747] c0 trusty_app 0: bss:                end 0x00010454
[   15.300917] sprd-trusty-log: trusty: [    0.115750] c0 trusty_app 0: brk:  start 0x00011000 end 0x00015000
[   15.300918] sprd-trusty-log: trusty: [    0.115754] c0 trusty_app 0: entry 0x00008eb4
[   15.300920] sprd-trusty-log: trusty: [    0.115881] c0 trusty_app 1: code: start 0x00008000 end 0x000e50b4
[   15.300922] sprd-trusty-log: trusty: [    0.115884] c0 trusty_app 1: data: start 0x000e6000 end 0x000e9000
[   15.300924] sprd-trusty-log: trusty: [    0.115888] c0 trusty_app 1: bss:                end 0x000e84b4
[   15.300925] sprd-trusty-log: trusty: [    0.115890] c0 trusty_app 1: brk:  start 0x000e9000 end 0x00129000
[   15.300927] sprd-trusty-log: trusty: [    0.115893] c0 trusty_app 1: entry 0x000a4ea4
[   15.300928] sprd-trusty-log: trusty: [    0.116029] c0 trusty_app 2: code: start 0x00008000 end 0x000338b0
[   15.300930] sprd-trusty-log: trusty: [    0.116033] c0 trusty_app 2: data: start 0x00034000 end 0x00036000
[   15.300932] sprd-trusty-log: trusty: [    0.116036] c0 trusty_app 2: bss:                end 0x000358e4
[   15.300934] sprd-trusty-log: trusty: [    0.116039] c0 trusty_app 2: brk:  start 0x00036000 end 0x0007f000
[   15.300935] sprd-trusty-log: trusty: [    0.116042] c0 trusty_app 2: entry 0x0001e8d4
[   15.300937] sprd-trusty-log: trusty: [    0.116123] c0 trusty_app 3: code: start 0x00008000 end 0x0000ea0c
[   15.300939] sprd-trusty-log: trusty: [    0.116126] c0 trusty_app 3: data: start 0x0000f000 end 0x00010000
[   15.300941] sprd-trusty-log: trusty: [    0.116129] c0 trusty_app 3: bss:                end 0x0000f3c0
[   15.300943] sprd-trusty-log: trusty: [    0.116132] c0 trusty_app 3: brk:  start 0x00010000 end 0x00018000
[   15.300944] sprd-trusty-log: trusty: [    0.116135] c0 trusty_app 3: entry 0x00008c74
[   15.300946] sprd-trusty-log: trusty: [    0.116212] c0 trusty_app 4: code: start 0x00008000 end 0x0000ec74
[   15.300948] sprd-trusty-log: trusty: [    0.116216] c0 trusty_app 4: data: start 0x0000f000 end 0x00010000
[   15.300951] sprd-trusty-log: trusty: [    0.116219] c0 trusty_app 4: bss:                en
[   15.568412] musb-sprd 64900000.usb: device connection detected from VBUS GPIO.
[   15.568594] sgm41510_chg 5-006b: sgm41510_charger_usb_change limit 500, info->pd_hard_reset 0 ,info->usb_phy->chg_state 1, info->typec_online 1
[   15.568597] sgm41510_chg 5-006b: typec not disconnect while pd hard reset.
[   15.568652] sgm41510_chg 5-006b: battery present = 1, charger type = 1
[   15.568671] charger-manager charger-manager: cm_update_charge_info, chgr type = 1, fchg_en = 0, cp_running = 0, cp_recovery = 0 max chg_lmt_cur = 500000uA, max inpt_lmt_cur = 500000uA, max chg_volt = 6000000uV, chg_volt_drop = 700000, adapter_chg_volt = 5000mV, thm_cur = -22, chg_info_cmd = 0xb, jeita_size = 4
[   15.568677] vote_gov:VOTE_TYPE_IBAT vote the same vote_client[1].value = 500000, value = 500000; vote_client[1].enable = 1, enable = 1
[   15.568680] vote_gov:VOTE_TYPE_IBUS vote the same vote_client[2].value = 500000, value = 500000; vote_client[2].enable = 1, enable = 1
[   15.568686] charger-manager charger-manager: cm_manager_get_jeita_status: jeita status:(2) 2 2, temperature:356, jeita_size:4
[   15.568690] charger-manager charger-manager: target terminate voltage = 4432000, target current = 500000
[   15.568692] vote_gov:VOTE_TYPE_IBAT vote the same vote_client[0].value = 500000, value = 500000; vote_client[0].enable = 1, enable = 1
[   15.568695] vote_gov:VOTE_TYPE_CCCV vote the same vote_client[0].value = 4432000, value = 4432000; vote_client[0].enable = 1, enable = 1
[   15.568702] charger-manager charger-manager: cm_manager_get_jeita_status: jeita status:(2) 2 2, temperature:356, jeita_size:4
[   15.568705] charger-manager charger-manager: current-last jeita status: 2-2, current temperature: 356
[   15.569456] charger-manager charger-manager: battery_status 1, charging_status 0
[   15.598942] musb-sprd 64900000.usb: enter into resume mode
[   15.598993] musb-sprd 64900000.usb: is running as DEVICE
[   15.772397] [drm] skip esd during panel suspend
[   15.996780] sc27xx-typec-pd 64200000.spi:pmic@0:pd@e00: pd := on
[   16.092619] <I>CTS-Core Firmware upgrade work
[   16.092624] <I>CTS-Firmware Request newer if match hwid: 991110 fwid: 0000 && ver > 0205
[   16.092627] <I>CTS-Firmware Request from file 'ICNL9911.bin' if version > 0205
[   16.092629] <I>CTS-Firmware Filepath is only filename, use request_firmware()
[   16.092746] <I>CTS-Firmware Request firmware file with version 0x0205 < 0x0205
[   16.092758] <E>CTS-Firmware Request from file 'ICNL9911.bin' failed -22
[   16.092759] <E>CTS-Core Request firmware failed
[   16.092761] <I>CTS-Core Start device...
[   16.092763] <I>CTS-Core ESD protection enable
[   16.092765] <W>CTS-Charger Start detect while NOT enabled
[   16.092767] <W>CTS-Earjack Start detect while NOT enabled
[   16.092779] <I>CTS-Core Start device successfully
[   16.094463] charger-manager charger-manager: fast_charge_handler, fast_charger_type = 6, cp_running = 0, charger_enabled = 1, ext_pwr_online = 1
[   16.094472] charger-manager charger-manager: cm_update_charge_info, chgr type = 6, fchg_en = 0, cp_running = 0, cp_recovery = 0 max chg_lmt_cur = 2000000uA, max inpt_lmt_cur = 2200000uA, max chg_volt = 6000000uV, chg_volt_drop = 700000, adapter_chg_volt = 5000mV, thm_cur = -22, chg_info_cmd = 0x3, jeita_size = 4
[   16.094481] charger-manager charger-manager: cm_sprd_vote_callback, VOTE_TYPE_IBAT[500000]
[   16.094751] sgm41510_chg 5-006b: current = 500, reg_val = 7
[   16.094758] charger-manager charger-manager: cm_sprd_vote_callback, VOTE_TYPE_IBUS[2200000]
[   16.095271] charger-manager charger-manager: cm_manager_get_jeita_status: jeita status:(2) 2 2, temperature:356, jeita_size:4
[   16.095275] charger-manager charger-manager: current-last jeita status: 2-2, current temperature: 356
[   16.096071] charger-manager charger-manager: cm_manager_get_jeita_status: jeita status:(2) 2 2, temperature:356, jeita_size:4
[   16.096075] charger-manager charger-manager: cm_start_fixed_fchg, reach fchg threshold, enable it
[   16.096081] charger-manager charger-manager: battery_status 1, charging_status 0
[   16.096087] sc2730-fast-charger 64200000.spi:pmic@0:fchg@400: pd type = 6
[   16.348484] [Awinic] [4-005b]aw_check_acf_firmware: project name: [A1901]
[   16.348487] [Awinic] [4-005b]aw_check_acf_firmware: custom name: [HM]
[   16.348489] [Awinic] [4-005b]aw_check_acf_firmware: version name: []
[   16.348492] [Awinic] [4-005b]aw_check_acf_firmware: author_id: [882]
[   16.348501] [Awinic] [4-005b]aw_check_data_v_0_0_0_1: acf fimware check succeed
[   16.348510] AWINIC_BIN aw87xxx_parsing_bin_file,line= 445,aw_bin_parse code version:V0.0.7-V1.0.4
[   16.348513] AWINIC_BIN aw_check_bin_header_version,line= 426,aw_bin_parse header_version 0x1000000
[   16.348516] AWINIC_BIN aw_parse_bin_header_1_0_0,line= 375,enter aw_parse_bin_header_1_0_0
[   16.348518] AWINIC_BIN aw_parse_bin_header_1_0_0,line= 379,aw_bin_parse bin_data_type 0x0
[   16.348520] AWINIC_BIN aw_parse_bin_header_1_0_0,line= 387,aw_bin_parse enter single bin branch
[   16.348523] AWINIC_BIN aw_parse_bin_header_1_0_0,line= 390,aw_parse_bin_header_1_0_0 bin->single_bin_parse_num is 1
[   16.348525] AWINIC_BIN aw_get_single_bin_header_1_0_0,line= 263,enter aw_get_single_bin_header_1_0_0
[   16.348528] AWINIC_BIN aw_check_sum,line= 96,enter
[   16.348531] AWINIC_BIN aw_check_sum,line= 101,aw_bin_parse p_check_sum = (____ptrval____)
[   16.348534] AWINIC_BIN aw_check_sum,line= 113,aw_bin_parse bin_num=0, check_sum = 0xfad, sum_data = 0xfad
[   16.348537] AWINIC_BIN aw_check_data_version,line= 128,enter
[   16.348538] AWINIC_BIN aw_check_register_num_v1,line= 145,enter
[   16.348541] AWINIC_BIN aw_check_register_num_v1,line= 149,aw_bin_parse p_check_sum = (____ptrval____)
[   16.348544] AWINIC_BIN aw_check_register_num_v1,line= 158,aw_bin_parse bin_num=0, parse_register_num = 0x16, check_register_num = 0x16
[   16.348545] AWINIC_BIN aw87xxx_parsing_bin_file,line= 512,aw_bin_parse parsing success
[   16.348550] AWINIC_BIN aw87xxx_parsing_bin_file,line= 445,aw_bin_parse code version:V0.0.7-V1.0.4
[   16.348551] AWINIC_BIN aw_check_bin_header_version,line= 426,aw_bin_parse header_version 0x1000000
[   16.348553] AWINIC_BIN aw_parse_bin_header_1_0_0,line= 375,enter aw_parse_bin_header_1_0_0
[   16.348555] AWINIC_BIN aw_parse_bin_header_1_0_0,line= 379,aw_bin_parse bin_data_type 0x0
[   16.348556] AWINIC_BIN aw_parse_bin_header_1_0_0,line= 387,aw_bin_parse enter single bin branch
[   16.348561] AWINIC_BIN aw_parse_bin_header_1_0_0,line= 390,aw_parse_bin_header_1_0_0 bin->single_bin_parse_num is 1
[   16.348563] AWINIC_BIN aw_get_single_bin_header_1_0_0,line= 263,enter aw_get_single_bin_header_1_0_0
[   16.348564] AWINIC_BIN aw_check_sum,line= 96,enter
[   16.348566] AWINIC_BIN aw_check_sum,line= 101,aw_bin_parse p_check_sum = (____ptrval____)
[   16.348568] AWINIC_BIN aw_check_sum,line= 113,aw_bin_parse bin_num=0, check_sum = 0xfa0, sum_data = 0xfa0
[   16.348569] AWINIC_BIN aw_check_data_version,line= 128,enter
[   16.348570] AWINIC_BIN aw_check_register_num_v1,line= 145,enter
[   16.348572] AWINIC_BIN aw_check_register_num_v1,line= 149,aw_bin_parse p_check_sum = (____ptrval____)
[   16.348574] AWINIC_BIN aw_check_register_num_v1,line= 158,aw_bin_parse bin_num=0, parse_register_num = 0x16, check_register_num = 0x16
[   16.348575] AWINIC_BIN aw87xxx_parsing_bin_file,line= 512,aw_bin_parse parsing success
[   16.348579] [Awinic] [4-005b]aw_get_prof_count_v_0_0_0_1: get profile count=[4]
[   16.348584] [Awinic] [4-005b]aw_get_vaild_prof_v_0_0_0_1: product=[aw87519]----profile=[Music]
[   16.348586] [Awinic] [4-005b]aw_get_vaild_prof_v_0_0_0_1: product=[aw87519]----profile=[Voice]
[   16.348588] [Awinic] [4-005b]aw_get_vaild_prof_v_0_0_0_1: product=[aw87519]----profile=[Receiver]
[   16.348591] [Awinic] [4-005b]aw_set_prof_off_info_v_0_0_0_1: product=[aw87519]----profile=[Off]
[   16.348594] [Awinic] [4-005b]aw_set_prof_name_list_v_0_0_0_1: index=[0], profile_name=[Music]
[   16.348596] [Awinic] [4-005b]aw_set_prof_name_list_v_0_0_0_1: index=[1], profile_name=[Voice]
[   16.348598] [Awinic] [4-005b]aw_set_prof_name_list_v_0_0_0_1: index=[2], profile_name=[Receiver]
[   16.348600] [Awinic] [4-005b]aw_set_prof_name_list_v_0_0_0_1: index=[3], profile_name=[Off]
[   16.348603] [Awinic] [4-005b]aw_parse_acf_v_0_0_0_1: acf parse success
[   16.348611] [Awinic] [4-005b]aw87xxx_init_default_prof: init profile name [Off]
[   16.348613] [Awinic] [4-005b]aw87xxx_fw_load: acf parse succeed
[   16.788404] sc2730-fast-charger 64200000.spi:pmic@0:fchg@400: pd_enable = 1, pps_enable = 0, sfcp_enable = 0
[   16.796358] [drm] skip esd during panel suspend
[   17.628381] charger-manager charger-manager: cm_sprd_vote_callback, VOTE_TYPE_IBUS[1500000]
[   17.630405] charger-manager charger-manager: cm_update_charge_info, chgr type = 6, fchg_en = 1, cp_running = 0, cp_recovery = 0 max chg_lmt_cur = 3350000uA, max inpt_lmt_cur = 2000000uA, max chg_volt = 10500000uV, chg_volt_drop = 700000, adapter_chg_volt = 9000mV, thm_cur = -22, chg_info_cmd = 0xf, jeita_size = 4
[   17.630412] charger-manager charger-manager: cm_sprd_vote_callback, VOTE_TYPE_IBAT[500000]
[   17.631096] sgm41510_chg 5-006b: current = 500, reg_val = 7
[   17.631103] charger-manager charger-manager: cm_sprd_vote_callback, VOTE_TYPE_IBUS[1500000]
[   17.633555] charger-manager charger-manager: cm_manager_get_jeita_status: jeita status:(2) 2 2, temperature:356, jeita_size:4
[   17.633560] charger-manager charger-manager: target terminate voltage = 4432000, target current = 3350000
[   17.633566] charger-manager charger-manager: cm_sprd_vote_callback, VOTE_TYPE_IBAT[3350000]
[   17.634676] sgm41510_chg 5-006b: current = 3350, reg_val = 34
[   17.634682] vote_gov:VOTE_TYPE_CCCV vote the same vote_client[0].value = 4432000, value = 4432000; vote_client[0].enable = 1, enable = 1
[   17.635397] charger-manager charger-manager: cm_sprd_vote_callback, VOTE_TYPE_IBUS[2000000]
[   17.820377] [drm] skip esd during panel suspend
[   18.108398] <I>CTS-Core ESD protection work
[   18.844608] [drm] skip esd during panel suspend
[   19.868368] [drm] skip esd during panel suspend
[   20.124381] <I>CTS-Core ESD protection work
[   20.892384] [drm] skip esd during panel suspend
[   21.916368] [drm] skip esd during panel suspend
[   22.140372] <I>CTS-Core ESD protection work
[   22.940389] [drm] skip esd during panel suspend
[   23.491255] init: wait for dm device 'system_ext_a' returned after 10008ms
[   23.491288] init: dm device 'system_ext_a' not found after polling timeout
[   23.491299] init: Failed to find device-mapper node: system_ext_a
[   23.491387] init: dm device 'product_a' not found in /sys, waiting for its uevent
[   23.964381] [drm] skip esd during panel suspend
[   24.156393] <I>CTS-Core ESD protection work
[   24.988387] [drm] skip esd during panel suspend
[   26.012374] [drm] skip esd during panel suspend
[   26.172383] <I>CTS-Core ESD protection work
[   27.036359] [drm] skip esd during panel suspend
[   28.060383] [drm] skip esd during panel suspend
[   28.124717] charger-manager charger-manager: cm_manager_get_jeita_status: jeita status:(2) 2 2, temperature:356, jeita_size:4
[   28.124721] charger-manager charger-manager: current-last jeita status: 2-2, current temperature: 356
[   28.124935] sc27xx-fgu 64200000.spi:pmic@0:fgu@c00: UUSOC: cur_avg_ma = 1492, resistance_moh = 0, ocv_pzero_uv = 3400000, ocv_pzero_cap = 0, ocv_pzero_mah = 0
[   28.128867] charger-manager charger-manager: battery_status 1, charging_status 0
[   28.129078] charger-manager charger-manager: cant not get input_cur.
[   28.130735] charger-manager charger-manager: vbat: 3945000, vbat_avg: 3943000, OCV: 3752661, ibat: 1491000, ibat_avg: 1492000, ibus: 0, vbus: 4328000, msoc: 154, chg_sts: 1, frce_full: 0, chg_lmt_cur: 3328000, inpt_lmt_cur: 2000000, chgr_type: 6, Tboard: 357, Tbatt: 357, thm_cur: -22, thm_pwr: 0, is_fchg: 1, fchg_en: 1, tflush: 16, tperiod: 16
[   28.130740] charger-manager charger-manager: new_uisoc = 154, old_uisoc = 151
[   28.142709] sgm41510_chg 5-006b: sgm41510_charger_dump_register: [REG_0x00]=0x13; [REG_0x01]=0x06; [REG_0x02]=0x11; [REG_0x03]=0x1a; [REG_0x04]=0x34; [REG_0x05]=0x12; [REG_0x06]=0x96; [REG_0x07]=0x9f; [REG_0x08]=0x03; [REG_0x09]=0x44; [REG_0x0a]=0x70; [REG_0x0b]=0x56; [REG_0x0c]=0x00; [REG_0x0d]=0x92; [REG_0x0e]=0x00; [REG_0x0f]=0x00; [REG_0x10]=0x00; [REG_0x11]=0x80; [REG_0x12]=0x00; [REG_0x13]=0xc0; [REG_0x14]=0x00; [REG_0x15]=0x0c; 
[   28.188372] <I>CTS-Core ESD protection work
[   29.084369] [drm] skip esd during panel suspend
[   30.108381] [drm] skip esd during panel suspend
[   30.204394] <I>CTS-Core ESD protection work
[   31.132372] [drm] skip esd during panel suspend
[   32.156357] [drm] skip esd during panel suspend
[   32.220354] <I>CTS-Core ESD protection work
[   33.180371] [drm] skip esd during panel suspend
[   33.501826] init: wait for dm device 'product_a' returned after 10010ms
[   33.501860] init: dm device 'product_a' not found after polling timeout
[   33.501871] init: Failed to find device-mapper node: product_a
[   33.501968] init: Opening SELinux policy
[   33.503420] init: Loading SELinux policy
[   33.521621] SELinux:  Permission nlmsg_getneigh in class netlink_route_socket not defined in policy.
[   33.521914] SELinux: the above unknown classes and permissions will be denied
[   33.521966] SELinux:  policy capability network_peer_controls=1
[   33.521968] SELinux:  policy capability open_perms=1
[   33.521970] SELinux:  policy capability extended_socket_class=1
[   33.521972] SELinux:  policy capability always_check_network=0
[   33.521974] SELinux:  policy capability cgroup_seclabel=0
[   33.521976] SELinux:  policy capability nnp_nosuid_transition=1
[   33.698042] audit: type=1403 audit(1772410477.459:2): auid=4294967295 ses=4294967295 lsm=selinux res=1
[   33.698593] audit: type=1404 audit(1772410477.459:3): enforcing=1 old_enforcing=0 auid=4294967295 ses=4294967295 enabled=1 old-enabled=1 lsm=selinux res=1
[   33.727394] selinux: SELinux: Loaded file_contexts
[   33.727401] selinux: 
[   33.731592] random: init: uninitialized urandom read (40 bytes read)
[   33.744324] random: init: uninitialized urandom read (40 bytes read)
[   33.744517] random: init: uninitialized urandom read (4 bytes read)
[   33.760185] sc27xx-fgu 64200000.spi:pmic@0:fgu@c00: track file data error.
[   33.779070] init: init second stage started!
[   33.779598] sc27xx-fgu 64200000.spi:pmic@0:fgu@c00: not satisfy power on start condition.
[   33.779609] sc27xx-fgu 64200000.spi:pmic@0:fgu@c00: init_cap = 173, init_mah = 856, init_clbcnt = 8529869, cur_clbcnt = 8571987, normal_cap = 174, data->cc_mah = 4, Tbat = 357, uusoc_vbat = 0, uusoc_mah = 0, cur_1000ma_adc = 1384, track_sts = 1
[   33.811769] init: Using Android DT directory /proc/device-tree/firmware/android/
[   33.817120] init: Overriding previous property 'persist.sys.usb.config':'adb' with new value 'none'
[   33.818029] init: Couldn't load property file '/system/build.prop': open() failed: No such file or directory: No such file or directory
[   33.818067] init: Couldn't load property file '/system_ext/etc/build.prop': open() failed: No such file or directory: No such file or directory
[   33.818095] init: Couldn't load property file '/system_ext/default.prop': open() failed: No such file or directory: No such file or directory
[   33.818121] init: Couldn't load property file '/system_ext/build.prop': open() failed: No such file or directory: No such file or directory
[   33.818150] init: Couldn't load property file '/system_ext/default.prop': open() failed: No such file or directory: No such file or directory
[   33.818174] init: Couldn't load property file '/system_ext/build.prop': open() failed: No such file or directory: No such file or directory
[   33.818202] init: Couldn't load property file '/vendor/default.prop': open() failed: No such file or directory: No such file or directory
[   33.818227] init: Couldn't load property file '/vendor/build.prop': open() failed: No such file or directory: No such file or directory
[   33.818266] init: Couldn't load property file '/vendor_dlkm/etc/build.prop': open() failed: No such file or directory: No such file or directory
[   33.818302] init: Couldn't load property file '/odm_dlkm/etc/build.prop': open() failed: No such file or directory: No such file or directory
[   33.818335] init: Couldn't load property file '/odm/etc/build.prop': open() failed: No such file or directory: No such file or directory
[   33.818360] init: Couldn't load property file '/odm/default.prop': open() failed: No such file or directory: No such file or directory
[   33.818385] init: Couldn't load property file '/odm/build.prop': open() failed: No such file or directory: No such file or directory
[   33.818410] init: Couldn't load property file '/odm/default.prop': open() failed: No such file or directory: No such file or directory
[   33.818435] init: Couldn't load property file '/odm/build.prop': open() failed: No such file or directory: No such file or directory
[   33.818476] init: Couldn't load property file '/product/etc/build.prop': open() failed: No such file or directory: No such file or directory
[   33.818501] init: Couldn't load property file '/product/default.prop': open() failed: No such file or directory: No such file or directory
[   33.818526] init: Couldn't load property file '/product/build.prop': open() failed: No such file or directory: No such file or directory
[   33.818553] init: Couldn't load property file '/product/default.prop': open() failed: No such file or directory: No such file or directory
[   33.818577] init: Couldn't load property file '/product/build.prop': open() failed: No such file or directory: No such file or directory
[   33.820053] init: Setting product property ro.product.brand to 'Symphony' (from ro.product.product.brand)
[   33.820082] init: Setting product property ro.product.device to 'Z60plus' (from ro.product.product.device)
[   33.820122] init: Setting product property ro.product.manufacturer to 'Symphony' (from ro.product.product.manufacturer)
[   33.820151] init: Setting product property ro.product.model to 'Z60plus' (from ro.product.product.model)
[   33.820176] init: Setting product property ro.product.name to 'twrp_Z60plus' (from ro.product.product.name)
[   33.820228] init: Setting property 'ro.build.fingerprint' to 'Symphony/twrp_Z60plus/Z60plus:16.1.0/SP2A.220405.004/eng.h.20260302.070851:eng/test-keys'
[   33.820272] init: Setting property 'ro.product.cpu.abilist' to 'arm64-v8a,armeabi-v7a,armeabi'
[   33.820291] init: Setting property 'ro.product.cpu.abilist32' to 'armeabi-v7a,armeabi'
[   33.820310] init: Setting property 'ro.product.cpu.abilist64' to 'arm64-v8a'
[   33.823274] selinux: SELinux: Loaded file_contexts
[   33.823281] selinux: 
[   33.823313] init: Running restorecon...
[   33.842545] selinux: SELinux: Could not get canonical path for /metadata/ota/rollback-indicator restorecon: No such file or directory.
[   33.842552] selinux: 
[   33.842609] selinux: SELinux:  Could not stat /metadata/gsi: No such file or directory.
[   33.842614] selinux: 
[   33.843356] init: Created socket '/dev/socket/property_service', mode 666, user 0, group 0
[   33.846597] init: [libfs_mgr]vendor overlay: vndk version not defined
[   33.846971] init: Unable to set property 'ro.boot.flash.locked' from uid:0 gid:0 pid:1: Read-only property was already set
[   33.851063] init: SetupMountNamespaces done
[   33.852811] init: Forked subcontext for 'u:r:vendor_init:s0' with pid 276
[   33.852941] init: Parsing file /system/etc/init/hw/init.rc...
[   33.853080] init: Added '/init.recovery.logd.rc' to import list
[   33.853096] init: Added '/init.recovery.ldconfig.rc' to import list
[   33.853107] init: Added '/init.recovery.mksh.rc' to import list
[   33.853120] init: Added '/init.recovery.usb.rc' to import list
[   33.853131] init: Added '/init.recovery.service.rc' to import list
[   33.853160] init: Added '/init.recovery.ums9230_1h10.rc' to import list
[   33.853979] init: Parsing file /init.recovery.logd.rc...
[   33.854118] init: Parsing file /init.recovery.ldconfig.rc...
[   33.854177] init: Parsing file /init.recovery.mksh.rc...
[   33.854207] init: Unable to read config file '/init.recovery.mksh.rc': open() failed: No such file or directory
[   33.854223] init: Parsing file /init.recovery.usb.rc...
[   33.854625] init: Parsing file /init.recovery.service.rc...
[   33.854705] init: Parsing file /init.recovery.ums9230_1h10.rc...
[   33.854740] init: Added '/init.recovery.common.rc' to import list
[   33.854754] init: Added '/init.recovery.unisoc_decrypt.rc' to import list
[   33.854788] init: Parsing file /init.recovery.common.rc...
[   33.855826] init: Parsing file /init.recovery.unisoc_decrypt.rc...
[   33.856109] init: /init.recovery.unisoc_decrypt.rc: 47: Unable to find UID for 'keymaster': getpwnam failed: No such file or directory
[   33.856136] init: /init.recovery.unisoc_decrypt.rc: 48: Unable to decode GID for 'keymaster': getpwnam failed: No such file or directory
[   33.856228] init: Parsing directory /system/etc/init...
[   33.856308] init: Parsing file /system/etc/init/android.hardware.boot@1.0-service.rc...
[   33.856365] init: Parsing file /system/etc/init/android.hardware.boot@1.1-service.rc...
[   33.856415] init: Parsing file /system/etc/init/android.hardware.boot@1.2-service.rc...
[   33.856523] init: Parsing file /system/etc/init/android.hardware.health@2.0-service.rc...
[   33.856583] init: Parsing file /system/etc/init/android.hardware.health@2.1-service.rc...
[   33.856637] init: Parsing file /system/etc/init/gatekeeperd.rc...
[   33.856685] init: Parsing file /system/etc/init/hwservicemanager.rc...
[   33.856742] init: Parsing file /system/etc/init/keystore2.rc...
[   33.856806] init: Parsing file /system/etc/init/lpdumpd.rc...
[   33.856911] init: Parsing file /system/etc/init/nano.rc...
[   33.856954] init: Parsing file /system/etc/init/servicemanager.rc...
[   33.857018] init: Parsing file /system/etc/init/vndservicemanager.rc...
[   33.857087] init: Parsing file /system/etc/init/wait_for_keymaster.rc...
[   33.857171] init: Parsing file /system_ext/etc/init...
[   33.857197] init: Unable to read config file '/system_ext/etc/init': open() failed: No such file or directory
[   33.857217] init: Parsing directory /vendor/etc/init...
[   33.857279] init: Parsing file /vendor/etc/init/android.hardware.gatekeeper@1.0-service.trusty.rc...
[   33.857335] init: Parsing file /vendor/etc/init/android.hardware.security.keymint@1.0-unisoc.service.rc...
[   33.857395] init: Parsing file /vendor/etc/init/rpmbserver_androidr.rc...
[   33.857456] init: Parsing file /vendor/etc/init/storageproxyd_androidr_gp.rc...
[   33.857568] init: /vendor/etc/init/storageproxyd_androidr_gp.rc: 24: ignored duplicate definition of service 'vendor.rpmbproxy'
[   33.857613] init: /vendor/etc/init/storageproxyd_androidr_gp.rc: 30: ignored duplicate definition of service 'vendor.nsproxy'
[   33.857647] init: Parsing file /vendor/etc/init/tee_rpc.rc...
[   33.857701] init: Parsing file /vendor/etc/init/vendor.sprd.hardware.trusty@1.0-service.rc...
[   33.857749] init: Parsing file /vendor/etc/init/vendor_flash_recovery.rc...
[   33.857792] init: Parsing file /vendor/etc/init/vibrator.rc...
[   33.857874] init: Parsing file /odm/etc/init...
[   33.857902] init: Unable to read config file '/odm/etc/init': open() failed: No such file or directory
[   33.857923] init: Parsing file /product/etc/init...
[   33.857945] init: Unable to read config file '/product/etc/init': open() failed: No such file or directory
[   33.859222] init: processing action (SetupCgroups) from (<Builtin Action>:0)
[   33.885425] cgroup1: Unknown subsys name 'schedtune'
[   33.885505] libprocessgroup: Failed to mount schedtune cgroup: Invalid argument
[   33.885523] libprocessgroup: Failed to setup schedtune cgroup
[   33.886063] init: processing action (SetKptrRestrict) from (<Builtin Action>:0)
[   33.886354] init: processing action (TestPerfEventSelinux) from (<Builtin Action>:0)
[   33.887018] init: processing action (early-init) from (/system/etc/init/hw/init.rc:8)
[   33.887408] init: Command 'mount cgroup none /acct cpuacct' action=early-init (/system/etc/init/hw/init.rc:13) took 0ms and failed: mount() failed: Device or resource busy
[   33.888339] init: starting service 'ueventd'...
[   33.894408] init: processing action (early-init) from (/init.recovery.usb.rc:29)
[   33.895020] init: processing action (wait_for_coldboot_done) from (<Builtin Action>:0)
[   33.939858] audit: type=1400 audit(1772410477.699:4): avc:  denied  { sys_nice } for  pid=277 comm="ueventd" capability=23  scontext=u:r:ueventd:s0 tcontext=u:r:ueventd:s0 tclass=capability permissive=1
[   33.939908] ueventd: ueventd started!
[   33.942370] selinux: SELinux: Loaded file_contexts
[   33.942377] selinux: 
[   33.942529] ueventd: Parsing file /system/etc/ueventd.rc...
[   33.942596] ueventd: Added '/vendor/etc/ueventd.rc' to import list
[   33.942611] ueventd: Added '/odm/etc/ueventd.rc' to import list
[   33.942908] ueventd: Parsing file /vendor/etc/ueventd.rc...
[   33.943599] ueventd: Parsing file /odm/etc/ueventd.rc...
[   33.943631] ueventd: Unable to read config file '/odm/etc/ueventd.rc': open() failed: No such file or directory
[   34.000372] sc27xx-fgu 64200000.spi:pmic@0:fgu@c00: UUSOC: cur_avg_ma = 1485, resistance_moh = 0, ocv_pzero_uv = 3400000, ocv_pzero_cap = 0, ocv_pzero_mah = 0
[   34.001432] power_supply sc27xx-fgu: driver failed to report `calibrate' property: -22
[   34.001440] synth uevent: /devices/platform/soc/soc:aon/64200000.spi/spi_master/spi4/spi4.0/64200000.spi:pmic@0:fgu@c00/power_supply/sc27xx-fgu: failed to send uevent
[   34.001443] power_supply sc27xx-fgu: uevent: failed to send synthetic uevent
[   34.025488] ------------[ cut here ]------------
[   34.025493] add_uevent_var: too many keys
[   34.025582] WARNING: CPU: 5 PID: 277 at lib/kobject_uevent.c:660 add_uevent_var+0x4c/0x148
[   34.025584] Modules linked in: mipi_driver sprd_mipi sprd_compr_2stage_dma sprd_dmaengine_pcm snd_soc_sprd_vbc_fe snd_soc_sprd_vbc_v4 sprd_platform_pcm_routing snd_soc_sprd_pdm_r2p0 snd_soc_sprd_dummy_codec snd_soc_sprd_codec_sc2730_power_dev snd_soc_sprd_codec_sc2730_power snd_soc_sprd_codec_sc2730 snd_soc_sprd_card snd_soc_aw87xxx sprd_audcp_boot sprd_audcp_dvfs mcdt_hw_r2p0 audio_pipe sprd_apipe ax88179_178a asix audio_dsp_dump audio_sipc audio_mem agdsp_access musb_sprd musb_hdrc chipone_tddi(O) misc_sprd_uid nu1619_wireless_charger hl1506_charger sc2730_fast_charger bq2597x_charger sgm41510_charger sc27xx_fuel_gauge charger_manager sprd_battery_info sprd_vote sc27xx_pd sprd_tcpm sc27xx_typec sc27xx_vibra sc27xx_poweroff sc27xx_adc rtc_sc27xx pwm_sprd spi_sprd zram zsmalloc ledtrig_pattern leds_sc27xx_bltc jpg vsp chipone_fp(O) microarray_fp(O) extcon_usb_gpio sprd_drm apsys_dvfs sprd_gsp twofish_generic twofish_common arc4 aes_neon_blk aes_ce_ccm ghash_ce sha1_ce
[   34.025663] sprd_cpp(O) sprd_vsp_pw_domain sprd_camera(O) sprd_sensor(O) unisoc_iommu sprd_ion(C) sprd_dma virt_dma sprd_camsys_pw_domain flash_ic_aw3641(O) sprd_flash_drv(O) sblock_bridge sbuf_bridge slog_bridge sprd_iq usb_f_vser sprd_modem_loader seth sipx spool spipe sipc_core sprd_sipc_virt_bus unisoc_mailbox sprd_debugstat_sharkl6 sprd_debugstat_core sprd_power_manager sprd_pmic_syscon sec_nfc(O) sdhci_sprd mmc_hsq mmc_swcq gpio_pmic_eic_sprd gpio_sprd gpio_eic_sprd sprd_shm trusty_virtio trusty_ipc trusty_irq trusty_log trusty_pm trusty sprd_manufacturer_model sprd_7sreset sprd_cpufreq_public sprd_hwdvfs_policy sprd_hwdvfs_ums9230_arch i2c_sprd_hw_v2 i2c_sprd nvmem_sprd_efuse nvmem_sprd_cache_efuse nvmem_sc27xx_efuse sprd_hwspinlock ufs_sprd_qogirl6 sprd_soc_id rpmb sc2730_regulator sprd_sc27xx_spi spi_sprd_adi phy_sprd_qogirl6 pinctrl_sprd_qogirl6 pinctrl_sprd pinctrl gpio core ums9230_clk clk_sprd sprd_time_sync_cp sprd_time_sync sprd_systimer sprd_sip_svc
[   34.025742] sprd_wdt_fiq
[   34.025749] CPU: 5 PID: 277 Comm: ueventd Tainted: G         C O      5.4.254-ab181 #1
[   34.025751] Hardware name: Spreadtrum UMS9230 1H10 SoC (DT)
[   34.025754] pstate: 60400005 (nZCv daif +PAN -UAO)
[   34.025757] pc : add_uevent_var+0x4c/0x148
[   34.025759] lr : add_uevent_var+0x4c/0x148
[   34.025761] sp : ffffffc014beba90
[   34.025763] x29: ffffffc014bebb10 x28: ffffffc011e76578 
[   34.025767] x27: 0000000000000001 x26: 0000000000000000 
[   34.025770] x25: ffffff8177ef5200 x24: ffffffc0116866c0 
[   34.025773] x23: ffffff816c370000 x22: ffffffc011ce2bd0 
[   34.025777] x21: ffffff816c416580 x20: ffffff816c3a5038 
[   34.025780] x19: ffffff816b8bc000 x18: ffffffc01352d068 
[   34.025783] x17: 0000000000079fe0 x16: 0000000000000000 
[   34.025786] x15: 0000000000000062 x14: 0000000000000038 
[   34.025789] x13: 0000000000086058 x12: 0000000000000000 
[   34.025792] x11: 00000000ffffffff x10: ffffffc0124ecca8 
[   34.025795] x9 : 998ea27253951600 x8 : 998ea27253951600 
[   34.025798] x7 : 0000000000000000 x6 : ffffffc012572cfd 
[   34.025800] x5 : 0000000000000000 x4 : 000000000000000a 
[   34.025802] x3 : 0000000000000073 x2 : 0000000000000001 
[   34.025805] x1 : 0000000000000000 x0 : 000000000000001d 
[   34.025811] \x0aPC: 0xffffffc01164a910:
[   34.025813] a910  35ffff8a 17ffff6f f9400282 90007220 b0003641 913d4000 91291c21 f00032a4
[   34.025821] a930  912f6884 aa1403e3 97cc8c6c 2a1f03fa 17fffe9a d10283ff f800865e a9087bfd
[   34.025828] a950  a9094ff4 910203fd 90004548 f943c108 a9008fe2 a90197e4 a9029fe6 f81f83a8
[   34.025834] a970  a93effbf a93dffbf b9411808 7100811f 540000c3 f00032e0 911b5c00 97ad0aa8
[   34.025840] a990  d4210000 14000030 128005e9 910023ea 910083a8 f81f03a9 9100c149 a93da7a8
[   34.025849] a9b0  b9891c08 aa0003f3 7120051f 54000622 a97dafaa a97eb7ac 8b080269 52810014
[   34.025856] a9d0  aa0103e2 91047120 cb080281 9100e3e3 a903afea a904b7ec 94001e40 b9891e69
[   34.025862] a9f0  cb09028a eb20c15f 54000269 7120013f 54000408 b9411a6a 1100054b 71007d5f
[   34.025870] \x0aLR: 0xffffffc01164a910:
[   34.025871] a910  35ffff8a 17ffff6f f9400282 90007220 b0003641 913d4000 91291c21 f00032a4
[   34.025878] a930  912f6884 aa1403e3 97cc8c6c 2a1f03fa 17fffe9a d10283ff f800865e a9087bfd
[   34.025885] a950  a9094ff4 910203fd 90004548 f943c108 a9008fe2 a90197e4 a9029fe6 f81f83a8
[   34.025892] a970  a93effbf a93dffbf b9411808 7100811f 540000c3 f00032e0 911b5c00 97ad0aa8
[   34.025898] a990  d4210000 14000030 128005e9 910023ea 910083a8 f81f03a9 9100c149 a93da7a8
[   34.025904] a9b0  b9891c08 aa0003f3 7120051f 54000622 a97dafaa a97eb7ac 8b080269 52810014
[   34.025911] a9d0  aa0103e2 91047120 cb080281 9100e3e3 a903afea a904b7ec 94001e40 b9891e69
[   34.025917] a9f0  cb09028a eb20c15f 54000269 7120013f 54000408 b9411a6a 1100054b 71007d5f
[   34.025930] \x0aSP: 0xffffffc014beba10:
[   34.025931] ba10  116866c0 ffffffc0 77ef5200 ffffff81 00000000 00000000 00000001 00000000
[   34.025938] ba30  11e76578 ffffffc0 14bebb10 ffffffc0 1164a990 ffffffc0 14beba90 ffffffc0
[   34.025945] ba50  1164a990 ffffffc0 60400005 00000000 ffffffc8 00000000 53951600 998ea272
[   34.025951] ba70  ffffffff 0000007f 1164a990 ffffffc0 14bebb10 ffffffc0 1164a990 ffffffc0
[   34.025958] ba90  11e76578 ffffffc0 00000d5b 00000000 058efb08 ffffffff 00800000 00000000
[   34.025965] bab0  2c000000 7b373263 6b8bc51c ffffff81 71ff7466 77363162 6c416580 ffffff81
[   34.025971] bad0  6b8bc000 ffffff81 6c3a5038 ffffff81 ffffffd8 00000000 00000000 00000000
[   34.025977] baf0  00000000 00000000 00000000 00000000 00000000 00000000 53951600 998ea272
[   34.025990] \x0aX6: 0xffffffc012572c7d:
[   34.025990] 2c7c  3a796c70 37326373 662d7878 00007567 ec13bf08 00000007 0024003c 82000000
[   34.025998] 2c9c  00000115 00000005 2d2d2d2d 2d2d2d2d 2d2d2d2d 7563205b 65682074 5d206572
[   34.026004] 2cbc  2d2d2d2d 2d2d2d2d 2d2d2d2d ec13d484 00000007 001d0038 62000000 00000115
[   34.026011] 2cdc  00000005 5f646461 65766575 765f746e 203a7261 206f6f74 796e616d 79656b20
[   34.026017] 2cfc  00000073 ec152fdf 00000007 004e0068 82000000 00000115 00000005 4e524157
[   34.026023] 2d1c  3a474e49 55504320 2035203a 3a444950 37373220 20746120 2f62696c 6a626f6b
[   34.026032] 2d3c  5f746365 65766575 632e746e 3036363a 64646120 7665755f 5f746e65 2b726176
[   34.026038] 2d5c  63347830 3178302f 00003834 ec153896 00000007 03ca03e4 80000000 00000115
[   34.026044] 2d7c  00000005 75646f4d 2073656c 6b6e696c 69206465 6d203a6e 5f697069 76697264
[   34.026054] \x0aX10: 0xffffffc0124ecc28:
[   34.026055] cc28  6d522300 ffffff81 00000000 00000000 00000000 00000000 00000000 00000000
[   34.026062] cc48  00000000 00000000 77805ee0 ffffff81 00000000 00000000 00000000 00000000
[   34.026070] cc68  00001620 00000000 00000000 00000000 00000000 00000000 00000000 00000000
[   34.026077] cc88  00000000 00000000 00000000 00000000 00000000 00000000 00000000 00087dc8
[   34.026083] cca8  00000000 00000000 00370050 c2000000 00000000 00000000 746f6f42 20676e69
[   34.026090] ccc8  756e694c 6e6f2078 79687020 61636973 5043206c 78302055 30303030 30303030
[   34.026097] cce8  5b203030 31347830 30646632 005d3035 00000000 00000000 00690084 a2000000
[   34.026104] cd08  00000000 00000000 756e694c 65762078 6f697372 2e35206e 35322e34 62612d34
[   34.026116] \x0aX18: 0xffffffc01352cfe8:
[   34.026118] cfe8  ******** ******** ******** ******** ******** ******** 10084f08 ffffffc0
[   34.026128] d008  101177b4 ffffffc0 10117888 ffffffc0 104eed64 ffffffc0 104eede8 ffffffc0
[   34.026134] d028  104eef90 ffffffc0 104ef0a4 ffffffc0 10623578 ffffffc0 10626358 ffffffc0
[   34.026140] d048  10b444a0 ffffffc0 10b413e4 ffffffc0 1164b86c ffffffc0 1164a530 ffffffc0
[   34.026146] d068  10083dcc ffffffc0 100814ec ffffffc0 100febcc ffffffc0 1010d6d4 ffffffc0
[   34.026155] d088  1163d104 ffffffc0 1018de30 ffffffc0 10101a44 ffffffc0 10101b34 ffffffc0
[   34.026161] d0a8  10101d18 ffffffc0 10400384 ffffffc0 102561f8 ffffffc0 1024ef2c ffffffc0
[   34.026168] d0c8  1024f73c ffffffc0 11652384 ffffffc0 102a15a8 ffffffc0 11657e4c ffffffc0
[   34.026177] \x0aX22: 0xffffffc011ce2b50:
[   34.026178] 2b50  636f6c6c 20657461 746f6f62 666e6f63 6e206769 7365646f 6c615600 69206575
[   34.026185] 2b70  65722073 69666564 0064656e 746f6f62 666e6f63 62006769 3270697a 626f6b00
[   34.026194] 2b90  7463656a 2527203a 28202773 3a297025 3a732520 76657520 5f746e65 70707573
[   34.026200] 2bb0  73736572 75616320 20646573 20656874 6e657665 6f742074 6f726420 000a2170
[   34.026206] 2bd0  00646461 2a2a3401 20664920 20756f79 20656573 73696874 73656d20 65676173
[   34.026212] 2bf0  646e6120 756f7920 65726120 746f6e20 62656420 69676775 2020676e 2a2a2020
[   34.026222] 2c10  7261000a 612f6863 34366d72 72656b2f 2f6c656e 69737066 632e646d 72656b00
[   34.026228] 2c30  2f6c656e 706d756a 62616c5f 632e6c65 63726100 72612f68 2f34366d 2f6d766b
[   34.026235] \x0aX24: 0xffffffc011686640:
[   34.026236] 6640  17d0aa58 17d0aae6 17d0ab90 17d2fa73 17d2fae7 17d2fb4a 17d2ea75 17d2fdf9
[   34.026244] 6660  17d2fe62 17d2fe9f 17d2fecb 17d2ff49 17d2ff62 17d2ffbb 17d2ffc4 17d2ecef
[   34.026251] 6680  17d2ffe2 17d30005 17d30023 17d30057 17d2eb63 17d2f63c 17d3005f 17d30081
[   34.026257] 66a0  17d300a3 17d300c5 17d300e7 17d30109 17b09550 17d30271 17d302f7 17d30a27
[   34.026264] 66c0  17d30a2e 17d30e52 17ccfd72 17d30f76 17ccfde7 17cd1ded 17d30ece 17d30edc
[   34.026270] 66e0  17d30f80 17d30c60 17d30feb 17d30ff4 17d3106a 17d310ed 17d31154 17d31165
[   34.026276] 6700  17d311a6 17d31203 17d30cae 17d312ba 17d31369 17d311f6 17d3137e 17d31387
[   34.026282] 6720  17d31388 17d3138a 17d313f8 17d31464 17d314d4 17ad3ba9 17b8a71c 17d309f8
[   34.026290] \x0aX28: 0xffffffc011e764f8:
[   34.026294] 64f8  00000000 00000000 00000000 00000000 00000000 00000000 00000000 00000000
[   34.026301] 6518  00000000 00000000 00000000 00000000 123ceba0 ffffffc0 00000000 00000000
[   34.026308] 6538  11c84a16 ffffffc0 11d22c19 ffffffc0 11cf8a30 ffffffc0 11cc4ffb ffffffc0
[   34.026315] 6558  11c5faf2 ffffffc0 11d071d0 ffffffc0 1169c2a4 ffffffc0 1169c348 ffffffc0
[   34.026322] 6578  1168673c ffffffc0 116866bc ffffffc0 116866c0 ffffffc0 1169c2a8 ffffffc0
[   34.026329] 6598  1169c34c ffffffc0 1169c2ac ffffffc0 1169c350 ffffffc0 11686740 ffffffc0
[   34.026335] 65b8  00000000 00000000 00000000 00000000 00000000 00000000 1168ceb4 ffffffc0
[   34.026342] 65d8  1169833c ffffffc0 00000000 00000000 00000000 00000000 00000000 00000000
[   34.026349] \x0aX29: 0xffffffc014beba90:
[   34.026350] ba90  11e76578 ffffffc0 00000d5b 00000000 058efb08 ffffffff 00800000 00000000
[   34.026360] bab0  2c000000 7b373263 6b8bc51c ffffff81 71ff7466 77363162 6c416580 ffffff81
[   34.026366] bad0  6b8bc000 ffffff81 6c3a5038 ffffff81 ffffffd8 00000000 00000000 00000000
[   34.026373] baf0  00000000 00000000 00000000 00000000 00000000 00000000 53951600 998ea272
[   34.026379] bb10  14bebb40 ffffffc0 1164a530 ffffffc0 6c3a5038 ffffff81 6b8bc000 ffffff81
[   34.026385] bb30  00000041 00000000 00000000 00000000 14bebbc0 ffffffc0 1164b86c ffffffc0
[   34.026391] bb50  6c370000 ffffff81 00000000 00000000 00000000 00000000 56000000 00000000
[   34.026397] bb70  00000004 00000000 6c416a80 ffffff81 00000004 00000000 00000000 00000000
[   34.026404] 
[   34.026406] Call trace:
[   34.026409] add_uevent_var+0x4c/0x148
[   34.026413] kobject_uevent_env+0x394/0x7a8
[   34.026416] kobject_synth_uevent+0x400/0x480
[   34.026422] uevent_store+0x28/0x60
[   34.026425] dev_attr_store+0x34/0x84
[   34.026430] sysfs_kf_write+0x60/0xbc
[   34.026434] kernfs_fop_write+0x1b0/0x420
[   34.026438] __vfs_write+0x50/0x210
[   34.026441] vfs_write+0xe4/0x1a8
[   34.026443] ksys_write+0x78/0x13c
[   34.026445] __arm64_sys_write+0x1c/0x28
[   34.026450] el0_svc_common+0xc8/0x22c
[   34.026452] el0_svc_handler+0x1c/0x28
[   34.026457] el0_svc+0x8/0x100
[   34.026459] ---[ end trace 020bc730b241734f ]---
[   34.026466] synth uevent: /devices/platform/charger-manager/power_supply/battery: failed to send uevent
[   34.026472] power_supply battery: uevent: failed to send synthetic uevent
[   34.190200] ueventd (278) used greatest stack depth: 13304 bytes left
[   34.192626] ueventd (280) used greatest stack depth: 13200 bytes left
[   34.204048] [drm] skip esd during panel suspend
[   34.208067] init: Wait for property 'ro.cold_boot_done=true' took 312ms
[   34.208198] init: processing action (SetMmapRndBits) from (<Builtin Action>:0)
[   34.208233] ueventd: Coldboot took 0.263 seconds
[   34.208816] init: processing action (KeychordInit) from (<Builtin Action>:0)
[   34.208875] init: processing action (init) from (/system/etc/init/hw/init.rc:23)
[   34.209241] init (284) used greatest stack depth: 13000 bytes left
[   34.210329] init: Command 'symlink /system/bin /bin' action=init (/system/etc/init/hw/init.rc:35) took 0ms and failed: symlink() failed: File exists
[   34.210453] init: Command 'symlink /system/etc /etc' action=init (/system/etc/init/hw/init.rc:36) took 0ms and failed: symlink() failed: File exists
[   34.210645] init: Command 'mount cgroup none /acct cpuacct' action=init (/system/etc/init/hw/init.rc:38) took 0ms and failed: mount() failed: Device or resource busy
[   34.212422] ueventd (278): highest shadow stack usage: 184 bytes
[   34.214470] init: processing action (init) from (/init.recovery.logd.rc:1)
[   34.214506] init: starting service 'logd'...
[   34.214876] init: Created socket '/dev/socket/logdr', mode 666, user 0, group 0
[   34.215172] init: Created socket '/dev/socket/logdw', mode 222, user 0, group 0
[   34.215314] init: Opened file '/proc/kmsg', flags 0
[   34.215352] init: Opened file '/dev/kmsg', flags 1
[   34.218806] audit: type=1400 audit(1772410477.979:5): avc:  denied  { entrypoint } for  pid=285 comm="init" path="/system/bin/logd" dev="rootfs" ino=10101 scontext=u:r:logd:s0 tcontext=u:object_r:rootfs:s0 tclass=file permissive=1
[   34.220451] init: processing action (init) from (/init.recovery.usb.rc:32)
[   34.220874] audit: type=1400 audit(1772410477.983:6): avc:  denied  { map } for  pid=285 comm="logd" path="/system/bin/logd" dev="rootfs" ino=10101 scontext=u:r:logd:s0 tcontext=u:object_r:rootfs:s0 tclass=file permissive=1
[   34.220881] audit: type=1400 audit(1772410477.983:7): avc:  denied  { read } for  pid=285 comm="logd" path="/system/bin/logd" dev="rootfs" ino=10101 scontext=u:r:logd:s0 tcontext=u:object_r:rootfs:s0 tclass=file permissive=1
[   34.220884] audit: type=1400 audit(1772410477.983:8): avc:  denied  { execute } for  pid=285 comm="logd" path="/system/bin/logd" dev="rootfs" ino=10101 scontext=u:r:logd:s0 tcontext=u:object_r:rootfs:s0 tclass=file permissive=1
[   34.222043] audit: type=1400 audit(1772410477.983:9): avc:  denied  { getattr } for  pid=285 comm="logd" path="/system/bin/logd" dev="rootfs" ino=10101 scontext=u:r:logd:s0 tcontext=u:object_r:rootfs:s0 tclass=file permissive=1
[   34.222469] audit: type=1400 audit(1772410477.983:10): avc:  denied  { read } for  pid=285 comm="logd" name="bin" dev="rootfs" ino=9994 scontext=u:r:logd:s0 tcontext=u:object_r:rootfs:s0 tclass=dir permissive=1
[   34.222777] audit: type=1400 audit(1772410477.983:11): avc:  denied  { open } for  pid=285 comm="logd" path="/system/lib64/libbase.so" dev="rootfs" ino=13231 scontext=u:r:logd:s0 tcontext=u:object_r:rootfs:s0 tclass=file permissive=1
[   34.223202] Mass Storage Function, version: 2009/09/11
[   34.223209] LUN: removable file: (no medium)
[   34.223438] file system registered
[   34.224049] ueventd (279): highest shadow stack usage: 208 bytes
[   34.224418] init: processing action (init) from (/init.recovery.ums9230_1h10.rc:5)
[   34.224453] init: processing action (init) from (/init.recovery.common.rc:84)
[   34.226162] init: Command 'loglevel 7' action=init (/init.recovery.common.rc:104) took 0ms and succeeded
[   34.226218] init: Command 'chown system root /proc/mdbg/assert' action=init (/init.recovery.common.rc:106) took 0ms and failed: lchown() failed: No such file or directory
[   34.226258] init: Command 'chown system root /proc/mdbg/wdtirq' action=init (/init.recovery.common.rc:107) took 0ms and failed: lchown() failed: No such file or directory
[   34.226298] init: Command 'chown system root /proc/mdbg/at_cmd' action=init (/init.recovery.common.rc:108) took 0ms and failed: lchown() failed: No such file or directory
[   34.226337] init: Command 'chown system root /proc/mdbg/loopcheck' action=init (/init.recovery.common.rc:109) took 0ms and failed: lchown() failed: No such file or directory
[   34.226377] init: Command 'chmod 760 /proc/mdbg/assert' action=init (/init.recovery.common.rc:111) took 0ms and failed: fchmodat() failed: No such file or directory
[   34.226414] init: Command 'chmod 760 /proc/mdbg/wdtirq' action=init (/init.recovery.common.rc:112) took 0ms and failed: fchmodat() failed: No such file or directory
[   34.226451] init: Command 'chmod 760 /proc/mdbg/at_cmd' action=init (/init.recovery.common.rc:113) took 0ms and failed: fchmodat() failed: No such file or directory
[   34.226489] init: Command 'chmod 760 /proc/mdbg/loopcheck' action=init (/init.recovery.common.rc:114) took 0ms and failed: fchmodat() failed: No such file or directory
[   34.226530] init: Command 'chown system root /proc/cpwcn/wdtirq' action=init (/init.recovery.common.rc:116) took 0ms and failed: lchown() failed: No such file or directory
[   34.226567] init: Command 'chmod 766 /proc/cpwcn/wdtirq' action=init (/init.recovery.common.rc:117) took 0ms and failed: fchmodat() failed: No such file or directory
[   34.226687] init: Command 'mount configfs none /config' action=init (/init.recovery.common.rc:121) took 0ms and failed: mount() failed: Device or resource busy
[   34.226774] init: Command 'mkdir /config/usb_gadget/g1 0770 shell shell' action=init (/init.recovery.common.rc:122) took 0ms and succeeded
[   34.227008] init: Command 'write /config/usb_gadget/g1/idVendor 0x1782' action=init (/init.recovery.common.rc:123) took 0ms and succeeded
[   34.227220] init: Command 'write /config/usb_gadget/g1/idProduct 0x4d00' action=init (/init.recovery.common.rc:124) took 0ms and succeeded
[   34.227309] init: Command 'mkdir /config/usb_gadget/g1/strings/0x409 0770 shell shell' action=init (/init.recovery.common.rc:125) took 0ms and succeeded
[   34.227575] init: Command 'write /config/usb_gadget/g1/strings/0x409/serialnumber ${ro.serialno}' action=init (/init.recovery.common.rc:126) took 0ms and succeeded
[   34.227810] init: Command 'write /config/usb_gadget/g1/strings/0x409/manufacturer Unisoc' action=init (/init.recovery.common.rc:127) took 0ms and succeeded
[   34.228098] init: Command 'write /config/usb_gadget/g1/strings/0x409/product Unisoc Phone' action=init (/init.recovery.common.rc:128) took 0ms and succeeded
[   34.228399] init: Command 'mkdir /config/usb_gadget/g1/configs/b.1 0770 shell shell' action=init (/init.recovery.common.rc:129) took 0ms and succeeded
[   34.228681] init: Command 'mkdir /config/usb_gadget/g1/configs/b.1/strings/0x409 0770 shell shell' action=init (/init.recovery.common.rc:130) took 0ms and succeeded
[   34.228958] init: Command 'write /config/usb_gadget/g1/configs/b.1/strings/0x409/configuration Conf 1' action=init (/init.recovery.common.rc:131) took 0ms and succeeded
[   34.229183] init: Command 'write /config/usb_gadget/g1/configs/b.1/MaxPower 120' action=init (/init.recovery.common.rc:132) took 0ms and succeeded
[   34.229283] init: Command 'mkdir /config/usb_gadget/g1/functions/ffs.adb 0770 shell shell' action=init (/init.recovery.common.rc:135) took 0ms and succeeded
[   34.229569] init: Command 'mkdir /config/usb_gadget/g1/functions/ffs.fastboot 0770 shell shell' action=init (/init.recovery.common.rc:136) took 0ms and succeeded
[   34.229988] init: Command 'mkdir /dev/usb-ffs 0770 shell shell' action=init (/init.recovery.common.rc:137) took 0ms and succeeded
[   34.230252] selinux: avc:  received setenforce notice (enforcing=0)
[   34.230257] selinux: 
[   34.230327] init: Command 'mkdir /dev/usb-ffs/adb 0770 shell shell' action=init (/init.recovery.common.rc:138) took 0ms and succeeded
[   34.230611] init: Command 'mount functionfs adb /dev/usb-ffs/adb uid=2000,gid=2000' action=init (/init.recovery.common.rc:139) took 0ms and succeeded
[   34.231226] init: Command 'mkdir /dev/usb-ffs/fastboot 0770 system system' action=init (/init.recovery.common.rc:140) took 0ms and succeeded
[   34.231428] init: Command 'mount functionfs fastboot /dev/usb-ffs/fastboot rmode=0770,fmode=0660,uid=1000,gid=1000' action=init (/init.recovery.common.rc:141) took 0ms and succeeded
[   34.231904] logd: libprocessgroup: Controller freezer is not found
[   34.231948] logd: libprocessgroup: SetAttribute: unknown attribute: FreezerState
[   34.231963] init: Command 'mkdir /config/usb_gadget/g1/functions/mtp.gs0 0770 shell shell' action=init (/init.recovery.common.rc:144) took 0ms and failed: mkdir() failed on /config/usb_gadget/g1/functions/mtp.gs0: No such file or directory
[   34.231968] logd: libprocessgroup: SetAttribute: unknown attribute: FreezerState
[   34.232250] init: Command 'mkdir /config/usb_gadget/g1/functions/ptp.gs1 0770 shell shell' action=init (/init.recovery.common.rc:145) took 0ms and failed: mkdir() failed on /config/usb_gadget/g1/functions/ptp.gs1: No such file or directory
[   34.232481] init: Command 'mkdir /config/usb_gadget/g1/functions/rndis.gs4 0770 shell shell' action=init (/init.recovery.common.rc:146) took 0ms and failed: mkdir() failed on /config/usb_gadget/g1/functions/rndis.gs4: No such file or directory
[   34.233541] init: Command 'mkdir /config/usb_gadget/g1/functions/vser.gs7 0770 shell shell' action=init (/init.recovery.common.rc:147) took 1ms and succeeded
[   34.233940] init: Command 'mkdir /config/usb_gadget/g1/functions/accessory.gs2 0770 shell shell' action=init (/init.recovery.common.rc:148) took 0ms and succeeded
[   34.234307] init: Command 'mkdir /config/usb_gadget/g1/functions/audio_source.gs3 0770 shell shell' action=init (/init.recovery.common.rc:149) took 0ms and succeeded
[   34.234615] init: Command 'mkdir /config/usb_gadget/g1/functions/midi.gs5 0770 shell shell' action=init (/init.recovery.common.rc:150) took 0ms and succeeded
[   34.234958] init: Command 'mkdir /config/usb_gadget/g1/functions/gser.gs0 0770 shell shell' action=init (/init.recovery.common.rc:151) took 0ms and succeeded
[   34.235281] init: Command 'mkdir /config/usb_gadget/g1/functions/gser.gs1 0770 shell shell' action=init (/init.recovery.common.rc:152) took 0ms and succeeded
[   34.235608] init: Command 'mkdir /config/usb_gadget/g1/functions/gser.gs2 0770 shell shell' action=init (/init.recovery.common.rc:153) took 0ms and succeeded
[   34.235919] init: Command 'mkdir /config/usb_gadget/g1/functions/gser.gs3 0770 shell shell' action=init (/init.recovery.common.rc:154) took 0ms and succeeded
[   34.236080] <I>CTS-Core ESD protection work
[   34.236320] init: Command 'mkdir /config/usb_gadget/g1/functions/gser.gs4 0770 shell shell' action=init (/init.recovery.common.rc:155) took 0ms and succeeded
[   34.236663] init: Command 'mkdir /config/usb_gadget/g1/functions/gser.gs5 0770 shell shell' action=init (/init.recovery.common.rc:156) took 0ms and succeeded
[   34.237000] init: Command 'mkdir /config/usb_gadget/g1/functions/gser.gs6 0770 shell shell' action=init (/init.recovery.common.rc:157) took 0ms and succeeded
[   34.237150] logd.auditd: start
[   34.237162] logd.klogd: 34237155944
[   34.247486] init: Command 'mkdir /config/usb_gadget/g1/functions/gser.gs7 0770 shell shell' action=init (/init.recovery.common.rc:158) took 0ms and succeeded
[   34.247601] init: processing action (init) from (/system/etc/init/hwservicemanager.rc:1)
[   34.247642] init: starting service 'hwservicemanager'...
[   34.252003] init: Command 'start hwservicemanager' action=init (/system/etc/init/hwservicemanager.rc:2) took 4ms and succeeded
[   34.252094] init: processing action (init) from (/system/etc/init/servicemanager.rc:1)
[   34.252143] init: starting service 'servicemanager'...
[   34.255973] init: Command 'start servicemanager' action=init (/system/etc/init/servicemanager.rc:2) took 3ms and succeeded
[   34.256071] init: processing action (init) from (/system/etc/init/vndservicemanager.rc:1)
[   34.256120] init: starting service 'vndservicemanager'...
[   34.258255] init: failed to write pid to files: couldn't write 292 to /dev/cpuset/system-background/tasks: No such file or directory
[   34.260975] init: Command 'start vndservicemanager' action=init (/system/etc/init/vndservicemanager.rc:2) took 4ms and succeeded
[   34.261048] init: processing action (late-init) from (/system/etc/init/hw/init.rc:82)
[   34.261075] init: Command 'trigger early-fs' action=late-init (/system/etc/init/hw/init.rc:83) took 0ms and succeeded
[   34.261100] init: Command 'trigger fs' action=late-init (/system/etc/init/hw/init.rc:84) took 0ms and succeeded
[   34.261123] init: Command 'trigger post-fs' action=late-init (/system/etc/init/hw/init.rc:85) took 0ms and succeeded
[   34.261147] init: Command 'trigger post-fs-data' action=late-init (/system/etc/init/hw/init.rc:86) took 0ms and succeeded
[   34.261173] init: Command 'trigger firmware_mounts_complete' action=late-init (/system/etc/init/hw/init.rc:89) took 0ms and succeeded
[   34.261196] init: Command 'trigger early-boot' action=late-init (/system/etc/init/hw/init.rc:91) took 0ms and succeeded
[   34.261216] init: Command 'trigger boot' action=late-init (/system/etc/init/hw/init.rc:92) took 0ms and succeeded
[   34.261232] init: processing action (late-init) from (/system/etc/init/keystore2.rc:9)
[   34.262165] init: Command 'start keystore2' action=late-init (/system/etc/init/keystore2.rc:10) took 0ms and failed: Could not start service: File /system/bin/keystore2(labeled "u:object_r:rootfs:s0") has incorrect label or no domain transition from u:r:init:s0 to another SELinux domain defined. Have you configured your service correctly? https://source.android.com/security/selinux/device-policy#label_new_services_and_address_denials. Note: this error shows up even in permissive mode in order to make auditing denials possible.
[   34.262200] init: processing action (queue_property_triggers) from (<Builtin Action>:0)
[   34.262235] init: Command 'queue_property_triggers' action=queue_property_triggers (<Builtin Action>:0) took 0ms and succeeded
[   34.262295] init: processing action (ro.debuggable=1 && fs) from (/system/etc/init/hw/init.rc:115)
[   34.262906] init: Command 'setprop sys.usb.config adb' action=ro.debuggable=1 && fs (/system/etc/init/hw/init.rc:116) took 0ms and succeeded
[   34.262932] init: processing action (sys.usb.configfs=1 && fs) from (/system/etc/init/hw/init.rc:127)
[   34.263075] init: Command 'mount configfs none /config' action=sys.usb.configfs=1 && fs (/system/etc/init/hw/init.rc:128) took 0ms and failed: mount() failed: Device or resource busy
[   34.263151] init: Command 'mkdir /config/usb_gadget/g1 0770 shell shell' action=sys.usb.configfs=1 && fs (/system/etc/init/hw/init.rc:129) took 0ms and succeeded
[   34.263702] init: Command 'write /config/usb_gadget/g1/idVendor 0x18D1' action=sys.usb.configfs=1 && fs (/system/etc/init/hw/init.rc:130) took 0ms and succeeded
[   34.263758] init: Command 'mkdir /config/usb_gadget/g1/strings/0x409 0770' action=sys.usb.configfs=1 && fs (/system/etc/init/hw/init.rc:131) took 0ms and succeeded
[   34.264194] init: Command 'write /config/usb_gadget/g1/strings/0x409/serialnumber ${ro.serialno}' action=sys.usb.configfs=1 && fs (/system/etc/init/hw/init.rc:132) took 0ms and succeeded
[   34.264528] init: Command 'write /config/usb_gadget/g1/strings/0x409/manufacturer ${ro.product.manufacturer}' action=sys.usb.configfs=1 && fs (/system/etc/init/hw/init.rc:133) took 0ms and succeeded
[   34.264795] init: Command 'write /config/usb_gadget/g1/strings/0x409/product ${ro.product.model}' action=sys.usb.configfs=1 && fs (/system/etc/init/hw/init.rc:134) took 0ms and succeeded
[   34.264902] init: Command 'mkdir /config/usb_gadget/g1/functions/ffs.adb' action=sys.usb.configfs=1 && fs (/system/etc/init/hw/init.rc:135) took 0ms and succeeded
[   34.264973] init: Command 'mkdir /config/usb_gadget/g1/functions/ffs.fastboot' action=sys.usb.configfs=1 && fs (/system/etc/init/hw/init.rc:136) took 0ms and succeeded
[   34.265055] init: Command 'mkdir /config/usb_gadget/g1/configs/b.1 0777 shell shell' action=sys.usb.configfs=1 && fs (/system/etc/init/hw/init.rc:137) took 0ms and succeeded
[   34.265111] init: Command 'mkdir /config/usb_gadget/g1/configs/b.1/strings/0x409 0770 shell shell' action=sys.usb.configfs=1 && fs (/system/etc/init/hw/init.rc:138) took 0ms and succeeded
[   34.265138] init: processing action (fs) from (/system/etc/init/hw/init.rc:147)
[   34.265414] init: Command 'mount pstore pstore /sys/fs/pstore' action=fs (/system/etc/init/hw/init.rc:148) took 0ms and succeeded
[   34.265761] init: Command 'mkdir /dev/usb-ffs 0770 shell shell' action=fs (/system/etc/init/hw/init.rc:149) took 0ms and succeeded
[   34.265896] init: Command 'mkdir /dev/usb-ffs/adb 0770 shell shell' action=fs (/system/etc/init/hw/init.rc:150) took 0ms and succeeded
[   34.266113] ffs_data_put(): freeing
[   34.266198] init: Command 'mount functionfs adb /dev/usb-ffs/adb uid=2000,gid=2000' action=fs (/system/etc/init/hw/init.rc:151) took 0ms and failed: mount() failed: Device or resource busy
[   34.266288] init: Command 'mkdir /dev/usb-ffs/fastboot 0770 system system' action=fs (/system/etc/init/hw/init.rc:152) took 0ms and succeeded
[   34.266401] ffs_data_put(): freeing
[   34.266464] init: Command 'mount functionfs fastboot /dev/usb-ffs/fastboot rmode=0770,fmode=0660,uid=1000,gid=1000' action=fs (/system/etc/init/hw/init.rc:153) took 0ms and failed: mount() failed: Device or resource busy
[   34.266485] init: processing action (fs) from (/init.recovery.ldconfig.rc:1)
[   34.266513] init: Command 'export LD_CONFIG_FILE /system/etc/ld.config.txt' action=fs (/init.recovery.ldconfig.rc:2) took 0ms and succeeded
[   34.266530] init: processing action (fs) from (/init.recovery.common.rc:170)
[   34.267717] init: Command 'mkdir /data/misc/bluetooth 0770 system system' action=fs (/init.recovery.common.rc:172) took 1ms and failed: mkdir() failed on /data/misc/bluetooth: No such file or directory
[   34.267739] init: processing action (fs) from (/system/etc/init/nano.rc:1)
[   34.267773] init: Command 'export TERMINFO /system/etc/terminfo' action=fs (/system/etc/init/nano.rc:2) took 0ms and succeeded
[   34.267802] init: Command 'export TERM bg1.25' action=fs (/system/etc/init/nano.rc:3) took 0ms and succeeded
[   34.267841] init: processing action (post-fs-data) from (/system/etc/init/hw/init.rc:94)
[   34.267896] init: Command 'chown root system /dev/fscklogs/log' action=post-fs-data (/system/etc/init/hw/init.rc:96) took 0ms and failed: lchown() failed: No such file or directory
[   34.267942] init: Command 'chmod 0770 /dev/fscklogs/log' action=post-fs-data (/system/etc/init/hw/init.rc:97) took 0ms and failed: fchmodat() failed: No such file or directory
[   34.267964] init: processing action (post-fs-data) from (/init.recovery.ums9230_1h10.rc:12)
[   34.269501] init: Command 'mkdir /data/vendor/sprd_ss 0770 system system' action=post-fs-data (/init.recovery.ums9230_1h10.rc:13) took 1ms and failed: mkdir() failed on /data/vendor/sprd_ss: No such file or directory
[   34.269525] init: processing action (post-fs-data) from (/init.recovery.common.rc:174)
[   34.269569] init: Command 'chown system system /data' action=post-fs-data (/init.recovery.common.rc:176) took 0ms and succeeded
[   34.269638] init: Command 'chmod 0771 /data' action=post-fs-data (/init.recovery.common.rc:177) took 0ms and succeeded
[   34.269865] init: Command 'restorecon /data' action=post-fs-data (/init.recovery.common.rc:179) took 0ms and succeeded
[   34.269899] init: Top-level directory needs encryption action, eg mkdir /data/misc <mode> <uid> <gid> encryption=Require
[   34.270549] init: Command 'mkdir /data/misc 01771 system misc' action=post-fs-data (/init.recovery.common.rc:181) took 0ms and succeeded
[   34.270885] init: Command 'mkdir /data/misc/bluetooth 0770 system system' action=post-fs-data (/init.recovery.common.rc:183) took 0ms and succeeded
[   34.271027] init: Command 'copy /system/etc/bluetooth/bt_stack.conf /data/misc/bluedroid/bt_stack.conf' action=post-fs-data (/init.recovery.common.rc:184) took 0ms and failed: Could not read input file '/system/etc/bluetooth/bt_stack.conf': open() failed: Too many symbolic links encountered
[   34.271075] init: Command 'chown bluetooth system /data/misc/bluedroid/bt_stack.conf' action=post-fs-data (/init.recovery.common.rc:185) took 0ms and failed: lchown() failed: No such file or directory
[   34.271116] init: Command 'chmod 0640 /data/misc/bluedroid/bt_stack.conf' action=post-fs-data (/init.recovery.common.rc:186) took 0ms and failed: fchmodat() failed: No such file or directory
[   34.271441] init: Command 'mkdir /data/vendor/wifi 0770 wifi wifi' action=post-fs-data (/init.recovery.common.rc:189) took 0ms and failed: mkdir() failed on /data/vendor/wifi: No such file or directory
[   34.271610] init: Command 'mkdir /data/vendor/wifi/wpa 0770 wifi wifi' action=post-fs-data (/init.recovery.common.rc:190) took 0ms and failed: mkdir() failed on /data/vendor/wifi/wpa: No such file or directory
[   34.271777] init: Command 'mkdir /data/vendor/wifi/wpa/sockets 0770 wifi wifi' action=post-fs-data (/init.recovery.common.rc:191) took 0ms and failed: mkdir() failed on /data/vendor/wifi/wpa/sockets: No such file or directory
[   34.271810] init: Top-level directory needs encryption action, eg mkdir /data/system <mode> <uid> <gid> encryption=Require
[   34.272260] init: Command 'mkdir /data/system 0770 system system' action=post-fs-data (/init.recovery.common.rc:192) took 0ms and succeeded
[   34.272626] init: Command 'mkdir /etc/wifi 0770 wifi wifi' action=post-fs-data (/init.recovery.common.rc:193) took 0ms and succeeded
[   34.272989] init: Command 'write /data/vendor/wifi/fwpath sta_mode' action=post-fs-data (/init.recovery.common.rc:194) took 0ms and failed: Unable to write to file '/data/vendor/wifi/fwpath': open() failed: No such file or directory
[   34.273034] init: Command 'chmod 660 /data/vendor/wifi/fwpath' action=post-fs-data (/init.recovery.common.rc:195) took 0ms and failed: fchmodat() failed: No such file or directory
[   34.273079] init: Command 'chown wifi wifi /data/vendor/wifi/fwpath' action=post-fs-data (/init.recovery.common.rc:196) took 0ms and failed: lchown() failed: No such file or directory
[   34.273119] init: Command 'rmdir /data/system/wpa_supplicant' action=post-fs-data (/init.recovery.common.rc:197) took 0ms and failed: rmdir() failed: No such file or directory
[   34.273458] init: Command 'mkdir /data/misc/dhcp 0770 dhcp dhcp' action=post-fs-data (/init.recovery.common.rc:198) took 0ms and succeeded
[   34.273499] init: Command 'chown dhcp system /data/misc/dhcp' action=post-fs-data (/init.recovery.common.rc:201) took 0ms and succeeded
[   34.274167] init: Command 'setprop wifi.interface wlan0' action=post-fs-data (/init.recovery.common.rc:202) took 0ms and succeeded
[   34.274596] init: Command 'mkdir /data/misc/dhcp6c 0770 dhcp dhcp' action=post-fs-data (/init.recovery.common.rc:203) took 0ms and succeeded
[   34.274641] init: Command 'chown dhcp system /data/misc/dhcp6c' action=post-fs-data (/init.recovery.common.rc:204) took 0ms and succeeded
[   34.274673] init: Top-level directory needs encryption action, eg mkdir /data/vendor <mode> <uid> <gid> encryption=Require
[   34.275003] init: Command 'mkdir /data/vendor 0751 root root' action=post-fs-data (/init.recovery.common.rc:207) took 0ms and succeeded
[   34.275301] init: Command 'mkdir /data/vendor/local 0751 root root' action=post-fs-data (/init.recovery.common.rc:208) took 0ms and succeeded
[   34.275612] init: Command 'mkdir /data/vendor/ylog 0770 shell system' action=post-fs-data (/init.recovery.common.rc:211) took 0ms and succeeded
[   34.275983] init: Command 'mkdir /data/vendor/local/slogmodem 0770 shell system' action=post-fs-data (/init.recovery.common.rc:212) took 0ms and succeeded
[   34.276371] init: Command 'mkdir /data/vendor/local/mlogservice 0770 shell system' action=post-fs-data (/init.recovery.common.rc:213) took 0ms and succeeded
[   34.276696] init: Command 'mkdir /mnt/vendor/productinfo 0771 system root' action=post-fs-data (/init.recovery.common.rc:214) took 0ms and succeeded
[   34.277040] init: Command 'mkdir /data/vendor/local/otpdata 0777 system root' action=post-fs-data (/init.recovery.common.rc:215) took 0ms and succeeded
[   34.277063] init: processing action (post-fs-data) from (/vendor/etc/init/storageproxyd_androidr_gp.rc:3)
[   34.282570] init: Command 'mkdir /data/vendor/sprd_ss 0770 system system' action=post-fs-data (/vendor/etc/init/storageproxyd_androidr_gp.rc:4) took 5ms and succeeded
[   34.283474] init: Command 'mkdir /data/vendor/sprd_tee_ss 0770 system system' action=post-fs-data (/vendor/etc/init/storageproxyd_androidr_gp.rc:5) took 0ms and succeeded
[   34.283517] init: processing action (firmware_mounts_complete) from (/system/etc/init/hw/init.rc:78)
[   34.283603] init: Command 'rm /dev/.booting' action=firmware_mounts_complete (/system/etc/init/hw/init.rc:79) took 0ms and succeeded
[   34.283637] init: processing action (boot) from (/system/etc/init/hw/init.rc:71)
[   34.284056] init: Command 'ifup lo' action=boot (/system/etc/init/hw/init.rc:72) took 0ms and succeeded
[   34.284546] init: Command 'hostname localhost' action=boot (/system/etc/init/hw/init.rc:73) took 0ms and succeeded
[   34.284820] init: Command 'domainname localdomain' action=boot (/system/etc/init/hw/init.rc:74) took 0ms and succeeded
[   34.284879] init: starting service 'recovery'...
[   34.285293] init: Created socket '/dev/socket/recovery', mode 422, user 1000, group 1000
[   34.289974] init: Could not start service 'wait_for_keymaster' as part of class 'default': Cannot find '/system/bin/wait_for_keymaster': No such file or directory
[   34.290027] init: Command 'class_start default' action=boot (/system/etc/init/hw/init.rc:76) took 5ms and succeeded
[   34.290058] init: processing action (boot) from (/init.recovery.usb.rc:48)
[   34.290644] init: Command 'setprop sys.usb.mtp.device_type 3' action=boot (/init.recovery.usb.rc:49) took 0ms and succeeded
[   34.290671] init: processing action (boot) from (/init.recovery.ums9230_1h10.rc:8)
[   34.290703] init: starting service 'boot-hal-1-2'...
[   34.294301] init: Command 'start boot-hal-1-2' action=boot (/init.recovery.ums9230_1h10.rc:9) took 3ms and succeeded
[   34.294367] init: starting service 'health-hal-2-1'...
[   34.294406] init: Opened file '/dev/kmsg', flags 1
[   34.297908] init: Command 'start health-hal-2-1' action=boot (/init.recovery.ums9230_1h10.rc:10) took 3ms and succeeded
[   34.297965] init: processing action (boot) from (/init.recovery.common.rc:160)
[   34.298220] init: Command 'setprop sys.usb.configfs 1' action=boot (/init.recovery.common.rc:161) took 0ms and succeeded
[   34.298862] init: Command 'write /sys/block/mmcblk0boot0/force_ro 0' action=boot (/init.recovery.common.rc:162) took 0ms and failed: Unable to write to file '/sys/block/mmcblk0boot0/force_ro': open() failed: No such file or directory
[   34.299259] init: Command 'write /sys/block/mmcblk0boot1/force_ro 0' action=boot (/init.recovery.common.rc:163) took 0ms and failed: Unable to write to file '/sys/block/mmcblk0boot1/force_ro': open() failed: No such file or directory
[   34.299716] init: Command 'chmod 660 /sys/class/power_supply/battery/charger.0/stop_charge' action=boot (/init.recovery.common.rc:165) took 0ms and succeeded
[   34.299842] init: Command 'chmod 660 /sys/class/power_supply/battery/charger.0/jeita_control' action=boot (/init.recovery.common.rc:166) took 0ms and succeeded
[   34.299931] init: Command 'chmod 660 /sys/class/power_supply/battery/input_current_limit' action=boot (/init.recovery.common.rc:167) took 0ms and succeeded
[   34.300060] init: Command 'chmod 660 /sys/class/power_supply/battery/constant_charge_current' action=boot (/init.recovery.common.rc:168) took 0ms and succeeded
[   34.300096] init: processing action (enable_property_trigger) from (<Builtin Action>:0)
[   34.300119] init: Command 'enable_property_trigger' action=enable_property_trigger (<Builtin Action>:0) took 0ms and succeeded
[   34.300244] init: processing action (ro.debuggable=1) from (/system/etc/init/hw/init.rc:109)
[   34.304257] init: Command 'setprop service.adb.root 1' action=ro.debuggable=1 (/system/etc/init/hw/init.rc:112) took 3ms and succeeded
[   34.304341] init: processing action (sys.usb.config=adb) from (/system/etc/init/hw/init.rc:155)
[   34.304390] init: starting service 'adbd'...
[   34.304986] init: Created socket '/dev/socket/adbd', mode 660, user 1000, group 1000
[   34.308874] init: Command 'start adbd' action=sys.usb.config=adb (/system/etc/init/hw/init.rc:156) took 4ms and succeeded
[   34.308961] init: processing action (ro.debuggable=1) from (/init.recovery.common.rc:217)
[   34.309543] init: Command 'write /sys/module/smsg/parameters/debug_enable 1' action=ro.debuggable=1 (/init.recovery.common.rc:218) took 0ms and failed: Unable to write to file '/sys/module/smsg/parameters/debug_enable': open() failed: No such file or directory
[   34.309586] init: processing action (ro.bootmode=recovery) from (/init.recovery.common.rc:220)
[   34.309634] init: Command 'class_start recovery' action=ro.bootmode=recovery (/init.recovery.common.rc:221) took 0ms and succeeded
[   34.309695] init: processing action (service.adb.root=1) from (/system/etc/init/hw/init.rc:124)
[   34.309716] init: Sending signal 9 to service 'adbd' (pid 296) process group...
[   34.312712] android.hardwar (294) used greatest stack depth: 12736 bytes left
[   34.315106] libprocessgroup: Successfully killed process cgroup uid 0 pid 296 in 5ms
[   34.315907] init: Command 'restart adbd' action=service.adb.root=1 (/system/etc/init/hw/init.rc:125) took 6ms and succeeded
[   34.315968] init: Service 'boot-hal-1-2' (pid 294) exited with status 1
[   34.315984] init: Sending signal 9 to service 'boot-hal-1-2' (pid 294) process group...
[   34.316127] libprocessgroup: Successfully killed process cgroup uid 0 pid 294 in 0ms
[   34.317100] init: Service 'adbd' (pid 296) received signal 9
[   34.317944] init: processing action (hwservicemanager.ready=true) from (/init.recovery.unisoc_decrypt.rc:59)
[   34.318222] init: Command 'start vendor.gatekeeper-1-0' action=hwservicemanager.ready=true (/init.recovery.unisoc_decrypt.rc:62) took 0ms and failed: Could not start service: File /vendor/bin/hw/android.hardware.gatekeeper@1.0-service.trusty(labeled "u:object_r:rootfs:s0") has incorrect label or no domain transition from u:r:init:s0 to another SELinux domain defined. Have you configured your service correctly? https://source.android.com/security/selinux/device-policy#label_new_services_and_address_denials. Note: this error shows up even in permissive mode in order to make auditing denials possible.
[   34.318440] init: Command 'start vendor.unisoc.keymint-1-0' action=hwservicemanager.ready=true (/init.recovery.unisoc_decrypt.rc:66) took 0ms and failed: Could not start service: File /vendor/bin/hw/android.hardware.security.keymint@1.0-unisoc.service(labeled "u:object_r:rootfs:s0") has incorrect label or no domain transition from u:r:init:s0 to another SELinux domain defined. Have you configured your service correctly? https://source.android.com/security/selinux/device-policy#label_new_services_and_address_denials. Note: this error shows up even in permissive mode in order to make auditing denials possible.
[   34.318739] init: Command 'setprop vendor.sprd.storageproxyd.enabled 1' action=hwservicemanager.ready=true (/init.recovery.unisoc_decrypt.rc:67) took 0ms and succeeded
[   34.318857] init: processing action (vendor.sprd.storageproxyd.enabled=1) from (/init.recovery.unisoc_decrypt.rc:54)
[   34.318928] init: Command 'mkdir /data/vendor/sprd_ss 0770 system system' action=vendor.sprd.storageproxyd.enabled=1 (/init.recovery.unisoc_decrypt.rc:55) took 0ms and succeeded
[   34.318967] init: starting service 'vendor.rpmbproxy'...
[   34.320682] healthd: battery l=15 v=3926 t=35.7 h=2 st=2 c=1339000 fc=4950000 cc=7078 chg=u
[   34.322330] init: Command 'start vendor.rpmbproxy' action=vendor.sprd.storageproxyd.enabled=1 (/init.recovery.unisoc_decrypt.rc:56) took 3ms and succeeded
[   34.322419] init: starting service 'vendor.nsproxy'...
[   34.325836] init: Command 'start vendor.nsproxy' action=vendor.sprd.storageproxyd.enabled=1 (/init.recovery.unisoc_decrypt.rc:57) took 3ms and succeeded
[   34.325912] init: processing action (vendor.sprd.storageproxyd.enabled=1) from (/vendor/etc/init/storageproxyd_androidr_gp.rc:12)
[   34.326147] init: Command 'mkdir /data/vendor/sprd_ss 0770 system system' action=vendor.sprd.storageproxyd.enabled=1 (/vendor/etc/init/storageproxyd_androidr_gp.rc:13) took 0ms and succeeded
[   34.326275] init: Command 'mkdir /data/vendor/sprd_tee_ss 0770 system system' action=vendor.sprd.storageproxyd.enabled=1 (/vendor/etc/init/storageproxyd_androidr_gp.rc:14) took 0ms and succeeded
[   34.326370] init: Command 'start vendor.rpmbproxy' action=vendor.sprd.storageproxyd.enabled=1 (/vendor/etc/init/storageproxyd_androidr_gp.rc:16) took 0ms and succeeded
[   34.326454] init: Command 'start vendor.nsproxy' action=vendor.sprd.storageproxyd.enabled=1 (/vendor/etc/init/storageproxyd_androidr_gp.rc:17) took 0ms and succeeded
[   34.326560] init: starting service 'vendor.teensproxy'...
[   34.330146] init: Command 'start vendor.teensproxy' action=vendor.sprd.storageproxyd.enabled=1 (/vendor/etc/init/storageproxyd_androidr_gp.rc:18) took 3ms and succeeded
[   34.331726] sprd-trusty-log: trusty: <   34.331510> crypto-ipc : handle_request : hwkey : RPMB_STORAGE_AUTH_KEY_ID_FK 
[   34.347377] scsi 0:0:0:49476: Power-on or device reset occurred
[   34.352197] sprd-trusty-log: trusty: <   34.352076> ss: cal_rpmb_block_size: rpmb write data-size 512 to addr (65530) sucessfull
[   34.352203] sprd-trusty-log: trusty: <   34.352093> ss: cal_rpmb_block_size: set rpmb block size 512
[   34.353577] sprd-trusty-log: trusty: <   34.353426> ss: block_device_tipc_rpmb_init: rpmb device's block size 512 block count 32754
[   34.356955] sprd-trusty-log: trusty: <   34.356838> fs_init_from_super:358: loaded super block: files at 62 free at 63
[   34.358079] sprd-trusty-log: trusty: <   34.357946> fs_init_from_super:392: loaded super block version 0
[   34.358084] sprd-trusty-log: trusty: <   34.357973> ss: block_device_tipc_rpmb_init: create port com.android.trusty.storage.client.tp success
[   34.358086] sprd-trusty-log: trusty: <   34.357984> ss: block_device_tipc_rpmb_init: create port com.android.trusty.storage.client.tdea success
[   34.358089] sprd-trusty-log: trusty: <   34.357991> ss: block_device_tipc_rpmb_init: rb device's block size 4040 block count 1048576
[   34.359143] sprd-trusty-log: trusty: <   34.359027> fs_init_from_super:395: clear requested, create empty
[   34.359147] sprd-trusty-log: trusty: <   34.359049> ss: block_device_tipc_rpmb_init: create port com.android.trusty.storage.client.tr success
[   34.359719] sprd-trusty-log: trusty: <   34.359585> sprdimgversion: sprdimgverion_create_port: rpmb read image/mode image version blk (65534,65532) successful.
[   34.359722] sprd-trusty-log: trusty: <   34.359604> ss: rpmb_proxy_connect: create port com.spreadtrum.sprdimgversion success
[   34.360192] sprd-trusty-log: trusty: <   34.360105> ss: block_device_tipc_ns_init: ns device's block size 4040 block count 1048576
[   34.361078] sprd-trusty-log: trusty: <   34.361031> fs_init_from_super:395: clear requested, create empty
[   34.361081] sprd-trusty-log: trusty: <   34.361050> ss: block_device_tipc_ns_init: create port com.android.trusty.storage.client.td success
[   34.448859] type=1400 audit(1772410478.027:19): avc: denied { mounton } for comm="init" path="/dev/usb-ffs/adb" dev="functionfs" ino=2412 scontext=u:r:init:s0 tcontext=u:object_r:functionfs:s0 tclass=dir permissive=1
[   34.449026] type=1400 audit(1772410478.031:20): avc: denied { create } for comm="servicemanager" scontext=u:r:recovery:s0 tcontext=u:r:recovery:s0 tclass=netlink_selinux_socket permissive=1
[   34.449547] type=1400 audit(1772410478.031:21): avc: denied { bind } for comm="servicemanager" scontext=u:r:recovery:s0 tcontext=u:r:recovery:s0 tclass=netlink_selinux_socket permissive=1
[   34.449768] type=1400 audit(1772410478.031:22): avc: denied { read } for comm="servicemanager" name="perms" dev="selinuxfs" ino=67112490 scontext=u:r:recovery:s0 tcontext=u:object_r:selinuxfs:s0 tclass=dir permissive=1
[   34.449967] type=1400 audit(1772410478.031:23): avc: denied { open } for comm="servicemanager" path="/sys/fs/selinux/class/service_manager/perms" dev="selinuxfs" ino=67112490 scontext=u:r:recovery:s0 tcontext=u:object_r:selinuxfs:s0 tclass=dir permissive=1
[   34.450086] type=1400 audit(1772410478.031:24): avc: denied { write } for comm="servicemanager" name="access" dev="selinuxfs" ino=6 scontext=u:r:recovery:s0 tcontext=u:object_r:selinuxfs:s0 tclass=file permissive=1
[   34.450191] type=1400 audit(1772410478.031:25): avc: denied { compute_av } for comm="servicemanager" scontext=u:r:recovery:s0 tcontext=u:object_r:kernel:s0 tclass=security permissive=1
[   34.450295] type=1400 audit(1772410478.035:26): avc: denied { set_context_mgr } for comm="servicemanager" scontext=u:r:recovery:s0 tcontext=u:r:recovery:s0 tclass=binder permissive=1
[   34.450503] type=1400 audit(1772410478.035:27): avc: denied { read } for comm="vndservicemanag" name="vndbinder" dev="binder" ino=6 scontext=u:r:recovery:s0 tcontext=u:object_r:vndbinder_device:s0 tclass=chr_file permissive=1
[   34.450612] type=1400 audit(1772410478.035:28): avc: denied { write } for comm="vndservicemanag" name="vndbinder" dev="binder" ino=6 scontext=u:r:recovery:s0 tcontext=u:object_r:vndbinder_device:s0 tclass=chr_file permissive=1
[   34.450719] type=1400 audit(1772410478.035:29): avc: denied { open } for comm="vndservicemanag" path="/dev/binderfs/vndbinder" dev="binder" ino=6 scontext=u:r:recovery:s0 tcontext=u:object_r:vndbinder_device:s0 tclass=chr_file permissive=1
[   34.450838] type=1400 audit(1772410478.035:30): avc: denied { ioctl } for comm="vndservicemanag" path="/dev/binderfs/vndbinder" dev="binder" ino=6 ioctlcmd=0x6209 scontext=u:r:recovery:s0 tcontext=u:object_r:vndbinder_device:s0 tclass=chr_file permissive=1
[   34.450945] type=1400 audit(1772410478.035:31): avc: denied { map } for comm="vndservicemanag" path="/dev/binderfs/vndbinder" dev="binder" ino=6 scontext=u:r:recovery:s0 tcontext=u:object_r:vndbinder_device:s0 tclass=chr_file permissive=1
[   34.451049] type=1400 audit(1772410478.035:32): avc: denied { set_context_mgr } for comm="vndservicemanag" scontext=u:r:recovery:s0 tcontext=u:r:recovery:s0 tclass=binder permissive=1
[   34.451284] type=1400 audit(1772410478.043:33): avc: denied { write } for comm="init" name="vendor" dev="rootfs" ino=17366 scontext=u:r:vendor_init:s0 tcontext=u:object_r:rootfs:s0 tclass=dir permissive=1
[   34.451398] type=1400 audit(1772410478.043:34): avc: denied { add_name } for comm="init" name="sprd_ss" scontext=u:r:vendor_init:s0 tcontext=u:object_r:rootfs:s0 tclass=dir permissive=1
[   34.451569] type=1400 audit(1772410478.043:35): avc: denied { setattr } for comm="init" name="sprd_ss" dev="rootfs" ino=23870 scontext=u:r:vendor_init:s0 tcontext=u:object_r:rootfs:s0 tclass=dir permissive=1
[   34.451695] type=1400 audit(1772410478.059:36): avc: denied { setattr } for comm="init" name="stop_charge" dev="sysfs" ino=42060 scontext=u:r:init:s0 tcontext=u:object_r:sysfs:s0 tclass=file permissive=1
[   34.451918] type=1400 audit(1772410478.059:37): avc: denied { write } for comm="android.hardwar" path="/dev/kmsg" dev="tmpfs" ino=18520 scontext=u:r:recovery:s0 tcontext=u:object_r:kmsg_device:s0 tclass=chr_file permissive=1
[   34.452075] type=1107 audit(1772410478.067:38): uid=0 auid=4294967295 ses=4294967295 subj=u:r:init:s0 msg='avc: denied { set } for property=hwservicemanager.ready pid=290 uid=0 gid=0 scontext=u:r:recovery:s0 tcontext=u:object_r:hwservicemanager_prop:s0 tclass=property_service permissive=1'
[   34.452287] type=1400 audit(1772410478.071:39): avc: denied { call } for comm="android.hardwar" scontext=u:r:recovery:s0 tcontext=u:r:recovery:s0 tclass=binder permissive=1
[   34.452407] type=1400 audit(1772410478.075:40): avc: denied { read } for comm="android.hardwar" name="type" dev="sysfs" ino=42054 scontext=u:r:recovery:s0 tcontext=u:object_r:sysfs:s0 tclass=file permissive=1
[   34.452645] type=1400 audit(1772410478.075:41): avc: denied { open } for comm="android.hardwar" path="/sys/devices/platform/charger-manager/power_supply/battery/type" dev="sysfs" ino=42054 scontext=u:r:recovery:s0 tcontext=u:object_r:sysfs:s0 tclass=file permissive=1
[   34.452842] type=1400 audit(1772410478.075:42): avc: denied { getattr } for comm="android.hardwar" path="/sys/devices/platform/charger-manager/power_supply/battery/type" dev="sysfs" ino=42054 scontext=u:r:recovery:s0 tcontext=u:object_r:sysfs:s0 tclass=file permissive=1
[   34.453092] type=1400 audit(1772410478.079:43): avc: denied { transfer } for comm="android.hardwar" scontext=u:r:recovery:s0 tcontext=u:r:recovery:s0 tclass=binder permissive=1
[   34.453373] type=1400 audit(1772410478.079:44): avc: denied { wake_alarm } for comm="health@2.1-serv" capability=35 scontext=u:r:recovery:s0 tcontext=u:r:recovery:s0 tclass=capability2 permissive=1
[   34.453564] type=1400 audit(1772410478.079:45): avc: denied { create } for comm="health@2.1-serv" scontext=u:r:recovery:s0 tcontext=u:r:recovery:s0 tclass=netlink_kobject_uevent_socket permissive=1
[   34.453679] type=1400 audit(1772410478.079:46): avc: denied { setopt } for comm="health@2.1-serv" scontext=u:r:recovery:s0 tcontext=u:r:recovery:s0 tclass=netlink_kobject_uevent_socket permissive=1
[   34.453865] type=1400 audit(1772410478.079:47): avc: denied { getopt } for comm="health@2.1-serv" scontext=u:r:recovery:s0 tcontext=u:r:recovery:s0 tclass=netlink_kobject_uevent_socket permissive=1
[   34.453990] type=1400 audit(1772410478.079:48): avc: denied { bind } for comm="health@2.1-serv" scontext=u:r:recovery:s0 tcontext=u:r:recovery:s0 tclass=netlink_kobject_uevent_socket permissive=1
[   34.454104] type=1400 audit(1772410478.083:49): avc: denied { getattr } for comm="health@2.1-serv" path="/dev/kmsg" dev="tmpfs" ino=18520 scontext=u:r:recovery:s0 tcontext=u:object_r:kmsg_device:s0 tclass=chr_file permissive=1
[   34.454332] type=1400 audit(1772410478.083:50): avc: denied { entrypoint } for comm="init" path="/vendor/bin/sprdstorageproxyd" dev="rootfs" ino=15177 scontext=u:r:tee:s0 tcontext=u:object_r:rootfs:s0 tclass=file permissive=1
[   34.454513] type=1400 audit(1772410478.083:51): avc: denied { map } for comm="sprdstorageprox" path="/vendor/bin/sprdstorageproxyd" dev="rootfs" ino=15177 scontext=u:r:tee:s0 tcontext=u:object_r:rootfs:s0 tclass=file permissive=1
[   34.454629] type=1400 audit(1772410478.083:52): avc: denied { read } for comm="sprdstorageprox" path="/vendor/bin/sprdstorageproxyd" dev="rootfs" ino=15177 scontext=u:r:tee:s0 tcontext=u:object_r:rootfs:s0 tclass=file permissive=1
[   34.454811] type=1400 audit(1772410478.083:53): avc: denied { execute } for comm="sprdstorageprox" path="/vendor/bin/sprdstorageproxyd" dev="rootfs" ino=15177 scontext=u:r:tee:s0 tcontext=u:object_r:rootfs:s0 tclass=file permissive=1
[   34.454982] type=1400 audit(1772410478.087:54): avc: denied { getattr } for comm="sprdstorageprox" path="/vendor/bin/sprdstorageproxyd" dev="rootfs" ino=15177 scontext=u:r:tee:s0 tcontext=u:object_r:rootfs:s0 tclass=file permissive=1
[   34.455196] type=1400 audit(1772410478.087:55): avc: denied { open } for comm="sprdstorageprox" path="/system/etc/ld.config.txt" dev="rootfs" ino=10273 scontext=u:r:tee:s0 tcontext=u:object_r:rootfs:s0 tclass=file permissive=1
[   34.455442] type=1400 audit(1772410478.087:56): avc: denied { read } for comm="sprdstorageprox" name="bin" dev="rootfs" ino=9994 scontext=u:r:tee:s0 tcontext=u:object_r:rootfs:s0 tclass=dir permissive=1
[   34.455579] type=1400 audit(1772410478.091:57): avc: denied { setgid } for comm="sprdstorageprox" capability=6 scontext=u:r:tee:s0 tcontext=u:r:tee:s0 tclass=capability permissive=1
[   34.455766] type=1400 audit(1772410478.091:58): avc: denied { setuid } for comm="sprdstorageprox" capability=7 scontext=u:r:tee:s0 tcontext=u:r:tee:s0 tclass=capability permissive=1
[   34.455928] type=1400 audit(1772410478.091:59): avc: denied { search } for comm="sprdstorageprox" name="block" dev="tmpfs" ino=18815 scontext=u:r:tee:s0 tcontext=u:object_r:block_device:s0 tclass=dir permissive=1
[   34.456120] type=1400 audit(1772410478.091:60): avc: denied { open } for comm="sprdstorageprox" path="/data/vendor/sprd_ss" dev="rootfs" ino=23870 scontext=u:r:tee:s0 tcontext=u:object_r:rootfs:s0 tclass=dir permissive=1
[   34.456369] type=1400 audit(1772410478.091:61): avc: denied { read write } for comm="sprdstorageprox" name="rpmb0" dev="tmpfs" ino=17210 scontext=u:r:tee:s0 tcontext=u:object_r:device:s0 tclass=chr_file permissive=1
[   34.456565] type=1400 audit(1772410478.091:62): avc: denied { open } for comm="sprdstorageprox" path="/dev/rpmb0" dev="tmpfs" ino=17210 scontext=u:r:tee:s0 tcontext=u:object_r:device:s0 tclass=chr_file permissive=1
[   34.456681] type=1400 audit(1772410478.091:63): avc: denied { ioctl } for comm="sprdstorageprox" path="/dev/trusty-ipc-dev0" dev="tmpfs" ino=1370 ioctlcmd=0x7280 scontext=u:r:tee:s0 tcontext=u:object_r:device:s0 tclass=chr_file permissive=1
[   34.456869] type=1400 audit(1772410478.091:64): avc: denied { sys_rawio } for comm="sprdstorageprox" capability=17 scontext=u:r:tee:s0 tcontext=u:r:tee:s0 tclass=capability permissive=1
[   34.457038] type=1400 audit(1772410478.107:65): avc: denied { read } for comm="health@2.1-serv" scontext=u:r:recovery:s0 tcontext=u:r:recovery:s0 tclass=netlink_kobject_uevent_socket permissive=1
[   34.457199] type=1400 audit(1772410478.119:66): avc: denied { write } for comm="sprdstorageprox" name="sprd_ss" dev="rootfs" ino=23870 scontext=u:r:tee:s0 tcontext=u:object_r:rootfs:s0 tclass=dir permissive=1
[   34.457427] type=1400 audit(1772410478.119:67): avc: denied { add_name } for comm="sprdstorageprox" name="1" scontext=u:r:tee:s0 tcontext=u:object_r:rootfs:s0 tclass=dir permissive=1
[   34.457560] type=1400 audit(1772410478.119:68): avc: denied { create } for comm="sprdstorageprox" name="1" scontext=u:r:tee:s0 tcontext=u:object_r:rootfs:s0 tclass=file permissive=1
[   34.457731] type=1400 audit(1772410478.119:69): avc: denied { write } for comm="sprdstorageprox" path="/data/vendor/sprd_ss/1" dev="rootfs" ino=1466 scontext=u:r:tee:s0 tcontext=u:object_r:rootfs:s0 tclass=file permissive=1
[   34.457916] type=1107 audit(1772410478.151:70): uid=0 auid=4294967295 ses=4294967295 subj=u:r:init:s0 msg='avc: denied { set } for property=tw_is_vendor_boot pid=293 uid=0 gid=0 scontext=u:r:recovery:s0 tcontext=u:object_r:default_prop:s0 tclass=property_service permissive=1'
[   34.458121] type=1400 audit(1772410478.163:71): avc: denied { write } for comm="recovery" name="brightness" dev="sysfs" ino=40649 scontext=u:r:recovery:s0 tcontext=u:object_r:sysfs:s0 tclass=file permissive=1
[   34.458374] type=1400 audit(1772410478.215:72): avc: denied { setattr } for comm="chmod" name="sh" dev="rootfs" ino=10184 scontext=u:r:recovery:s0 tcontext=u:object_r:rootfs:s0 tclass=file permissive=1
[   34.463539] type=1107 audit(1772410478.223:73): uid=0 auid=4294967295 ses=4294967295 subj=u:r:init:s0 msg='avc: denied { set } for property=ro.product.device pid=293 uid=0 gid=0 scontext=u:r:recovery:s0 tcontext=u:object_r:build_prop:s0 tclass=property_service permissive=1'
[   34.463551] init: Unable to set property 'ro.product.device' from uid:0 gid:0 pid:293: Read-only property was already set
[   34.473666] init: Unable to set property 'ro.fastbootd.available' from uid:0 gid:0 pid:293: Read-only property was already set
[   34.498749] type=1400 audit(1772410478.259:74): avc: denied { write } for comm="recovery" name="etc" dev="rootfs" ino=10254 scontext=u:r:recovery:s0 tcontext=u:object_r:rootfs:s0 tclass=dir permissive=1
[   34.498891] type=1400 audit(1772410478.259:75): avc: denied { add_name } for comm="recovery" name="mtab" scontext=u:r:recovery:s0 tcontext=u:object_r:rootfs:s0 tclass=dir permissive=1
[   34.499084] type=1400 audit(1772410478.259:76): avc: denied { create } for comm="recovery" name="mtab" scontext=u:r:recovery:s0 tcontext=u:object_r:rootfs:s0 tclass=lnk_file permissive=1
[   34.512958] type=1400 audit(1772410478.275:77): avc: denied { create } for comm="recovery" name="system_root" scontext=u:r:recovery:s0 tcontext=u:object_r:rootfs:s0 tclass=dir permissive=1
[   34.515514] type=1400 audit(1772410478.275:78): avc: denied { read } for comm="recovery" name="modules" dev="proc" ino=4026532127 scontext=u:r:recovery:s0 tcontext=u:object_r:proc_modules:s0 tclass=file permissive=1
[   34.515661] type=1400 audit(1772410478.275:79): avc: denied { open } for comm="recovery" path="/proc/modules" dev="proc" ino=4026532127 scontext=u:r:recovery:s0 tcontext=u:object_r:proc_modules:s0 tclass=file permissive=1
[   34.515792] type=1400 audit(1772410478.275:80): avc: denied { getattr } for comm="recovery" path="/proc/modules" dev="proc" ino=4026532127 scontext=u:r:recovery:s0 tcontext=u:object_r:proc_modules:s0 tclass=file permissive=1
[   34.521416] type=1400 audit(1772410478.283:81): avc: denied { write } for comm="recovery" name="properties_serial" dev="tmpfs" ino=23388 scontext=u:r:recovery:s0 tcontext=u:object_r:properties_serial:s0 tclass=file permissive=1
[   34.521643] type=1400 audit(1772410478.283:82): avc: denied { write } for comm="recovery" name="u:object_r:storage_config_prop:s0" dev="tmpfs" ino=23336 scontext=u:r:recovery:s0 tcontext=u:object_r:storage_config_prop:s0 tclass=file permissive=1
[   34.522351] type=1400 audit(1772410478.283:83): avc: denied { create } for comm="recovery" name="additional.fstab" scontext=u:r:recovery:s0 tcontext=u:object_r:rootfs:s0 tclass=file permissive=1
[   34.522532] type=1400 audit(1772410478.283:84): avc: denied { write } for comm="recovery" path="/system/etc/additional.fstab" dev="rootfs" ino=1508 scontext=u:r:recovery:s0 tcontext=u:object_r:rootfs:s0 tclass=file permissive=1
[   34.524110] charger-manager charger-manager: cm_ir_compensation, us = 4432000, rc = 20, upper_limit = 4500000, lower_limit = 4432000, target_cccv = 4461220, ibat_avg = 1461000, offset = 100000
[   34.524118] charger-manager charger-manager: cm_sprd_vote_callback, VOTE_TYPE_CCCV[4461220]
[   34.640250] [drm] sprd_dsi_connector_detect()
[   34.640271] [drm] sprd_dsi_connector_get_modes()
[   34.640275] [drm] sprd_panel_get_modes()
[   34.640295] [drm] sprd_dsi_connector_mode_valid() mode: "720x1600": 60 135000 720 780 784 848 1600 2620 2624 2656 0x48 0x0
[   34.640302] [drm] sprd_dpu_mode_valid() mode: "720x1600": 60 135000 720 780 784 848 1600 2620 2624 2656 0x48 0x0
[   34.640317] [drm] sprd_dsi_connector_mode_valid() mode: "720x1600": 90 135000 720 764 768 832 1600 1768 1772 1804 0x40 0x0
[   34.640322] [drm] sprd_dpu_mode_valid() mode: "720x1600": 90 135000 720 764 768 832 1600 1768 1772 1804 0x40 0x0
[   34.640355] [drm] sprd_dsi_connector_detect()
[   34.640357] [drm] sprd_dsi_connector_get_modes()
[   34.640358] [drm] sprd_panel_get_modes()
[   34.640367] [drm] sprd_dsi_connector_mode_valid() mode: "720x1600": 60 135000 720 780 784 848 1600 2620 2624 2656 0x48 0x0
[   34.640372] [drm] sprd_dpu_mode_valid() mode: "720x1600": 60 135000 720 780 784 848 1600 2620 2624 2656 0x48 0x0
[   34.640384] [drm] sprd_dsi_connector_mode_valid() mode: "720x1600": 90 135000 720 764 768 832 1600 1768 1772 1804 0x40 0x0
[   34.640388] [drm] sprd_dpu_mode_valid() mode: "720x1600": 90 135000 720 764 768 832 1600 1768 1772 1804 0x40 0x0
[   34.640408] [drm] sprd_dsi_connector_detect()
[   34.640410] [drm] sprd_dsi_connector_get_modes()
[   34.640411] [drm] sprd_panel_get_modes()
[   34.640419] [drm] sprd_dsi_connector_mode_valid() mode: "720x1600": 60 135000 720 780 784 848 1600 2620 2624 2656 0x48 0x0
[   34.640424] [drm] sprd_dpu_mode_valid() mode: "720x1600": 60 135000 720 780 784 848 1600 2620 2624 2656 0x48 0x0
[   34.640435] [drm] sprd_dsi_connector_mode_valid() mode: "720x1600": 90 135000 720 764 768 832 1600 1768 1772 1804 0x40 0x0
[   34.640440] [drm] sprd_dpu_mode_valid() mode: "720x1600": 90 135000 720 764 768 832 1600 1768 1772 1804 0x40 0x0
[   34.640459] [drm] sprd_dsi_connector_detect()
[   34.640461] [drm] sprd_dsi_connector_get_modes()
[   34.640462] [drm] sprd_panel_get_modes()
[   34.640471] [drm] sprd_dsi_connector_mode_valid() mode: "720x1600": 60 135000 720 780 784 848 1600 2620 2624 2656 0x48 0x0
[   34.640476] [drm] sprd_dpu_mode_valid() mode: "720x1600": 60 135000 720 780 784 848 1600 2620 2624 2656 0x48 0x0
[   34.640488] [drm] sprd_dsi_connector_mode_valid() mode: "720x1600": 90 135000 720 764 768 832 1600 1768 1772 1804 0x40 0x0
[   34.640492] [drm] sprd_dpu_mode_valid() mode: "720x1600": 90 135000 720 764 768 832 1600 1768 1772 1804 0x40 0x0
[   34.640523] [drm] sprd_dsi_connector_detect()
[   34.640525] [drm] sprd_dsi_connector_get_modes()
[   34.640527] [drm] sprd_panel_get_modes()
[   34.640535] [drm] sprd_dsi_connector_mode_valid() mode: "720x1600": 60 135000 720 780 784 848 1600 2620 2624 2656 0x48 0x0
[   34.640540] [drm] sprd_dpu_mode_valid() mode: "720x1600": 60 135000 720 780 784 848 1600 2620 2624 2656 0x48 0x0
[   34.640552] [drm] sprd_dsi_connector_mode_valid() mode: "720x1600": 90 135000 720 764 768 832 1600 1768 1772 1804 0x40 0x0
[   34.640557] [drm] sprd_dpu_mode_valid() mode: "720x1600": 90 135000 720 764 768 832 1600 1768 1772 1804 0x40 0x0
[   34.640735] type=1400 audit(1772410478.403:85): avc: denied { read write } for comm="recovery" name="card0" dev="tmpfs" ino=23760 scontext=u:r:recovery:s0 tcontext=u:object_r:device:s0 tclass=chr_file permissive=1
[   34.640896] type=1400 audit(1772410478.403:86): avc: denied { open } for comm="recovery" path="/dev/dri/card0" dev="tmpfs" ino=23760 scontext=u:r:recovery:s0 tcontext=u:object_r:device:s0 tclass=chr_file permissive=1
[   34.640997] type=1400 audit(1772410478.403:87): avc: denied { ioctl } for comm="recovery" path="/dev/dri/card0" dev="tmpfs" ino=23760 ioctlcmd=0x640c scontext=u:r:recovery:s0 tcontext=u:object_r:device:s0 tclass=chr_file permissive=1
[   34.642716] type=1400 audit(1772410478.403:88): avc: denied { map } for comm="recovery" path="/dev/dri/card0" dev="tmpfs" ino=23760 scontext=u:r:recovery:s0 tcontext=u:object_r:device:s0 tclass=chr_file permissive=1
[   34.643787] [drm] sprd_dsi_connector_best_encoder()
[   34.643795] [drm] sprd_dsi_connector_best_encoder()
[   34.643797] [drm] sprd_dsi_connector_best_encoder()
[   34.643806] [drm] sprd_dpu_mode_valid() mode: "720x1600": 60 135000 720 780 784 848 1600 2620 2624 2656 0x48 0x0
[   34.643809] [drm] sprd_dsi_encoder_atomic_check()
[   34.643820] [drm] dpu has already powered off
[   34.643832] [drm] sprd_dpu_mode_set_nofb() mode: "720x1600": 60 135000 720 780 784 848 1600 2620 2624 2656 0x48 0x0
[   34.643837] [drm][         dpu_modeset] begin switch to 720 x 1600
[   34.643842] [drm] sprd_dsi_encoder_mode_set() mode: "720x1600": 60 135000 720 780 784 848 1600 2620 2624 2656 0x48 0x0
[   34.643846] [drm] sprd_dpu_atomic_enable()
[   34.643862] [drm][        dpu_clk_init] DPU_CORE_CLK = 384000000, DPI_CLK_DIV = 6
[   34.644395] [drm][  dpu_enhance_reload] enhance slp lut reload
[   34.644402] [drm][dpu_write_back_config] use cma memory for writeback, size:0x476980
[   34.645550] [drm] sprd_dsi_encoder_enable()
[   34.645554] [drm] dsi is initialized
[   34.662048] [drm] free logo memory addr:0x9e000000 size:0xab0000
[   34.663414] [drm][sprd_free_reserved_area] Freeing logo memory: 10944K
[   34.683673] type=1400 audit(1772410478.443:89): avc: denied { execmem } for comm="recovery" scontext=u:r:recovery:s0 tcontext=u:r:recovery:s0 tclass=process permissive=1
[   34.683826] type=1400 audit(1772410478.443:90): avc: denied { execute } for comm="recovery" path="/dev/ashmem5b0a2170-f19e-4cd5-9edd-264dc7c2c2cc" dev="tmpfs" ino=23465 scontext=u:r:recovery:s0 tcontext=u:object_r:ashmem_libcutils_device:s0 tclass=chr_file permissive=1
[   34.903420] type=1400 audit(1772410478.663:91): avc: denied { mounton } for comm="recovery" path="/data" dev="rootfs" ino=9761 scontext=u:r:recovery:s0 tcontext=u:object_r:system_data_root_file:s0 tclass=dir permissive=1
[   34.903525] F2FS-fs (sda72): Magic Mismatch, valid(0xf2f52010) - read(0x5dbef82e)
[   34.903530] F2FS-fs (sda72): Can't find valid F2FS filesystem in 1th superblock
[   34.903801] F2FS-fs (sda72): Magic Mismatch, valid(0xf2f52010) - read(0xd04cdf7a)
[   34.903803] F2FS-fs (sda72): Can't find valid F2FS filesystem in 2th superblock
[   34.904055] F2FS-fs (sda72): Magic Mismatch, valid(0xf2f52010) - read(0x5dbef82e)
[   34.904058] F2FS-fs (sda72): Can't find valid F2FS filesystem in 1th superblock
[   34.904172] F2FS-fs (sda72): Magic Mismatch, valid(0xf2f52010) - read(0xd04cdf7a)
[   34.904174] F2FS-fs (sda72): Can't find valid F2FS filesystem in 2th superblock
[   34.907209] F2FS-fs (sda72): Magic Mismatch, valid(0xf2f52010) - read(0x5dbef82e)
[   34.907214] F2FS-fs (sda72): Can't find valid F2FS filesystem in 1th superblock
[   34.907319] F2FS-fs (sda72): Magic Mismatch, valid(0xf2f52010) - read(0xd04cdf7a)
[   34.907322] F2FS-fs (sda72): Can't find valid F2FS filesystem in 2th superblock
[   34.907503] F2FS-fs (sda72): Magic Mismatch, valid(0xf2f52010) - read(0x5dbef82e)
[   34.907506] F2FS-fs (sda72): Can't find valid F2FS filesystem in 1th superblock
[   34.907612] F2FS-fs (sda72): Magic Mismatch, valid(0xf2f52010) - read(0xd04cdf7a)
[   34.907615] F2FS-fs (sda72): Can't find valid F2FS filesystem in 2th superblock
[   34.910380] F2FS-fs (sda72): Magic Mismatch, valid(0xf2f52010) - read(0x5dbef82e)
[   34.910384] F2FS-fs (sda72): Can't find valid F2FS filesystem in 1th superblock
[   34.910490] F2FS-fs (sda72): Magic Mismatch, valid(0xf2f52010) - read(0xd04cdf7a)
[   34.910493] F2FS-fs (sda72): Can't find valid F2FS filesystem in 2th superblock
[   34.910669] F2FS-fs (sda72): Magic Mismatch, valid(0xf2f52010) - read(0x5dbef82e)
[   34.910671] F2FS-fs (sda72): Can't find valid F2FS filesystem in 1th superblock
[   34.910809] F2FS-fs (sda72): Magic Mismatch, valid(0xf2f52010) - read(0xd04cdf7a)
[   34.910812] F2FS-fs (sda72): Can't find valid F2FS filesystem in 2th superblock
[   34.911566] type=1400 audit(1772410478.671:92): avc: denied { sys_rawio } for comm="recovery" capability=17 scontext=u:r:recovery:s0 tcontext=u:r:recovery:s0 tclass=capability permissive=1
[   34.914777] type=1107 audit(1772410478.675:93): uid=0 auid=4294967295 ses=4294967295 subj=u:r:init:s0 msg='avc: denied { set } for property=ro.crypto.state pid=293 uid=0 gid=0 scontext=u:r:recovery:s0 tcontext=u:object_r:vold_status_prop:s0 tclass=property_service permissive=1'
[   34.919855] EXT4-fs (sda54): mounted filesystem with ordered data mode. Opts: 
[   34.921388] init: processing action (ro.crypto.state=encrypted && ro.crypto.type=file) from (/init.recovery.unisoc_decrypt.rc:51)
[   34.921466] init: Keyring created with id 703351154 in process 1
[   34.921500] init: Command 'install_keyring' action=ro.crypto.state=encrypted && ro.crypto.type=file (/init.recovery.unisoc_decrypt.rc:52) took 0ms and succeeded
[   35.940466] type=1400 audit(1772410479.699:94): avc: denied { search } for comm="recovery" name="vold" dev="sda54" ino=12 scontext=u:r:recovery:s0 tcontext=u:object_r:vold_metadata_file:s0 tclass=dir permissive=1
[   35.941118] type=1400 audit(1772410479.703:95): avc: denied { read } for comm="recovery" name="version" dev="sda54" ino=28 scontext=u:r:recovery:s0 tcontext=u:object_r:vold_metadata_file:s0 tclass=file permissive=1
[   35.941242] type=1400 audit(1772410479.703:96): avc: denied { open } for comm="recovery" path="/metadata/vold/metadata_encryption/key/version" dev="sda54" ino=28 scontext=u:r:recovery:s0 tcontext=u:object_r:vold_metadata_file:s0 tclass=file permissive=1
[   35.941349] type=1400 audit(1772410479.703:97): avc: denied { getattr } for comm="recovery" path="/metadata/vold/metadata_encryption/key/version" dev="sda54" ino=28 scontext=u:r:recovery:s0 tcontext=u:object_r:vold_metadata_file:s0 tclass=file permissive=1
[   35.945045] init: Control message: Could not find 'aidl/android.system.keystore2.IKeystoreService/default' for ctl.interface_start from pid: 291 (/system/bin/servicemanager)
[   35.945077] type=1107 audit(1772410479.707:98): uid=0 auid=4294967295 ses=4294967295 subj=u:r:init:s0 msg='avc: denied { set } for property=ctl.interface_start$aidl/android.system.keystore2.IKeystoreService/default pid=291 uid=0 gid=0 scontext=u:r:recovery:s0 tcontext=u:object_r:ctl_interface_start_prop:s0 tclass=property_service permissive=1'
[   36.252783] <I>CTS-Core ESD protection work
[   36.946346] init: Control message: Could not find 'aidl/android.system.keystore2.IKeystoreService/default' for ctl.interface_start from pid: 291 (/system/bin/servicemanager)
[   37.947352] init: Control message: Could not find 'aidl/android.system.keystore2.IKeystoreService/default' for ctl.interface_start from pid: 291 (/system/bin/servicemanager)
[   38.268425] <I>CTS-Core ESD protection work
[   38.948437] init: Control message: Could not find 'aidl/android.system.keystore2.IKeystoreService/default' for ctl.interface_start from pid: 291 (/system/bin/servicemanager)
[   39.293282] init: starting service 'boot-hal-1-2'...
[   39.297546] random: android.hardwar: uninitialized urandom read (40 bytes read)
[   39.306345] random: android.hardwar: uninitialized urandom read (40 bytes read)
[   39.306591] random: android.hardwar: uninitialized urandom read (4 bytes read)
[   39.307568] init: starting service 'adbd'...
[   39.308216] init: Created socket '/dev/socket/adbd', mode 660, user 1000, group 1000
[   39.312352] init: Service 'boot-hal-1-2' (pid 324) exited with status 1
[   39.312379] init: Sending signal 9 to service 'boot-hal-1-2' (pid 324) process group...
[   39.312508] libprocessgroup: Successfully killed process cgroup uid 0 pid 324 in 0ms
[   39.328391] android.hardwar (324): highest shadow stack usage: 224 bytes
[   39.361611] read descriptors
[   39.361624] read strings
[   39.362889] init: processing action (sys.usb.config=adb && sys.usb.configfs=1 && sys.usb.ffs.ready=1) from (/system/etc/init/hw/init.rc:201)
[   39.363517] init: Command 'write /config/usb_gadget/g1/idProduct 0xD001' action=sys.usb.config=adb && sys.usb.configfs=1 && sys.usb.ffs.ready=1 (/system/etc/init/hw/init.rc:202) took 0ms and succeeded
[   39.363935] init: Command 'write /config/usb_gadget/g1/configs/b.1/strings/0x409/configuration adb' action=sys.usb.config=adb && sys.usb.configfs=1 && sys.usb.ffs.ready=1 (/system/etc/init/hw/init.rc:203) took 0ms and succeeded
[   39.364288] init: Command 'symlink /config/usb_gadget/g1/functions/ffs.adb /config/usb_gadget/g1/configs/b.1/f1' action=sys.usb.config=adb && sys.usb.configfs=1 && sys.usb.ffs.ready=1 (/system/etc/init/hw/init.rc:204) took 0ms and succeeded
[   39.364591] musb-sprd 64900000.usb: sprd_musb_enable:SOFTCONN
[   39.364771] init: Command 'write /config/usb_gadget/g1/UDC ${sys.usb.controller}' action=sys.usb.config=adb && sys.usb.configfs=1 && sys.usb.ffs.ready=1 (/system/etc/init/hw/init.rc:205) took 0ms and succeeded
[   39.365254] init: Command 'setprop sys.usb.state ${sys.usb.config}' action=sys.usb.config=adb && sys.usb.configfs=1 && sys.usb.ffs.ready=1 (/system/etc/init/hw/init.rc:206) took 0ms and succeeded
[   39.365300] init: processing action (sys.usb.ffs.ready=1) from (/init.recovery.usb.rc:63)
[   39.365410] init: Command 'mkdir /config/usb_gadget/g1/configs/b.1' action=sys.usb.ffs.ready=1 (/init.recovery.usb.rc:64) took 0ms and succeeded
[   39.365457] init: Command 'mkdir /config/usb_gadget/g1/configs/b.1/strings/0x409 0770' action=sys.usb.ffs.ready=1 (/init.recovery.usb.rc:65) took 0ms and succeeded
[   39.365747] init: Command 'write /config/usb_gadget/g1/configs/b.1/MaxPower 900' action=sys.usb.ffs.ready=1 (/init.recovery.usb.rc:66) took 0ms and succeeded
[   39.365981] init: Command 'symlink /config/usb_gadget/g1/configs/b.1 /config/usb_gadget/g1/os_desc/b.1' action=sys.usb.ffs.ready=1 (/init.recovery.usb.rc:67) took 0ms and succeeded
[   39.521160] sgm41510_chg 5-006b: sgm41510_charger_usb_change limit 8, info->pd_hard_reset 0 ,info->usb_phy->chg_state 1, info->typec_online 0
[   39.521313] sgm41510_chg 5-006b: battery present = 1, charger type = 1
[   39.521333] charger-manager charger-manager: cm_update_charge_info, chgr type = 6, fchg_en = 1, cp_running = 0, cp_recovery = 0 max chg_lmt_cur = 3350000uA, max inpt_lmt_cur = 2000000uA, max chg_volt = 10500000uV, chg_volt_drop = 700000, adapter_chg_volt = 9000mV, thm_cur = -22, chg_info_cmd = 0xb, jeita_size = 4
[   39.521341] vote_gov:VOTE_TYPE_IBAT vote the same vote_client[1].value = 3350000, value = 3350000; vote_client[1].enable = 1, enable = 1
[   39.521344] vote_gov:VOTE_TYPE_IBUS vote the same vote_client[2].value = 2000000, value = 2000000; vote_client[2].enable = 1, enable = 1
[   39.521349] charger-manager charger-manager: cm_manager_get_jeita_status: jeita status:(2) 2 2, temperature:357, jeita_size:4
[   39.521354] charger-manager charger-manager: target terminate voltage = 4432000, target current = 3350000
[   39.521357] vote_gov:VOTE_TYPE_IBAT vote the same vote_client[0].value = 3350000, value = 3350000; vote_client[0].enable = 1, enable = 1
[   39.521359] vote_gov:VOTE_TYPE_CCCV vote the same vote_client[0].value = 4432000, value = 4432000; vote_client[0].enable = 1, enable = 1
[   39.521367] charger-manager charger-manager: cm_manager_get_jeita_status: jeita status:(2) 2 2, temperature:357, jeita_size:4
[   39.521370] charger-manager charger-manager: current-last jeita status: 2-2, current temperature: 357
[   39.522133] charger-manager charger-manager: battery_status 1, charging_status 0
[   39.524167] type=1400 audit(1772410483.283:99): avc: denied { read } for comm="health@2.1-serv" name="present" dev="sysfs" ino=42031 scontext=u:r:recovery:s0 tcontext=u:object_r:sysfs:s0 tclass=file permissive=1
[   39.524414] type=1400 audit(1772410483.283:100): avc: denied { open } for comm="health@2.1-serv" path="/sys/devices/platform/charger-manager/power_supply/battery/present" dev="sysfs" ino=42031 scontext=u:r:recovery:s0 tcontext=u:object_r:sysfs:s0 tclass=file permissive=1
[   39.524795] type=1400 audit(1772410483.283:101): avc: denied { getattr } for comm="health@2.1-serv" path="/sys/devices/platform/charger-manager/power_supply/battery/present" dev="sysfs" ino=42031 scontext=u:r:recovery:s0 tcontext=u:object_r:sysfs:s0 tclass=file permissive=1
[   39.525869] healthd: battery l=15 v=3977 t=35.7 h=2 st=2 c=1647000 fc=4950000 cc=7078 chg=au
[   39.526147] type=1400 audit(1772410483.287:102): avc: denied { write } for comm="health@2.1-serv" path="/dev/kmsg" dev="tmpfs" ino=18520 scontext=u:r:recovery:s0 tcontext=u:object_r:kmsg_device:s0 tclass=chr_file permissive=1
[   39.606752] android_work: sent uevent USB_STATE=CONNECTED
[   39.950133] init: Control message: Could not find 'aidl/android.system.keystore2.IKeystoreService/default' for ctl.interface_start from pid: 291 (/system/bin/servicemanager)
[   40.075197] configfs-gadget gadget: high-speed config #1: b
[   40.075310] sgm41510_chg 5-006b: sgm41510_charger_usb_change limit 500, info->pd_hard_reset 0 ,info->usb_phy->chg_state 1, info->typec_online 0
[   40.075434] android_work: sent uevent USB_STATE=CONFIGURED
[   40.075452] sgm41510_chg 5-006b: battery present = 1, charger type = 1
[   40.075469] charger-manager charger-manager: cm_update_charge_info, chgr type = 6, fchg_en = 1, cp_running = 0, cp_recovery = 0 max chg_lmt_cur = 3350000uA, max inpt_lmt_cur = 2000000uA, max chg_volt = 10500000uV, chg_volt_drop = 700000, adapter_chg_volt = 9000mV, thm_cur = -22, chg_info_cmd = 0xb, jeita_size = 4
[   40.075479] vote_gov:VOTE_TYPE_IBAT vote the same vote_client[1].value = 3350000, value = 3350000; vote_client[1].enable = 1, enable = 1
[   40.075486] vote_gov:VOTE_TYPE_IBUS vote the same vote_client[2].value = 2000000, value = 2000000; vote_client[2].enable = 1, enable = 1
[   40.075494] charger-manager charger-manager: cm_manager_get_jeita_status: jeita status:(2) 2 2, temperature:357, jeita_size:4
[   40.075501] charger-manager charger-manager: target terminate voltage = 4432000, target current = 3350000
[   40.075508] vote_gov:VOTE_TYPE_IBAT vote the same vote_client[0].value = 3350000, value = 3350000; vote_client[0].enable = 1, enable = 1
[   40.075513] vote_gov:VOTE_TYPE_CCCV vote the same vote_client[0].value = 4432000, value = 4432000; vote_client[0].enable = 1, enable = 1
[   40.075520] charger-manager charger-manager: cm_manager_get_jeita_status: jeita status:(2) 2 2, temperature:357, jeita_size:4
[   40.075523] charger-manager charger-manager: current-last jeita status: 2-2, current temperature: 357
[   40.076287] charger-manager charger-manager: battery_status 1, charging_status 0
[   40.080384] healthd: battery l=15 v=3975 t=35.7 h=2 st=2 c=1633000 fc=4950000 cc=7078 chg=au
[   40.284592] <I>CTS-Core ESD protection work
[   40.540420] sc2730-fast-charger 64200000.spi:pmic@0:fchg@400: pd_enable = 1, pps_enable = 0, sfcp_enable = 0
[   40.668442] charger-manager charger-manager: cm_ir_compensation, us = 4432000, rc = 20, upper_limit = 4500000, lower_limit = 4432000, target_cccv = 4462440, ibat_avg = 1522200, offset = 100000
[   40.668453] charger-manager charger-manager: cm_sprd_vote_callback, VOTE_TYPE_CCCV[4462440]
[   40.951440] init: Control message: Could not find 'aidl/android.system.keystore2.IKeystoreService/default' for ctl.interface_start from pid: 291 (/system/bin/servicemanager)
[   41.948577] vddldo2: disabling
[   41.952125] init: Control message: Could not find 'aidl/android.system.keystore2.IKeystoreService/default' for ctl.interface_start from pid: 291 (/system/bin/servicemanager)
[   42.300599] <I>CTS-Core ESD protection work
[   42.953437] init: Control message: Could not find 'aidl/android.system.keystore2.IKeystoreService/default' for ctl.interface_start from pid: 291 (/system/bin/servicemanager)
[   43.228624] charger-manager charger-manager: cm_manager_get_jeita_status: jeita status:(2) 2 2, temperature:357, jeita_size:4
[   43.228629] charger-manager charger-manager: current-last jeita status: 2-2, current temperature: 357
[   43.229401] charger-manager charger-manager: battery_status 1, charging_status 0
[   43.229958] sc27xx-fgu 64200000.spi:pmic@0:fgu@c00: UUSOC: cur_avg_ma = 1643, resistance_moh = 0, ocv_pzero_uv = 3400000, ocv_pzero_cap = 0, ocv_pzero_mah = 0
[   43.234933] charger-manager charger-manager: cant not get input_cur.
[   43.236125] charger-manager charger-manager: vbat: 3980000, vbat_avg: 3977000, OCV: 3764243, ibat: 1647000, ibat_avg: 1643000, ibus: 0, vbus: 4328000, msoc: 156, chg_sts: 1, frce_full: 0, chg_lmt_cur: 3328000, inpt_lmt_cur: 2000000, chgr_type: 6, Tboard: 362, Tbatt: 362, thm_cur: -22, thm_pwr: 0, is_fchg: 1, fchg_en: 1, tflush: 31, tperiod: 15
[   43.236129] charger-manager charger-manager: new_uisoc = 156, old_uisoc = 154
[   43.239662] sgm41510_chg 5-006b: sgm41510_charger_dump_register: [REG_0x00]=0x13; [REG_0x01]=0x06; [REG_0x02]=0x11; [REG_0x03]=0x1a; [REG_0x04]=0x34; [REG_0x05]=0x12; [REG_0x06]=0x9a; [REG_0x07]=0x9f; [REG_0x08]=0x03; [REG_0x09]=0x44; [REG_0x0a]=0x70; [REG_0x0b]=0x56; [REG_0x0c]=0x00; [REG_0x0d]=0x92; [REG_0x0e]=0x00; [REG_0x0f]=0x00; [REG_0x10]=0x00; [REG_0x11]=0x80; [REG_0x12]=0x00; [REG_0x13]=0xc0; [REG_0x14]=0x00; [REG_0x15]=0x0c; 
[   43.241761] healthd: battery l=16 v=3980 t=36.2 h=2 st=2 c=1647000 fc=4950000 cc=7079 chg=au
[   43.740614] charger-manager charger-manager: cm_ir_compensation, us = 4432000, rc = 20, upper_limit = 4500000, lower_limit = 4432000, target_cccv = 4463040, ibat_avg = 1552400, offset = 100000
[   43.740623] charger-manager charger-manager: cm_sprd_vote_callback, VOTE_TYPE_CCCV[4463040]
[   43.954939] init: Control message: Could not find 'aidl/android.system.keystore2.IKeystoreService/default' for ctl.interface_start from pid: 291 (/system/bin/servicemanager)
[   44.295816] init: starting service 'boot-hal-1-2'...
[   44.300620] random: android.hardwar: uninitialized urandom read (40 bytes read)
[   44.314601] init: Service 'boot-hal-1-2' (pid 337) exited with status 1
[   44.314630] init: Sending signal 9 to service 'boot-hal-1-2' (pid 337) process group...
[   44.314810] libprocessgroup: Successfully killed process cgroup uid 0 pid 337 in 0ms
[   44.316054] <I>CTS-Core ESD protection work
[   44.956464] init: Control message: Could not find 'aidl/android.system.keystore2.IKeystoreService/default' for ctl.interface_start from pid: 291 (/system/bin/servicemanager)
[   45.957599] init: Control message: Could not find 'aidl/android.system.keystore2.IKeystoreService/default' for ctl.interface_start from pid: 291 (/system/bin/servicemanager)
[   46.332817] <I>CTS-Core ESD protection work
[   46.958860] init: Control message: Could not find 'aidl/android.system.keystore2.IKeystoreService/default' for ctl.interface_start from pid: 291 (/system/bin/servicemanager)
[   47.959831] init: Control message: Could not find 'aidl/android.system.keystore2.IKeystoreService/default' for ctl.interface_start from pid: 291 (/system/bin/servicemanager)
[   48.348593] <I>CTS-Core ESD protection work
[   48.860600] sc27xx-fgu 64200000.spi:pmic@0:fgu@c00: not satisfy power on start condition.
[   48.860611] sc27xx-fgu 64200000.spi:pmic@0:fgu@c00: init_cap = 173, init_mah = 856, init_clbcnt = 8529869, cur_clbcnt = 8636961, normal_cap = 175, data->cc_mah = 11, Tbat = 362, uusoc_vbat = 0, uusoc_mah = 0, cur_1000ma_adc = 1384, track_sts = 1
[   48.961315] init: Control message: Could not find 'aidl/android.system.keystore2.IKeystoreService/default' for ctl.interface_start from pid: 291 (/system/bin/servicemanager)
[   49.299175] init: starting service 'boot-hal-1-2'...
[   49.317826] init: Service 'boot-hal-1-2' (pid 343) exited with status 1
[   49.317855] init: Sending signal 9 to service 'boot-hal-1-2' (pid 343) process group...
[   49.318022] libprocessgroup: Successfully killed process cgroup uid 0 pid 343 in 0ms
[   49.884478] charger-manager charger-manager: cm_ir_compensation, us = 4432000, rc = 20, upper_limit = 4500000, lower_limit = 4432000, target_cccv = 4464260, ibat_avg = 1613400, offset = 100000
[   49.884488] charger-manager charger-manager: cm_sprd_vote_callback, VOTE_TYPE_CCCV[4464260]
[   49.962801] init: Control message: Could not find 'aidl/android.system.keystore2.IKeystoreService/default' for ctl.interface_start from pid: 291 (/system/bin/servicemanager)
[   50.364376] <I>CTS-Core ESD protection work
[   50.963800] init: Control message: Could not find 'aidl/android.system.keystore2.IKeystoreService/default' for ctl.interface_start from pid: 291 (/system/bin/servicemanager)
[   51.965049] init: Control message: Could not find 'aidl/android.system.keystore2.IKeystoreService/default' for ctl.interface_start from pid: 291 (/system/bin/servicemanager)
[   52.380368] <I>CTS-Core ESD protection work
[   52.966311] init: Control message: Could not find 'aidl/android.system.keystore2.IKeystoreService/default' for ctl.interface_start from pid: 291 (/system/bin/servicemanager)
[   53.967307] init: Control message: Could not find 'aidl/android.system.keystore2.IKeystoreService/default' for ctl.interface_start from pid: 291 (/system/bin/servicemanager)
[   54.302132] init: starting service 'boot-hal-1-2'...
[   54.320627] init: Service 'boot-hal-1-2' (pid 349) exited with status 1
[   54.320656] init: Sending signal 9 to service 'boot-hal-1-2' (pid 349) process group...
[   54.320810] libprocessgroup: Successfully killed process cgroup uid 0 pid 349 in 0ms
[   54.396788] <I>CTS-Core ESD protection work
[   54.968854] init: Control message: Could not find 'aidl/android.system.keystore2.IKeystoreService/default' for ctl.interface_start from pid: 291 (/system/bin/servicemanager)
[   55.970064] init: Control message: Could not find 'aidl/android.system.keystore2.IKeystoreService/default' for ctl.interface_start from pid: 291 (/system/bin/servicemanager)
[   56.412584] <I>CTS-Core ESD protection work
[   56.971379] init: Control message: Could not find 'aidl/android.system.keystore2.IKeystoreService/default' for ctl.interface_start from pid: 291 (/system/bin/servicemanager)
[   57.972619] init: Control message: Could not find 'aidl/android.system.keystore2.IKeystoreService/default' for ctl.interface_start from pid: 291 (/system/bin/servicemanager)
[   58.333052] charger-manager charger-manager: cm_manager_get_jeita_status: jeita status:(2) 2 2, temperature:362, jeita_size:4
[   58.333058] charger-manager charger-manager: current-last jeita status: 2-2, current temperature: 362
[   58.333187] sc27xx-fgu 64200000.spi:pmic@0:fgu@c00: UUSOC: cur_avg_ma = 1647, resistance_moh = 0, ocv_pzero_uv = 3400000, ocv_pzero_cap = 0, ocv_pzero_mah = 0
[   58.337826] charger-manager charger-manager: cant not get input_cur.
[   58.340086] charger-manager charger-manager: battery_status 1, charging_status 0
[   58.340120] charger-manager charger-manager: vbat: 3984000, vbat_avg: 3985000, OCV: 3766596, ibat: 1647000, ibat_avg: 1647000, ibus: 0, vbus: 4328000, msoc: 158, chg_sts: 1, frce_full: 0, chg_lmt_cur: 3328000, inpt_lmt_cur: 2000000, chgr_type: 6, Tboard: 365, Tbatt: 365, thm_cur: -22, thm_pwr: 0, is_fchg: 1, fchg_en: 1, tflush: 15, tperiod: 15
[   58.340126] charger-manager charger-manager: new_uisoc = 158, old_uisoc = 156
[   58.346847] sgm41510_chg 5-006b: sgm41510_charger_dump_register: [REG_0x00]=0x13; [REG_0x01]=0x06; [REG_0x02]=0x11; [REG_0x03]=0x1a; [REG_0x04]=0x34; [REG_0x05]=0x12; [REG_0x06]=0x9e; [REG_0x07]=0x9f; [REG_0x08]=0x03; [REG_0x09]=0x44; [REG_0x0a]=0x70; [REG_0x0b]=0x56; [REG_0x0c]=0x00; [REG_0x0d]=0x92; [REG_0x0e]=0x00; [REG_0x0f]=0x00; [REG_0x10]=0x00; [REG_0x11]=0x80; [REG_0x12]=0x00; [REG_0x13]=0xc0; [REG_0x14]=0x00; [REG_0x15]=0x0c; 
[   58.428601] <I>CTS-Core ESD protection work
[   58.973678] init: Control message: Could not find 'aidl/android.system.keystore2.IKeystoreService/default' for ctl.interface_start from pid: 291 (/system/bin/servicemanager)
[   59.304185] init: starting service 'boot-hal-1-2'...
[   59.322484] init: Service 'boot-hal-1-2' (pid 355) exited with status 1
[   59.322512] init: Sending signal 9 to service 'boot-hal-1-2' (pid 355) process group...
[   59.322657] libprocessgroup: Successfully killed process cgroup uid 0 pid 355 in 0ms
[   59.975242] init: Control message: Could not find 'aidl/android.system.keystore2.IKeystoreService/default' for ctl.interface_start from pid: 291 (/system/bin/servicemanager)
[   60.444571] <I>CTS-Core ESD protection work
[   60.976136] init: Control message: Could not find 'aidl/android.system.keystore2.IKeystoreService/default' for ctl.interface_start from pid: 291 (/system/bin/servicemanager)
[   61.977535] init: Control message: Could not find 'aidl/android.system.keystore2.IKeystoreService/default' for ctl.interface_start from pid: 291 (/system/bin/servicemanager)
[   62.460390] <I>CTS-Core ESD protection work
[   62.978601] init: Control message: Could not find 'aidl/android.system.keystore2.IKeystoreService/default' for ctl.interface_start from pid: 291 (/system/bin/servicemanager)
[   63.964803] sc27xx-fgu 64200000.spi:pmic@0:fgu@c00: not satisfy power on start condition.
[   63.964812] sc27xx-fgu 64200000.spi:pmic@0:fgu@c00: init_cap = 173, init_mah = 856, init_clbcnt = 8529869, cur_clbcnt = 8707619, normal_cap = 177, data->cc_mah = 18, Tbat = 365, uusoc_vbat = 0, uusoc_mah = 0, cur_1000ma_adc = 1384, track_sts = 1
[   63.980083] init: Control message: Could not find 'aidl/android.system.keystore2.IKeystoreService/default' for ctl.interface_start from pid: 291 (/system/bin/servicemanager)
[   64.306914] init: starting service 'boot-hal-1-2'...
[   64.325536] init: Service 'boot-hal-1-2' (pid 361) exited with status 1
[   64.325564] init: Sending signal 9 to service 'boot-hal-1-2' (pid 361) process group...
[   64.325735] libprocessgroup: Successfully killed process cgroup uid 0 pid 361 in 0ms
[   64.476397] <I>CTS-Core ESD protection work
[   64.981336] init: Control message: Could not find 'aidl/android.system.keystore2.IKeystoreService/default' for ctl.interface_start from pid: 291 (/system/bin/servicemanager)
[   65.982698] init: Control message: Could not find 'aidl/android.system.keystore2.IKeystoreService/default' for ctl.interface_start from pid: 291 (/system/bin/servicemanager)
[   66.492409] <I>CTS-Core ESD protection work
[   66.984053] init: Control message: Could not find 'aidl/android.system.keystore2.IKeystoreService/default' for ctl.interface_start from pid: 291 (/system/bin/servicemanager)
[   67.985089] init: Control message: Could not find 'aidl/android.system.keystore2.IKeystoreService/default' for ctl.interface_start from pid: 291 (/system/bin/servicemanager)
[   67.996606] random: crng init done
[   67.996611] random: 102 urandom warning(s) missed due to ratelimiting
[   68.508387] <I>CTS-Core ESD protection work
[   68.986397] init: Control message: Could not find 'aidl/android.system.keystore2.IKeystoreService/default' for ctl.interface_start from pid: 291 (/system/bin/servicemanager)
[   69.309206] init: starting service 'boot-hal-1-2'...
[   69.327123] init: Service 'boot-hal-1-2' (pid 367) exited with status 1
[   69.327151] init: Sending signal 9 to service 'boot-hal-1-2' (pid 367) process group...
[   69.327305] libprocessgroup: Successfully killed process cgroup uid 0 pid 367 in 0ms
[   69.987903] init: Control message: Could not find 'aidl/android.system.keystore2.IKeystoreService/default' for ctl.interface_start from pid: 291 (/system/bin/servicemanager)
[   70.524388] <I>CTS-Core ESD protection work
[   70.989099] init: Control message: Could not find 'aidl/android.system.keystore2.IKeystoreService/default' for ctl.interface_start from pid: 291 (/system/bin/servicemanager)
[   71.990469] init: Control message: Could not find 'aidl/android.system.keystore2.IKeystoreService/default' for ctl.interface_start from pid: 291 (/system/bin/servicemanager)
[   72.540408] <I>CTS-Core ESD protection work
[   72.668058] sprd-rotask: start rotation feature
[   72.991058] Disables boost it is 60 seconds after boot up
[   72.991845] init: Control message: Could not find 'aidl/android.system.keystore2.IKeystoreService/default' for ctl.interface_start from pid: 291 (/system/bin/servicemanager)
[   73.436877] sc27xx-fgu 64200000.spi:pmic@0:fgu@c00: UUSOC: cur_avg_ma = 1645, resistance_moh = 0, ocv_pzero_uv = 3400000, ocv_pzero_cap = 0, ocv_pzero_mah = 0
[   73.437043] charger-manager charger-manager: cm_manager_get_jeita_status: jeita status:(2) 2 2, temperature:365, jeita_size:4
[   73.437048] charger-manager charger-manager: current-last jeita status: 2-2, current temperature: 365
[   73.442592] charger-manager charger-manager: cant not get input_cur.
[   73.444925] charger-manager charger-manager: battery_status 1, charging_status 0
[   73.445130] charger-manager charger-manager: vbat: 3990000, vbat_avg: 3989000, OCV: 3770949, ibat: 1647000, ibat_avg: 1645000, ibus: 0, vbus: 4328000, msoc: 159, chg_sts: 1, frce_full: 0, chg_lmt_cur: 3328000, inpt_lmt_cur: 2000000, chgr_type: 6, Tboard: 369, Tbatt: 369, thm_cur: -22, thm_pwr: 0, is_fchg: 1, fchg_en: 1, tflush: 30, tperiod: 15
[   73.445135] charger-manager charger-manager: new_uisoc = 159, old_uisoc = 158
[   73.454333] sgm41510_chg 5-006b: sgm41510_charger_dump_register: [REG_0x00]=0x13; [REG_0x01]=0x06; [REG_0x02]=0x11; [REG_0x03]=0x1a; [REG_0x04]=0x34; [REG_0x05]=0x12; [REG_0x06]=0x9e; [REG_0x07]=0x9f; [REG_0x08]=0x03; [REG_0x09]=0x44; [REG_0x0a]=0x70; [REG_0x0b]=0x56; [REG_0x0c]=0x00; [REG_0x0d]=0x92; [REG_0x0e]=0x00; [REG_0x0f]=0x00; [REG_0x10]=0x00; [REG_0x11]=0x80; [REG_0x12]=0x00; [REG_0x13]=0xc0; [REG_0x14]=0x00; [REG_0x15]=0x0c; 
[   73.993745] init: Control message: Could not find 'aidl/android.system.keystore2.IKeystoreService/default' for ctl.interface_start from pid: 291 (/system/bin/servicemanager)
[   74.311619] init: starting service 'boot-hal-1-2'...
[   74.333611] init: Service 'boot-hal-1-2' (pid 373) exited with status 1
[   74.333638] init: Sending signal 9 to service 'boot-hal-1-2' (pid 373) process group...
[   74.333788] libprocessgroup: Successfully killed process cgroup uid 0 pid 373 in 0ms
[   74.556649] <I>CTS-Core ESD protection work
[   74.995613] init: Control message: Could not find 'aidl/android.system.keystore2.IKeystoreService/default' for ctl.interface_start from pid: 291 (/system/bin/servicemanager)
[   75.997252] init: Control message: Could not find 'aidl/android.system.keystore2.IKeystoreService/default' for ctl.interface_start from pid: 291 (/system/bin/servicemanager)
[   76.572456] <I>CTS-Core ESD protection work
[   76.998931] init: Control message: Could not find 'aidl/android.system.keystore2.IKeystoreService/default' for ctl.interface_start from pid: 291 (/system/bin/servicemanager)
[   78.000557] init: Control message: Could not find 'aidl/android.system.keystore2.IKeystoreService/default' for ctl.interface_start from pid: 291 (/system/bin/servicemanager)
[   78.588448] <I>CTS-Core ESD protection work
[   79.002206] init: Control message: Could not find 'aidl/android.system.keystore2.IKeystoreService/default' for ctl.interface_start from pid: 291 (/system/bin/servicemanager)
[   79.068750] sc27xx-fgu 64200000.spi:pmic@0:fgu@c00: not satisfy power on start condition.
[   79.068770] sc27xx-fgu 64200000.spi:pmic@0:fgu@c00: init_cap = 173, init_mah = 856, init_clbcnt = 8529869, cur_clbcnt = 8775938, normal_cap = 178, data->cc_mah = 25, Tbat = 369, uusoc_vbat = 0, uusoc_mah = 0, cur_1000ma_adc = 1384, track_sts = 1
[   79.315137] init: starting service 'boot-hal-1-2'...
[   79.337005] init: Service 'boot-hal-1-2' (pid 379) exited with status 1
[   79.337048] init: Sending signal 9 to service 'boot-hal-1-2' (pid 379) process group...
[   79.337264] libprocessgroup: Successfully killed process cgroup uid 0 pid 379 in 0ms
[   80.004124] init: Control message: Could not find 'aidl/android.system.keystore2.IKeystoreService/default' for ctl.interface_start from pid: 291 (/system/bin/servicemanager)
[   80.604571] <I>CTS-Core ESD protection work
[   81.005717] init: Control message: Could not find 'aidl/android.system.keystore2.IKeystoreService/default' for ctl.interface_start from pid: 291 (/system/bin/servicemanager)
[   82.007360] init: Control message: Could not find 'aidl/android.system.keystore2.IKeystoreService/default' for ctl.interface_start from pid: 291 (/system/bin/servicemanager)
[   82.620429] <I>CTS-Core ESD protection work
[   83.008831] init: Control message: Could not find 'aidl/android.system.keystore2.IKeystoreService/default' for ctl.interface_start from pid: 291 (/system/bin/servicemanager)
[   84.010622] init: Control message: Could not find 'aidl/android.system.keystore2.IKeystoreService/default' for ctl.interface_start from pid: 291 (/system/bin/servicemanager)
[   84.319464] init: starting service 'boot-hal-1-2'...
[   84.341880] init: Service 'boot-hal-1-2' (pid 385) exited with status 1
[   84.341928] init: Sending signal 9 to service 'boot-hal-1-2' (pid 385) process group...
[   84.342151] libprocessgroup: Successfully killed process cgroup uid 0 pid 385 in 0ms
[   84.636462] <I>CTS-Core ESD protection work
[   85.012568] init: Control message: Could not find 'aidl/android.system.keystore2.IKeystoreService/default' for ctl.interface_start from pid: 291 (/system/bin/servicemanager)
[   86.014130] init: Control message: Could not find 'aidl/android.system.keystore2.IKeystoreService/default' for ctl.interface_start from pid: 291 (/system/bin/servicemanager)
[   86.652656] <I>CTS-Core ESD protection work
[   87.015853] init: Control message: Could not find 'aidl/android.system.keystore2.IKeystoreService/default' for ctl.interface_start from pid: 291 (/system/bin/servicemanager)
[   88.017498] init: Control message: Could not find 'aidl/android.system.keystore2.IKeystoreService/default' for ctl.interface_start from pid: 291 (/system/bin/servicemanager)
[   88.541083] charger-manager charger-manager: cm_manager_get_jeita_status: jeita status:(2) 2 2, temperature:369, jeita_size:4
[   88.541096] charger-manager charger-manager: current-last jeita status: 2-2, current temperature: 369
[   88.541372] sc27xx-fgu 64200000.spi:pmic@0:fgu@c00: UUSOC: cur_avg_ma = 1645, resistance_moh = 0, ocv_pzero_uv = 3400000, ocv_pzero_cap = 0, ocv_pzero_mah = 0
[   88.546060] charger-manager charger-manager: cant not get input_cur.
[   88.548398] charger-manager charger-manager: battery_status 1, charging_status 0
[   88.548600] charger-manager charger-manager: vbat: 3993000, vbat_avg: 3992000, OCV: 3774082, ibat: 1646000, ibat_avg: 1645000, ibus: 0, vbus: 4328000, msoc: 160, chg_sts: 1, frce_full: 0, chg_lmt_cur: 3328000, inpt_lmt_cur: 2000000, chgr_type: 6, Tboard: 372, Tbatt: 372, thm_cur: -22, thm_pwr: 0, is_fchg: 1, fchg_en: 1, tflush: 45, tperiod: 15
[   88.548606] charger-manager charger-manager: new_uisoc = 160, old_uisoc = 159
[   88.558221] sgm41510_chg 5-006b: sgm41510_charger_dump_register: [REG_0x00]=0x13; [REG_0x01]=0x06; [REG_0x02]=0x11; [REG_0x03]=0x1a; [REG_0x04]=0x34; [REG_0x05]=0x12; [REG_0x06]=0x9e; [REG_0x07]=0x9f; [REG_0x08]=0x03; [REG_0x09]=0x44; [REG_0x0a]=0x70; [REG_0x0b]=0x56; [REG_0x0c]=0x00; [REG_0x0d]=0x92; [REG_0x0e]=0x00; [REG_0x0f]=0x00; [REG_0x10]=0x00; [REG_0x11]=0x80; [REG_0x12]=0x00; [REG_0x13]=0xc0; [REG_0x14]=0x00; [REG_0x15]=0x0c; 
[   88.668682] <I>CTS-Core ESD protection work
[   89.019327] init: Control message: Could not find 'aidl/android.system.keystore2.IKeystoreService/default' for ctl.interface_start from pid: 291 (/system/bin/servicemanager)
[   89.323261] init: starting service 'boot-hal-1-2'...
[   89.346156] init: Service 'boot-hal-1-2' (pid 391) exited with status 1
[   89.346204] init: Sending signal 9 to service 'boot-hal-1-2' (pid 391) process group...
[   89.346433] libprocessgroup: Successfully killed process cgroup uid 0 pid 391 in 0ms
[   90.020825] init: Control message: Could not find 'aidl/android.system.keystore2.IKeystoreService/default' for ctl.interface_start from pid: 291 (/system/bin/servicemanager)
[   90.684459] <I>CTS-Core ESD protection work
[   91.022153] init: Control message: Could not find 'aidl/android.system.keystore2.IKeystoreService/default' for ctl.interface_start from pid: 291 (/system/bin/servicemanager)
[   92.023460] init: Control message: Could not find 'aidl/android.system.keystore2.IKeystoreService/default' for ctl.interface_start from pid: 291 (/system/bin/servicemanager)
[   92.700479] <I>CTS-Core ESD protection work
[   93.024884] init: Control message: Could not find 'aidl/android.system.keystore2.IKeystoreService/default' for ctl.interface_start from pid: 291 (/system/bin/servicemanager)
[   94.026183] init: Control message: Could not find 'aidl/android.system.keystore2.IKeystoreService/default' for ctl.interface_start from pid: 291 (/system/bin/servicemanager)
[   94.172969] sc27xx-fgu 64200000.spi:pmic@0:fgu@c00: not satisfy power on start condition.
[   94.172990] sc27xx-fgu 64200000.spi:pmic@0:fgu@c00: init_cap = 173, init_mah = 856, init_clbcnt = 8529869, cur_clbcnt = 8844298, normal_cap = 179, data->cc_mah = 32, Tbat = 372, uusoc_vbat = 0, uusoc_mah = 0, cur_1000ma_adc = 1384, track_sts = 1
[   94.322646] healthd: battery l=16 v=3993 t=37.2 h=2 st=2 c=1645000 fc=4950000 cc=7083 chg=au
[   94.326689] init: starting service 'boot-hal-1-2'...
[   94.349072] init: Service 'boot-hal-1-2' (pid 397) exited with status 1
[   94.349120] init: Sending signal 9 to service 'boot-hal-1-2' (pid 397) process group...
[   94.349347] libprocessgroup: Successfully killed process cgroup uid 0 pid 397 in 0ms
[   94.716489] <I>CTS-Core ESD protection work
[   95.027801] init: Control message: Could not find 'aidl/android.system.keystore2.IKeystoreService/default' for ctl.interface_start from pid: 291 (/system/bin/servicemanager)
[   96.029541] init: Control message: Could not find 'aidl/android.system.keystore2.IKeystoreService/default' for ctl.interface_start from pid: 291 (/system/bin/servicemanager)
[   96.732460] <I>CTS-Core ESD protection work
[   97.031217] init: Control message: Could not find 'aidl/android.system.keystore2.IKeystoreService/default' for ctl.interface_start from pid: 291 (/system/bin/servicemanager)
[   98.032848] init: Control message: Could not find 'aidl/android.system.keystore2.IKeystoreService/default' for ctl.interface_start from pid: 291 (/system/bin/servicemanager)
[   98.748453] <I>CTS-Core ESD protection work
[   99.034468] init: Control message: Could not find 'aidl/android.system.keystore2.IKeystoreService/default' for ctl.interface_start from pid: 291 (/system/bin/servicemanager)
[   99.330369] init: starting service 'boot-hal-1-2'...
[   99.352786] init: Service 'boot-hal-1-2' (pid 403) exited with status 1
[   99.352831] init: Sending signal 9 to service 'boot-hal-1-2' (pid 403) process group...
[   99.353041] libprocessgroup: Successfully killed process cgroup uid 0 pid 403 in 0ms
[  100.036420] init: Control message: Could not find 'aidl/android.system.keystore2.IKeystoreService/default' for ctl.interface_start from pid: 291 (/system/bin/servicemanager)
[  100.764447] <I>CTS-Core ESD protection work
[  101.038091] init: Control message: Could not find 'aidl/android.system.keystore2.IKeystoreService/default' for ctl.interface_start from pid: 291 (/system/bin/servicemanager)
[  102.039800] init: Control message: Could not find 'aidl/android.system.keystore2.IKeystoreService/default' for ctl.interface_start from pid: 291 (/system/bin/servicemanager)
[  102.780464] <I>CTS-Core ESD protection work
[  103.041558] init: Control message: Could not find 'aidl/android.system.keystore2.IKeystoreService/default' for ctl.interface_start from pid: 291 (/system/bin/servicemanager)
[  103.644489] charger-manager charger-manager: cm_manager_get_jeita_status: jeita status:(2) 2 2, temperature:372, jeita_size:4
[  103.644502] charger-manager charger-manager: current-last jeita status: 2-2, current temperature: 372
[  103.645479] charger-manager charger-manager: battery_status 1, charging_status 0
[  103.645856] sc27xx-fgu 64200000.spi:pmic@0:fgu@c00: UUSOC: cur_avg_ma = 1652, resistance_moh = 0, ocv_pzero_uv = 3400000, ocv_pzero_cap = 0, ocv_pzero_mah = 0
[  103.651434] charger-manager charger-manager: cant not get input_cur.
[  103.652875] charger-manager charger-manager: vbat: 3997000, vbat_avg: 3996000, OCV: 3777018, ibat: 1654000, ibat_avg: 1652000, ibus: 0, vbus: 4328000, msoc: 162, chg_sts: 1, frce_full: 0, chg_lmt_cur: 3328000, inpt_lmt_cur: 2000000, chgr_type: 6, Tboard: 376, Tbatt: 376, thm_cur: -22, thm_pwr: 0, is_fchg: 1, fchg_en: 1, tflush: 60, tperiod: 15
[  103.652886] charger-manager charger-manager: new_uisoc = 162, old_uisoc = 160
[  103.662455] sgm41510_chg 5-006b: sgm41510_charger_dump_register: [REG_0x00]=0x13; [REG_0x01]=0x06; [REG_0x02]=0x11; [REG_0x03]=0x1a; [REG_0x04]=0x34; [REG_0x05]=0x12; [REG_0x06]=0x9e; [REG_0x07]=0x9f; [REG_0x08]=0x03; [REG_0x09]=0x44; [REG_0x0a]=0x70; [REG_0x0b]=0x56; [REG_0x0c]=0x00; [REG_0x0d]=0x92; [REG_0x0e]=0x00; [REG_0x0f]=0x00; [REG_0x10]=0x00; [REG_0x11]=0x80; [REG_0x12]=0x00; [REG_0x13]=0xc0; [REG_0x14]=0x00; [REG_0x15]=0x0c; 
[  104.043292] init: Control message: Could not find 'aidl/android.system.keystore2.IKeystoreService/default' for ctl.interface_start from pid: 291 (/system/bin/servicemanager)
[  104.334223] init: starting service 'boot-hal-1-2'...
[  104.355992] init: Service 'boot-hal-1-2' (pid 409) exited with status 1
[  104.356082] init: Sending signal 9 to service 'boot-hal-1-2' (pid 409) process group...
[  104.356238] libprocessgroup: Successfully killed process cgroup uid 0 pid 409 in 0ms
[  104.796467] <I>CTS-Core ESD protection work
[  105.045176] init: Control message: Could not find 'aidl/android.system.keystore2.IKeystoreService/default' for ctl.interface_start from pid: 291 (/system/bin/servicemanager)
[  106.046613] init: Control message: Could not find 'aidl/android.system.keystore2.IKeystoreService/default' for ctl.interface_start from pid: 291 (/system/bin/servicemanager)
[  106.812450] <I>CTS-Core ESD protection work
[  107.048270] init: Control message: Could not find 'aidl/android.system.keystore2.IKeystoreService/default' for ctl.interface_start from pid: 291 (/system/bin/servicemanager)
[  108.049877] init: Control message: Could not find 'aidl/android.system.keystore2.IKeystoreService/default' for ctl.interface_start from pid: 291 (/system/bin/servicemanager)
[  108.828465] <I>CTS-Core ESD protection work
[  109.051315] init: Control message: Could not find 'aidl/android.system.keystore2.IKeystoreService/default' for ctl.interface_start from pid: 291 (/system/bin/servicemanager)
[  109.276296] sc27xx-fgu 64200000.spi:pmic@0:fgu@c00: not satisfy power on start condition.
[  109.276317] sc27xx-fgu 64200000.spi:pmic@0:fgu@c00: init_cap = 173, init_mah = 856, init_clbcnt = 8529869, cur_clbcnt = 8912731, normal_cap = 181, data->cc_mah = 38, Tbat = 376, uusoc_vbat = 0, uusoc_mah = 0, cur_1000ma_adc = 1384, track_sts = 1
[  109.338050] init: starting service 'boot-hal-1-2'...
[  109.360277] init: Service 'boot-hal-1-2' (pid 415) exited with status 1
[  109.360307] init: Sending signal 9 to service 'boot-hal-1-2' (pid 415) process group...
[  109.360464] libprocessgroup: Successfully killed process cgroup uid 0 pid 415 in 0ms
[  110.053261] init: Control message: Could not find 'aidl/android.system.keystore2.IKeystoreService/default' for ctl.interface_start from pid: 291 (/system/bin/servicemanager)
[  110.844482] <I>CTS-Core ESD protection work
[  111.055076] init: Control message: Could not find 'aidl/android.system.keystore2.IKeystoreService/default' for ctl.interface_start from pid: 291 (/system/bin/servicemanager)
[  111.324561] charger-manager charger-manager: cm_ir_compensation, us = 4432000, rc = 20, upper_limit = 4500000, lower_limit = 4432000, target_cccv = 4465000, ibat_avg = 1650000, offset = 100000
[  111.324579] charger-manager charger-manager: cm_sprd_vote_callback, VOTE_TYPE_CCCV[4465000]
[  112.056796] init: Control message: Could not find 'aidl/android.system.keystore2.IKeystoreService/default' for ctl.interface_start from pid: 291 (/system/bin/servicemanager)
[  112.860454] <I>CTS-Core ESD protection work
[  113.058508] init: Control message: Could not find 'aidl/android.system.keystore2.IKeystoreService/default' for ctl.interface_start from pid: 291 (/system/bin/servicemanager)
[  114.060193] init: Control message: Could not find 'aidl/android.system.keystore2.IKeystoreService/default' for ctl.interface_start from pid: 291 (/system/bin/servicemanager)
[  114.342101] init: starting service 'boot-hal-1-2'...
[  114.363918] init: Service 'boot-hal-1-2' (pid 421) exited with status 1
[  114.363947] init: Sending signal 9 to service 'boot-hal-1-2' (pid 421) process group...
[  114.364159] libprocessgroup: Successfully killed process cgroup uid 0 pid 421 in 0ms
[  114.876451] <I>CTS-Core ESD protection work
[  115.062200] init: Control message: Could not find 'aidl/android.system.keystore2.IKeystoreService/default' for ctl.interface_start from pid: 291 (/system/bin/servicemanager)
[  116.063574] init: Control message: Could not find 'aidl/android.system.keystore2.IKeystoreService/default' for ctl.interface_start from pid: 291 (/system/bin/servicemanager)
[  116.892492] <I>CTS-Core ESD protection work
[  117.064971] init: Control message: Could not find 'aidl/android.system.keystore2.IKeystoreService/default' for ctl.interface_start from pid: 291 (/system/bin/servicemanager)
[  118.066288] init: Control message: Could not find 'aidl/android.system.keystore2.IKeystoreService/default' for ctl.interface_start from pid: 291 (/system/bin/servicemanager)
[  118.748506] charger-manager charger-manager: cm_manager_get_jeita_status: jeita status:(2) 2 2, temperature:376, jeita_size:4
[  118.748519] charger-manager charger-manager: current-last jeita status: 2-2, current temperature: 376
[  118.749379] charger-manager charger-manager: battery_status 1, charging_status 0
[  118.749982] sc27xx-fgu 64200000.spi:pmic@0:fgu@c00: UUSOC: cur_avg_ma = 1657, resistance_moh = 0, ocv_pzero_uv = 3400000, ocv_pzero_cap = 0, ocv_pzero_mah = 0
[  118.754551] charger-manager charger-manager: cant not get input_cur.
[  118.755958] charger-manager charger-manager: vbat: 4000000, vbat_avg: 3999000, OCV: 3779486, ibat: 1658000, ibat_avg: 1657000, ibus: 0, vbus: 4328000, msoc: 163, chg_sts: 1, frce_full: 0, chg_lmt_cur: 3328000, inpt_lmt_cur: 2000000, chgr_type: 6, Tboard: 379, Tbatt: 379, thm_cur: -22, thm_pwr: 0, is_fchg: 1, fchg_en: 1, tflush: 75, tperiod: 15
[  118.755963] charger-manager charger-manager: new_uisoc = 163, old_uisoc = 162
[  118.763559] sgm41510_chg 5-006b: sgm41510_charger_dump_register: [REG_0x00]=0x13; [REG_0x01]=0x06; [REG_0x02]=0x11; [REG_0x03]=0x1a; [REG_0x04]=0x34; [REG_0x05]=0x12; [REG_0x06]=0x9e; [REG_0x07]=0x9f; [REG_0x08]=0x03; [REG_0x09]=0x44; [REG_0x0a]=0x70; [REG_0x0b]=0x56; [REG_0x0c]=0x00; [REG_0x0d]=0x92; [REG_0x0e]=0x00; [REG_0x0f]=0x00; [REG_0x10]=0x00; [REG_0x11]=0x80; [REG_0x12]=0x00; [REG_0x13]=0xc0; [REG_0x14]=0x00; [REG_0x15]=0x0c; 
[  118.908451] <I>CTS-Core ESD protection work
[  119.067780] init: Control message: Could not find 'aidl/android.system.keystore2.IKeystoreService/default' for ctl.interface_start from pid: 291 (/system/bin/servicemanager)
[  119.346685] init: starting service 'boot-hal-1-2'...
[  119.369160] init: Service 'boot-hal-1-2' (pid 427) exited with status 1
[  119.369208] init: Sending signal 9 to service 'boot-hal-1-2' (pid 427) process group...
[  119.369450] libprocessgroup: Successfully killed process cgroup uid 0 pid 427 in 0ms
[  120.069480] init: Control message: Could not find 'aidl/android.system.keystore2.IKeystoreService/default' for ctl.interface_start from pid: 291 (/system/bin/servicemanager)
[  120.924457] <I>CTS-Core ESD protection work
[  121.070937] init: Control message: Could not find 'aidl/android.system.keystore2.IKeystoreService/default' for ctl.interface_start from pid: 291 (/system/bin/servicemanager)
[  122.072623] init: Control message: Could not find 'aidl/android.system.keystore2.IKeystoreService/default' for ctl.interface_start from pid: 291 (/system/bin/servicemanager)
[  122.940468] <I>CTS-Core ESD protection work
[  123.074376] init: Control message: Could not find 'aidl/android.system.keystore2.IKeystoreService/default' for ctl.interface_start from pid: 291 (/system/bin/servicemanager)
[  124.076114] init: Control message: Could not find 'aidl/android.system.keystore2.IKeystoreService/default' for ctl.interface_start from pid: 291 (/system/bin/servicemanager)
[  124.351007] init: starting service 'boot-hal-1-2'...
[  124.373535] init: Service 'boot-hal-1-2' (pid 433) exited with status 1
[  124.373563] init: Sending signal 9 to service 'boot-hal-1-2' (pid 433) process group...
[  124.373717] libprocessgroup: Successfully killed process cgroup uid 0 pid 433 in 0ms
[  124.380945] sc27xx-fgu 64200000.spi:pmic@0:fgu@c00: not satisfy power on start condition.
[  124.380967] sc27xx-fgu 64200000.spi:pmic@0:fgu@c00: init_cap = 173, init_mah = 856, init_clbcnt = 8529869, cur_clbcnt = 8981535, normal_cap = 182, data->cc_mah = 45, Tbat = 379, uusoc_vbat = 0, uusoc_mah = 0, cur_1000ma_adc = 1384, track_sts = 1
[  124.956461] <I>CTS-Core ESD protection work
[  125.078064] init: Control message: Could not find 'aidl/android.system.keystore2.IKeystoreService/default' for ctl.interface_start from pid: 291 (/system/bin/servicemanager)
[  126.079730] init: Control message: Could not find 'aidl/android.system.keystore2.IKeystoreService/default' for ctl.interface_start from pid: 291 (/system/bin/servicemanager)
[  126.972446] <I>CTS-Core ESD protection work
[  127.081544] init: Control message: Could not find 'aidl/android.system.keystore2.IKeystoreService/default' for ctl.interface_start from pid: 291 (/system/bin/servicemanager)
[  128.082962] init: Control message: Could not find 'aidl/android.system.keystore2.IKeystoreService/default' for ctl.interface_start from pid: 291 (/system/bin/servicemanager)
[  128.988481] <I>CTS-Core ESD protection work
[  129.084644] init: Control message: Could not find 'aidl/android.system.keystore2.IKeystoreService/default' for ctl.interface_start from pid: 291 (/system/bin/servicemanager)
[  129.354548] init: starting service 'boot-hal-1-2'...
[  129.376839] init: Service 'boot-hal-1-2' (pid 439) exited with status 1
[  129.376867] init: Sending signal 9 to service 'boot-hal-1-2' (pid 439) process group...
[  129.377019] libprocessgroup: Successfully killed process cgroup uid 0 pid 439 in 0ms
[  130.086564] init: Control message: Could not find 'aidl/android.system.keystore2.IKeystoreService/default' for ctl.interface_start from pid: 291 (/system/bin/servicemanager)
[  131.004473] <I>CTS-Core ESD protection work
[  131.088219] init: Control message: Could not find 'aidl/android.system.keystore2.IKeystoreService/default' for ctl.interface_start from pid: 291 (/system/bin/servicemanager)
[  132.089603] init: Control message: Could not find 'aidl/android.system.keystore2.IKeystoreService/default' for ctl.interface_start from pid: 291 (/system/bin/servicemanager)
[  133.020448] <I>CTS-Core ESD protection work
[  133.091263] init: Control message: Could not find 'aidl/android.system.keystore2.IKeystoreService/default' for ctl.interface_start from pid: 291 (/system/bin/servicemanager)
[  133.852506] charger-manager charger-manager: cm_manager_get_jeita_status: jeita status:(2) 2 2, temperature:379, jeita_size:4
[  133.852519] charger-manager charger-manager: current-last jeita status: 2-2, current temperature: 379
[  133.853379] charger-manager charger-manager: battery_status 1, charging_status 0
[  133.853981] sc27xx-fgu 64200000.spi:pmic@0:fgu@c00: UUSOC: cur_avg_ma = 1657, resistance_moh = 0, ocv_pzero_uv = 3400000, ocv_pzero_cap = 0, ocv_pzero_mah = 0
[  133.859250] charger-manager charger-manager: cant not get input_cur.
[  133.860811] charger-manager charger-manager: vbat: 4001000, vbat_avg: 4001000, OCV: 3780486, ibat: 1658000, ibat_avg: 1657000, ibus: 0, vbus: 4328000, msoc: 164, chg_sts: 1, frce_full: 0, chg_lmt_cur: 3328000, inpt_lmt_cur: 2000000, chgr_type: 6, Tboard: 381, Tbatt: 381, thm_cur: -22, thm_pwr: 0, is_fchg: 1, fchg_en: 1, tflush: 90, tperiod: 15
[  133.860822] charger-manager charger-manager: new_uisoc = 164, old_uisoc = 163
[  133.867501] sgm41510_chg 5-006b: sgm41510_charger_dump_register: [REG_0x00]=0x13; [REG_0x01]=0x06; [REG_0x02]=0x11; [REG_0x03]=0x1a; [REG_0x04]=0x34; [REG_0x05]=0x12; [REG_0x06]=0x9e; [REG_0x07]=0x9f; [REG_0x08]=0x03; [REG_0x09]=0x44; [REG_0x0a]=0x70; [REG_0x0b]=0x56; [REG_0x0c]=0x00; [REG_0x0d]=0x92; [REG_0x0e]=0x00; [REG_0x0f]=0x00; [REG_0x10]=0x00; [REG_0x11]=0x80; [REG_0x12]=0x00; [REG_0x13]=0xc0; [REG_0x14]=0x00; [REG_0x15]=0x0c; 
[  134.093054] init: Control message: Could not find 'aidl/android.system.keystore2.IKeystoreService/default' for ctl.interface_start from pid: 291 (/system/bin/servicemanager)
[  134.358992] init: starting service 'boot-hal-1-2'...
[  134.381286] init: Service 'boot-hal-1-2' (pid 445) exited with status 1
[  134.381315] init: Sending signal 9 to service 'boot-hal-1-2' (pid 445) process group...
[  134.381473] libprocessgroup: Successfully killed process cgroup uid 0 pid 445 in 0ms
[  135.036675] <I>CTS-Core ESD protection work
[  135.094685] init: Control message: Could not find 'aidl/android.system.keystore2.IKeystoreService/default' for ctl.interface_start from pid: 291 (/system/bin/servicemanager)
[  136.095897] init: Control message: Could not find 'aidl/android.system.keystore2.IKeystoreService/default' for ctl.interface_start from pid: 291 (/system/bin/servicemanager)
[  137.052470] <I>CTS-Core ESD protection work
[  137.097827] init: Control message: Could not find 'aidl/android.system.keystore2.IKeystoreService/default' for ctl.interface_start from pid: 291 (/system/bin/servicemanager)
[  138.099490] init: Control message: Could not find 'aidl/android.system.keystore2.IKeystoreService/default' for ctl.interface_start from pid: 291 (/system/bin/servicemanager)
[  139.068457] <I>CTS-Core ESD protection work
[  139.101409] init: Control message: Could not find 'aidl/android.system.keystore2.IKeystoreService/default' for ctl.interface_start from pid: 291 (/system/bin/servicemanager)
[  139.363299] init: starting service 'boot-hal-1-2'...
[  139.385480] init: Service 'boot-hal-1-2' (pid 452) exited with status 1
[  139.385509] init: Sending signal 9 to service 'boot-hal-1-2' (pid 452) process group...
[  139.385659] libprocessgroup: Successfully killed process cgroup uid 0 pid 452 in 0ms
[  139.484790] sc27xx-fgu 64200000.spi:pmic@0:fgu@c00: not satisfy power on start condition.
[  139.484812] sc27xx-fgu 64200000.spi:pmic@0:fgu@c00: init_cap = 173, init_mah = 856, init_clbcnt = 8529869, cur_clbcnt = 9052639, normal_cap = 184, data->cc_mah = 52, Tbat = 381, uusoc_vbat = 0, uusoc_mah = 0, cur_1000ma_adc = 1384, track_sts = 1
[  140.102829] init: Control message: Could not find 'aidl/android.system.keystore2.IKeystoreService/default' for ctl.interface_start from pid: 291 (/system/bin/servicemanager)
[  141.084492] <I>CTS-Core ESD protection work
[  141.104287] init: Control message: Could not find 'aidl/android.system.keystore2.IKeystoreService/default' for ctl.interface_start from pid: 291 (/system/bin/servicemanager)
[  142.106178] init: Control message: Could not find 'aidl/android.system.keystore2.IKeystoreService/default' for ctl.interface_start from pid: 291 (/system/bin/servicemanager)
[  143.100485] <I>CTS-Core ESD protection work
[  143.107862] init: Control message: Could not find 'aidl/android.system.keystore2.IKeystoreService/default' for ctl.interface_start from pid: 291 (/system/bin/servicemanager)
[  144.109133] init: Control message: Could not find 'aidl/android.system.keystore2.IKeystoreService/default' for ctl.interface_start from pid: 291 (/system/bin/servicemanager)
[  144.367020] init: starting service 'boot-hal-1-2'...
[  144.389073] init: Service 'boot-hal-1-2' (pid 458) exited with status 1
[  144.389102] init: Sending signal 9 to service 'boot-hal-1-2' (pid 458) process group...
[  144.389257] libprocessgroup: Successfully killed process cgroup uid 0 pid 458 in 0ms
[  145.111090] init: Control message: Could not find 'aidl/android.system.keystore2.IKeystoreService/default' for ctl.interface_start from pid: 291 (/system/bin/servicemanager)
[  145.116382] <I>CTS-Core ESD protection work
[  146.112538] init: Control message: Could not find 'aidl/android.system.keystore2.IKeystoreService/default' for ctl.interface_start from pid: 291 (/system/bin/servicemanager)
[  147.114391] init: Control message: Could not find 'aidl/android.system.keystore2.IKeystoreService/default' for ctl.interface_start from pid: 291 (/system/bin/servicemanager)
[  147.132959] <I>CTS-Core ESD protection work
[  148.116169] init: Control message: Could not find 'aidl/android.system.keystore2.IKeystoreService/default' for ctl.interface_start from pid: 291 (/system/bin/servicemanager)
[  148.956734] charger-manager charger-manager: cm_manager_get_jeita_status: jeita status:(2) 2 2, temperature:381, jeita_size:4
[  148.956746] charger-manager charger-manager: current-last jeita status: 2-2, current temperature: 381
[  148.957741] charger-manager charger-manager: battery_status 1, charging_status 0
[  148.958074] sc27xx-fgu 64200000.spi:pmic@0:fgu@c00: UUSOC: cur_avg_ma = 1658, resistance_moh = 0, ocv_pzero_uv = 3400000, ocv_pzero_cap = 0, ocv_pzero_mah = 0
[  148.964035] charger-manager charger-manager: cant not get input_cur.
[  148.965458] charger-manager charger-manager: vbat: 4004000, vbat_avg: 4003000, OCV: 3783486, ibat: 1658000, ibat_avg: 1658000, ibus: 0, vbus: 4328000, msoc: 166, chg_sts: 1, frce_full: 0, chg_lmt_cur: 3328000, inpt_lmt_cur: 2000000, chgr_type: 6, Tboard: 382, Tbatt: 382, thm_cur: -22, thm_pwr: 0, is_fchg: 1, fchg_en: 1, tflush: 105, tperiod: 15
[  148.965468] charger-manager charger-manager: new_uisoc = 166, old_uisoc = 164
[  148.978777] healthd: battery l=17 v=4004 t=38.2 h=2 st=2 c=1658000 fc=4950000 cc=7089 chg=au
[  148.979758] sgm41510_chg 5-006b: sgm41510_charger_dump_register: [REG_0x00]=0x13; [REG_0x01]=0x06; [REG_0x02]=0x11; [REG_0x03]=0x1a; [REG_0x04]=0x34; [REG_0x05]=0x12; [REG_0x06]=0x9e; [REG_0x07]=0x9f; [REG_0x08]=0x03; [REG_0x09]=0x44; [REG_0x0a]=0x70; [REG_0x0b]=0x56; [REG_0x0c]=0x00; [REG_0x0d]=0x92; [REG_0x0e]=0x00; [REG_0x0f]=0x00; [REG_0x10]=0x00; [REG_0x11]=0x80; [REG_0x12]=0x00; [REG_0x13]=0xc0; [REG_0x14]=0x00; [REG_0x15]=0x0c; 
[  149.118092] init: Control message: Could not find 'aidl/android.system.keystore2.IKeystoreService/default' for ctl.interface_start from pid: 291 (/system/bin/servicemanager)
[  149.148720] <I>CTS-Core ESD protection work
[  149.370983] init: starting service 'boot-hal-1-2'...
[  149.393151] init: Service 'boot-hal-1-2' (pid 465) exited with status 1
[  149.393202] init: Sending signal 9 to service 'boot-hal-1-2' (pid 465) process group...
[  149.393428] libprocessgroup: Successfully killed process cgroup uid 0 pid 465 in 0ms
[  150.119938] init: Control message: Could not find 'aidl/android.system.keystore2.IKeystoreService/default' for ctl.interface_start from pid: 291 (/system/bin/servicemanager)
[  151.121644] init: Control message: Could not find 'aidl/android.system.keystore2.IKeystoreService/default' for ctl.interface_start from pid: 291 (/system/bin/servicemanager)
[  151.164480] <I>CTS-Core ESD protection work
[  152.123373] init: Control message: Could not find 'aidl/android.system.keystore2.IKeystoreService/default' for ctl.interface_start from pid: 291 (/system/bin/servicemanager)
[  153.125038] init: Control message: Could not find 'aidl/android.system.keystore2.IKeystoreService/default' for ctl.interface_start from pid: 291 (/system/bin/servicemanager)
[  153.180474] <I>CTS-Core ESD protection work
[  154.126903] init: Control message: Could not find 'aidl/android.system.keystore2.IKeystoreService/default' for ctl.interface_start from pid: 291 (/system/bin/servicemanager)
[  154.322520] healthd: battery l=17 v=4004 t=38.2 h=2 st=2 c=1658000 fc=4950000 cc=7089 chg=au
[  154.374761] init: starting service 'boot-hal-1-2'...
[  154.397289] init: Service 'boot-hal-1-2' (pid 471) exited with status 1
[  154.397319] init: Sending signal 9 to service 'boot-hal-1-2' (pid 471) process group...
[  154.397468] libprocessgroup: Successfully killed process cgroup uid 0 pid 471 in 0ms
[  154.588737] sc27xx-fgu 64200000.spi:pmic@0:fgu@c00: not satisfy power on start condition.
[  154.588758] sc27xx-fgu 64200000.spi:pmic@0:fgu@c00: init_cap = 173, init_mah = 856, init_clbcnt = 8529869, cur_clbcnt = 9121460, normal_cap = 185, data->cc_mah = 59, Tbat = 382, uusoc_vbat = 0, uusoc_mah = 0, cur_1000ma_adc = 1384, track_sts = 1
[  155.128826] init: Control message: Could not find 'aidl/android.system.keystore2.IKeystoreService/default' for ctl.interface_start from pid: 291 (/system/bin/servicemanager)
[  155.196455] <I>CTS-Core ESD protection work
[  156.130228] init: Control message: Could not find 'aidl/android.system.keystore2.IKeystoreService/default' for ctl.interface_start from pid: 291 (/system/bin/servicemanager)
[  157.132341] init: Control message: Could not find 'aidl/android.system.keystore2.IKeystoreService/default' for ctl.interface_start from pid: 291 (/system/bin/servicemanager)
[  157.212481] <I>CTS-Core ESD protection work
[  158.134108] init: Control message: Could not find 'aidl/android.system.keystore2.IKeystoreService/default' for ctl.interface_start from pid: 291 (/system/bin/servicemanager)
[  159.135502] init: Control message: Could not find 'aidl/android.system.keystore2.IKeystoreService/default' for ctl.interface_start from pid: 291 (/system/bin/servicemanager)
[  159.228464] <I>CTS-Core ESD protection work
[  159.379356] init: starting service 'boot-hal-1-2'...
[  159.401543] init: Service 'boot-hal-1-2' (pid 478) exited with status 1
[  159.401592] init: Sending signal 9 to service 'boot-hal-1-2' (pid 478) process group...
[  159.401813] libprocessgroup: Successfully killed process cgroup uid 0 pid 478 in 0ms
[  160.136373] init: Control message: Could not find 'aidl/android.system.keystore2.IKeystoreService/default' for ctl.interface_start from pid: 291 (/system/bin/servicemanager)
