[    0.000000] Booting Linux on physical CPU 0x0000000000 [0x412fd050]
[    0.000000] Linux version 5.4.254-ab181 (jks@62jks) (DEFAULT, ) #1 SMP PREEMPT PREEMPT_RT Tue Jun 4 13:41:46 CST 2024
[    0.000000] Machine model: Spreadtrum UMS9230 1H10 SoC
[    0.000000] earlycon: sprd_serial0 at MMIO 0x00000000200b0000 (options '115200n8')
[    0.000000] printk: bootconsole [sprd_serial0] enabled
[    0.000000] efi: Getting EFI parameters from FDT:
[    0.000000] efi: UEFI not found.
[    0.000000] OF: fdt: Reserved memory: failed to reserve memory for node 'sysdump-uboot@9f000000': base 0x000000009f000000, size 0 MiB
[    0.000000] memblock overlap! base:[0x000000f0000000 - 0x000000f2ffffff], overlap:[0x000000f0000000 - 0x000000f2ffffff]
[    0.000000] Reserved memory: created CMA memory pool at 0x00000000f0000000, size 48 MiB
[    0.000000] OF: reserved mem: initialized node cma_share@f00000000, compatible id shared-dma-pool
[    0.000000] On node 0 totalpages: 1572847
[    0.000000] DMA32 zone: 8192 pages used for memmap
[    0.000000] DMA32 zone: 0 pages reserved
[    0.000000] DMA32 zone: 524272 pages, LIFO batch:63
[    0.000000] Normal zone: 16384 pages used for memmap
[    0.000000] Normal zone: 1048575 pages, LIFO batch:63
[    0.000000] psci: probing for conduit method from DT.
[    0.000000] psci: PSCIv1.0 detected in firmware.
[    0.000000] psci: Using standard PSCI v0.2 function IDs
[    0.000000] psci: MIGRATE_INFO_TYPE not supported.
[    0.000000] psci: SMC Calling Convention v1.0
[    0.000000] percpu: Embedded 32 pages/cpu s93592 r8192 d29288 u131072
[    0.000000] pcpu-alloc: s93592 r8192 d29288 u131072 alloc=32*4096
[    0.000000] pcpu-alloc: [0] 0 [0] 1 [0] 2 [0] 3 [0] 4 [0] 5 [0] 6 [0] 7 
[    0.000000] Detected VIPT I-cache on CPU0
[    0.000000] CPU features: detected: GIC system register CPU interface
[    0.000000] CPU features: detected: Speculative Store Bypassing Safe (SSBS)
[    0.000000] Built 1 zonelists, mobility grouping on.  Total pages: 1548271
[    0.000000] Kernel command line: earlycon console=ttySPRD1,115200n8 loop.max_part=7 loglevel=1 init=/init root=/dev/ram0 rw printk.devkmsg=on swiotlb=1 dummy_hcd.num=0 initcall_debug=1 androidboot.hardware=ums9230_1h10 androidboot.dtbo_idx=1 lcd_id=ID41 lcd_name=lcd_icnl9911c_mdt_mipi_hdp lcd_base=9e000000 lcd_size=1600x720 logo_bpix=8 androidboot.ddrsize=6144M androidboot.ddrsize.range=[6144,) androidboot.lwfq.type=0 androidboot.auto.efuse=T616 androidboot.auto.chipid=UMS9230-AC  sysdump_magic=80001000 sysdump_re_flag=1  androidboot.wdten=e551  androidboot.dswdten=enable modem=shutdown androidboot.mode=recovery ltemode=lcsfb rfboard.id=0 rfhw.id=32816 crystal=6 32k.less=1 marlin.clktype=1 androidboot.pmic.chipid=2730 cpcmdline=end  androidboot.verifiedbootstate=orange androidboot.flash.locked=0  androidboot.serialno=Z60plusBD2309059028 buildvariant=user androidboot.vbmeta.device=PARTUUID=1.0 androidboot.vbmeta.avb_version=1.1 androidboot.vbmeta.device_state=unlocked and
[    0.000000] sprd-sysdump: [sysdump_magic_setup]SYSDUMP paddr from uboot: 0x80001000
[    0.000000] sprd-sysdump: [sysdump_reflag_setup]sysdump reserve flag from uboot: 1
[    0.000000] Dentry cache hash table entries: 1048576 (order: 11, 8388608 bytes, linear)
[    0.000000] Inode-cache hash table entries: 524288 (order: 10, 4194304 bytes, linear)
[    0.000000] mem auto-init: stack:all(zero), heap alloc:on, heap free:off
[    0.000000] software IO TLB: mapped [mem 0xffa30000-0xffa70000] (0MB)
[    0.000000] Memory: 5804104K/6291388K available (22716K kernel code, 1742K rwdata, 10488K rodata, 2112K init, 2788K bss, 438132K reserved, 49152K cma-reserved)
[    0.000000] SLUB: HWalign=64, Order=0-3, MinObjects=0, CPUs=8, Nodes=1
[    0.000000] rcu: Preemptible hierarchical RCU implementation.
[    0.000000] rcu: \x09RCU dyntick-idle grace-period acceleration is enabled.
[    0.000000] rcu: \x09RCU restricting CPUs from NR_CPUS=32 to nr_cpu_ids=8.
[    0.000000] \x09Tasks RCU enabled.
[    0.000000] rcu: RCU calculated value of scheduler-enlistment delay is 25 jiffies.
[    0.000000] rcu: Adjusting geometry for rcu_fanout_leaf=16, nr_cpu_ids=8
[    0.000000] NR_IRQS: 64, nr_irqs: 64, preallocated irqs: 0
[    0.000000] GICv3: GIC: Using split EOI/Deactivate mode
[    0.000000] GICv3: 192 SPIs implemented
[    0.000000] GICv3: 0 Extended SPIs implemented
[    0.000000] GICv3: Distributor has no Range Selector support
[    0.000000] GICv3: 16 PPIs implemented
[    0.000000] GICv3: no VLPI support, no direct LPI support
[    0.000000] GICv3: CPU0: found redistributor 0 region 0:0x0000000010040000
[    0.000000] rcu: \x09Offload RCU callbacks from CPUs: (none).
[    0.000000] kfence: initialized - using 2097152 bytes for 255 objects at 0x(____ptrval____)-0x(____ptrval____)
[    0.000000] clocksource: sprd_suspend_timer: mask: 0xffffffff max_cycles: 0xffffffff, max_idle_ns: 58327039986419 ns
[    0.000000] arch_timer: cp15 timer(s) running at 26.00MHz (phys).
[    0.000000] clocksource: arch_sys_counter: mask: 0xffffffffffffff max_cycles: 0x5ff13d5a9, max_idle_ns: 440795202370 ns
[    0.000000] sched_clock: 56 bits at 26MHz, resolution 38ns, wraps every 4398046511088ns
[    0.000000] calling  __typeid__ZTSFivE_global_addr+0x770/0xec8 @ 0
[    0.000000] initcall __typeid__ZTSFivE_global_addr+0x770/0xec8 returned 0 after 0 usecs
[    0.000000] calling  __typeid__ZTSFivE_global_addr+0x778/0xec8 @ 0
[    0.000000] initcall __typeid__ZTSFivE_global_addr+0x778/0xec8 returned 0 after 0 usecs
[    0.000000] calling  __typeid__ZTSFivE_global_addr+0x78c/0xec8 @ 0
[    0.000000] serial port 1 not yet initialized
[    0.000000] initcall __typeid__ZTSFivE_global_addr+0x78c/0xec8 returned 0 after 0 usecs
[    0.000000] Calibrating delay loop (skipped), value calculated using timer frequency.. 52.00 BogoMIPS (lpj=104000)
[    0.000000] pid_max: default: 32768 minimum: 301
[    0.000000] LSM: Security Framework initializing
[    0.000000] SELinux:  Initializing.
[    0.000000] Mount-cache hash table entries: 16384 (order: 5, 131072 bytes, linear)
[    0.000000] Mountpoint-cache hash table entries: 16384 (order: 5, 131072 bytes, linear)
[    0.000000] calling  __typeid__ZTSFivE_global_addr+0x40/0xec8 @ 1
[    0.000000] initcall __typeid__ZTSFivE_global_addr+0x40/0xec8 returned 0 after 0 usecs
[    0.000000] calling  __typeid__ZTSFivE_global_addr+0x3c/0xec8 @ 1
[    0.000000] initcall __typeid__ZTSFivE_global_addr+0x3c/0xec8 returned 0 after 0 usecs
[    0.000000] calling  __typeid__ZTSFivE_global_addr+0x74/0xec8 @ 1
[    0.000000] initcall __typeid__ZTSFivE_global_addr+0x74/0xec8 returned 0 after 0 usecs
[    0.000000] calling  __typeid__ZTSFivE_global_addr+0x8c/0xec8 @ 1
[    0.000000] ASID allocator initialised with 32768 entries
[    0.000000] initcall __typeid__ZTSFivE_global_addr+0x8c/0xec8 returned 0 after 0 usecs
[    0.000000] calling  __typeid__ZTSFivE_global_addr+0xec/0xec8 @ 1
[    0.000000] initcall __typeid__ZTSFivE_global_addr+0xec/0xec8 returned 0 after 0 usecs
[    0.000000] calling  __typeid__ZTSFivE_global_addr+0x10c/0xec8 @ 1
[    0.000000] initcall __typeid__ZTSFivE_global_addr+0x10c/0xec8 returned 0 after 0 usecs
[    0.000000] calling  __typeid__ZTSFivE_global_addr+0x17c/0xec8 @ 1
[    0.000000] rcu: Hierarchical SRCU implementation.
[    0.000000] initcall __typeid__ZTSFivE_global_addr+0x17c/0xec8 returned 0 after 0 usecs
[    0.000000] calling  __typeid__ZTSFivE_global_addr+0x190/0xec8 @ 1
[    0.000000] initcall __typeid__ZTSFivE_global_addr+0x190/0xec8 returned 0 after 0 usecs
[    0.000000] calling  __typeid__ZTSFivE_global_addr+0x18c/0xec8 @ 1
[    0.000000] initcall __typeid__ZTSFivE_global_addr+0x18c/0xec8 returned 0 after 0 usecs
[    0.000000] calling  __typeid__ZTSFivE_global_addr+0x188/0xec8 @ 1
[    0.000000] initcall __typeid__ZTSFivE_global_addr+0x188/0xec8 returned 0 after 0 usecs
[    0.000000] calling  __typeid__ZTSFivE_global_addr+0x1fc/0xec8 @ 1
[    0.000000] initcall __typeid__ZTSFivE_global_addr+0x1fc/0xec8 returned 0 after 0 usecs
[    0.000000] calling  __typeid__ZTSFivE_global_addr+0x244/0xec8 @ 1
[    0.000000] initcall __typeid__ZTSFivE_global_addr+0x244/0xec8 returned 0 after 0 usecs
[    0.000000] calling  __typeid__ZTSFivE_global_addr+0x24c/0xec8 @ 1
[    0.000000] initcall __typeid__ZTSFivE_global_addr+0x24c/0xec8 returned 0 after 0 usecs
[    0.000000] calling  __typeid__ZTSFivE_global_addr+0x294/0xec8 @ 1
[    0.000000] initcall __typeid__ZTSFivE_global_addr+0x294/0xec8 returned 0 after 0 usecs
[    0.000000] calling  __typeid__ZTSFivE_global_addr+0x2d8/0xec8 @ 1
[    0.000000] initcall __typeid__ZTSFivE_global_addr+0x2d8/0xec8 returned 0 after 0 usecs
[    0.000000] calling  __typeid__ZTSFivE_global_addr+0x674/0xec8 @ 1
[    0.004000] initcall __typeid__ZTSFivE_global_addr+0x674/0xec8 returned 0 after 3906 usecs
[    0.004000] calling  __typeid__ZTSFivE_global_addr+0x680/0xec8 @ 1
[    0.004000] initcall __typeid__ZTSFivE_global_addr+0x680/0xec8 returned 0 after 0 usecs
[    0.004000] calling  __typeid__ZTSFivE_global_addr+0x684/0xec8 @ 1
[    0.004000] initcall __typeid__ZTSFivE_global_addr+0x684/0xec8 returned 0 after 0 usecs
[    0.004000] calling  __typeid__ZTSFivE_global_addr+0x728/0xec8 @ 1
[    0.004000] sprd-sysdump: [sysdump_info_init]vmcore info init end!
[    0.100000] sprd-sysdump: section_info_log_buf in. vaddr : 0xffffffc0124ecca8  len :0x100000
[    0.100000] sprd-sysdump: log_buf added successfully in minidump section:paddr_start=824ecca8,paddr_end=825ecca8
[    0.100000] sprd-sysdump: add log_buf to minidump section ok!!
[    0.100000] sprd-sysdump: per_cpu added successfully in minidump section:paddr_start=1ff244000,paddr_end=1ff344000
[    0.100000] sprd-sysdump: per_cpu added to minidump section ok!!
[    0.100000] sprd-sysdump: etb_data added successfully in minidump section:paddr_start=0,paddr_end=0
[    0.100000] initcall __typeid__ZTSFivE_global_addr+0x728/0xec8 returned 0 after 93750 usecs
[    0.100000] calling  __typeid__ZTSFivE_global_addr+0x730/0xec8 @ 1
[    0.100000] sprd-sysdump: vmcoreinfo added successfully in minidump section:paddr_start=1f7d85000,paddr_end=1f7d87000
[    0.100000] add vmcoreinfo to minidump ok!!
[    0.100000] initcall __typeid__ZTSFivE_global_addr+0x730/0xec8 returned 0 after 0 usecs
[    0.100000] calling  __typeid__ZTSFivE_global_addr+0x824/0xec8 @ 1
[    0.100000] initcall __typeid__ZTSFivE_global_addr+0x824/0xec8 returned 0 after 0 usecs
[    0.100000] calling  __typeid__ZTSFivE_global_addr+0xa74/0xec8 @ 1
[    0.100000] initcall __typeid__ZTSFivE_global_addr+0xa74/0xec8 returned 0 after 0 usecs
[    0.100000] calling  __typeid__ZTSFivE_global_addr+0xa94/0xec8 @ 1
[    0.100000] EFI services will not be available.
[    0.100000] initcall __typeid__ZTSFivE_global_addr+0xa94/0xec8 returned 0 after 0 usecs
[    0.100000] calling  __typeid__ZTSFivE_global_addr+0xa9c/0xec8 @ 1
[    0.100000] initcall __typeid__ZTSFivE_global_addr+0xa9c/0xec8 returned 0 after 0 usecs
[    0.100000] calling  __typeid__ZTSFivE_global_addr+0xaa0/0xec8 @ 1
[    0.100000] initcall __typeid__ZTSFivE_global_addr+0xaa0/0xec8 returned 0 after 0 usecs
[    0.100000] calling  __typeid__ZTSFivE_global_addr+0xec4/0xec8 @ 1
[    0.100000] initcall __typeid__ZTSFivE_global_addr+0xec4/0xec8 returned 0 after 0 usecs
[    0.100000] smp: Bringing up secondary CPUs ...
[    0.104000] Detected VIPT I-cache on CPU1
[    0.104000] GICv3: CPU1: found redistributor 100 region 0:0x0000000010060000
[    0.104000] CPU1: Booted secondary processor 0x0000000100 [0x412fd050]
[    0.104000] Detected VIPT I-cache on CPU2
[    0.104000] GICv3: CPU2: found redistributor 200 region 0:0x0000000010080000
[    0.104000] CPU2: Booted secondary processor 0x0000000200 [0x412fd050]
[    0.104000] Detected VIPT I-cache on CPU3
[    0.104000] GICv3: CPU3: found redistributor 300 region 0:0x00000000100a0000
[    0.104000] CPU3: Booted secondary processor 0x0000000300 [0x412fd050]
[    0.104000] Detected VIPT I-cache on CPU4
[    0.104000] GICv3: CPU4: found redistributor 400 region 0:0x00000000100c0000
[    0.104000] CPU4: Booted secondary processor 0x0000000400 [0x412fd050]
[    0.108000] Detected VIPT I-cache on CPU5
[    0.108000] GICv3: CPU5: found redistributor 500 region 0:0x00000000100e0000
[    0.108000] CPU5: Booted secondary processor 0x0000000500 [0x412fd050]
[    0.108000] CPU features: detected: Spectre-BHB
[    0.108000] Detected VIPT I-cache on CPU6
[    0.108000] CPU features: SANITY CHECK: Unexpected variation in SYS_ID_AA64PFR1_EL1. Boot CPU: 0x00000000000010, CPU6: 0x00000000000000
[    0.108000] CPU features: SANITY CHECK: Unexpected variation in SYS_ID_PFR0_EL1. Boot CPU: 0x00000010000131, CPU6: 0x00000010010131
[    0.108000] CPU features: Unsupported CPU feature variation detected.
[    0.108000] GICv3: CPU6: found redistributor 600 region 0:0x0000000010100000
[    0.108000] CPU6: Booted secondary processor 0x0000000600 [0x413fd0a1]
[    0.108000] Detected VIPT I-cache on CPU7
[    0.108000] CPU features: SANITY CHECK: Unexpected variation in SYS_ID_AA64PFR1_EL1. Boot CPU: 0x00000000000010, CPU7: 0x00000000000000
[    0.108000] CPU features: SANITY CHECK: Unexpected variation in SYS_ID_PFR0_EL1. Boot CPU: 0x00000010000131, CPU7: 0x00000010010131
[    0.108000] GICv3: CPU7: found redistributor 700 region 0:0x0000000010120000
[    0.108000] CPU7: Booted secondary processor 0x0000000700 [0x413fd0a1]
[    0.108000] smp: Brought up 1 node, 8 CPUs
[    0.108000] SMP: Total of 8 processors activated.
[    0.108000] CPU features: detected: Privileged Access Never
[    0.108000] CPU features: detected: LSE atomic instructions
[    0.108000] CPU features: detected: User Access Override
[    0.108000] CPU features: detected: 32-bit EL0 Support
[    0.108000] CPU features: detected: Common not Private translations
[    0.108000] CPU features: detected: RAS Extension Support
[    0.108000] CPU features: detected: Data cache clean to the PoU not required for I/D coherence
[    0.108000] CPU features: detected: CRC32 instructions
[    0.200000] CPU: All CPU(s) started at EL2
[    0.200000] alternatives: patching kernel code
[    0.204000] CPU7: update max cpu_capacity 1024
[    0.208000] CPU6: update max cpu_capacity 1024
[    0.220000] calling  __typeid__ZTSFivE_global_addr+0x27c/0xec8 @ 1
[    0.220000] initcall __typeid__ZTSFivE_global_addr+0x27c/0xec8 returned 0 after 0 usecs
[    0.220000] calling  __typeid__ZTSFivE_global_addr+0x500/0xec8 @ 1
[    0.220000] initcall __typeid__ZTSFivE_global_addr+0x500/0xec8 returned 0 after 0 usecs
[    0.220000] calling  __typeid__ZTSFivE_global_addr+0x6b4/0xec8 @ 1
[    0.220000] initcall __typeid__ZTSFivE_global_addr+0x6b4/0xec8 returned 0 after 0 usecs
[    0.220000] calling  __typeid__ZTSFivE_global_addr+0x724/0xec8 @ 1
[    0.220000] initcall __typeid__ZTSFivE_global_addr+0x724/0xec8 returned 0 after 0 usecs
[    0.220000] calling  __typeid__ZTSFivE_global_addr+0xc08/0xec8 @ 1
[    0.220000] initcall __typeid__ZTSFivE_global_addr+0xc08/0xec8 returned 0 after 0 usecs
[    0.220000] calling  __typeid__ZTSFivE_global_addr+0x34/0xec8 @ 1
[    0.220000] initcall __typeid__ZTSFivE_global_addr+0x34/0xec8 returned 0 after 0 usecs
[    0.220000] calling  __typeid__ZTSFivE_global_addr+0x38/0xec8 @ 1
[    0.220000] initcall __typeid__ZTSFivE_global_addr+0x38/0xec8 returned 0 after 0 usecs
[    0.220000] calling  __typeid__ZTSFivE_global_addr+0x60/0xec8 @ 1
[    0.220000] initcall __typeid__ZTSFivE_global_addr+0x60/0xec8 returned 0 after 0 usecs
[    0.220000] calling  __typeid__ZTSFivE_global_addr+0x78/0xec8 @ 1
[    0.220000] initcall __typeid__ZTSFivE_global_addr+0x78/0xec8 returned 0 after 0 usecs
[    0.220000] calling  __typeid__ZTSFivE_global_addr+0x7c/0xec8 @ 1
[    0.220000] Registered cp15_barrier emulation handler
[    0.220000] Registered setend emulation handler
[    0.220000] initcall __typeid__ZTSFivE_global_addr+0x7c/0xec8 returned 0 after 0 usecs
[    0.220000] calling  __typeid__ZTSFivE_global_addr+0x88/0xec8 @ 1
[    0.220000] initcall __typeid__ZTSFivE_global_addr+0x88/0xec8 returned 0 after 0 usecs
[    0.220000] calling  __typeid__ZTSFivE_global_addr+0xe0/0xec8 @ 1
[    0.220000] initcall __typeid__ZTSFivE_global_addr+0xe0/0xec8 returned 0 after 0 usecs
[    0.220000] calling  __typeid__ZTSFivE_global_addr+0xdc/0xec8 @ 1
[    0.220000] initcall __typeid__ZTSFivE_global_addr+0xdc/0xec8 returned 0 after 0 usecs
[    0.220000] calling  __typeid__ZTSFivE_global_addr+0xfc/0xec8 @ 1
[    0.220000] initcall __typeid__ZTSFivE_global_addr+0xfc/0xec8 returned 0 after 0 usecs
[    0.220000] calling  __typeid__ZTSFivE_global_addr+0x104/0xec8 @ 1
[    0.220000] initcall __typeid__ZTSFivE_global_addr+0x104/0xec8 returned 0 after 0 usecs
[    0.220000] calling  __typeid__ZTSFivE_global_addr+0x124/0xec8 @ 1
[    0.220000] initcall __typeid__ZTSFivE_global_addr+0x124/0xec8 returned 0 after 0 usecs
[    0.220000] calling  __typeid__ZTSFivE_global_addr+0x140/0xec8 @ 1
[    0.220000] initcall __typeid__ZTSFivE_global_addr+0x140/0xec8 returned 0 after 0 usecs
[    0.220000] calling  __typeid__ZTSFivE_global_addr+0x174/0xec8 @ 1
[    0.220000] initcall __typeid__ZTSFivE_global_addr+0x174/0xec8 returned 0 after 0 usecs
[    0.220000] calling  __typeid__ZTSFivE_global_addr+0x170/0xec8 @ 1
[    0.220000] initcall __typeid__ZTSFivE_global_addr+0x170/0xec8 returned 0 after 0 usecs
[    0.220000] calling  __typeid__ZTSFivE_global_addr+0x194/0xec8 @ 1
[    0.220000] initcall __typeid__ZTSFivE_global_addr+0x194/0xec8 returned -12 after 0 usecs
[    0.220000] calling  __typeid__ZTSFivE_global_addr+0x1b4/0xec8 @ 1
[    0.220000] clocksource: jiffies: mask: 0xffffffff max_cycles: 0xffffffff, max_idle_ns: 7645041785100000 ns
[    0.220000] initcall __typeid__ZTSFivE_global_addr+0x1b4/0xec8 returned 0 after 0 usecs
[    0.220000] calling  __typeid__ZTSFivE_global_addr+0x1d4/0xec8 @ 1
[    0.220000] futex hash table entries: 2048 (order: 5, 131072 bytes, linear)
[    0.220000] initcall __typeid__ZTSFivE_global_addr+0x1d4/0xec8 returned 0 after 0 usecs
[    0.220000] calling  __typeid__ZTSFivE_global_addr+0x1e4/0xec8 @ 1
[    0.220000] initcall __typeid__ZTSFivE_global_addr+0x1e4/0xec8 returned 0 after 0 usecs
[    0.220000] calling  __typeid__ZTSFivE_global_addr+0x1ec/0xec8 @ 1
[    0.220000] initcall __typeid__ZTSFivE_global_addr+0x1ec/0xec8 returned 0 after 0 usecs
[    0.220000] calling  __typeid__ZTSFivE_global_addr+0x274/0xec8 @ 1
[    0.220000] initcall __typeid__ZTSFivE_global_addr+0x274/0xec8 returned 0 after 0 usecs
[    0.220000] calling  __typeid__ZTSFivE_global_addr+0x328/0xec8 @ 1
[    0.220000] initcall __typeid__ZTSFivE_global_addr+0x328/0xec8 returned 0 after 0 usecs
[    0.220000] calling  __typeid__ZTSFivE_global_addr+0x358/0xec8 @ 1
[    0.220000] initcall __typeid__ZTSFivE_global_addr+0x358/0xec8 returned 0 after 0 usecs
[    0.220000] calling  __typeid__ZTSFivE_global_addr+0x37c/0xec8 @ 1
[    0.220000] initcall __typeid__ZTSFivE_global_addr+0x37c/0xec8 returned 0 after 0 usecs
[    0.220000] calling  __typeid__ZTSFivE_global_addr+0x388/0xec8 @ 1
[    0.220000] initcall __typeid__ZTSFivE_global_addr+0x388/0xec8 returned 0 after 0 usecs
[    0.220000] calling  __typeid__ZTSFivE_global_addr+0x38c/0xec8 @ 1
[    0.220000] initcall __typeid__ZTSFivE_global_addr+0x38c/0xec8 returned 0 after 0 usecs
[    0.220000] calling  __typeid__ZTSFivE_global_addr+0x390/0xec8 @ 1
[    0.220000] initcall __typeid__ZTSFivE_global_addr+0x390/0xec8 returned 0 after 0 usecs
[    0.220000] calling  __typeid__ZTSFivE_global_addr+0x394/0xec8 @ 1
[    0.220000] initcall __typeid__ZTSFivE_global_addr+0x394/0xec8 returned 0 after 0 usecs
[    0.220000] calling  __typeid__ZTSFivE_global_addr+0x3dc/0xec8 @ 1
[    0.220000] initcall __typeid__ZTSFivE_global_addr+0x3dc/0xec8 returned 0 after 0 usecs
[    0.220000] calling  __typeid__ZTSFivE_global_addr+0x4dc/0xec8 @ 1
[    0.220000] initcall __typeid__ZTSFivE_global_addr+0x4dc/0xec8 returned 0 after 0 usecs
[    0.220000] calling  __typeid__ZTSFivE_global_addr+0x4e0/0xec8 @ 1
[    0.220000] initcall __typeid__ZTSFivE_global_addr+0x4e0/0xec8 returned 0 after 0 usecs
[    0.220000] calling  __typeid__ZTSFivE_global_addr+0x508/0xec8 @ 1
[    0.220000] initcall __typeid__ZTSFivE_global_addr+0x508/0xec8 returned 0 after 0 usecs
[    0.220000] calling  __typeid__ZTSFivE_global_addr+0x5ec/0xec8 @ 1
[    0.220000] xor: measuring software checksum speed
[    0.260000] 8regs     :  5649.000 MB/sec
[    0.300000] 32regs    :  5340.000 MB/sec
[    0.340000] arm64_neon:  5098.000 MB/sec
[    0.340000] xor: using function: 8regs (5649.000 MB/sec)
[    0.340000] initcall __typeid__ZTSFivE_global_addr+0x5ec/0xec8 returned 0 after 117187 usecs
[    0.340000] calling  __typeid__ZTSFivE_global_addr+0x63c/0xec8 @ 1
[    0.340000] initcall __typeid__ZTSFivE_global_addr+0x63c/0xec8 returned 0 after 0 usecs
[    0.340000] calling  __typeid__ZTSFivE_global_addr+0x68c/0xec8 @ 1
[    0.340000] pinctrl core: initialized pinctrl subsystem
[    0.340000] initcall __typeid__ZTSFivE_global_addr+0x68c/0xec8 returned 0 after 0 usecs
[    0.340000] calling  __typeid__ZTSFivE_global_addr+0x69c/0xec8 @ 1
[    0.340000] initcall __typeid__ZTSFivE_global_addr+0x69c/0xec8 returned 0 after 0 usecs
[    0.340000] calling  __typeid__ZTSFivE_global_addr+0x74c/0xec8 @ 1
[    0.340000] initcall __typeid__ZTSFivE_global_addr+0x74c/0xec8 returned 0 after 0 usecs
[    0.340000] calling  __typeid__ZTSFivE_global_addr+0x754/0xec8 @ 1
[    0.340000] probe of reg-dummy returned 1 after 0 usecs
[    0.340000] initcall __typeid__ZTSFivE_global_addr+0x754/0xec8 returned 0 after 0 usecs
[    0.340000] calling  __typeid__ZTSFivE_global_addr+0x7a4/0xec8 @ 1
[    0.340000] initcall __typeid__ZTSFivE_global_addr+0x7a4/0xec8 returned 0 after 0 usecs
[    0.340000] calling  __typeid__ZTSFivE_global_addr+0x7c8/0xec8 @ 1
[    0.340000] initcall __typeid__ZTSFivE_global_addr+0x7c8/0xec8 returned 0 after 0 usecs
[    0.340000] calling  __typeid__ZTSFivE_global_addr+0x7fc/0xec8 @ 1
[    0.340000] initcall __typeid__ZTSFivE_global_addr+0x7fc/0xec8 returned 0 after 0 usecs
[    0.340000] calling  __typeid__ZTSFivE_global_addr+0x810/0xec8 @ 1
[    0.340000] initcall __typeid__ZTSFivE_global_addr+0x810/0xec8 returned 0 after 0 usecs
[    0.340000] calling  __typeid__ZTSFivE_global_addr+0x814/0xec8 @ 1
[    0.340000] initcall __typeid__ZTSFivE_global_addr+0x814/0xec8 returned 0 after 0 usecs
[    0.340000] calling  __typeid__ZTSFivE_global_addr+0xa04/0xec8 @ 1
[    0.340000] initcall __typeid__ZTSFivE_global_addr+0xa04/0xec8 returned 0 after 0 usecs
[    0.340000] calling  __typeid__ZTSFivE_global_addr+0xa10/0xec8 @ 1
[    0.340000] initcall __typeid__ZTSFivE_global_addr+0xa10/0xec8 returned 0 after 0 usecs
[    0.340000] calling  __typeid__ZTSFivE_global_addr+0xa14/0xec8 @ 1
[    0.340000] initcall __typeid__ZTSFivE_global_addr+0xa14/0xec8 returned 0 after 0 usecs
[    0.340000] calling  __typeid__ZTSFivE_global_addr+0xa28/0xec8 @ 1
[    0.340000] initcall __typeid__ZTSFivE_global_addr+0xa28/0xec8 returned 0 after 0 usecs
[    0.340000] calling  __typeid__ZTSFivE_global_addr+0xa84/0xec8 @ 1
[    0.340000] initcall __typeid__ZTSFivE_global_addr+0xa84/0xec8 returned 0 after 0 usecs
[    0.340000] calling  __typeid__ZTSFivE_global_addr+0xa90/0xec8 @ 1
[    0.340000] initcall __typeid__ZTSFivE_global_addr+0xa90/0xec8 returned 0 after 0 usecs
[    0.340000] calling  __typeid__ZTSFivE_global_addr+0xbfc/0xec8 @ 1
[    0.340000] initcall __typeid__ZTSFivE_global_addr+0xbfc/0xec8 returned 0 after 0 usecs
[    0.340000] calling  __typeid__ZTSFivE_global_addr+0xc04/0xec8 @ 1
[    0.340000] initcall __typeid__ZTSFivE_global_addr+0xc04/0xec8 returned 0 after 0 usecs
[    0.340000] calling  __typeid__ZTSFivE_global_addr+0xc0c/0xec8 @ 1
[    0.340000] initcall __typeid__ZTSFivE_global_addr+0xc0c/0xec8 returned 0 after 0 usecs
[    0.340000] calling  __typeid__ZTSFivE_global_addr+0xc10/0xec8 @ 1
[    0.340000] initcall __typeid__ZTSFivE_global_addr+0xc10/0xec8 returned 0 after 0 usecs
[    0.340000] calling  __typeid__ZTSFivE_global_addr+0xc90/0xec8 @ 1
[    0.340000] NET: Registered protocol family 16
[    0.340000] initcall __typeid__ZTSFivE_global_addr+0xc90/0xec8 returned 0 after 0 usecs
[    0.340000] calling  __typeid__ZTSFivE_global_addr+0x2c/0xec8 @ 1
[    0.340000] initcall __typeid__ZTSFivE_global_addr+0x2c/0xec8 returned 0 after 0 usecs
[    0.340000] calling  __typeid__ZTSFivE_global_addr+0x160/0xec8 @ 1
[    0.340000] initcall __typeid__ZTSFivE_global_addr+0x160/0xec8 returned 0 after 0 usecs
[    0.340000] calling  __typeid__ZTSFivE_global_addr+0x19c/0xec8 @ 1
[    0.340000] DMA: preallocated 256 KiB pool for atomic allocations
[    0.340000] initcall __typeid__ZTSFivE_global_addr+0x19c/0xec8 returned 0 after 0 usecs
[    0.340000] calling  __typeid__ZTSFivE_global_addr+0x200/0xec8 @ 1
[    0.340000] audit: initializing netlink subsys (disabled)
[    0.340000] initcall __typeid__ZTSFivE_global_addr+0x200/0xec8 returned 0 after 0 usecs
[    0.340000] calling  __typeid__ZTSFivE_global_addr+0x22c/0xec8 @ 1
[    0.340000] initcall __typeid__ZTSFivE_global_addr+0x22c/0xec8 returned 0 after 0 usecs
[    0.340000] audit: type=2000 audit(0.340:1): state=initialized audit_enabled=0 res=1
[    0.340000] calling  __typeid__ZTSFivE_global_addr+0x2b4/0xec8 @ 1
[    0.340000] initcall __typeid__ZTSFivE_global_addr+0x2b4/0xec8 returned 0 after 0 usecs
[    0.340000] calling  __typeid__ZTSFivE_global_addr+0x2b8/0xec8 @ 1
[    0.340000] initcall __typeid__ZTSFivE_global_addr+0x2b8/0xec8 returned 0 after 0 usecs
[    0.340000] calling  __typeid__ZTSFivE_global_addr+0x2f0/0xec8 @ 1
[    0.340000] initcall __typeid__ZTSFivE_global_addr+0x2f0/0xec8 returned 0 after 0 usecs
[    0.340000] calling  __typeid__ZTSFivE_global_addr+0x4ec/0xec8 @ 1
[    0.340000] initcall __typeid__ZTSFivE_global_addr+0x4ec/0xec8 returned 0 after 0 usecs
[    0.340000] calling  __typeid__ZTSFivE_global_addr+0x6b0/0xec8 @ 1
[    0.340000] initcall __typeid__ZTSFivE_global_addr+0x6b0/0xec8 returned 0 after 0 usecs
[    0.340000] calling  __typeid__ZTSFivE_global_addr+0x6bc/0xec8 @ 1
[    0.340000] initcall __typeid__ZTSFivE_global_addr+0x6bc/0xec8 returned 0 after 0 usecs
[    0.340000] calling  __typeid__ZTSFivE_global_addr+0x6ec/0xec8 @ 1
[    0.340000] initcall __typeid__ZTSFivE_global_addr+0x6ec/0xec8 returned 0 after 0 usecs
[    0.340000] calling  __typeid__ZTSFivE_global_addr+0x6f8/0xec8 @ 1
[    0.340000] initcall __typeid__ZTSFivE_global_addr+0x6f8/0xec8 returned 0 after 0 usecs
[    0.340000] calling  __typeid__ZTSFivE_global_addr+0x760/0xec8 @ 1
[    0.340000] initcall __typeid__ZTSFivE_global_addr+0x760/0xec8 returned 0 after 0 usecs
[    0.340000] calling  __typeid__ZTSFivE_global_addr+0x790/0xec8 @ 1
[    0.340000] initcall __typeid__ZTSFivE_global_addr+0x790/0xec8 returned 0 after 0 usecs
[    0.340000] calling  __typeid__ZTSFivE_global_addr+0x7ac/0xec8 @ 1
[    0.340000] initcall __typeid__ZTSFivE_global_addr+0x7ac/0xec8 returned 0 after 0 usecs
[    0.340000] calling  __typeid__ZTSFivE_global_addr+0x7c0/0xec8 @ 1
[    0.340000] initcall __typeid__ZTSFivE_global_addr+0x7c0/0xec8 returned 0 after 0 usecs
[    0.340000] calling  __typeid__ZTSFivE_global_addr+0x7d0/0xec8 @ 1
[    0.340000] initcall __typeid__ZTSFivE_global_addr+0x7d0/0xec8 returned 0 after 0 usecs
[    0.340000] calling  __typeid__ZTSFivE_global_addr+0x7ec/0xec8 @ 1
[    0.340000] initcall __typeid__ZTSFivE_global_addr+0x7ec/0xec8 returned 0 after 0 usecs
[    0.340000] calling  __typeid__ZTSFivE_global_addr+0x7f0/0xec8 @ 1
[    0.340000] initcall __typeid__ZTSFivE_global_addr+0x7f0/0xec8 returned 0 after 0 usecs
[    0.340000] calling  __typeid__ZTSFivE_global_addr+0x7f4/0xec8 @ 1
[    0.340000] initcall __typeid__ZTSFivE_global_addr+0x7f4/0xec8 returned 0 after 0 usecs
[    0.340000] calling  __typeid__ZTSFivE_global_addr+0x808/0xec8 @ 1
[    0.340000] initcall __typeid__ZTSFivE_global_addr+0x808/0xec8 returned 0 after 0 usecs
[    0.340000] calling  __typeid__ZTSFivE_global_addr+0x80c/0xec8 @ 1
[    0.340000] initcall __typeid__ZTSFivE_global_addr+0x80c/0xec8 returned 0 after 0 usecs
[    0.340000] calling  __typeid__ZTSFivE_global_addr+0x82c/0xec8 @ 1
[    0.340000] initcall __typeid__ZTSFivE_global_addr+0x82c/0xec8 returned 0 after 0 usecs
[    0.340000] calling  __typeid__ZTSFivE_global_addr+0x860/0xec8 @ 1
[    0.340000] initcall __typeid__ZTSFivE_global_addr+0x860/0xec8 returned 0 after 0 usecs
[    0.340000] calling  __typeid__ZTSFivE_global_addr+0x864/0xec8 @ 1
[    0.340000] initcall __typeid__ZTSFivE_global_addr+0x864/0xec8 returned 0 after 0 usecs
[    0.340000] calling  __typeid__ZTSFivE_global_addr+0x96c/0xec8 @ 1
[    0.340000] initcall __typeid__ZTSFivE_global_addr+0x96c/0xec8 returned 0 after 0 usecs
[    0.340000] calling  __typeid__ZTSFivE_global_addr+0xa2c/0xec8 @ 1
[    0.340000] cpuidle: using governor menu
[    0.340000] initcall __typeid__ZTSFivE_global_addr+0xa2c/0xec8 returned 0 after 0 usecs
[    0.340000] calling  __typeid__ZTSFivE_global_addr+0xb50/0xec8 @ 1
[    0.340000] initcall __typeid__ZTSFivE_global_addr+0xb50/0xec8 returned 0 after 0 usecs
[    0.340000] calling  __typeid__ZTSFivE_global_addr+0xb54/0xec8 @ 1
[    0.340000] initcall __typeid__ZTSFivE_global_addr+0xb54/0xec8 returned 0 after 0 usecs
[    0.340000] calling  __typeid__ZTSFivE_global_addr+0xb8c/0xec8 @ 1
[    0.340000] initcall __typeid__ZTSFivE_global_addr+0xb8c/0xec8 returned 0 after 0 usecs
[    0.340000] calling  __typeid__ZTSFivE_global_addr+0xec0/0xec8 @ 1
[    0.340000] initcall __typeid__ZTSFivE_global_addr+0xec0/0xec8 returned 0 after 0 usecs
[    0.340000] calling  __typeid__ZTSFivE_global_addr+0x28/0xec8 @ 1
[    0.340000] initcall __typeid__ZTSFivE_global_addr+0x28/0xec8 returned 0 after 0 usecs
[    0.340000] calling  __typeid__ZTSFivE_global_addr+0x4c/0xec8 @ 1
[    0.340000] memblock overlap! base:[0x00000080000000 - 0x00000080001fff], overlap:[0x00000080000000 - 0x000000fff6ffff]
[    0.340000] memblock overlap! base:[0x000000fff80000 - 0x000000fffbffff], overlap:[0x000000fff80000 - 0x000001ffffefff]
[    0.340000] initcall __typeid__ZTSFivE_global_addr+0x4c/0xec8 returned 0 after 0 usecs
[    0.340000] calling  __typeid__ZTSFivE_global_addr+0x54/0xec8 @ 1
[    0.340000] initcall __typeid__ZTSFivE_global_addr+0x54/0xec8 returned 0 after 0 usecs
[    0.340000] calling  __typeid__ZTSFivE_global_addr+0x50/0xec8 @ 1
[    0.340000] initcall __typeid__ZTSFivE_global_addr+0x50/0xec8 returned 0 after 0 usecs
[    0.340000] calling  __typeid__ZTSFivE_global_addr+0x70/0xec8 @ 1
[    0.340000] hw-breakpoint: found 6 breakpoint and 4 watchpoint registers.
[    0.340000] initcall __typeid__ZTSFivE_global_addr+0x70/0xec8 returned 0 after 0 usecs
[    0.340000] calling  __typeid__ZTSFivE_global_addr+0x54c/0xec8 @ 1
[    0.340000] initcall __typeid__ZTSFivE_global_addr+0x54c/0xec8 returned 0 after 0 usecs
[    0.340000] calling  __typeid__ZTSFivE_global_addr+0x71c/0xec8 @ 1
[    0.340000] initcall __typeid__ZTSFivE_global_addr+0x71c/0xec8 returned 0 after 0 usecs
[    0.340000] calling  __typeid__ZTSFivE_global_addr+0x718/0xec8 @ 1
[    0.340000] initcall __typeid__ZTSFivE_global_addr+0x718/0xec8 returned 0 after 0 usecs
[    0.340000] calling  __typeid__ZTSFivE_global_addr+0x784/0xec8 @ 1
[    0.340000] Serial: AMBA PL011 UART driver
[    0.340000] initcall __typeid__ZTSFivE_global_addr+0x784/0xec8 returned 0 after 0 usecs
[    0.340000] calling  __typeid__ZTSFivE_global_addr+0x7b0/0xec8 @ 1
[    0.340000] initcall __typeid__ZTSFivE_global_addr+0x7b0/0xec8 returned 0 after 0 usecs
[    0.340000] calling  __typeid__ZTSFivE_global_addr+0xb2c/0xec8 @ 1
[    0.340000] printk: console [ramoops-1] enabled
[    0.340000] pstore: Registered ramoops as persistent store backend
[    0.340000] ramoops: using 0x40000@0xfff80000, ecc: 0
[    0.340000] probe of fff80000.ramoops returned 1 after 0 usecs
[    0.368000] initcall __typeid__ZTSFivE_global_addr+0xb2c/0xec8 returned 0 after 27343 usecs
[    0.368000] calling  __typeid__ZTSFivE_global_addr+0x48/0xec8 @ 1
[    0.368000] initcall __typeid__ZTSFivE_global_addr+0x48/0xec8 returned 0 after 0 usecs
[    0.368000] calling  __typeid__ZTSFivE_global_addr+0xf4/0xec8 @ 1
[    0.368000] initcall __typeid__ZTSFivE_global_addr+0xf4/0xec8 returned 0 after 0 usecs
[    0.368000] calling  __typeid__ZTSFivE_global_addr+0x100/0xec8 @ 1
[    0.372000] initcall __typeid__ZTSFivE_global_addr+0x100/0xec8 returned 0 after 3906 usecs
[    0.372000] calling  __typeid__ZTSFivE_global_addr+0x108/0xec8 @ 1
[    0.372000] initcall __typeid__ZTSFivE_global_addr+0x108/0xec8 returned 0 after 0 usecs
[    0.372000] calling  __typeid__ZTSFivE_global_addr+0x118/0xec8 @ 1
[    0.372000] initcall __typeid__ZTSFivE_global_addr+0x118/0xec8 returned 0 after 0 usecs
[    0.372000] calling  __typeid__ZTSFivE_global_addr+0x148/0xec8 @ 1
[    0.372000] initcall __typeid__ZTSFivE_global_addr+0x148/0xec8 returned 0 after 0 usecs
[    0.372000] calling  __typeid__ZTSFivE_global_addr+0x1a0/0xec8 @ 1
[    0.372000] initcall __typeid__ZTSFivE_global_addr+0x1a0/0xec8 returned 0 after 0 usecs
[    0.372000] calling  __typeid__ZTSFivE_global_addr+0x1e0/0xec8 @ 1
[    0.372000] initcall __typeid__ZTSFivE_global_addr+0x1e0/0xec8 returned 0 after 0 usecs
[    0.372000] calling  __typeid__ZTSFivE_global_addr+0x1e8/0xec8 @ 1
[    0.372000] initcall __typeid__ZTSFivE_global_addr+0x1e8/0xec8 returned 0 after 0 usecs
[    0.372000] calling  __typeid__ZTSFivE_global_addr+0x218/0xec8 @ 1
[    0.372000] initcall __typeid__ZTSFivE_global_addr+0x218/0xec8 returned 0 after 0 usecs
[    0.372000] calling  __typeid__ZTSFivE_global_addr+0x254/0xec8 @ 1
[    0.372000] initcall __typeid__ZTSFivE_global_addr+0x254/0xec8 returned 0 after 0 usecs
[    0.372000] calling  __typeid__ZTSFivE_global_addr+0x284/0xec8 @ 1
[    0.372000] initcall __typeid__ZTSFivE_global_addr+0x284/0xec8 returned 0 after 0 usecs
[    0.372000] calling  __typeid__ZTSFivE_global_addr+0x288/0xec8 @ 1
[    0.372000] initcall __typeid__ZTSFivE_global_addr+0x288/0xec8 returned 0 after 0 usecs
[    0.372000] calling  __typeid__ZTSFivE_global_addr+0x2a0/0xec8 @ 1
[    0.372000] initcall __typeid__ZTSFivE_global_addr+0x2a0/0xec8 returned 0 after 0 usecs
[    0.372000] calling  __typeid__ZTSFivE_global_addr+0x2b0/0xec8 @ 1
[    0.372000] initcall __typeid__ZTSFivE_global_addr+0x2b0/0xec8 returned 0 after 0 usecs
[    0.372000] calling  __typeid__ZTSFivE_global_addr+0x2ac/0xec8 @ 1
[    0.372000] initcall __typeid__ZTSFivE_global_addr+0x2ac/0xec8 returned 0 after 0 usecs
[    0.372000] calling  __typeid__ZTSFivE_global_addr+0x2c0/0xec8 @ 1
[    0.372000] initcall __typeid__ZTSFivE_global_addr+0x2c0/0xec8 returned 0 after 0 usecs
[    0.372000] calling  __typeid__ZTSFivE_global_addr+0x2cc/0xec8 @ 1
[    0.372000] initcall __typeid__ZTSFivE_global_addr+0x2cc/0xec8 returned 0 after 0 usecs
[    0.372000] calling  __typeid__ZTSFivE_global_addr+0x2e4/0xec8 @ 1
[    0.372000] initcall __typeid__ZTSFivE_global_addr+0x2e4/0xec8 returned 0 after 0 usecs
[    0.372000] calling  __typeid__ZTSFivE_global_addr+0x2e0/0xec8 @ 1
[    0.372000] initcall __typeid__ZTSFivE_global_addr+0x2e0/0xec8 returned 0 after 0 usecs
[    0.372000] calling  __typeid__ZTSFivE_global_addr+0x2dc/0xec8 @ 1
[    0.372000] initcall __typeid__ZTSFivE_global_addr+0x2dc/0xec8 returned 0 after 0 usecs
[    0.372000] calling  __typeid__ZTSFivE_global_addr+0x2f8/0xec8 @ 1
[    0.372000] initcall __typeid__ZTSFivE_global_addr+0x2f8/0xec8 returned 0 after 0 usecs
[    0.372000] calling  __typeid__ZTSFivE_global_addr+0x2fc/0xec8 @ 1
[    0.372000] initcall __typeid__ZTSFivE_global_addr+0x2fc/0xec8 returned 0 after 0 usecs
[    0.372000] calling  __typeid__ZTSFivE_global_addr+0x314/0xec8 @ 1
[    0.372000] initcall __typeid__ZTSFivE_global_addr+0x314/0xec8 returned 0 after 0 usecs
[    0.372000] calling  __typeid__ZTSFivE_global_addr+0x31c/0xec8 @ 1
[    0.372000] initcall __typeid__ZTSFivE_global_addr+0x31c/0xec8 returned 0 after 0 usecs
[    0.372000] calling  __typeid__ZTSFivE_global_addr+0x318/0xec8 @ 1
[    0.372000] initcall __typeid__ZTSFivE_global_addr+0x318/0xec8 returned 0 after 0 usecs
[    0.372000] calling  __typeid__ZTSFivE_global_addr+0x52c/0xec8 @ 1
[    0.372000] initcall __typeid__ZTSFivE_global_addr+0x52c/0xec8 returned 0 after 0 usecs
[    0.372000] calling  __typeid__ZTSFivE_global_addr+0x540/0xec8 @ 1
[    0.372000] initcall __typeid__ZTSFivE_global_addr+0x540/0xec8 returned 0 after 0 usecs
[    0.372000] calling  __typeid__ZTSFivE_global_addr+0x544/0xec8 @ 1
[    0.372000] initcall __typeid__ZTSFivE_global_addr+0x544/0xec8 returned 0 after 0 usecs
[    0.372000] calling  __typeid__ZTSFivE_global_addr+0x548/0xec8 @ 1
[    0.376000] initcall __typeid__ZTSFivE_global_addr+0x548/0xec8 returned 0 after 3906 usecs
[    0.376000] calling  __typeid__ZTSFivE_global_addr+0x550/0xec8 @ 1
[    0.376000] initcall __typeid__ZTSFivE_global_addr+0x550/0xec8 returned 0 after 0 usecs
[    0.376000] calling  __typeid__ZTSFivE_global_addr+0x554/0xec8 @ 1
[    0.376000] initcall __typeid__ZTSFivE_global_addr+0x554/0xec8 returned 0 after 0 usecs
[    0.376000] calling  __typeid__ZTSFivE_global_addr+0x558/0xec8 @ 1
[    0.376000] initcall __typeid__ZTSFivE_global_addr+0x558/0xec8 returned 0 after 0 usecs
[    0.376000] cryptomgr_test (59) used greatest stack depth: 15088 bytes left
[    0.376000] calling  __typeid__ZTSFivE_global_addr+0x55c/0xec8 @ 1
[    0.376000] initcall __typeid__ZTSFivE_global_addr+0x55c/0xec8 returned 0 after 0 usecs
[    0.376000] calling  __typeid__ZTSFivE_global_addr+0x560/0xec8 @ 1
[    0.376000] initcall __typeid__ZTSFivE_global_addr+0x560/0xec8 returned 0 after 0 usecs
[    0.376000] calling  __typeid__ZTSFivE_global_addr+0x564/0xec8 @ 1
[    0.376000] initcall __typeid__ZTSFivE_global_addr+0x564/0xec8 returned 0 after 0 usecs
[    0.376000] calling  __typeid__ZTSFivE_global_addr+0x568/0xec8 @ 1
[    0.376000] initcall __typeid__ZTSFivE_global_addr+0x568/0xec8 returned 0 after 0 usecs
[    0.376000] calling  __typeid__ZTSFivE_global_addr+0x56c/0xec8 @ 1
[    0.376000] initcall __typeid__ZTSFivE_global_addr+0x56c/0xec8 returned 0 after 0 usecs
[    0.376000] calling  __typeid__ZTSFivE_global_addr+0x570/0xec8 @ 1
[    0.376000] initcall __typeid__ZTSFivE_global_addr+0x570/0xec8 returned 0 after 0 usecs
[    0.376000] calling  __typeid__ZTSFivE_global_addr+0x574/0xec8 @ 1
[    0.376000] initcall __typeid__ZTSFivE_global_addr+0x574/0xec8 returned 0 after 0 usecs
[    0.376000] calling  __typeid__ZTSFivE_global_addr+0x578/0xec8 @ 1
[    0.376000] initcall __typeid__ZTSFivE_global_addr+0x578/0xec8 returned 0 after 0 usecs
[    0.376000] calling  __typeid__ZTSFivE_global_addr+0x57c/0xec8 @ 1
[    0.376000] initcall __typeid__ZTSFivE_global_addr+0x57c/0xec8 returned 0 after 0 usecs
[    0.376000] calling  __typeid__ZTSFivE_global_addr+0x580/0xec8 @ 1
[    0.376000] initcall __typeid__ZTSFivE_global_addr+0x580/0xec8 returned 0 after 0 usecs
[    0.376000] calling  __typeid__ZTSFivE_global_addr+0x584/0xec8 @ 1
[    0.376000] initcall __typeid__ZTSFivE_global_addr+0x584/0xec8 returned 0 after 0 usecs
[    0.376000] calling  __typeid__ZTSFivE_global_addr+0x588/0xec8 @ 1
[    0.376000] initcall __typeid__ZTSFivE_global_addr+0x588/0xec8 returned 0 after 0 usecs
[    0.376000] calling  __typeid__ZTSFivE_global_addr+0x58c/0xec8 @ 1
[    0.376000] initcall __typeid__ZTSFivE_global_addr+0x58c/0xec8 returned 0 after 0 usecs
[    0.376000] calling  __typeid__ZTSFivE_global_addr+0x590/0xec8 @ 1
[    0.376000] initcall __typeid__ZTSFivE_global_addr+0x590/0xec8 returned 0 after 0 usecs
[    0.376000] calling  __typeid__ZTSFivE_global_addr+0x594/0xec8 @ 1
[    0.376000] initcall __typeid__ZTSFivE_global_addr+0x594/0xec8 returned 0 after 0 usecs
[    0.376000] calling  __typeid__ZTSFivE_global_addr+0x598/0xec8 @ 1
[    0.376000] initcall __typeid__ZTSFivE_global_addr+0x598/0xec8 returned 0 after 0 usecs
[    0.376000] calling  __typeid__ZTSFivE_global_addr+0x59c/0xec8 @ 1
[    0.376000] cryptd: max_cpu_qlen set to 1000
[    0.376000] initcall __typeid__ZTSFivE_global_addr+0x59c/0xec8 returned 0 after 0 usecs
[    0.376000] calling  __typeid__ZTSFivE_global_addr+0x5a0/0xec8 @ 1
[    0.376000] initcall __typeid__ZTSFivE_global_addr+0x5a0/0xec8 returned 0 after 0 usecs
[    0.376000] calling  __typeid__ZTSFivE_global_addr+0x5a4/0xec8 @ 1
[    0.376000] cryptomgr_test (77) used greatest stack depth: 14464 bytes left
[    0.376000] initcall __typeid__ZTSFivE_global_addr+0x5a4/0xec8 returned 0 after 0 usecs
[    0.376000] calling  __typeid__ZTSFivE_global_addr+0x5a8/0xec8 @ 1
[    0.376000] cryptomgr_test (79) used greatest stack depth: 14416 bytes left
[    0.376000] initcall __typeid__ZTSFivE_global_addr+0x5a8/0xec8 returned 0 after 0 usecs
[    0.376000] calling  __typeid__ZTSFivE_global_addr+0x5ac/0xec8 @ 1
[    0.376000] initcall __typeid__ZTSFivE_global_addr+0x5ac/0xec8 returned 0 after 0 usecs
[    0.376000] calling  __typeid__ZTSFivE_global_addr+0x5b0/0xec8 @ 1
[    0.376000] initcall __typeid__ZTSFivE_global_addr+0x5b0/0xec8 returned 0 after 0 usecs
[    0.376000] calling  __typeid__ZTSFivE_global_addr+0x5b4/0xec8 @ 1
[    0.376000] initcall __typeid__ZTSFivE_global_addr+0x5b4/0xec8 returned 0 after 0 usecs
[    0.376000] calling  __typeid__ZTSFivE_global_addr+0x5b8/0xec8 @ 1
[    0.376000] initcall __typeid__ZTSFivE_global_addr+0x5b8/0xec8 returned 0 after 0 usecs
[    0.376000] calling  __typeid__ZTSFivE_global_addr+0x5bc/0xec8 @ 1
[    0.376000] initcall __typeid__ZTSFivE_global_addr+0x5bc/0xec8 returned 0 after 0 usecs
[    0.376000] calling  __typeid__ZTSFivE_global_addr+0x5c0/0xec8 @ 1
[    0.376000] initcall __typeid__ZTSFivE_global_addr+0x5c0/0xec8 returned 0 after 0 usecs
[    0.376000] calling  __typeid__ZTSFivE_global_addr+0x5c4/0xec8 @ 1
[    0.376000] initcall __typeid__ZTSFivE_global_addr+0x5c4/0xec8 returned 0 after 0 usecs
[    0.376000] calling  __typeid__ZTSFivE_global_addr+0x5d0/0xec8 @ 1
[    0.376000] initcall __typeid__ZTSFivE_global_addr+0x5d0/0xec8 returned 0 after 0 usecs
[    0.376000] calling  __typeid__ZTSFivE_global_addr+0x5d4/0xec8 @ 1
[    0.376000] initcall __typeid__ZTSFivE_global_addr+0x5d4/0xec8 returned 0 after 0 usecs
[    0.376000] calling  __typeid__ZTSFivE_global_addr+0x5dc/0xec8 @ 1
[    0.376000] initcall __typeid__ZTSFivE_global_addr+0x5dc/0xec8 returned 0 after 0 usecs
[    0.376000] calling  __typeid__ZTSFivE_global_addr+0x5e0/0xec8 @ 1
[    0.380000] initcall __typeid__ZTSFivE_global_addr+0x5e0/0xec8 returned 0 after 3906 usecs
[    0.380000] calling  __typeid__ZTSFivE_global_addr+0x5e4/0xec8 @ 1
[    0.380000] initcall __typeid__ZTSFivE_global_addr+0x5e4/0xec8 returned 0 after 0 usecs
[    0.380000] calling  __typeid__ZTSFivE_global_addr+0x5e8/0xec8 @ 1
[    0.380000] initcall __typeid__ZTSFivE_global_addr+0x5e8/0xec8 returned 0 after 0 usecs
[    0.380000] calling  __typeid__ZTSFivE_global_addr+0x5f8/0xec8 @ 1
[    0.380000] initcall __typeid__ZTSFivE_global_addr+0x5f8/0xec8 returned 0 after 0 usecs
[    0.380000] calling  __typeid__ZTSFivE_global_addr+0x5fc/0xec8 @ 1
[    0.380000] initcall __typeid__ZTSFivE_global_addr+0x5fc/0xec8 returned 0 after 0 usecs
[    0.380000] calling  __typeid__ZTSFivE_global_addr+0x600/0xec8 @ 1
[    0.380000] initcall __typeid__ZTSFivE_global_addr+0x600/0xec8 returned 0 after 0 usecs
[    0.380000] calling  __typeid__ZTSFivE_global_addr+0x604/0xec8 @ 1
[    0.380000] initcall __typeid__ZTSFivE_global_addr+0x604/0xec8 returned 0 after 0 usecs
[    0.380000] calling  __typeid__ZTSFivE_global_addr+0x608/0xec8 @ 1
[    0.380000] initcall __typeid__ZTSFivE_global_addr+0x608/0xec8 returned 0 after 0 usecs
[    0.380000] calling  __typeid__ZTSFivE_global_addr+0x610/0xec8 @ 1
[    0.380000] initcall __typeid__ZTSFivE_global_addr+0x610/0xec8 returned 0 after 0 usecs
[    0.380000] calling  __typeid__ZTSFivE_global_addr+0x61c/0xec8 @ 1
[    0.380000] initcall __typeid__ZTSFivE_global_addr+0x61c/0xec8 returned 0 after 0 usecs
[    0.380000] calling  __typeid__ZTSFivE_global_addr+0x630/0xec8 @ 1
[    0.380000] initcall __typeid__ZTSFivE_global_addr+0x630/0xec8 returned 0 after 0 usecs
[    0.380000] calling  __typeid__ZTSFivE_global_addr+0x698/0xec8 @ 1
[    0.380000] initcall __typeid__ZTSFivE_global_addr+0x698/0xec8 returned 0 after 0 usecs
[    0.380000] calling  __typeid__ZTSFivE_global_addr+0x6a4/0xec8 @ 1
[    0.380000] initcall __typeid__ZTSFivE_global_addr+0x6a4/0xec8 returned 0 after 0 usecs
[    0.380000] calling  __typeid__ZTSFivE_global_addr+0x6a8/0xec8 @ 1
[    0.380000] initcall __typeid__ZTSFivE_global_addr+0x6a8/0xec8 returned 0 after 0 usecs
[    0.380000] calling  __typeid__ZTSFivE_global_addr+0x6c8/0xec8 @ 1
[    0.380000] initcall __typeid__ZTSFivE_global_addr+0x6c8/0xec8 returned 0 after 0 usecs
[    0.380000] calling  __typeid__ZTSFivE_global_addr+0x72c/0xec8 @ 1
[    0.380000] initcall __typeid__ZTSFivE_global_addr+0x72c/0xec8 returned 0 after 0 usecs
[    0.380000] calling  __typeid__ZTSFivE_global_addr+0x758/0xec8 @ 1
[    0.380000] initcall __typeid__ZTSFivE_global_addr+0x758/0xec8 returned 0 after 0 usecs
[    0.380000] calling  __typeid__ZTSFivE_global_addr+0x79c/0xec8 @ 1
[    0.380000] initcall __typeid__ZTSFivE_global_addr+0x79c/0xec8 returned 0 after 0 usecs
[    0.380000] calling  __typeid__ZTSFivE_global_addr+0x7a8/0xec8 @ 1
[    0.380000] iommu: Default domain type: Translated 
[    0.380000] initcall __typeid__ZTSFivE_global_addr+0x7a8/0xec8 returned 0 after 0 usecs
[    0.380000] calling  __typeid__ZTSFivE_global_addr+0x818/0xec8 @ 1
[    0.380000] initcall __typeid__ZTSFivE_global_addr+0x818/0xec8 returned 0 after 0 usecs
[    0.380000] calling  __typeid__ZTSFivE_global_addr+0x828/0xec8 @ 1
[    0.380000] initcall __typeid__ZTSFivE_global_addr+0x828/0xec8 returned 0 after 0 usecs
[    0.380000] calling  __typeid__ZTSFivE_global_addr+0x830/0xec8 @ 1
[    0.380000] initcall __typeid__ZTSFivE_global_addr+0x830/0xec8 returned 0 after 0 usecs
[    0.380000] calling  __typeid__ZTSFivE_global_addr+0x844/0xec8 @ 1
[    0.380000] initcall __typeid__ZTSFivE_global_addr+0x844/0xec8 returned 0 after 0 usecs
[    0.380000] calling  __typeid__ZTSFivE_global_addr+0x848/0xec8 @ 1
[    0.380000] initcall __typeid__ZTSFivE_global_addr+0x848/0xec8 returned 0 after 0 usecs
[    0.380000] calling  __typeid__ZTSFivE_global_addr+0x84c/0xec8 @ 1
[    0.380000] initcall __typeid__ZTSFivE_global_addr+0x84c/0xec8 returned 0 after 0 usecs
[    0.380000] calling  __typeid__ZTSFivE_global_addr+0x850/0xec8 @ 1
[    0.380000] SCSI subsystem initialized
[    0.380000] initcall __typeid__ZTSFivE_global_addr+0x850/0xec8 returned 0 after 0 usecs
[    0.380000] calling  __typeid__ZTSFivE_global_addr+0x87c/0xec8 @ 1
[    0.380000] initcall __typeid__ZTSFivE_global_addr+0x87c/0xec8 returned 0 after 0 usecs
[    0.380000] calling  __typeid__ZTSFivE_global_addr+0x8c0/0xec8 @ 1
[    0.380000] initcall __typeid__ZTSFivE_global_addr+0x8c0/0xec8 returned 0 after 0 usecs
[    0.380000] calling  __typeid__ZTSFivE_global_addr+0x8c8/0xec8 @ 1
[    0.380000] usbcore: registered new interface driver usbfs
[    0.380000] usbcore: registered new interface driver hub
[    0.380000] usbcore: registered new device driver usb
[    0.380000] initcall __typeid__ZTSFivE_global_addr+0x8c8/0xec8 returned 0 after 0 usecs
[    0.380000] calling  __typeid__ZTSFivE_global_addr+0x900/0xec8 @ 1
[    0.380000] initcall __typeid__ZTSFivE_global_addr+0x900/0xec8 returned 0 after 0 usecs
[    0.380000] calling  __typeid__ZTSFivE_global_addr+0x928/0xec8 @ 1
[    0.380000] initcall __typeid__ZTSFivE_global_addr+0x928/0xec8 returned 0 after 0 usecs
[    0.380000] calling  __typeid__ZTSFivE_global_addr+0x92c/0xec8 @ 1
[    0.380000] initcall __typeid__ZTSFivE_global_addr+0x92c/0xec8 returned 0 after 0 usecs
[    0.380000] calling  __typeid__ZTSFivE_global_addr+0x930/0xec8 @ 1
[    0.380000] initcall __typeid__ZTSFivE_global_addr+0x930/0xec8 returned 0 after 0 usecs
[    0.380000] calling  __typeid__ZTSFivE_global_addr+0x938/0xec8 @ 1
[    0.380000] initcall __typeid__ZTSFivE_global_addr+0x938/0xec8 returned 0 after 0 usecs
[    0.380000] calling  __typeid__ZTSFivE_global_addr+0x95c/0xec8 @ 1
[    0.380000] initcall __typeid__ZTSFivE_global_addr+0x95c/0xec8 returned 0 after 0 usecs
[    0.380000] calling  __typeid__ZTSFivE_global_addr+0x970/0xec8 @ 1
[    0.380000] mc: Linux media interface: v0.10
[    0.380000] initcall __typeid__ZTSFivE_global_addr+0x970/0xec8 returned 0 after 0 usecs
[    0.380000] calling  __typeid__ZTSFivE_global_addr+0x974/0xec8 @ 1
[    0.380000] videodev: Linux video capture interface: v2.00
[    0.380000] initcall __typeid__ZTSFivE_global_addr+0x974/0xec8 returned 0 after 0 usecs
[    0.380000] calling  __typeid__ZTSFivE_global_addr+0x978/0xec8 @ 1
[    0.380000] initcall __typeid__ZTSFivE_global_addr+0x978/0xec8 returned 0 after 0 usecs
[    0.380000] calling  __typeid__ZTSFivE_global_addr+0x97c/0xec8 @ 1
[    0.380000] initcall __typeid__ZTSFivE_global_addr+0x97c/0xec8 returned 0 after 0 usecs
[    0.380000] calling  __typeid__ZTSFivE_global_addr+0x98c/0xec8 @ 1
[    0.380000] initcall __typeid__ZTSFivE_global_addr+0x98c/0xec8 returned 0 after 0 usecs
[    0.380000] calling  __typeid__ZTSFivE_global_addr+0x9fc/0xec8 @ 1
[    0.380000] EDAC MC: Ver: 3.0.0
[    0.380000] initcall __typeid__ZTSFivE_global_addr+0x9fc/0xec8 returned 0 after 0 usecs
[    0.380000] calling  __typeid__ZTSFivE_global_addr+0xa38/0xec8 @ 1
[    0.380000] initcall __typeid__ZTSFivE_global_addr+0xa38/0xec8 returned 0 after 0 usecs
[    0.380000] calling  __typeid__ZTSFivE_global_addr+0xa48/0xec8 @ 1
[    0.380000] initcall __typeid__ZTSFivE_global_addr+0xa48/0xec8 returned 0 after 0 usecs
[    0.380000] calling  __typeid__ZTSFivE_global_addr+0xa54/0xec8 @ 1
[    0.380000] initcall __typeid__ZTSFivE_global_addr+0xa54/0xec8 returned 0 after 0 usecs
[    0.380000] calling  __typeid__ZTSFivE_global_addr+0xa5c/0xec8 @ 1
[    0.380000] initcall __typeid__ZTSFivE_global_addr+0xa5c/0xec8 returned 20 after 0 usecs
[    0.380000] calling  __typeid__ZTSFivE_global_addr+0xa60/0xec8 @ 1
[    0.380000] initcall __typeid__ZTSFivE_global_addr+0xa60/0xec8 returned 19 after 0 usecs
[    0.380000] calling  __typeid__ZTSFivE_global_addr+0xa64/0xec8 @ 1
[    0.380000] initcall __typeid__ZTSFivE_global_addr+0xa64/0xec8 returned 17 after 0 usecs
[    0.380000] calling  __typeid__ZTSFivE_global_addr+0xa68/0xec8 @ 1
[    0.380000] initcall __typeid__ZTSFivE_global_addr+0xa68/0xec8 returned 22 after 0 usecs
[    0.380000] calling  __typeid__ZTSFivE_global_addr+0xa6c/0xec8 @ 1
[    0.380000] initcall __typeid__ZTSFivE_global_addr+0xa6c/0xec8 returned 21 after 0 usecs
[    0.380000] calling  __typeid__ZTSFivE_global_addr+0xa78/0xec8 @ 1
[    0.380000] initcall __typeid__ZTSFivE_global_addr+0xa78/0xec8 returned 0 after 0 usecs
[    0.380000] calling  __typeid__ZTSFivE_global_addr+0xa8c/0xec8 @ 1
[    0.380000] initcall __typeid__ZTSFivE_global_addr+0xa8c/0xec8 returned 0 after 0 usecs
[    0.380000] calling  __typeid__ZTSFivE_global_addr+0xb3c/0xec8 @ 1
[    0.380000] initcall __typeid__ZTSFivE_global_addr+0xb3c/0xec8 returned 0 after 0 usecs
[    0.380000] calling  __typeid__ZTSFivE_global_addr+0xb40/0xec8 @ 1
[    0.380000] initcall __typeid__ZTSFivE_global_addr+0xb40/0xec8 returned 0 after 0 usecs
[    0.380000] calling  __typeid__ZTSFivE_global_addr+0xb4c/0xec8 @ 1
[    0.380000] initcall __typeid__ZTSFivE_global_addr+0xb4c/0xec8 returned 0 after 0 usecs
[    0.380000] calling  __typeid__ZTSFivE_global_addr+0xb58/0xec8 @ 1
[    0.380000] initcall __typeid__ZTSFivE_global_addr+0xb58/0xec8 returned 0 after 0 usecs
[    0.380000] calling  __typeid__ZTSFivE_global_addr+0xb5c/0xec8 @ 1
[    0.380000] initcall __typeid__ZTSFivE_global_addr+0xb5c/0xec8 returned 0 after 0 usecs
[    0.380000] calling  __typeid__ZTSFivE_global_addr+0xb60/0xec8 @ 1
[    0.380000] initcall __typeid__ZTSFivE_global_addr+0xb60/0xec8 returned 0 after 0 usecs
[    0.380000] calling  __typeid__ZTSFivE_global_addr+0xb64/0xec8 @ 1
[    0.380000] initcall __typeid__ZTSFivE_global_addr+0xb64/0xec8 returned 0 after 0 usecs
[    0.380000] calling  __typeid__ZTSFivE_global_addr+0xb68/0xec8 @ 1
[    0.380000] initcall __typeid__ZTSFivE_global_addr+0xb68/0xec8 returned 0 after 0 usecs
[    0.380000] calling  __typeid__ZTSFivE_global_addr+0xb6c/0xec8 @ 1
[    0.380000] initcall __typeid__ZTSFivE_global_addr+0xb6c/0xec8 returned 0 after 0 usecs
[    0.380000] calling  __typeid__ZTSFivE_global_addr+0xb70/0xec8 @ 1
[    0.380000] initcall __typeid__ZTSFivE_global_addr+0xb70/0xec8 returned 0 after 0 usecs
[    0.380000] calling  __typeid__ZTSFivE_global_addr+0xb78/0xec8 @ 1
[    0.380000] initcall __typeid__ZTSFivE_global_addr+0xb78/0xec8 returned 0 after 0 usecs
[    0.380000] calling  __typeid__ZTSFivE_global_addr+0xb80/0xec8 @ 1
[    0.380000] initcall __typeid__ZTSFivE_global_addr+0xb80/0xec8 returned 0 after 0 usecs
[    0.380000] calling  __typeid__ZTSFivE_global_addr+0xb84/0xec8 @ 1
[    0.380000] initcall __typeid__ZTSFivE_global_addr+0xb84/0xec8 returned 0 after 0 usecs
[    0.380000] calling  __typeid__ZTSFivE_global_addr+0xbc0/0xec8 @ 1
[    0.380000] initcall __typeid__ZTSFivE_global_addr+0xbc0/0xec8 returned 0 after 0 usecs
[    0.380000] calling  __typeid__ZTSFivE_global_addr+0xbd0/0xec8 @ 1
[    0.380000] initcall __typeid__ZTSFivE_global_addr+0xbd0/0xec8 returned 0 after 0 usecs
[    0.380000] calling  __typeid__ZTSFivE_global_addr+0xbd4/0xec8 @ 1
[    0.380000] Advanced Linux Sound Architecture Driver Initialized.
[    0.380000] initcall __typeid__ZTSFivE_global_addr+0xbd4/0xec8 returned 0 after 0 usecs
[    0.380000] calling  __typeid__ZTSFivE_global_addr+0xc00/0xec8 @ 1
[    0.380000] initcall __typeid__ZTSFivE_global_addr+0xc00/0xec8 returned 0 after 0 usecs
[    0.380000] calling  __typeid__ZTSFivE_global_addr+0xc1c/0xec8 @ 1
[    0.380000] initcall __typeid__ZTSFivE_global_addr+0xc1c/0xec8 returned 0 after 0 usecs
[    0.380000] calling  __typeid__ZTSFivE_global_addr+0xc20/0xec8 @ 1
[    0.380000] initcall __typeid__ZTSFivE_global_addr+0xc20/0xec8 returned 0 after 0 usecs
[    0.380000] calling  __typeid__ZTSFivE_global_addr+0xc38/0xec8 @ 1
[    0.380000] initcall __typeid__ZTSFivE_global_addr+0xc38/0xec8 returned 0 after 0 usecs
[    0.380000] calling  __typeid__ZTSFivE_global_addr+0xc3c/0xec8 @ 1
[    0.380000] initcall __typeid__ZTSFivE_global_addr+0xc3c/0xec8 returned 0 after 0 usecs
[    0.380000] calling  __typeid__ZTSFivE_global_addr+0xc40/0xec8 @ 1
[    0.380000] initcall __typeid__ZTSFivE_global_addr+0xc40/0xec8 returned 0 after 0 usecs
[    0.380000] calling  __typeid__ZTSFivE_global_addr+0xc50/0xec8 @ 1
[    0.380000] initcall __typeid__ZTSFivE_global_addr+0xc50/0xec8 returned 0 after 0 usecs
[    0.380000] calling  __typeid__ZTSFivE_global_addr+0xc58/0xec8 @ 1
[    0.380000] initcall __typeid__ZTSFivE_global_addr+0xc58/0xec8 returned 0 after 0 usecs
[    0.380000] calling  __typeid__ZTSFivE_global_addr+0xc5c/0xec8 @ 1
[    0.380000] initcall __typeid__ZTSFivE_global_addr+0xc5c/0xec8 returned 0 after 0 usecs
[    0.380000] calling  __typeid__ZTSFivE_global_addr+0xc94/0xec8 @ 1
[    0.380000] initcall __typeid__ZTSFivE_global_addr+0xc94/0xec8 returned 0 after 0 usecs
[    0.380000] calling  __typeid__ZTSFivE_global_addr+0xda4/0xec8 @ 1
[    0.380000] initcall __typeid__ZTSFivE_global_addr+0xda4/0xec8 returned 0 after 0 usecs
[    0.380000] calling  __typeid__ZTSFivE_global_addr+0xe84/0xec8 @ 1
[    0.380000] Bluetooth: Core ver 2.22
[    0.380000] NET: Registered protocol family 31
[    0.380000] Bluetooth: HCI device and connection manager initialized
[    0.380000] Bluetooth: HCI socket layer initialized
[    0.380000] Bluetooth: L2CAP socket layer initialized
[    0.380000] Bluetooth: SCO socket layer initialized
[    0.380000] initcall __typeid__ZTSFivE_global_addr+0xe84/0xec8 returned 0 after 0 usecs
[    0.380000] calling  __typeid__ZTSFivE_global_addr+0xea0/0xec8 @ 1
[    0.380000] initcall __typeid__ZTSFivE_global_addr+0xea0/0xec8 returned 0 after 0 usecs
[    0.380000] calling  __typeid__ZTSFivE_global_addr+0xea4/0xec8 @ 1
[    0.380000] initcall __typeid__ZTSFivE_global_addr+0xea4/0xec8 returned 0 after 0 usecs
[    0.380000] calling  __typeid__ZTSFivE_global_addr+0xeb0/0xec8 @ 1
[    0.380000] initcall __typeid__ZTSFivE_global_addr+0xeb0/0xec8 returned 0 after 0 usecs
[    0.380000] calling  __typeid__ZTSFivE_global_addr+0x998/0xec8 @ 1
[    0.380000] initcall __typeid__ZTSFivE_global_addr+0x998/0xec8 returned 0 after 0 usecs
[    0.380000] calling  __typeid__ZTSFivE_global_addr+0x30/0xec8 @ 1
[    0.380000] initcall __typeid__ZTSFivE_global_addr+0x30/0xec8 returned 0 after 0 usecs
[    0.380000] calling  __typeid__ZTSFivE_global_addr+0x150/0xec8 @ 1
[    0.380000] initcall __typeid__ZTSFivE_global_addr+0x150/0xec8 returned 0 after 0 usecs
[    0.380000] calling  __typeid__ZTSFivE_global_addr+0x1b0/0xec8 @ 1
[    0.380012] clocksource: Switched to clocksource arch_sys_counter
[    0.380016] initcall __typeid__ZTSFivE_global_addr+0x1b0/0xec8 returned 0 after 12 usecs
[    0.380020] calling  __typeid__ZTSFivE_global_addr+0x240/0xec8 @ 1
[    0.388047] cryptomgr_test (59): highest shadow stack usage: 96 bytes
[    0.422068] initcall __typeid__ZTSFivE_global_addr+0x240/0xec8 returned 0 after 41049 usecs
[    0.422078] calling  __typeid__ZTSFivE_global_addr+0x248/0xec8 @ 1
[    0.422086] initcall __typeid__ZTSFivE_global_addr+0x248/0xec8 returned 0 after 3 usecs
[    0.422090] calling  __typeid__ZTSFivE_global_addr+0x250/0xec8 @ 1
[    0.422095] initcall __typeid__ZTSFivE_global_addr+0x250/0xec8 returned 0 after 0 usecs
[    0.422099] calling  __typeid__ZTSFivE_global_addr+0x258/0xec8 @ 1
[    0.422123] initcall __typeid__ZTSFivE_global_addr+0x258/0xec8 returned 0 after 18 usecs
[    0.422127] calling  __typeid__ZTSFivE_global_addr+0x25c/0xec8 @ 1
[    0.422133] initcall __typeid__ZTSFivE_global_addr+0x25c/0xec8 returned 0 after 3 usecs
[    0.422137] calling  __typeid__ZTSFivE_global_addr+0x260/0xec8 @ 1
[    0.422146] initcall __typeid__ZTSFivE_global_addr+0x260/0xec8 returned 0 after 4 usecs
[    0.422149] calling  __typeid__ZTSFivE_global_addr+0x280/0xec8 @ 1
[    0.422166] initcall __typeid__ZTSFivE_global_addr+0x280/0xec8 returned 0 after 11 usecs
[    0.422169] calling  __typeid__ZTSFivE_global_addr+0x334/0xec8 @ 1
[    0.422225] initcall __typeid__ZTSFivE_global_addr+0x334/0xec8 returned 0 after 49 usecs
[    0.422229] calling  __typeid__ZTSFivE_global_addr+0x344/0xec8 @ 1
[    0.422253] initcall __typeid__ZTSFivE_global_addr+0x344/0xec8 returned 0 after 19 usecs
[    0.422258] calling  __typeid__ZTSFivE_global_addr+0x35c/0xec8 @ 1
[    0.422293] initcall __typeid__ZTSFivE_global_addr+0x35c/0xec8 returned 0 after 30 usecs
[    0.422298] calling  __typeid__ZTSFivE_global_addr+0x360/0xec8 @ 1
[    0.422317] initcall __typeid__ZTSFivE_global_addr+0x360/0xec8 returned 0 after 14 usecs
[    0.422321] calling  __typeid__ZTSFivE_global_addr+0x364/0xec8 @ 1
[    0.422340] initcall __typeid__ZTSFivE_global_addr+0x364/0xec8 returned 0 after 13 usecs
[    0.422344] calling  __typeid__ZTSFivE_global_addr+0x380/0xec8 @ 1
[    0.422353] initcall __typeid__ZTSFivE_global_addr+0x380/0xec8 returned 0 after 5 usecs
[    0.422357] calling  __typeid__ZTSFivE_global_addr+0x39c/0xec8 @ 1
[    0.422359] VFS: Disk quotas dquot_6.6.0
[    0.422398] VFS: Dquot-cache hash table entries: 512 (order 0, 4096 bytes)
[    0.422403] initcall __typeid__ZTSFivE_global_addr+0x39c/0xec8 returned 0 after 41 usecs
[    0.422408] calling  __typeid__ZTSFivE_global_addr+0x3a4/0xec8 @ 1
[    0.422414] initcall __typeid__ZTSFivE_global_addr+0x3a4/0xec8 returned 0 after 2 usecs
[    0.422418] calling  __typeid__ZTSFivE_global_addr+0x3a8/0xec8 @ 1
[    0.422423] initcall __typeid__ZTSFivE_global_addr+0x3a8/0xec8 returned 0 after 1 usecs
[    0.422427] calling  __typeid__ZTSFivE_global_addr+0x3ac/0xec8 @ 1
[    0.422433] initcall __typeid__ZTSFivE_global_addr+0x3ac/0xec8 returned 0 after 1 usecs
[    0.422437] calling  __typeid__ZTSFivE_global_addr+0x3b0/0xec8 @ 1
[    0.422442] initcall __typeid__ZTSFivE_global_addr+0x3b0/0xec8 returned 0 after 1 usecs
[    0.422445] calling  __typeid__ZTSFivE_global_addr+0x3b4/0xec8 @ 1
[    0.422451] initcall __typeid__ZTSFivE_global_addr+0x3b4/0xec8 returned 0 after 1 usecs
[    0.422454] calling  __typeid__ZTSFivE_global_addr+0x3b8/0xec8 @ 1
[    0.422459] initcall __typeid__ZTSFivE_global_addr+0x3b8/0xec8 returned 0 after 1 usecs
[    0.422462] calling  __typeid__ZTSFivE_global_addr+0x3bc/0xec8 @ 1
[    0.422467] initcall __typeid__ZTSFivE_global_addr+0x3bc/0xec8 returned 0 after 1 usecs
[    0.422470] calling  __typeid__ZTSFivE_global_addr+0x3c0/0xec8 @ 1
[    0.422475] initcall __typeid__ZTSFivE_global_addr+0x3c0/0xec8 returned 0 after 1 usecs
[    0.422479] calling  __typeid__ZTSFivE_global_addr+0x3c4/0xec8 @ 1
[    0.422483] initcall __typeid__ZTSFivE_global_addr+0x3c4/0xec8 returned 0 after 1 usecs
[    0.422487] calling  __typeid__ZTSFivE_global_addr+0x3c8/0xec8 @ 1
[    0.422492] initcall __typeid__ZTSFivE_global_addr+0x3c8/0xec8 returned 0 after 1 usecs
[    0.422495] calling  __typeid__ZTSFivE_global_addr+0x3cc/0xec8 @ 1
[    0.422500] initcall __typeid__ZTSFivE_global_addr+0x3cc/0xec8 returned 0 after 1 usecs
[    0.422503] calling  __typeid__ZTSFivE_global_addr+0x3d0/0xec8 @ 1
[    0.422508] initcall __typeid__ZTSFivE_global_addr+0x3d0/0xec8 returned 0 after 1 usecs
[    0.422511] calling  __typeid__ZTSFivE_global_addr+0x3d4/0xec8 @ 1
[    0.422518] initcall __typeid__ZTSFivE_global_addr+0x3d4/0xec8 returned 0 after 3 usecs
[    0.422521] calling  __typeid__ZTSFivE_global_addr+0x3d8/0xec8 @ 1
[    0.422541] initcall __typeid__ZTSFivE_global_addr+0x3d8/0xec8 returned 0 after 16 usecs
[    0.422545] calling  __typeid__ZTSFivE_global_addr+0x3ec/0xec8 @ 1
[    0.422551] initcall __typeid__ZTSFivE_global_addr+0x3ec/0xec8 returned 0 after 1 usecs
[    0.422554] calling  __typeid__ZTSFivE_global_addr+0x614/0xec8 @ 1
[    0.422559] initcall __typeid__ZTSFivE_global_addr+0x614/0xec8 returned 0 after 1 usecs
[    0.422562] calling  __typeid__ZTSFivE_global_addr+0x670/0xec8 @ 1
[    0.422579] initcall __typeid__ZTSFivE_global_addr+0x670/0xec8 returned 0 after 12 usecs
[    0.422583] calling  __typeid__ZTSFivE_global_addr+0x794/0xec8 @ 1
[    0.422795] initcall __typeid__ZTSFivE_global_addr+0x794/0xec8 returned 0 after 202 usecs
[    0.422799] calling  __typeid__ZTSFivE_global_addr+0x804/0xec8 @ 1
[    0.422811] initcall __typeid__ZTSFivE_global_addr+0x804/0xec8 returned 0 after 6 usecs
[    0.422814] calling  __typeid__ZTSFivE_global_addr+0x990/0xec8 @ 1
[    0.422819] thermal_sys: Registered thermal governor 'step_wise'
[    0.422821] thermal_sys: Registered thermal governor 'user_space'
[    0.422823] thermal_sys: Registered thermal governor 'power_allocator'
[    0.423788] initcall __typeid__ZTSFivE_global_addr+0x990/0xec8 returned 0 after 944 usecs
[    0.423794] calling  __typeid__ZTSFivE_global_addr+0xbac/0xec8 @ 1
[    0.423806] initcall __typeid__ZTSFivE_global_addr+0xbac/0xec8 returned 0 after 7 usecs
[    0.423810] calling  __typeid__ZTSFivE_global_addr+0xc14/0xec8 @ 1
[    0.423851] initcall __typeid__ZTSFivE_global_addr+0xc14/0xec8 returned 0 after 36 usecs
[    0.423856] calling  __typeid__ZTSFivE_global_addr+0xc48/0xec8 @ 1
[    0.423861] initcall __typeid__ZTSFivE_global_addr+0xc48/0xec8 returned 0 after 1 usecs
[    0.423865] calling  __typeid__ZTSFivE_global_addr+0xd9c/0xec8 @ 1
[    0.423871] initcall __typeid__ZTSFivE_global_addr+0xd9c/0xec8 returned 0 after 1 usecs
[    0.423875] calling  __typeid__ZTSFivE_global_addr+0xd98/0xec8 @ 1
[    0.423953] NET: Registered protocol family 2
[    0.424246] IP idents hash table entries: 131072 (order: 8, 1048576 bytes, linear)
[    0.426669] tcp_listen_portaddr_hash hash table entries: 4096 (order: 4, 65536 bytes, linear)
[    0.426844] TCP established hash table entries: 65536 (order: 7, 524288 bytes, linear)
[    0.427223] TCP bind hash table entries: 65536 (order: 8, 1048576 bytes, linear)
[    0.427536] TCP: Hash tables configured (established 65536 bind 65536)
[    0.427652] UDP hash table entries: 4096 (order: 5, 131072 bytes, linear)
[    0.427720] UDP-Lite hash table entries: 4096 (order: 5, 131072 bytes, linear)
[    0.427856] initcall __typeid__ZTSFivE_global_addr+0xd98/0xec8 returned 0 after 3876 usecs
[    0.427862] calling  __typeid__ZTSFivE_global_addr+0xe1c/0xec8 @ 1
[    0.427881] NET: Registered protocol family 1
[    0.427900] initcall __typeid__ZTSFivE_global_addr+0xe1c/0xec8 returned 0 after 31 usecs
[    0.427904] calling  __typeid__ZTSFivE_global_addr+0xe64/0xec8 @ 1
[    0.427912] initcall __typeid__ZTSFivE_global_addr+0xe64/0xec8 returned 0 after 2 usecs
[    0.427916] calling  __typeid__ZTSFivE_global_addr+0xe98/0xec8 @ 1
[    0.428218] initcall __typeid__ZTSFivE_global_addr+0xe98/0xec8 returned 0 after 288 usecs
[    0.428223] calling  __typeid__ZTSFivE_global_addr+0xebc/0xec8 @ 1
[    0.428226] NET: Registered protocol family 44
[    0.428232] initcall __typeid__ZTSFivE_global_addr+0xebc/0xec8 returned 0 after 4 usecs
[    0.428236] calling  __typeid__ZTSFivE_global_addr+0x6cc/0xec8 @ 1
[    0.428241] PCI: CLS 0 bytes, default 64
[    0.428245] initcall __typeid__ZTSFivE_global_addr+0x6cc/0xec8 returned 0 after 4 usecs
[    0.428249] calling  __typeid__ZTSFivE_global_addr+0x0/0xec8 @ 1
[    0.428382] Trying to unpack rootfs image as initramfs...
[    0.770999] Freeing initrd memory: 59424K
[    0.771019] initcall __typeid__ZTSFivE_global_addr+0x0/0xec8 returned 0 after 334723 usecs
[    0.771178] calling  __typeid__ZTSFivE_global_addr+0x44/0xec8 @ 1
[    0.771184] initcall __typeid__ZTSFivE_global_addr+0x44/0xec8 returned 0 after 1 usecs
[    0.771189] calling  __typeid__ZTSFivE_global_addr+0x58/0xec8 @ 1
[    0.771655] initcall __typeid__ZTSFivE_global_addr+0x58/0xec8 returned 0 after 450 usecs
[    0.771660] calling  __typeid__ZTSFivE_global_addr+0x64/0xec8 @ 1
[    0.771666] initcall __typeid__ZTSFivE_global_addr+0x64/0xec8 returned 0 after 1 usecs
[    0.771670] calling  __typeid__ZTSFivE_global_addr+0x6c/0xec8 @ 1
[    0.772320] hw perfevents: no interrupt-affinity property for /pmu, guessing.
[    0.772678] hw perfevents: enabled with armv8_pmuv3 PMU driver, 7 counters available
[    0.772713] probe of pmu returned 1 after 467 usecs
[    0.772809] initcall __typeid__ZTSFivE_global_addr+0x6c/0xec8 returned 0 after 1106 usecs
[    0.772814] calling  __typeid__ZTSFivE_global_addr+0x80/0xec8 @ 1
[    0.772820] initcall __typeid__ZTSFivE_global_addr+0x80/0xec8 returned 0 after 1 usecs
[    0.772824] calling  __typeid__ZTSFivE_global_addr+0x84/0xec8 @ 1
[    0.772829] initcall __typeid__ZTSFivE_global_addr+0x84/0xec8 returned 0 after 1 usecs
[    0.772832] calling  __typeid__ZTSFivE_global_addr+0x94/0xec8 @ 1
[    0.772879] kvm [1]: IPA Size Limit: 40 bits
[    0.773322] kvm [1]: GICv3: no GICV resource entry
[    0.773324] kvm [1]: disabling GICv2 emulation
[    0.773337] kvm [1]: GIC system register CPU interface enabled
[    0.773546] kvm [1]: vgic interrupt IRQ9
[    0.773755] kvm [1]: Hyp mode initialized successfully
[    0.773919] initcall __typeid__ZTSFivE_global_addr+0x94/0xec8 returned 0 after 1055 usecs
[    0.773924] calling  __typeid__ZTSFivE_global_addr+0xa4/0xec8 @ 1
[    0.774224] initcall __typeid__ZTSFivE_global_addr+0xa4/0xec8 returned 0 after 287 usecs
[    0.774228] calling  __typeid__ZTSFivE_global_addr+0xa8/0xec8 @ 1
[    0.774317] initcall __typeid__ZTSFivE_global_addr+0xa8/0xec8 returned 0 after 82 usecs
[    0.774320] calling  __typeid__ZTSFivE_global_addr+0xac/0xec8 @ 1
[    0.775750] initcall __typeid__ZTSFivE_global_addr+0xac/0xec8 returned 0 after 1392 usecs
[    0.775754] calling  __typeid__ZTSFivE_global_addr+0xb0/0xec8 @ 1
[    0.776121] initcall __typeid__ZTSFivE_global_addr+0xb0/0xec8 returned 0 after 354 usecs
[    0.776125] calling  __typeid__ZTSFivE_global_addr+0xb4/0xec8 @ 1
[    0.776402] initcall __typeid__ZTSFivE_global_addr+0xb4/0xec8 returned 0 after 265 usecs
[    0.776405] calling  __typeid__ZTSFivE_global_addr+0xb8/0xec8 @ 1
[    0.776533] initcall __typeid__ZTSFivE_global_addr+0xb8/0xec8 returned 0 after 120 usecs
[    0.776537] calling  __typeid__ZTSFivE_global_addr+0xbc/0xec8 @ 1
[    0.776629] initcall __typeid__ZTSFivE_global_addr+0xbc/0xec8 returned 0 after 85 usecs
[    0.776633] calling  __typeid__ZTSFivE_global_addr+0xc0/0xec8 @ 1
[    0.776642] initcall __typeid__ZTSFivE_global_addr+0xc0/0xec8 returned 0 after 5 usecs
[    0.776646] calling  __typeid__ZTSFivE_global_addr+0xc4/0xec8 @ 1
[    0.776659] initcall __typeid__ZTSFivE_global_addr+0xc4/0xec8 returned 0 after 9 usecs
[    0.776663] calling  __typeid__ZTSFivE_global_addr+0xd8/0xec8 @ 1
[    0.776729] initcall __typeid__ZTSFivE_global_addr+0xd8/0xec8 returned 0 after 58 usecs
[    0.776733] calling  __typeid__ZTSFivE_global_addr+0xf0/0xec8 @ 1
[    0.776741] initcall __typeid__ZTSFivE_global_addr+0xf0/0xec8 returned 0 after 4 usecs
[    0.776745] calling  __typeid__ZTSFivE_global_addr+0x110/0xec8 @ 1
[    0.776779] initcall __typeid__ZTSFivE_global_addr+0x110/0xec8 returned 0 after 29 usecs
[    0.776783] calling  __typeid__ZTSFivE_global_addr+0x11c/0xec8 @ 1
[    0.776789] initcall __typeid__ZTSFivE_global_addr+0x11c/0xec8 returned 0 after 1 usecs
[    0.776793] calling  __typeid__ZTSFivE_global_addr+0x128/0xec8 @ 1
[    0.776802] initcall __typeid__ZTSFivE_global_addr+0x128/0xec8 returned 0 after 4 usecs
[    0.776805] calling  __typeid__ZTSFivE_global_addr+0x12c/0xec8 @ 1
[    0.776809] sprd_corectl: sprd_core_ctl feature start init
[    0.776817] sprd_corectl: Creating CPU group 0
[    0.776919] sprd_corectl_error: ctrl_max_min_core_api, set fail
[    0.776921] sprd_corectl_error: ctrl_max_min_core_api, set fail
[    0.776935] sprd_corectl: Creating CPU group 6
[    0.777011] sprd_corectl: ctrl_max_min_core_api:id=0, type=0,cpu_num=2
[    0.777013] sprd_corectl_error: ctrl_max_min_core_api, set fail
[    0.777030] initcall __typeid__ZTSFivE_global_addr+0x12c/0xec8 returned 0 after 215 usecs
[    0.777035] calling  __typeid__ZTSFivE_global_addr+0x164/0xec8 @ 1
[    0.777040] initcall __typeid__ZTSFivE_global_addr+0x164/0xec8 returned 0 after 1 usecs
[    0.777043] calling  __typeid__ZTSFivE_global_addr+0x16c/0xec8 @ 1
[    0.777048] initcall __typeid__ZTSFivE_global_addr+0x16c/0xec8 returned 0 after 0 usecs
[    0.777051] calling  __typeid__ZTSFivE_global_addr+0x1a4/0xec8 @ 1
[    0.777056] initcall __typeid__ZTSFivE_global_addr+0x1a4/0xec8 returned 0 after 0 usecs
[    0.777060] calling  __typeid__ZTSFivE_global_addr+0x1ac/0xec8 @ 1
[    0.777135] initcall __typeid__ZTSFivE_global_addr+0x1ac/0xec8 returned 0 after 69 usecs
[    0.777140] calling  __typeid__ZTSFivE_global_addr+0x1b8/0xec8 @ 1
[    0.777146] initcall __typeid__ZTSFivE_global_addr+0x1b8/0xec8 returned 0 after 2 usecs
[    0.777150] calling  __typeid__ZTSFivE_global_addr+0x1bc/0xec8 @ 1
[    0.777301] initcall __typeid__ZTSFivE_global_addr+0x1bc/0xec8 returned 0 after 142 usecs
[    0.777305] calling  __typeid__ZTSFivE_global_addr+0x1c0/0xec8 @ 1
[    0.777343] initcall __typeid__ZTSFivE_global_addr+0x1c0/0xec8 returned 0 after 32 usecs
[    0.777348] calling  __typeid__ZTSFivE_global_addr+0x1c4/0xec8 @ 1
[    0.777572] initcall __typeid__ZTSFivE_global_addr+0x1c4/0xec8 returned 0 after 213 usecs
[    0.777577] calling  __typeid__ZTSFivE_global_addr+0x1c8/0xec8 @ 1
[    0.777581] initcall __typeid__ZTSFivE_global_addr+0x1c8/0xec8 returned 0 after 0 usecs
[    0.777585] calling  __typeid__ZTSFivE_global_addr+0x1d8/0xec8 @ 1
[    0.777592] initcall __typeid__ZTSFivE_global_addr+0x1d8/0xec8 returned 0 after 2 usecs
[    0.777596] calling  __typeid__ZTSFivE_global_addr+0x1dc/0xec8 @ 1
[    0.777601] initcall __typeid__ZTSFivE_global_addr+0x1dc/0xec8 returned 0 after 1 usecs
[    0.777604] calling  __typeid__ZTSFivE_global_addr+0x1f4/0xec8 @ 1
[    0.777616] initcall __typeid__ZTSFivE_global_addr+0x1f4/0xec8 returned 0 after 8 usecs
[    0.777621] calling  __typeid__ZTSFivE_global_addr+0x1f8/0xec8 @ 1
[    0.777629] initcall __typeid__ZTSFivE_global_addr+0x1f8/0xec8 returned 0 after 4 usecs
[    0.777634] calling  __typeid__ZTSFivE_global_addr+0x208/0xec8 @ 1
[    0.777640] initcall __typeid__ZTSFivE_global_addr+0x208/0xec8 returned 0 after 2 usecs
[    0.777643] calling  __typeid__ZTSFivE_global_addr+0x20c/0xec8 @ 1
[    0.777647] initcall __typeid__ZTSFivE_global_addr+0x20c/0xec8 returned 0 after 0 usecs
[    0.777651] calling  __typeid__ZTSFivE_global_addr+0x210/0xec8 @ 1
[    0.777658] initcall __typeid__ZTSFivE_global_addr+0x210/0xec8 returned 0 after 3 usecs
[    0.777661] calling  __typeid__ZTSFivE_global_addr+0x21c/0xec8 @ 1
[    0.777677] initcall __typeid__ZTSFivE_global_addr+0x21c/0xec8 returned 0 after 11 usecs
[    0.777681] calling  __typeid__ZTSFivE_global_addr+0x220/0xec8 @ 1
[    0.777696] initcall __typeid__ZTSFivE_global_addr+0x220/0xec8 returned 0 after 10 usecs
[    0.777700] calling  __typeid__ZTSFivE_global_addr+0x228/0xec8 @ 1
[    0.777705] initcall __typeid__ZTSFivE_global_addr+0x228/0xec8 returned 0 after 1 usecs
[    0.777709] calling  __typeid__ZTSFivE_global_addr+0x290/0xec8 @ 1
[    0.777935] initcall __typeid__ZTSFivE_global_addr+0x290/0xec8 returned 0 after 214 usecs
[    0.777939] calling  __typeid__ZTSFivE_global_addr+0x29c/0xec8 @ 1
[    0.777941] Initialise system trusted keyrings
[    0.777957] initcall __typeid__ZTSFivE_global_addr+0x29c/0xec8 returned 0 after 12 usecs
[    0.777961] calling  __typeid__ZTSFivE_global_addr+0x2a4/0xec8 @ 1
[    0.778044] initcall __typeid__ZTSFivE_global_addr+0x2a4/0xec8 returned 0 after 75 usecs
[    0.778047] calling  __typeid__ZTSFivE_global_addr+0x2a8/0xec8 @ 1
[    0.778074] initcall __typeid__ZTSFivE_global_addr+0x2a8/0xec8 returned 0 after 22 usecs
[    0.778078] calling  __typeid__ZTSFivE_global_addr+0x2bc/0xec8 @ 1
[    0.778084] initcall __typeid__ZTSFivE_global_addr+0x2bc/0xec8 returned 0 after 2 usecs
[    0.778088] calling  __typeid__ZTSFivE_global_addr+0x2c8/0xec8 @ 1
[    0.778095] initcall __typeid__ZTSFivE_global_addr+0x2c8/0xec8 returned 0 after 2 usecs
[    0.778098] calling  __typeid__ZTSFivE_global_addr+0x2d0/0xec8 @ 1
[    0.778102] workingset: timestamp_bits=46 max_order=21 bucket_order=0
[    0.778110] initcall __typeid__ZTSFivE_global_addr+0x2d0/0xec8 returned 0 after 7 usecs
[    0.778114] calling  __typeid__ZTSFivE_global_addr+0x2e8/0xec8 @ 1
[    0.778120] initcall __typeid__ZTSFivE_global_addr+0x2e8/0xec8 returned 0 after 2 usecs
[    0.778123] calling  __typeid__ZTSFivE_global_addr+0x2f4/0xec8 @ 1
[    0.778139] initcall __typeid__ZTSFivE_global_addr+0x2f4/0xec8 returned 0 after 11 usecs
[    0.778142] calling  __typeid__ZTSFivE_global_addr+0x304/0xec8 @ 1
[    0.778149] initcall __typeid__ZTSFivE_global_addr+0x304/0xec8 returned 0 after 2 usecs
[    0.778154] calling  __typeid__ZTSFivE_global_addr+0x308/0xec8 @ 1
[    0.781155] initcall __typeid__ZTSFivE_global_addr+0x308/0xec8 returned 0 after 2922 usecs
[    0.781161] calling  __typeid__ZTSFivE_global_addr+0x320/0xec8 @ 1
[    0.781205] initcall __typeid__ZTSFivE_global_addr+0x320/0xec8 returned 0 after 37 usecs
[    0.781210] calling  __typeid__ZTSFivE_global_addr+0x330/0xec8 @ 1
[    0.781215] initcall __typeid__ZTSFivE_global_addr+0x330/0xec8 returned 0 after 1 usecs
[    0.781219] calling  __typeid__ZTSFivE_global_addr+0x338/0xec8 @ 1
[    0.781230] initcall __typeid__ZTSFivE_global_addr+0x338/0xec8 returned 0 after 6 usecs
[    0.781233] calling  __typeid__ZTSFivE_global_addr+0x33c/0xec8 @ 1
[    0.781241] initcall __typeid__ZTSFivE_global_addr+0x33c/0xec8 returned 0 after 4 usecs
[    0.781245] calling  __typeid__ZTSFivE_global_addr+0x340/0xec8 @ 1
[    0.781251] initcall __typeid__ZTSFivE_global_addr+0x340/0xec8 returned 0 after 2 usecs
[    0.781255] calling  __typeid__ZTSFivE_global_addr+0x350/0xec8 @ 1
[    0.781275] initcall __typeid__ZTSFivE_global_addr+0x350/0xec8 returned 0 after 15 usecs
[    0.781280] calling  __typeid__ZTSFivE_global_addr+0x354/0xec8 @ 1
[    0.781348] initcall __typeid__ZTSFivE_global_addr+0x354/0xec8 returned 0 after 62 usecs
[    0.781353] calling  __typeid__ZTSFivE_global_addr+0x368/0xec8 @ 1
[    0.781406] initcall __typeid__ZTSFivE_global_addr+0x368/0xec8 returned 0 after 47 usecs
[    0.781411] calling  __typeid__ZTSFivE_global_addr+0x36c/0xec8 @ 1
[    0.781502] initcall __typeid__ZTSFivE_global_addr+0x36c/0xec8 returned 0 after 84 usecs
[    0.781507] calling  __typeid__ZTSFivE_global_addr+0x370/0xec8 @ 1
[    0.781516] initcall __typeid__ZTSFivE_global_addr+0x370/0xec8 returned 0 after 4 usecs
[    0.781520] calling  __typeid__ZTSFivE_global_addr+0x384/0xec8 @ 1
[    0.781600] initcall __typeid__ZTSFivE_global_addr+0x384/0xec8 returned 0 after 73 usecs
[    0.781604] calling  __typeid__ZTSFivE_global_addr+0x398/0xec8 @ 1
[    0.781662] initcall __typeid__ZTSFivE_global_addr+0x398/0xec8 returned 0 after 52 usecs
[    0.781667] calling  __typeid__ZTSFivE_global_addr+0x3a0/0xec8 @ 1
[    0.781673] initcall __typeid__ZTSFivE_global_addr+0x3a0/0xec8 returned 0 after 1 usecs
[    0.781677] calling  __typeid__ZTSFivE_global_addr+0x3e0/0xec8 @ 1
[    0.781698] initcall __typeid__ZTSFivE_global_addr+0x3e0/0xec8 returned 0 after 16 usecs
[    0.781702] calling  __typeid__ZTSFivE_global_addr+0x3e4/0xec8 @ 1
[    0.782021] initcall __typeid__ZTSFivE_global_addr+0x3e4/0xec8 returned 0 after 307 usecs
[    0.782026] calling  __typeid__ZTSFivE_global_addr+0x3e8/0xec8 @ 1
[    0.782197] initcall __typeid__ZTSFivE_global_addr+0x3e8/0xec8 returned 0 after 162 usecs
[    0.782201] calling  __typeid__ZTSFivE_global_addr+0x3f0/0xec8 @ 1
[    0.782296] initcall __typeid__ZTSFivE_global_addr+0x3f0/0xec8 returned 0 after 87 usecs
[    0.782300] calling  __typeid__ZTSFivE_global_addr+0x3f4/0xec8 @ 1
[    0.782306] initcall __typeid__ZTSFivE_global_addr+0x3f4/0xec8 returned 0 after 1 usecs
[    0.782310] calling  __typeid__ZTSFivE_global_addr+0x3f8/0xec8 @ 1
[    0.782315] initcall __typeid__ZTSFivE_global_addr+0x3f8/0xec8 returned 0 after 0 usecs
[    0.782319] calling  __typeid__ZTSFivE_global_addr+0x3fc/0xec8 @ 1
[    0.782324] initcall __typeid__ZTSFivE_global_addr+0x3fc/0xec8 returned 0 after 0 usecs
[    0.782328] calling  __typeid__ZTSFivE_global_addr+0x400/0xec8 @ 1
[    0.782332] initcall __typeid__ZTSFivE_global_addr+0x400/0xec8 returned 0 after 0 usecs
[    0.782335] calling  __typeid__ZTSFivE_global_addr+0x404/0xec8 @ 1
[    0.782339] initcall __typeid__ZTSFivE_global_addr+0x404/0xec8 returned 0 after 0 usecs
[    0.782342] calling  __typeid__ZTSFivE_global_addr+0x408/0xec8 @ 1
[    0.782346] initcall __typeid__ZTSFivE_global_addr+0x408/0xec8 returned 0 after 0 usecs
[    0.782349] calling  __typeid__ZTSFivE_global_addr+0x40c/0xec8 @ 1
[    0.782353] initcall __typeid__ZTSFivE_global_addr+0x40c/0xec8 returned 0 after 0 usecs
[    0.782356] calling  __typeid__ZTSFivE_global_addr+0x410/0xec8 @ 1
[    0.782360] initcall __typeid__ZTSFivE_global_addr+0x410/0xec8 returned 0 after 0 usecs
[    0.782364] calling  __typeid__ZTSFivE_global_addr+0x414/0xec8 @ 1
[    0.782368] initcall __typeid__ZTSFivE_global_addr+0x414/0xec8 returned 0 after 0 usecs
[    0.782371] calling  __typeid__ZTSFivE_global_addr+0x418/0xec8 @ 1
[    0.782375] initcall __typeid__ZTSFivE_global_addr+0x418/0xec8 returned 0 after 0 usecs
[    0.782378] calling  __typeid__ZTSFivE_global_addr+0x41c/0xec8 @ 1
[    0.782382] initcall __typeid__ZTSFivE_global_addr+0x41c/0xec8 returned 0 after 0 usecs
[    0.782385] calling  __typeid__ZTSFivE_global_addr+0x420/0xec8 @ 1
[    0.782389] initcall __typeid__ZTSFivE_global_addr+0x420/0xec8 returned 0 after 0 usecs
[    0.782392] calling  __typeid__ZTSFivE_global_addr+0x424/0xec8 @ 1
[    0.782396] initcall __typeid__ZTSFivE_global_addr+0x424/0xec8 returned 0 after 0 usecs
[    0.782399] calling  __typeid__ZTSFivE_global_addr+0x428/0xec8 @ 1
[    0.782403] initcall __typeid__ZTSFivE_global_addr+0x428/0xec8 returned 0 after 0 usecs
[    0.782406] calling  __typeid__ZTSFivE_global_addr+0x42c/0xec8 @ 1
[    0.782410] initcall __typeid__ZTSFivE_global_addr+0x42c/0xec8 returned 0 after 0 usecs
[    0.782413] calling  __typeid__ZTSFivE_global_addr+0x430/0xec8 @ 1
[    0.782417] initcall __typeid__ZTSFivE_global_addr+0x430/0xec8 returned 0 after 0 usecs
[    0.782421] calling  __typeid__ZTSFivE_global_addr+0x434/0xec8 @ 1
[    0.782425] initcall __typeid__ZTSFivE_global_addr+0x434/0xec8 returned 0 after 0 usecs
[    0.782428] calling  __typeid__ZTSFivE_global_addr+0x438/0xec8 @ 1
[    0.782432] initcall __typeid__ZTSFivE_global_addr+0x438/0xec8 returned 0 after 0 usecs
[    0.782435] calling  __typeid__ZTSFivE_global_addr+0x43c/0xec8 @ 1
[    0.782439] initcall __typeid__ZTSFivE_global_addr+0x43c/0xec8 returned 0 after 0 usecs
[    0.782442] calling  __typeid__ZTSFivE_global_addr+0x440/0xec8 @ 1
[    0.782447] initcall __typeid__ZTSFivE_global_addr+0x440/0xec8 returned 0 after 1 usecs
[    0.782450] calling  __typeid__ZTSFivE_global_addr+0x444/0xec8 @ 1
[    0.782454] initcall __typeid__ZTSFivE_global_addr+0x444/0xec8 returned 0 after 0 usecs
[    0.782458] calling  __typeid__ZTSFivE_global_addr+0x448/0xec8 @ 1
[    0.782461] initcall __typeid__ZTSFivE_global_addr+0x448/0xec8 returned 0 after 0 usecs
[    0.782465] calling  __typeid__ZTSFivE_global_addr+0x44c/0xec8 @ 1
[    0.782468] initcall __typeid__ZTSFivE_global_addr+0x44c/0xec8 returned 0 after 0 usecs
[    0.782472] calling  __typeid__ZTSFivE_global_addr+0x450/0xec8 @ 1
[    0.782475] initcall __typeid__ZTSFivE_global_addr+0x450/0xec8 returned 0 after 0 usecs
[    0.782479] calling  __typeid__ZTSFivE_global_addr+0x454/0xec8 @ 1
[    0.782483] initcall __typeid__ZTSFivE_global_addr+0x454/0xec8 returned 0 after 0 usecs
[    0.782486] calling  __typeid__ZTSFivE_global_addr+0x458/0xec8 @ 1
[    0.782490] initcall __typeid__ZTSFivE_global_addr+0x458/0xec8 returned 0 after 0 usecs
[    0.782493] calling  __typeid__ZTSFivE_global_addr+0x45c/0xec8 @ 1
[    0.782497] initcall __typeid__ZTSFivE_global_addr+0x45c/0xec8 returned 0 after 0 usecs
[    0.782500] calling  __typeid__ZTSFivE_global_addr+0x460/0xec8 @ 1
[    0.782504] initcall __typeid__ZTSFivE_global_addr+0x460/0xec8 returned 0 after 0 usecs
[    0.782508] calling  __typeid__ZTSFivE_global_addr+0x464/0xec8 @ 1
[    0.782511] initcall __typeid__ZTSFivE_global_addr+0x464/0xec8 returned 0 after 0 usecs
[    0.782515] calling  __typeid__ZTSFivE_global_addr+0x468/0xec8 @ 1
[    0.782519] initcall __typeid__ZTSFivE_global_addr+0x468/0xec8 returned 0 after 1 usecs
[    0.782523] calling  __typeid__ZTSFivE_global_addr+0x46c/0xec8 @ 1
[    0.782526] initcall __typeid__ZTSFivE_global_addr+0x46c/0xec8 returned 0 after 0 usecs
[    0.782530] calling  __typeid__ZTSFivE_global_addr+0x470/0xec8 @ 1
[    0.782533] initcall __typeid__ZTSFivE_global_addr+0x470/0xec8 returned 0 after 0 usecs
[    0.782537] calling  __typeid__ZTSFivE_global_addr+0x474/0xec8 @ 1
[    0.782541] initcall __typeid__ZTSFivE_global_addr+0x474/0xec8 returned 0 after 0 usecs
[    0.782545] calling  __typeid__ZTSFivE_global_addr+0x478/0xec8 @ 1
[    0.782548] initcall __typeid__ZTSFivE_global_addr+0x478/0xec8 returned 0 after 0 usecs
[    0.782552] calling  __typeid__ZTSFivE_global_addr+0x47c/0xec8 @ 1
[    0.782555] initcall __typeid__ZTSFivE_global_addr+0x47c/0xec8 returned 0 after 0 usecs
[    0.782559] calling  __typeid__ZTSFivE_global_addr+0x480/0xec8 @ 1
[    0.782563] initcall __typeid__ZTSFivE_global_addr+0x480/0xec8 returned 0 after 0 usecs
[    0.782566] calling  __typeid__ZTSFivE_global_addr+0x484/0xec8 @ 1
[    0.782570] initcall __typeid__ZTSFivE_global_addr+0x484/0xec8 returned 0 after 0 usecs
[    0.782573] calling  __typeid__ZTSFivE_global_addr+0x488/0xec8 @ 1
[    0.782577] initcall __typeid__ZTSFivE_global_addr+0x488/0xec8 returned 0 after 0 usecs
[    0.782581] calling  __typeid__ZTSFivE_global_addr+0x48c/0xec8 @ 1
[    0.782584] initcall __typeid__ZTSFivE_global_addr+0x48c/0xec8 returned 0 after 0 usecs
[    0.782588] calling  __typeid__ZTSFivE_global_addr+0x490/0xec8 @ 1
[    0.782591] initcall __typeid__ZTSFivE_global_addr+0x490/0xec8 returned 0 after 0 usecs
[    0.782596] calling  __typeid__ZTSFivE_global_addr+0x494/0xec8 @ 1
[    0.782600] initcall __typeid__ZTSFivE_global_addr+0x494/0xec8 returned 0 after 0 usecs
[    0.782604] calling  __typeid__ZTSFivE_global_addr+0x498/0xec8 @ 1
[    0.782608] initcall __typeid__ZTSFivE_global_addr+0x498/0xec8 returned 0 after 0 usecs
[    0.782611] calling  __typeid__ZTSFivE_global_addr+0x49c/0xec8 @ 1
[    0.782615] initcall __typeid__ZTSFivE_global_addr+0x49c/0xec8 returned 0 after 0 usecs
[    0.782619] calling  __typeid__ZTSFivE_global_addr+0x4a0/0xec8 @ 1
[    0.782623] initcall __typeid__ZTSFivE_global_addr+0x4a0/0xec8 returned 0 after 0 usecs
[    0.782626] calling  __typeid__ZTSFivE_global_addr+0x4a4/0xec8 @ 1
[    0.782630] initcall __typeid__ZTSFivE_global_addr+0x4a4/0xec8 returned 0 after 0 usecs
[    0.782633] calling  __typeid__ZTSFivE_global_addr+0x4a8/0xec8 @ 1
[    0.782637] initcall __typeid__ZTSFivE_global_addr+0x4a8/0xec8 returned 0 after 0 usecs
[    0.782641] calling  __typeid__ZTSFivE_global_addr+0x4ac/0xec8 @ 1
[    0.782644] initcall __typeid__ZTSFivE_global_addr+0x4ac/0xec8 returned 0 after 0 usecs
[    0.782648] calling  __typeid__ZTSFivE_global_addr+0x4b0/0xec8 @ 1
[    0.782651] initcall __typeid__ZTSFivE_global_addr+0x4b0/0xec8 returned 0 after 0 usecs
[    0.782655] calling  __typeid__ZTSFivE_global_addr+0x4b4/0xec8 @ 1
[    0.782660] initcall __typeid__ZTSFivE_global_addr+0x4b4/0xec8 returned 0 after 0 usecs
[    0.782663] calling  __typeid__ZTSFivE_global_addr+0x4b8/0xec8 @ 1
[    0.782667] initcall __typeid__ZTSFivE_global_addr+0x4b8/0xec8 returned 0 after 0 usecs
[    0.782670] calling  __typeid__ZTSFivE_global_addr+0x4bc/0xec8 @ 1
[    0.782674] initcall __typeid__ZTSFivE_global_addr+0x4bc/0xec8 returned 0 after 0 usecs
[    0.782677] calling  __typeid__ZTSFivE_global_addr+0x4c0/0xec8 @ 1
[    0.782681] initcall __typeid__ZTSFivE_global_addr+0x4c0/0xec8 returned 0 after 0 usecs
[    0.782684] calling  __typeid__ZTSFivE_global_addr+0x4c4/0xec8 @ 1
[    0.782688] initcall __typeid__ZTSFivE_global_addr+0x4c4/0xec8 returned 0 after 0 usecs
[    0.782691] calling  __typeid__ZTSFivE_global_addr+0x4cc/0xec8 @ 1
[    0.782694] fuse: init (API version 7.31)
[    0.782839] initcall __typeid__ZTSFivE_global_addr+0x4cc/0xec8 returned 0 after 140 usecs
[    0.782844] calling  __typeid__ZTSFivE_global_addr+0x4d0/0xec8 @ 1
[    0.782865] initcall __typeid__ZTSFivE_global_addr+0x4d0/0xec8 returned 0 after 17 usecs
[    0.782869] calling  __typeid__ZTSFivE_global_addr+0x4d4/0xec8 @ 1
[    0.782922] initcall __typeid__ZTSFivE_global_addr+0x4d4/0xec8 returned 0 after 47 usecs
[    0.782926] calling  __typeid__ZTSFivE_global_addr+0x4d8/0xec8 @ 1
[    0.782948] initcall __typeid__ZTSFivE_global_addr+0x4d8/0xec8 returned 0 after 17 usecs
[    0.782952] calling  __typeid__ZTSFivE_global_addr+0x4e4/0xec8 @ 1
[    0.783877] initcall __typeid__ZTSFivE_global_addr+0x4e4/0xec8 returned 0 after 896 usecs
[    0.783883] calling  __typeid__ZTSFivE_global_addr+0x4f0/0xec8 @ 1
[    0.784144] initcall __typeid__ZTSFivE_global_addr+0x4f0/0xec8 returned 0 after 249 usecs
[    0.784148] calling  __typeid__ZTSFivE_global_addr+0x4f8/0xec8 @ 1
[    0.784157] initcall __typeid__ZTSFivE_global_addr+0x4f8/0xec8 returned 0 after 5 usecs
[    0.784161] calling  __typeid__ZTSFivE_global_addr+0x514/0xec8 @ 1
[    0.784207] initcall __typeid__ZTSFivE_global_addr+0x514/0xec8 returned 0 after 40 usecs
[    0.784211] calling  __typeid__ZTSFivE_global_addr+0x518/0xec8 @ 1
[    0.784434] initcall __typeid__ZTSFivE_global_addr+0x518/0xec8 returned 0 after 212 usecs
[    0.784439] calling  __typeid__ZTSFivE_global_addr+0x51c/0xec8 @ 1
[    0.784457] initcall __typeid__ZTSFivE_global_addr+0x51c/0xec8 returned 0 after 13 usecs
[    0.784461] calling  __typeid__ZTSFivE_global_addr+0x520/0xec8 @ 1
[    0.784470] initcall __typeid__ZTSFivE_global_addr+0x520/0xec8 returned 0 after 4 usecs
[    0.784474] calling  __typeid__ZTSFivE_global_addr+0x524/0xec8 @ 1
[    0.784480] initcall __typeid__ZTSFivE_global_addr+0x524/0xec8 returned 0 after 2 usecs
[    0.784484] calling  __typeid__ZTSFivE_global_addr+0x528/0xec8 @ 1
[    0.784490] initcall __typeid__ZTSFivE_global_addr+0x528/0xec8 returned 0 after 1 usecs
[    0.784494] calling  __typeid__ZTSFivE_global_addr+0x530/0xec8 @ 1
[    0.784499] initcall __typeid__ZTSFivE_global_addr+0x530/0xec8 returned 0 after 0 usecs
[    0.784503] calling  __typeid__ZTSFivE_global_addr+0x53c/0xec8 @ 1
[    0.784510] initcall __typeid__ZTSFivE_global_addr+0x53c/0xec8 returned 0 after 2 usecs
[    0.784514] calling  __typeid__ZTSFivE_global_addr+0x5d8/0xec8 @ 1
[    0.808244] initcall __typeid__ZTSFivE_global_addr+0x5d8/0xec8 returned 0 after 23168 usecs
[    0.808248] calling  __typeid__ZTSFivE_global_addr+0x5f0/0xec8 @ 1
[    0.808251] cryptomgr_test (144) used greatest stack depth: 14008 bytes left
[    0.808255] Key type asymmetric registered
[    0.808260] initcall __typeid__ZTSFivE_global_addr+0x5f0/0xec8 returned 0 after 4 usecs
[    0.808263] calling  __typeid__ZTSFivE_global_addr+0x5f4/0xec8 @ 1
[    0.808266] Asymmetric key parser 'x509' registered
[    0.808270] initcall __typeid__ZTSFivE_global_addr+0x5f4/0xec8 returned 0 after 2 usecs
[    0.808273] calling  __typeid__ZTSFivE_global_addr+0x60c/0xec8 @ 1
[    0.808282] initcall __typeid__ZTSFivE_global_addr+0x60c/0xec8 returned 0 after 4 usecs
[    0.808286] calling  __typeid__ZTSFivE_global_addr+0x618/0xec8 @ 1
[    0.808305] Block layer SCSI generic (bsg) driver version 0.4 loaded (major 241)
[    0.808309] initcall __typeid__ZTSFivE_global_addr+0x618/0xec8 returned 0 after 18 usecs
[    0.808313] calling  __typeid__ZTSFivE_global_addr+0x620/0xec8 @ 1
[    0.808420] initcall __typeid__ZTSFivE_global_addr+0x620/0xec8 returned 0 after 99 usecs
[    0.808424] calling  __typeid__ZTSFivE_global_addr+0x624/0xec8 @ 1
[    0.808438] initcall __typeid__ZTSFivE_global_addr+0x624/0xec8 returned 0 after 9 usecs
[    0.808442] calling  __typeid__ZTSFivE_global_addr+0x628/0xec8 @ 1
[    0.808445] io scheduler mq-deadline registered
[    0.808449] initcall __typeid__ZTSFivE_global_addr+0x628/0xec8 returned 0 after 2 usecs
[    0.808452] calling  __typeid__ZTSFivE_global_addr+0x62c/0xec8 @ 1
[    0.808454] io scheduler kyber registered
[    0.808458] initcall __typeid__ZTSFivE_global_addr+0x62c/0xec8 returned 0 after 2 usecs
[    0.808461] calling  __typeid__ZTSFivE_global_addr+0x640/0xec8 @ 1
[    0.808465] initcall __typeid__ZTSFivE_global_addr+0x640/0xec8 returned 0 after 0 usecs
[    0.808468] calling  __typeid__ZTSFivE_global_addr+0x644/0xec8 @ 1
[    0.808472] initcall __typeid__ZTSFivE_global_addr+0x644/0xec8 returned 0 after 0 usecs
[    0.808475] calling  __typeid__ZTSFivE_global_addr+0x648/0xec8 @ 1
[    0.808479] initcall __typeid__ZTSFivE_global_addr+0x648/0xec8 returned 0 after 0 usecs
[    0.808482] calling  __typeid__ZTSFivE_global_addr+0x64c/0xec8 @ 1
[    0.808492] initcall __typeid__ZTSFivE_global_addr+0x64c/0xec8 returned 0 after 6 usecs
[    0.808497] calling  __typeid__ZTSFivE_global_addr+0x658/0xec8 @ 1
[    0.808501] initcall __typeid__ZTSFivE_global_addr+0x658/0xec8 returned 0 after 1 usecs
[    0.808505] calling  __typeid__ZTSFivE_global_addr+0x65c/0xec8 @ 1
[    0.808512] initcall __typeid__ZTSFivE_global_addr+0x65c/0xec8 returned 0 after 4 usecs
[    0.808516] calling  __typeid__ZTSFivE_global_addr+0x660/0xec8 @ 1
[    0.808521] initcall __typeid__ZTSFivE_global_addr+0x660/0xec8 returned 0 after 1 usecs
[    0.808524] calling  __typeid__ZTSFivE_global_addr+0x664/0xec8 @ 1
[    0.808740] initcall __typeid__ZTSFivE_global_addr+0x664/0xec8 returned 0 after 207 usecs
[    0.808744] calling  __typeid__ZTSFivE_global_addr+0x668/0xec8 @ 1
[    0.808753] initcall __typeid__ZTSFivE_global_addr+0x668/0xec8 returned 0 after 4 usecs
[    0.808757] calling  __typeid__ZTSFivE_global_addr+0x678/0xec8 @ 1
[    0.808820] initcall __typeid__ZTSFivE_global_addr+0x678/0xec8 returned 0 after 56 usecs
[    0.808825] calling  __typeid__ZTSFivE_global_addr+0x688/0xec8 @ 1
[    0.808845] initcall __typeid__ZTSFivE_global_addr+0x688/0xec8 returned 0 after 15 usecs
[    0.808850] calling  __typeid__ZTSFivE_global_addr+0x690/0xec8 @ 1
[    0.809021] initcall __typeid__ZTSFivE_global_addr+0x690/0xec8 returned 0 after 162 usecs
[    0.809025] calling  __typeid__ZTSFivE_global_addr+0x694/0xec8 @ 1
[    0.809383] initcall __typeid__ZTSFivE_global_addr+0x694/0xec8 returned 0 after 345 usecs
[    0.809387] calling  __typeid__ZTSFivE_global_addr+0x6a0/0xec8 @ 1
[    0.809420] initcall __typeid__ZTSFivE_global_addr+0x6a0/0xec8 returned 0 after 28 usecs
[    0.809425] calling  __typeid__ZTSFivE_global_addr+0x6c4/0xec8 @ 1
[    0.809435] initcall __typeid__ZTSFivE_global_addr+0x6c4/0xec8 returned 0 after 5 usecs
[    0.809438] calling  __typeid__ZTSFivE_global_addr+0x6d0/0xec8 @ 1
[    0.809486] initcall __typeid__ZTSFivE_global_addr+0x6d0/0xec8 returned 0 after 43 usecs
[    0.809490] calling  __typeid__ZTSFivE_global_addr+0x6d8/0xec8 @ 1
[    0.809500] initcall __typeid__ZTSFivE_global_addr+0x6d8/0xec8 returned 0 after 5 usecs
[    0.809503] calling  __typeid__ZTSFivE_global_addr+0x6dc/0xec8 @ 1
[    0.809523] initcall __typeid__ZTSFivE_global_addr+0x6dc/0xec8 returned 0 after 14 usecs
[    0.809527] calling  __typeid__ZTSFivE_global_addr+0x6e0/0xec8 @ 1
[    0.809759] initcall __typeid__ZTSFivE_global_addr+0x6e0/0xec8 returned 0 after 222 usecs
[    0.809763] calling  __typeid__ZTSFivE_global_addr+0x6e4/0xec8 @ 1
[    0.809894] initcall __typeid__ZTSFivE_global_addr+0x6e4/0xec8 returned 0 after 122 usecs
[    0.809897] calling  __typeid__ZTSFivE_global_addr+0x6e8/0xec8 @ 1
[    0.809992] initcall __typeid__ZTSFivE_global_addr+0x6e8/0xec8 returned 0 after 88 usecs
[    0.809995] calling  __typeid__ZTSFivE_global_addr+0x6f0/0xec8 @ 1
[    0.810049] initcall __typeid__ZTSFivE_global_addr+0x6f0/0xec8 returned 0 after 48 usecs
[    0.810053] calling  __typeid__ZTSFivE_global_addr+0x708/0xec8 @ 1
[    0.810156] initcall __typeid__ZTSFivE_global_addr+0x708/0xec8 returned 0 after 95 usecs
[    0.810160] calling  __typeid__ZTSFivE_global_addr+0x70c/0xec8 @ 1
[    0.810253] initcall __typeid__ZTSFivE_global_addr+0x70c/0xec8 returned 0 after 86 usecs
[    0.810257] calling  __typeid__ZTSFivE_global_addr+0x710/0xec8 @ 1
[    0.810370] initcall __typeid__ZTSFivE_global_addr+0x710/0xec8 returned 0 after 106 usecs
[    0.810374] calling  __typeid__ZTSFivE_global_addr+0x714/0xec8 @ 1
[    0.810468] initcall __typeid__ZTSFivE_global_addr+0x714/0xec8 returned 0 after 87 usecs
[    0.810471] calling  __typeid__ZTSFivE_global_addr+0x73c/0xec8 @ 1
[    0.810528] initcall __typeid__ZTSFivE_global_addr+0x73c/0xec8 returned 0 after 50 usecs
[    0.810532] calling  __typeid__ZTSFivE_global_addr+0x744/0xec8 @ 1
[    0.810542] initcall __typeid__ZTSFivE_global_addr+0x744/0xec8 returned 0 after 5 usecs
[    0.810546] calling  __typeid__ZTSFivE_global_addr+0x748/0xec8 @ 1
[    0.810723] probe of 65002000.dmc-controller returned 1 after 111 usecs
[    0.810814] initcall __typeid__ZTSFivE_global_addr+0x748/0xec8 returned 0 after 257 usecs
[    0.810820] calling  __typeid__ZTSFivE_global_addr+0x75c/0xec8 @ 1
[    0.810851] initcall __typeid__ZTSFivE_global_addr+0x75c/0xec8 returned 0 after 26 usecs
[    0.810856] calling  __typeid__ZTSFivE_global_addr+0x764/0xec8 @ 1
[    0.810861] initcall __typeid__ZTSFivE_global_addr+0x764/0xec8 returned 0 after 1 usecs
[    0.810865] calling  __typeid__ZTSFivE_global_addr+0x768/0xec8 @ 1
[    0.810908] initcall __typeid__ZTSFivE_global_addr+0x768/0xec8 returned 0 after 37 usecs
[    0.810911] calling  __typeid__ZTSFivE_global_addr+0x76c/0xec8 @ 1
[    0.810942] initcall __typeid__ZTSFivE_global_addr+0x76c/0xec8 returned 0 after 26 usecs
[    0.810946] calling  __typeid__ZTSFivE_global_addr+0x774/0xec8 @ 1
[    0.810950] Serial: 8250/16550 driver, 4 ports, IRQ sharing disabled
[    0.811400] probe of serial8250 returned 1 after 18 usecs
[    0.811411] initcall __typeid__ZTSFivE_global_addr+0x774/0xec8 returned 0 after 449 usecs
[    0.811416] calling  __typeid__ZTSFivE_global_addr+0x77c/0xec8 @ 1
[    0.811442] initcall __typeid__ZTSFivE_global_addr+0x77c/0xec8 returned 0 after 21 usecs
[    0.811447] calling  __typeid__ZTSFivE_global_addr+0x780/0xec8 @ 1
[    0.811892] initcall __typeid__ZTSFivE_global_addr+0x780/0xec8 returned 0 after 430 usecs
[    0.811896] calling  __typeid__ZTSFivE_global_addr+0x788/0xec8 @ 1
[    0.812002] 200a0000.serial: ttySPRD0 at MMIO 0x200a0000 (irq = 15, base_baud = 1625000) is a SPX
[    0.812095] serial port 1 not yet initialized
[    0.812241] probe of 200a0000.serial returned 1 after 317 usecs
[    0.812289] 200b0000.serial: ttySPRD1 at MMIO 0x200b0000 (irq = 16, base_baud = 1625000) is a SPX
[    0.812318] printk: console [ttySPRD1] enabled
[    0.812320] printk: bootconsole [sprd_serial0] disabled
[    0.812432] probe of 200b0000.serial returned 1 after 183 usecs
[    0.812473] 200c0000.serial: ttySPRD2 at MMIO 0x200c0000 (irq = 17, base_baud = 1625000) is a SPX
[    0.812586] probe of 200c0000.serial returned 1 after 149 usecs
[    0.812710] initcall __typeid__ZTSFivE_global_addr+0x788/0xec8 returned 0 after 788 usecs
[    0.812716] calling  __typeid__ZTSFivE_global_addr+0x7a0/0xec8 @ 1
[    0.812752] initcall __typeid__ZTSFivE_global_addr+0x7a0/0xec8 returned 0 after 30 usecs
[    0.812756] calling  __typeid__ZTSFivE_global_addr+0x7b8/0xec8 @ 1
[    0.812761] initcall __typeid__ZTSFivE_global_addr+0x7b8/0xec8 returned 0 after 0 usecs
[    0.812765] calling  __typeid__ZTSFivE_global_addr+0x7bc/0xec8 @ 1
[    0.812789] initcall __typeid__ZTSFivE_global_addr+0x7bc/0xec8 returned 0 after 19 usecs
[    0.812793] calling  __typeid__ZTSFivE_global_addr+0x7c4/0xec8 @ 1
[    0.812830] initcall __typeid__ZTSFivE_global_addr+0x7c4/0xec8 returned 0 after 31 usecs
[    0.812834] calling  __typeid__ZTSFivE_global_addr+0x7e4/0xec8 @ 1
[    0.812964] initcall __typeid__ZTSFivE_global_addr+0x7e4/0xec8 returned 0 after 122 usecs
[    0.812968] calling  __typeid__ZTSFivE_global_addr+0x7e8/0xec8 @ 1
[    0.813000] cacheinfo: Unable to detect cache hierarchy for CPU 0
[    0.813023] initcall __typeid__ZTSFivE_global_addr+0x7e8/0xec8 returned -2 after 49 usecs
[    0.813028] calling  __typeid__ZTSFivE_global_addr+0x81c/0xec8 @ 1
[    0.816124] brd: module loaded
[    0.816135] initcall __typeid__ZTSFivE_global_addr+0x81c/0xec8 returned 0 after 3025 usecs
[    0.816140] calling  __typeid__ZTSFivE_global_addr+0x820/0xec8 @ 1
[    0.823264] loop: module loaded
[    0.823280] initcall __typeid__ZTSFivE_global_addr+0x820/0xec8 returned 0 after 6958 usecs
[    0.823287] calling  __typeid__ZTSFivE_global_addr+0x834/0xec8 @ 1
[    0.823331] initcall __typeid__ZTSFivE_global_addr+0x834/0xec8 returned 0 after 38 usecs
[    0.823336] calling  __typeid__ZTSFivE_global_addr+0x838/0xec8 @ 1
[    0.823345] initcall __typeid__ZTSFivE_global_addr+0x838/0xec8 returned 0 after 5 usecs
[    0.823349] calling  __typeid__ZTSFivE_global_addr+0x83c/0xec8 @ 1
[    0.823762] probe of ndbus0 returned 1 after 56 usecs
[    0.823796] probe of fff70000.rebootescrow returned 1 after 160 usecs
[    0.823826] initcall __typeid__ZTSFivE_global_addr+0x83c/0xec8 returned 0 after 459 usecs
[    0.823831] calling  __typeid__ZTSFivE_global_addr+0x854/0xec8 @ 1
[    0.823996] initcall __typeid__ZTSFivE_global_addr+0x854/0xec8 returned 0 after 156 usecs
[    0.824001] calling  __typeid__ZTSFivE_global_addr+0x858/0xec8 @ 1
[    0.824030] probe of region0 returned 1 after 124 usecs
[    0.824048] initcall __typeid__ZTSFivE_global_addr+0x858/0xec8 returned 0 after 22 usecs
[    0.824052] calling  __typeid__ZTSFivE_global_addr+0x85c/0xec8 @ 1
[    0.824119] initcall __typeid__ZTSFivE_global_addr+0x85c/0xec8 returned 0 after 60 usecs
[    0.824124] calling  __typeid__ZTSFivE_global_addr+0x868/0xec8 @ 1
[    0.824153] nd_pmem namespace0.0: unable to guarantee persistence of writes
[    0.824308] probe of btt0.0 returned 0 after 18 usecs
[    0.824366] initcall __typeid__ZTSFivE_global_addr+0x868/0xec8 returned 0 after 231 usecs
[    0.824373] calling  __typeid__ZTSFivE_global_addr+0x86c/0xec8 @ 1
[    0.824509] wireguard: WireGuard 1.0.0 loaded. See www.wireguard.com for information.
[    0.824511] wireguard: Copyright (C) 2015-2019 Jason A. Donenfeld <Jason@zx2c4.com>. All Rights Reserved.
[    0.824516] initcall __typeid__ZTSFivE_global_addr+0x86c/0xec8 returned 0 after 134 usecs
[    0.824521] calling  __typeid__ZTSFivE_global_addr+0x870/0xec8 @ 1
[    0.824846] initcall __typeid__ZTSFivE_global_addr+0x870/0xec8 returned 0 after 312 usecs
[    0.824850] calling  __typeid__ZTSFivE_global_addr+0x874/0xec8 @ 1
[    0.824854] pmem0: detected capacity change from 0 to 65536
[    0.824865] initcall __typeid__ZTSFivE_global_addr+0x874/0xec8 returned 0 after 6 usecs
[    0.824868] calling  __typeid__ZTSFivE_global_addr+0x878/0xec8 @ 1
[    0.824878] probe of namespace0.0 returned 1 after 786 usecs
[    0.824881] initcall __typeid__ZTSFivE_global_addr+0x878/0xec8 returned 0 after 7 usecs
[    0.824885] calling  __typeid__ZTSFivE_global_addr+0x880/0xec8 @ 1
[    0.824969] initcall __typeid__ZTSFivE_global_addr+0x880/0xec8 returned 0 after 77 usecs
[    0.824974] calling  __typeid__ZTSFivE_global_addr+0x884/0xec8 @ 1
[    0.824977] tun: Universal TUN/TAP device driver, 1.6
[    0.825019] initcall __typeid__ZTSFivE_global_addr+0x884/0xec8 returned 0 after 39 usecs
[    0.825023] calling  __typeid__ZTSFivE_global_addr+0x888/0xec8 @ 1
[    0.825029] initcall __typeid__ZTSFivE_global_addr+0x888/0xec8 returned 0 after 0 usecs
[    0.825033] calling  __typeid__ZTSFivE_global_addr+0x88c/0xec8 @ 1
[    0.825036] CAN device driver interface
[    0.825040] initcall __typeid__ZTSFivE_global_addr+0x88c/0xec8 returned 0 after 1 usecs
[    0.825043] calling  __typeid__ZTSFivE_global_addr+0x890/0xec8 @ 1
[    0.825045] PPP generic driver version 2.4.2
[    0.825089] initcall __typeid__ZTSFivE_global_addr+0x890/0xec8 returned 0 after 40 usecs
[    0.825093] calling  __typeid__ZTSFivE_global_addr+0x894/0xec8 @ 1
[    0.825095] PPP BSD Compression module registered
[    0.825099] initcall __typeid__ZTSFivE_global_addr+0x894/0xec8 returned 0 after 2 usecs
[    0.825103] calling  __typeid__ZTSFivE_global_addr+0x898/0xec8 @ 1
[    0.825108] PPP Deflate Compression module registered
[    0.825112] initcall __typeid__ZTSFivE_global_addr+0x898/0xec8 returned 0 after 2 usecs
[    0.825115] calling  __typeid__ZTSFivE_global_addr+0x89c/0xec8 @ 1
[    0.825126] PPP MPPE Compression module registered
[    0.825131] initcall __typeid__ZTSFivE_global_addr+0x89c/0xec8 returned 0 after 10 usecs
[    0.825134] calling  __typeid__ZTSFivE_global_addr+0x8a0/0xec8 @ 1
[    0.825137] NET: Registered protocol family 24
[    0.825140] initcall __typeid__ZTSFivE_global_addr+0x8a0/0xec8 returned 0 after 2 usecs
[    0.825144] calling  __typeid__ZTSFivE_global_addr+0x8a4/0xec8 @ 1
[    0.825146] PPTP driver version 0.8.5
[    0.825268] initcall __typeid__ZTSFivE_global_addr+0x8a4/0xec8 returned 0 after 116 usecs
[    0.825272] calling  __typeid__ZTSFivE_global_addr+0x8a8/0xec8 @ 1
[    0.825298] usbcore: registered new interface driver r8152
[    0.825302] initcall __typeid__ZTSFivE_global_addr+0x8a8/0xec8 returned 0 after 25 usecs
[    0.825306] calling  __typeid__ZTSFivE_global_addr+0x8ac/0xec8 @ 1
[    0.825340] usbcore: registered new interface driver cdc_ether
[    0.825344] initcall __typeid__ZTSFivE_global_addr+0x8ac/0xec8 returned 0 after 33 usecs
[    0.825348] calling  __typeid__ZTSFivE_global_addr+0x8b0/0xec8 @ 1
[    0.825355] initcall __typeid__ZTSFivE_global_addr+0x8b0/0xec8 returned 0 after 3 usecs
[    0.825359] calling  __typeid__ZTSFivE_global_addr+0x8b4/0xec8 @ 1
[    0.825377] usbcore: registered new interface driver cdc_ncm
[    0.825380] initcall __typeid__ZTSFivE_global_addr+0x8b4/0xec8 returned 0 after 17 usecs
[    0.825384] calling  __typeid__ZTSFivE_global_addr+0x8b8/0xec8 @ 1
[    0.825396] usbcore: registered new interface driver aqc111
[    0.825401] initcall __typeid__ZTSFivE_global_addr+0x8b8/0xec8 returned 0 after 12 usecs
[    0.825404] calling  __typeid__ZTSFivE_global_addr+0x8bc/0xec8 @ 1
[    0.825415] initcall __typeid__ZTSFivE_global_addr+0x8bc/0xec8 returned 0 after 6 usecs
[    0.825419] calling  __typeid__ZTSFivE_global_addr+0x8cc/0xec8 @ 1
[    0.825658] initcall __typeid__ZTSFivE_global_addr+0x8cc/0xec8 returned 0 after 229 usecs
[    0.825662] calling  __typeid__ZTSFivE_global_addr+0x8d0/0xec8 @ 1
[    0.825688] initcall __typeid__ZTSFivE_global_addr+0x8d0/0xec8 returned 0 after 21 usecs
[    0.825692] calling  __typeid__ZTSFivE_global_addr+0x8d4/0xec8 @ 1
[    0.825941] initcall __typeid__ZTSFivE_global_addr+0x8d4/0xec8 returned 0 after 238 usecs
[    0.825945] calling  __typeid__ZTSFivE_global_addr+0x8d8/0xec8 @ 1
[    0.825948] ehci_hcd: USB 2.0 'Enhanced' Host Controller (EHCI) Driver
[    0.825964] initcall __typeid__ZTSFivE_global_addr+0x8d8/0xec8 returned 0 after 14 usecs
[    0.825968] calling  __typeid__ZTSFivE_global_addr+0x8dc/0xec8 @ 1
[    0.825970] ehci-pci: EHCI PCI platform driver
[    0.825989] initcall __typeid__ZTSFivE_global_addr+0x8dc/0xec8 returned 0 after 17 usecs
[    0.825993] calling  __typeid__ZTSFivE_global_addr+0x8e0/0xec8 @ 1
[    0.825995] ehci-platform: EHCI generic platform driver
[    0.826157] initcall __typeid__ZTSFivE_global_addr+0x8e0/0xec8 returned 0 after 155 usecs
[    0.826161] calling  __typeid__ZTSFivE_global_addr+0x8e4/0xec8 @ 1
[    0.826169] initcall __typeid__ZTSFivE_global_addr+0x8e4/0xec8 returned 0 after 3 usecs
[    0.826173] calling  __typeid__ZTSFivE_global_addr+0x8e8/0xec8 @ 1
[    0.826193] initcall __typeid__ZTSFivE_global_addr+0x8e8/0xec8 returned 0 after 15 usecs
[    0.826197] calling  __typeid__ZTSFivE_global_addr+0x8ec/0xec8 @ 1
[    0.826496] initcall __typeid__ZTSFivE_global_addr+0x8ec/0xec8 returned 0 after 286 usecs
[    0.826499] calling  __typeid__ZTSFivE_global_addr+0x8f0/0xec8 @ 1
[    0.826541] usbcore: registered new interface driver cdc_acm
[    0.826544] cdc_acm: USB Abstract Control Model driver for USB modems and ISDN adapters
[    0.826548] initcall __typeid__ZTSFivE_global_addr+0x8f0/0xec8 returned 0 after 42 usecs
[    0.826552] calling  __typeid__ZTSFivE_global_addr+0x8f4/0xec8 @ 1
[    0.826692] usbcore: registered new interface driver uas
[    0.826696] initcall __typeid__ZTSFivE_global_addr+0x8f4/0xec8 returned 0 after 135 usecs
[    0.826701] calling  __typeid__ZTSFivE_global_addr+0x8f8/0xec8 @ 1
[    0.826722] usbcore: registered new interface driver usb-storage
[    0.826726] initcall __typeid__ZTSFivE_global_addr+0x8f8/0xec8 returned 0 after 19 usecs
[    0.826729] calling  __typeid__ZTSFivE_global_addr+0x8fc/0xec8 @ 1
[    0.826789] initcall __typeid__ZTSFivE_global_addr+0x8fc/0xec8 returned 0 after 53 usecs
[    0.826794] calling  __typeid__ZTSFivE_global_addr+0x904/0xec8 @ 1
[    0.826797] Number of emulated UDC must be in range of 1...32
[    0.826801] initcall __typeid__ZTSFivE_global_addr+0x904/0xec8 returned -22 after 2 usecs
[    0.826804] calling  __typeid__ZTSFivE_global_addr+0x908/0xec8 @ 1
[    0.826811] initcall __typeid__ZTSFivE_global_addr+0x908/0xec8 returned 0 after 3 usecs
[    0.826815] calling  __typeid__ZTSFivE_global_addr+0x90c/0xec8 @ 1
[    0.826819] initcall __typeid__ZTSFivE_global_addr+0x90c/0xec8 returned 0 after 0 usecs
[    0.826823] calling  __typeid__ZTSFivE_global_addr+0x910/0xec8 @ 1
[    0.826827] initcall __typeid__ZTSFivE_global_addr+0x910/0xec8 returned 0 after 0 usecs
[    0.826830] calling  __typeid__ZTSFivE_global_addr+0x914/0xec8 @ 1
[    0.826835] initcall __typeid__ZTSFivE_global_addr+0x914/0xec8 returned 0 after 0 usecs
[    0.826838] calling  __typeid__ZTSFivE_global_addr+0x918/0xec8 @ 1
[    0.826843] initcall __typeid__ZTSFivE_global_addr+0x918/0xec8 returned 0 after 0 usecs
[    0.826847] calling  __typeid__ZTSFivE_global_addr+0x91c/0xec8 @ 1
[    0.826851] initcall __typeid__ZTSFivE_global_addr+0x91c/0xec8 returned 0 after 0 usecs
[    0.826854] calling  __typeid__ZTSFivE_global_addr+0x920/0xec8 @ 1
[    0.826858] initcall __typeid__ZTSFivE_global_addr+0x920/0xec8 returned 0 after 0 usecs
[    0.826862] calling  __typeid__ZTSFivE_global_addr+0x924/0xec8 @ 1
[    0.826867] initcall __typeid__ZTSFivE_global_addr+0x924/0xec8 returned 0 after 1 usecs
[    0.826870] calling  __typeid__ZTSFivE_global_addr+0x934/0xec8 @ 1
[    0.826875] initcall __typeid__ZTSFivE_global_addr+0x934/0xec8 returned 0 after 1 usecs
[    0.826878] calling  __typeid__ZTSFivE_global_addr+0x93c/0xec8 @ 1
[    0.826883] initcall __typeid__ZTSFivE_global_addr+0x93c/0xec8 returned 0 after 1 usecs
[    0.826887] calling  __typeid__ZTSFivE_global_addr+0x940/0xec8 @ 1
[    0.826890] initcall __typeid__ZTSFivE_global_addr+0x940/0xec8 returned 0 after 0 usecs
[    0.826894] calling  __typeid__ZTSFivE_global_addr+0x944/0xec8 @ 1
[    0.826933] initcall __typeid__ZTSFivE_global_addr+0x944/0xec8 returned 0 after 33 usecs
[    0.826937] calling  __typeid__ZTSFivE_global_addr+0x94c/0xec8 @ 1
[    0.826963] usbcore: registered new interface driver xpad
[    0.826967] initcall __typeid__ZTSFivE_global_addr+0x94c/0xec8 returned 0 after 25 usecs
[    0.826971] calling  __typeid__ZTSFivE_global_addr+0x950/0xec8 @ 1
[    0.827005] initcall __typeid__ZTSFivE_global_addr+0x950/0xec8 returned 0 after 29 usecs
[    0.827009] calling  __typeid__ZTSFivE_global_addr+0x954/0xec8 @ 1
[    0.827019] mc34xx_i2c_init caikai called init
[    0.827040] initcall __typeid__ZTSFivE_global_addr+0x954/0xec8 returned 0 after 25 usecs
[    0.827044] calling  __typeid__ZTSFivE_global_addr+0x958/0xec8 @ 1
[    0.827061] initcall __typeid__ZTSFivE_global_addr+0x958/0xec8 returned 0 after 11 usecs
[    0.827065] calling  __typeid__ZTSFivE_global_addr+0x960/0xec8 @ 1
[    0.827091] initcall __typeid__ZTSFivE_global_addr+0x960/0xec8 returned 0 after 20 usecs
[    0.827094] calling  __typeid__ZTSFivE_global_addr+0x964/0xec8 @ 1
[    0.827108] initcall __typeid__ZTSFivE_global_addr+0x964/0xec8 returned 0 after 9 usecs
[    0.827112] calling  __typeid__ZTSFivE_global_addr+0x980/0xec8 @ 1
[    0.827135] usbcore: registered new interface driver uvcvideo
[    0.827137] USB Video Class driver (1.1.1)
[    0.827141] initcall __typeid__ZTSFivE_global_addr+0x980/0xec8 returned 0 after 24 usecs
[    0.827145] calling  __typeid__ZTSFivE_global_addr+0x984/0xec8 @ 1
[    0.827147] gspca_main: v2.14.0 registered
[    0.827150] initcall __typeid__ZTSFivE_global_addr+0x984/0xec8 returned 0 after 1 usecs
[    0.827154] calling  __typeid__ZTSFivE_global_addr+0x99c/0xec8 @ 1
[    0.827242] device-mapper: uevent: version 1.0.3
[    0.827347] device-mapper: ioctl: 4.41.0-ioctl (2019-09-16) initialised: dm-devel@redhat.com
[    0.827352] initcall __typeid__ZTSFivE_global_addr+0x99c/0xec8 returned 0 after 188 usecs
[    0.827357] calling  __typeid__ZTSFivE_global_addr+0x9c0/0xec8 @ 1
[    0.827456] initcall __typeid__ZTSFivE_global_addr+0x9c0/0xec8 returned 0 after 91 usecs
[    0.827460] calling  __typeid__ZTSFivE_global_addr+0x9c4/0xec8 @ 1
[    0.827465] initcall __typeid__ZTSFivE_global_addr+0x9c4/0xec8 returned 0 after 0 usecs
[    0.827469] calling  __typeid__ZTSFivE_global_addr+0x9c8/0xec8 @ 1
[    0.827474] initcall __typeid__ZTSFivE_global_addr+0x9c8/0xec8 returned 0 after 0 usecs
[    0.827478] calling  __typeid__ZTSFivE_global_addr+0x9cc/0xec8 @ 1
[    0.827500] initcall __typeid__ZTSFivE_global_addr+0x9cc/0xec8 returned 0 after 16 usecs
[    0.827503] calling  __typeid__ZTSFivE_global_addr+0x9d0/0xec8 @ 1
[    0.827508] initcall __typeid__ZTSFivE_global_addr+0x9d0/0xec8 returned 0 after 1 usecs
[    0.827511] calling  __typeid__ZTSFivE_global_addr+0x9d4/0xec8 @ 1
[    0.827516] initcall __typeid__ZTSFivE_global_addr+0x9d4/0xec8 returned 0 after 1 usecs
[    0.827519] calling  __typeid__ZTSFivE_global_addr+0x9d8/0xec8 @ 1
[    0.827524] initcall __typeid__ZTSFivE_global_addr+0x9d8/0xec8 returned 0 after 0 usecs
[    0.827527] calling  __typeid__ZTSFivE_global_addr+0x9dc/0xec8 @ 1
[    0.827530] Bluetooth: HCI UART driver ver 2.3
[    0.827533] Bluetooth: HCI UART protocol H4 registered
[    0.827547] Bluetooth: HCI UART protocol LL registered
[    0.827620] Bluetooth: HCI UART protocol Broadcom registered
[    0.827637] Bluetooth: HCI UART protocol QCA registered
[    0.827641] initcall __typeid__ZTSFivE_global_addr+0x9dc/0xec8 returned 0 after 107 usecs
[    0.827646] calling  __typeid__ZTSFivE_global_addr+0x9f0/0xec8 @ 1
[    0.827660] initcall __typeid__ZTSFivE_global_addr+0x9f0/0xec8 returned 0 after 9 usecs
[    0.827663] calling  __typeid__ZTSFivE_global_addr+0xa18/0xec8 @ 1
[    0.827669] initcall __typeid__ZTSFivE_global_addr+0xa18/0xec8 returned 0 after 1 usecs
[    0.827672] calling  __typeid__ZTSFivE_global_addr+0xa1c/0xec8 @ 1
[    0.827677] initcall __typeid__ZTSFivE_global_addr+0xa1c/0xec8 returned 0 after 0 usecs
[    0.827681] calling  __typeid__ZTSFivE_global_addr+0xa20/0xec8 @ 1
[    0.827699] initcall __typeid__ZTSFivE_global_addr+0xa20/0xec8 returned 0 after 14 usecs
[    0.827703] calling  __typeid__ZTSFivE_global_addr+0xa24/0xec8 @ 1
[    0.827760] initcall __typeid__ZTSFivE_global_addr+0xa24/0xec8 returned 0 after 52 usecs
[    0.827764] calling  __typeid__ZTSFivE_global_addr+0xa30/0xec8 @ 1
[    0.827785] initcall __typeid__ZTSFivE_global_addr+0xa30/0xec8 returned -95 after 16 usecs
[    0.827789] calling  __typeid__ZTSFivE_global_addr+0xa34/0xec8 @ 1
[    0.828238] initcall __typeid__ZTSFivE_global_addr+0xa34/0xec8 returned 0 after 432 usecs
[    0.828242] calling  __typeid__ZTSFivE_global_addr+0xa3c/0xec8 @ 1
[    0.828273] initcall __typeid__ZTSFivE_global_addr+0xa3c/0xec8 returned 0 after 26 usecs
[    0.828277] calling  __typeid__ZTSFivE_global_addr+0xa40/0xec8 @ 1
[    0.828279] sdhci: Secure Digital Host Controller Interface driver
[    0.828281] sdhci: Copyright(c) Pierre Ossman
[    0.828285] initcall __typeid__ZTSFivE_global_addr+0xa40/0xec8 returned 0 after 3 usecs
[    0.828288] calling  __typeid__ZTSFivE_global_addr+0xa44/0xec8 @ 1
[    0.828290] sdhci-pltfm: SDHCI platform and OF driver helper
[    0.828294] initcall __typeid__ZTSFivE_global_addr+0xa44/0xec8 returned 0 after 1 usecs
[    0.828297] calling  __typeid__ZTSFivE_global_addr+0xa4c/0xec8 @ 1
[    0.828303] initcall __typeid__ZTSFivE_global_addr+0xa4c/0xec8 returned 0 after 2 usecs
[    0.828307] calling  __typeid__ZTSFivE_global_addr+0xa50/0xec8 @ 1
[    0.828477] initcall __typeid__ZTSFivE_global_addr+0xa50/0xec8 returned 0 after 162 usecs
[    0.828481] calling  __typeid__ZTSFivE_global_addr+0xa58/0xec8 @ 1
[    0.828584] initcall __typeid__ZTSFivE_global_addr+0xa58/0xec8 returned 0 after 96 usecs
[    0.828589] calling  __typeid__ZTSFivE_global_addr+0xa88/0xec8 @ 1
[    0.828594] initcall __typeid__ZTSFivE_global_addr+0xa88/0xec8 returned -38 after 0 usecs
[    0.828598] calling  __typeid__ZTSFivE_global_addr+0xaa4/0xec8 @ 1
[    0.828620] hidraw: raw HID events driver (C) Jiri Kosina
[    0.828632] initcall __typeid__ZTSFivE_global_addr+0xaa4/0xec8 returned 0 after 28 usecs
[    0.828635] calling  __typeid__ZTSFivE_global_addr+0xaa8/0xec8 @ 1
[    0.828673] initcall __typeid__ZTSFivE_global_addr+0xaa8/0xec8 returned 0 after 33 usecs
[    0.828678] calling  __typeid__ZTSFivE_global_addr+0xaac/0xec8 @ 1
[    0.828699] initcall __typeid__ZTSFivE_global_addr+0xaac/0xec8 returned 0 after 15 usecs
[    0.828703] calling  __typeid__ZTSFivE_global_addr+0xab0/0xec8 @ 1
[    0.828731] initcall __typeid__ZTSFivE_global_addr+0xab0/0xec8 returned 0 after 22 usecs
[    0.828735] calling  __typeid__ZTSFivE_global_addr+0xab4/0xec8 @ 1
[    0.828750] initcall __typeid__ZTSFivE_global_addr+0xab4/0xec8 returned 0 after 10 usecs
[    0.828754] calling  __typeid__ZTSFivE_global_addr+0xab8/0xec8 @ 1
[    0.828774] initcall __typeid__ZTSFivE_global_addr+0xab8/0xec8 returned 0 after 15 usecs
[    0.828778] calling  __typeid__ZTSFivE_global_addr+0xabc/0xec8 @ 1
[    0.828793] initcall __typeid__ZTSFivE_global_addr+0xabc/0xec8 returned 0 after 11 usecs
[    0.828800] calling  __typeid__ZTSFivE_global_addr+0xac0/0xec8 @ 1
[    0.828827] initcall __typeid__ZTSFivE_global_addr+0xac0/0xec8 returned 0 after 21 usecs
[    0.828831] calling  __typeid__ZTSFivE_global_addr+0xac4/0xec8 @ 1
[    0.828858] initcall __typeid__ZTSFivE_global_addr+0xac4/0xec8 returned 0 after 21 usecs
[    0.828862] calling  __typeid__ZTSFivE_global_addr+0xac8/0xec8 @ 1
[    0.828878] initcall __typeid__ZTSFivE_global_addr+0xac8/0xec8 returned 0 after 11 usecs
[    0.828882] calling  __typeid__ZTSFivE_global_addr+0xacc/0xec8 @ 1
[    0.828899] initcall __typeid__ZTSFivE_global_addr+0xacc/0xec8 returned 0 after 12 usecs
[    0.828903] calling  __typeid__ZTSFivE_global_addr+0xad0/0xec8 @ 1
[    0.828924] initcall __typeid__ZTSFivE_global_addr+0xad0/0xec8 returned 0 after 17 usecs
[    0.828928] calling  __typeid__ZTSFivE_global_addr+0xad4/0xec8 @ 1
[    0.828949] initcall __typeid__ZTSFivE_global_addr+0xad4/0xec8 returned 0 after 15 usecs
[    0.828953] calling  __typeid__ZTSFivE_global_addr+0xad8/0xec8 @ 1
[    0.828968] initcall __typeid__ZTSFivE_global_addr+0xad8/0xec8 returned 0 after 11 usecs
[    0.828972] calling  __typeid__ZTSFivE_global_addr+0xadc/0xec8 @ 1
[    0.828987] initcall __typeid__ZTSFivE_global_addr+0xadc/0xec8 returned 0 after 10 usecs
[    0.828990] calling  __typeid__ZTSFivE_global_addr+0xae0/0xec8 @ 1
[    0.829007] initcall __typeid__ZTSFivE_global_addr+0xae0/0xec8 returned 0 after 12 usecs
[    0.829010] calling  __typeid__ZTSFivE_global_addr+0xae4/0xec8 @ 1
[    0.829016] initcall __typeid__ZTSFivE_global_addr+0xae4/0xec8 returned 0 after 1 usecs
[    0.829020] calling  __typeid__ZTSFivE_global_addr+0xae8/0xec8 @ 1
[    0.829047] initcall __typeid__ZTSFivE_global_addr+0xae8/0xec8 returned 0 after 22 usecs
[    0.829052] calling  __typeid__ZTSFivE_global_addr+0xaec/0xec8 @ 1
[    0.829073] initcall __typeid__ZTSFivE_global_addr+0xaec/0xec8 returned 0 after 16 usecs
[    0.829077] calling  __typeid__ZTSFivE_global_addr+0xaf0/0xec8 @ 1
[    0.829097] initcall __typeid__ZTSFivE_global_addr+0xaf0/0xec8 returned 0 after 15 usecs
[    0.829101] calling  __typeid__ZTSFivE_global_addr+0xaf4/0xec8 @ 1
[    0.829121] initcall __typeid__ZTSFivE_global_addr+0xaf4/0xec8 returned 0 after 16 usecs
[    0.829124] calling  __typeid__ZTSFivE_global_addr+0xaf8/0xec8 @ 1
[    0.829146] initcall __typeid__ZTSFivE_global_addr+0xaf8/0xec8 returned 0 after 17 usecs
[    0.829150] calling  __typeid__ZTSFivE_global_addr+0xafc/0xec8 @ 1
[    0.829177] initcall __typeid__ZTSFivE_global_addr+0xafc/0xec8 returned 0 after 22 usecs
[    0.829182] calling  __typeid__ZTSFivE_global_addr+0xb00/0xec8 @ 1
[    0.829198] initcall __typeid__ZTSFivE_global_addr+0xb00/0xec8 returned 0 after 12 usecs
[    0.829202] calling  __typeid__ZTSFivE_global_addr+0xb04/0xec8 @ 1
[    0.829223] initcall __typeid__ZTSFivE_global_addr+0xb04/0xec8 returned 0 after 16 usecs
[    0.829226] calling  __typeid__ZTSFivE_global_addr+0xb08/0xec8 @ 1
[    0.829246] initcall __typeid__ZTSFivE_global_addr+0xb08/0xec8 returned 0 after 15 usecs
[    0.829250] calling  __typeid__ZTSFivE_global_addr+0xb0c/0xec8 @ 1
[    0.829278] initcall __typeid__ZTSFivE_global_addr+0xb0c/0xec8 returned 0 after 23 usecs
[    0.829282] calling  __typeid__ZTSFivE_global_addr+0xb10/0xec8 @ 1
[    0.829304] initcall __typeid__ZTSFivE_global_addr+0xb10/0xec8 returned 0 after 17 usecs
[    0.829308] calling  __typeid__ZTSFivE_global_addr+0xb14/0xec8 @ 1
[    0.829330] initcall __typeid__ZTSFivE_global_addr+0xb14/0xec8 returned 0 after 17 usecs
[    0.829334] calling  __typeid__ZTSFivE_global_addr+0xb18/0xec8 @ 1
[    0.829351] initcall __typeid__ZTSFivE_global_addr+0xb18/0xec8 returned 0 after 12 usecs
[    0.829354] calling  __typeid__ZTSFivE_global_addr+0xb1c/0xec8 @ 1
[    0.829376] initcall __typeid__ZTSFivE_global_addr+0xb1c/0xec8 returned 0 after 16 usecs
[    0.829380] calling  __typeid__ZTSFivE_global_addr+0xb20/0xec8 @ 1
[    0.829403] initcall __typeid__ZTSFivE_global_addr+0xb20/0xec8 returned 0 after 17 usecs
[    0.829407] calling  __typeid__ZTSFivE_global_addr+0xb24/0xec8 @ 1
[    0.829429] usbcore: registered new interface driver usbhid
[    0.829430] usbhid: USB HID core driver
[    0.829434] initcall __typeid__ZTSFivE_global_addr+0xb24/0xec8 returned 0 after 22 usecs
[    0.829438] calling  __typeid__ZTSFivE_global_addr+0xb34/0xec8 @ 1
[    0.829465] initcall __typeid__ZTSFivE_global_addr+0xb34/0xec8 returned 0 after 23 usecs
[    0.829469] calling  __typeid__ZTSFivE_global_addr+0xb38/0xec8 @ 1
[    0.829473] initcall __typeid__ZTSFivE_global_addr+0xb38/0xec8 returned 0 after 0 usecs
[    0.829476] calling  __typeid__ZTSFivE_global_addr+0xb44/0xec8 @ 1
[    0.829584] ashmem: initialized
[    0.829589] initcall __typeid__ZTSFivE_global_addr+0xb44/0xec8 returned 0 after 105 usecs
[    0.829593] calling  __typeid__ZTSFivE_global_addr+0xb48/0xec8 @ 1
[    0.829617] initcall __typeid__ZTSFivE_global_addr+0xb48/0xec8 returned 0 after 19 usecs
[    0.829621] calling  __typeid__ZTSFivE_global_addr+0xb74/0xec8 @ 1
[    0.829631] initcall __typeid__ZTSFivE_global_addr+0xb74/0xec8 returned 0 after 5 usecs
[    0.829634] calling  __typeid__ZTSFivE_global_addr+0xb90/0xec8 @ 1
[    0.829684] initcall __typeid__ZTSFivE_global_addr+0xb90/0xec8 returned 0 after 43 usecs
[    0.829688] calling  __typeid__ZTSFivE_global_addr+0xb94/0xec8 @ 1
[    0.829876] probe of 7c003000.etb returned 1 after 175 usecs
[    0.829919] coresight-tmc 7e002000.etf: Uses obsolete Coresight DT bindings
[    0.830062] probe of 7e002000.etf returned 1 after 180 usecs
[    0.830229] probe of 7e003000.etf returned 1 after 161 usecs
[    0.830245] initcall __typeid__ZTSFivE_global_addr+0xb94/0xec8 returned 0 after 539 usecs
[    0.830250] calling  __typeid__ZTSFivE_global_addr+0xb9c/0xec8 @ 1
[    0.830377] initcall __typeid__ZTSFivE_global_addr+0xb9c/0xec8 returned 0 after 118 usecs
[    0.830381] calling  __typeid__ZTSFivE_global_addr+0xb98/0xec8 @ 1
[    0.830407] coresight-dynamic-funnel 7c002000.funnel: Uses OBSOLETE CoreSight funnel binding
[    0.830521] probe of 7c002000.funnel returned 1 after 132 usecs
[    0.830644] probe of 7e001000.funnel returned 1 after 117 usecs
[    0.830763] probe of 7e004000.funnel returned 1 after 114 usecs
[    0.830885] probe of 7e005000.funnel returned 1 after 117 usecs
[    0.830898] initcall __typeid__ZTSFivE_global_addr+0xb98/0xec8 returned 0 after 499 usecs
[    0.830903] calling  __typeid__ZTSFivE_global_addr+0xba4/0xec8 @ 1
[    0.831035] initcall __typeid__ZTSFivE_global_addr+0xba4/0xec8 returned 0 after 124 usecs
[    0.831039] calling  __typeid__ZTSFivE_global_addr+0xba0/0xec8 @ 1
[    0.831054] initcall __typeid__ZTSFivE_global_addr+0xba0/0xec8 returned 0 after 10 usecs
[    0.831058] calling  __typeid__ZTSFivE_global_addr+0xba8/0xec8 @ 1
[    0.831068] probe of 7f040000.etm returned -517 after 0 usecs
[    0.831073] probe of 7f140000.etm returned -517 after 0 usecs
[    0.831079] probe of 7f240000.etm returned -517 after 0 usecs
[    0.831084] probe of 7f340000.etm returned -517 after 0 usecs
[    0.831090] probe of 7f440000.etm returned -517 after 0 usecs
[    0.831095] probe of 7f540000.etm returned -517 after 0 usecs
[    0.831100] probe of 7f640000.etm returned -517 after 0 usecs
[    0.831105] probe of 7f740000.etm returned -517 after 0 usecs
[    0.831113] initcall __typeid__ZTSFivE_global_addr+0xba8/0xec8 returned 0 after 50 usecs
[    0.831117] calling  __typeid__ZTSFivE_global_addr+0xbb0/0xec8 @ 1
[    0.831594] probe of soc:apetb returned 1 after 399 usecs
[    0.831628] initcall __typeid__ZTSFivE_global_addr+0xbb0/0xec8 returned 0 after 493 usecs
[    0.831633] calling  __typeid__ZTSFivE_global_addr+0xbb4/0xec8 @ 1
[    0.831648] initcall __typeid__ZTSFivE_global_addr+0xbb4/0xec8 returned 0 after 9 usecs
[    0.831652] calling  __typeid__ZTSFivE_global_addr+0xbb8/0xec8 @ 1
[    0.831686] initcall __typeid__ZTSFivE_global_addr+0xbb8/0xec8 returned 0 after 28 usecs
[    0.831691] calling  __typeid__ZTSFivE_global_addr+0xbbc/0xec8 @ 1
[    0.831734] initcall __typeid__ZTSFivE_global_addr+0xbbc/0xec8 returned 0 after 38 usecs
[    0.831738] calling  __typeid__ZTSFivE_global_addr+0xbc4/0xec8 @ 1
[    0.831757] gnss: GNSS driver registered with major 511
[    0.831761] initcall __typeid__ZTSFivE_global_addr+0xbc4/0xec8 returned 0 after 18 usecs
[    0.831766] calling  __typeid__ZTSFivE_global_addr+0xbc8/0xec8 @ 1
[    0.831778] initcall __typeid__ZTSFivE_global_addr+0xbc8/0xec8 returned 0 after 7 usecs
[    0.831782] calling  __typeid__ZTSFivE_global_addr+0xbcc/0xec8 @ 1
[    0.831966] offset = 0x124, mask = 0x1 
[    0.831967] failed to find pm_aon_apb reg ch
[    0.832036] probe of cp_dump returned 1 after 148 usecs
[    0.832051] initcall __typeid__ZTSFivE_global_addr+0xbcc/0xec8 returned 0 after 257 usecs
[    0.832056] calling  __typeid__ZTSFivE_global_addr+0xbdc/0xec8 @ 1
[    0.832068] initcall __typeid__ZTSFivE_global_addr+0xbdc/0xec8 returned 0 after 8 usecs
[    0.832072] calling  __typeid__ZTSFivE_global_addr+0xbe0/0xec8 @ 1
[    0.832125] initcall __typeid__ZTSFivE_global_addr+0xbe0/0xec8 returned 0 after 46 usecs
[    0.832130] calling  __typeid__ZTSFivE_global_addr+0xbe4/0xec8 @ 1
[    0.832135] initcall __typeid__ZTSFivE_global_addr+0xbe4/0xec8 returned 0 after 1 usecs
[    0.832142] calling  __typeid__ZTSFivE_global_addr+0xbe8/0xec8 @ 1
[    0.832147] initcall __typeid__ZTSFivE_global_addr+0xbe8/0xec8 returned 0 after 1 usecs
[    0.832151] calling  __typeid__ZTSFivE_global_addr+0xbec/0xec8 @ 1
[    0.832155] initcall __typeid__ZTSFivE_global_addr+0xbec/0xec8 returned 0 after 0 usecs
[    0.832158] calling  __typeid__ZTSFivE_global_addr+0xbf0/0xec8 @ 1
[    0.832198] usbcore: registered new interface driver snd-usb-audio
[    0.832202] initcall __typeid__ZTSFivE_global_addr+0xbf0/0xec8 returned 0 after 39 usecs
[    0.832206] calling  __typeid__ZTSFivE_global_addr+0xbf4/0xec8 @ 1
[    0.832362] probe of snd-soc-dummy returned 1 after 28 usecs
[    0.832427] initcall __typeid__ZTSFivE_global_addr+0xbf4/0xec8 returned 0 after 211 usecs
[    0.832431] calling  __typeid__ZTSFivE_global_addr+0xc34/0xec8 @ 1
[    0.832462] initcall __typeid__ZTSFivE_global_addr+0xc34/0xec8 returned 0 after 25 usecs
[    0.832466] calling  __typeid__ZTSFivE_global_addr+0xc44/0xec8 @ 1
[    0.832472] initcall __typeid__ZTSFivE_global_addr+0xc44/0xec8 returned 0 after 1 usecs
[    0.832476] calling  __typeid__ZTSFivE_global_addr+0xc4c/0xec8 @ 1
[    0.832481] initcall __typeid__ZTSFivE_global_addr+0xc4c/0xec8 returned 0 after 1 usecs
[    0.832485] calling  __typeid__ZTSFivE_global_addr+0xc54/0xec8 @ 1
[    0.832491] initcall __typeid__ZTSFivE_global_addr+0xc54/0xec8 returned 0 after 2 usecs
[    0.832495] calling  __typeid__ZTSFivE_global_addr+0xc60/0xec8 @ 1
[    0.832508] initcall __typeid__ZTSFivE_global_addr+0xc60/0xec8 returned 0 after 9 usecs
[    0.832512] calling  __typeid__ZTSFivE_global_addr+0xc64/0xec8 @ 1
[    0.832514] GACT probability NOT on
[    0.832519] initcall __typeid__ZTSFivE_global_addr+0xc64/0xec8 returned 0 after 2 usecs
[    0.832522] calling  __typeid__ZTSFivE_global_addr+0xc68/0xec8 @ 1
[    0.832529] Mirror/redirect action on
[    0.832534] initcall __typeid__ZTSFivE_global_addr+0xc68/0xec8 returned 0 after 8 usecs
[    0.832538] calling  __typeid__ZTSFivE_global_addr+0xc6c/0xec8 @ 1
[    0.832543] initcall __typeid__ZTSFivE_global_addr+0xc6c/0xec8 returned 0 after 0 usecs
[    0.832546] calling  __typeid__ZTSFivE_global_addr+0xc70/0xec8 @ 1
[    0.832551] initcall __typeid__ZTSFivE_global_addr+0xc70/0xec8 returned 0 after 1 usecs
[    0.832554] calling  __typeid__ZTSFivE_global_addr+0xc74/0xec8 @ 1
[    0.832559] initcall __typeid__ZTSFivE_global_addr+0xc74/0xec8 returned 0 after 0 usecs
[    0.832562] calling  __typeid__ZTSFivE_global_addr+0xc78/0xec8 @ 1
[    0.832563] u32 classifier
[    0.832564] input device check on
[    0.832566] Actions configured
[    0.832574] initcall __typeid__ZTSFivE_global_addr+0xc78/0xec8 returned 0 after 8 usecs
[    0.832577] calling  __typeid__ZTSFivE_global_addr+0xc7c/0xec8 @ 1
[    0.832581] initcall __typeid__ZTSFivE_global_addr+0xc7c/0xec8 returned 0 after 0 usecs
[    0.832584] calling  __typeid__ZTSFivE_global_addr+0xc80/0xec8 @ 1
[    0.832589] initcall __typeid__ZTSFivE_global_addr+0xc80/0xec8 returned 0 after 0 usecs
[    0.832592] calling  __typeid__ZTSFivE_global_addr+0xc84/0xec8 @ 1
[    0.832596] initcall __typeid__ZTSFivE_global_addr+0xc84/0xec8 returned 0 after 0 usecs
[    0.832600] calling  __typeid__ZTSFivE_global_addr+0xc88/0xec8 @ 1
[    0.832603] initcall __typeid__ZTSFivE_global_addr+0xc88/0xec8 returned 0 after 0 usecs
[    0.832607] calling  __typeid__ZTSFivE_global_addr+0xc8c/0xec8 @ 1
[    0.832612] initcall __typeid__ZTSFivE_global_addr+0xc8c/0xec8 returned 0 after 0 usecs
[    0.832615] calling  __typeid__ZTSFivE_global_addr+0xc98/0xec8 @ 1
[    0.832624] initcall __typeid__ZTSFivE_global_addr+0xc98/0xec8 returned 0 after 4 usecs
[    0.832627] calling  __typeid__ZTSFivE_global_addr+0xc9c/0xec8 @ 1
[    0.832636] initcall __typeid__ZTSFivE_global_addr+0xc9c/0xec8 returned 0 after 5 usecs
[    0.832639] calling  __typeid__ZTSFivE_global_addr+0xca0/0xec8 @ 1
[    0.832647] initcall __typeid__ZTSFivE_global_addr+0xca0/0xec8 returned 0 after 4 usecs
[    0.832651] calling  __typeid__ZTSFivE_global_addr+0xca4/0xec8 @ 1
[    0.833064] initcall __typeid__ZTSFivE_global_addr+0xca4/0xec8 returned 0 after 398 usecs
[    0.833069] calling  __typeid__ZTSFivE_global_addr+0xca8/0xec8 @ 1
[    0.833076] initcall __typeid__ZTSFivE_global_addr+0xca8/0xec8 returned 0 after 2 usecs
[    0.833080] calling  __typeid__ZTSFivE_global_addr+0xcac/0xec8 @ 1
[    0.833092] initcall __typeid__ZTSFivE_global_addr+0xcac/0xec8 returned 0 after 8 usecs
[    0.833096] calling  __typeid__ZTSFivE_global_addr+0xcb0/0xec8 @ 1
[    0.833113] initcall __typeid__ZTSFivE_global_addr+0xcb0/0xec8 returned 0 after 12 usecs
[    0.833117] calling  __typeid__ZTSFivE_global_addr+0xcb4/0xec8 @ 1
[    0.833141] initcall __typeid__ZTSFivE_global_addr+0xcb4/0xec8 returned 0 after 18 usecs
[    0.833145] calling  __typeid__ZTSFivE_global_addr+0xcb8/0xec8 @ 1
[    0.833166] initcall __typeid__ZTSFivE_global_addr+0xcb8/0xec8 returned 0 after 16 usecs
[    0.833170] calling  __typeid__ZTSFivE_global_addr+0xcbc/0xec8 @ 1
[    0.833176] initcall __typeid__ZTSFivE_global_addr+0xcbc/0xec8 returned 0 after 2 usecs
[    0.833180] calling  __typeid__ZTSFivE_global_addr+0xcc0/0xec8 @ 1
[    0.833186] initcall __typeid__ZTSFivE_global_addr+0xcc0/0xec8 returned 0 after 2 usecs
[    0.833190] calling  __typeid__ZTSFivE_global_addr+0xcc4/0xec8 @ 1
[    0.833211] initcall __typeid__ZTSFivE_global_addr+0xcc4/0xec8 returned 0 after 17 usecs
[    0.833216] calling  __typeid__ZTSFivE_global_addr+0xcc8/0xec8 @ 1
[    0.833224] initcall __typeid__ZTSFivE_global_addr+0xcc8/0xec8 returned 0 after 4 usecs
[    0.833228] calling  __typeid__ZTSFivE_global_addr+0xccc/0xec8 @ 1
[    0.833340] initcall __typeid__ZTSFivE_global_addr+0xccc/0xec8 returned 0 after 105 usecs
[    0.833343] calling  __typeid__ZTSFivE_global_addr+0xcd4/0xec8 @ 1
[    0.833348] initcall __typeid__ZTSFivE_global_addr+0xcd4/0xec8 returned 0 after 1 usecs
[    0.833352] calling  __typeid__ZTSFivE_global_addr+0xcd8/0xec8 @ 1
[    0.833355] initcall __typeid__ZTSFivE_global_addr+0xcd8/0xec8 returned 0 after 0 usecs
[    0.833359] calling  __typeid__ZTSFivE_global_addr+0xcdc/0xec8 @ 1
[    0.833363] initcall __typeid__ZTSFivE_global_addr+0xcdc/0xec8 returned 0 after 0 usecs
[    0.833366] calling  __typeid__ZTSFivE_global_addr+0xce0/0xec8 @ 1
[    0.833370] initcall __typeid__ZTSFivE_global_addr+0xce0/0xec8 returned 0 after 0 usecs
[    0.833373] calling  __typeid__ZTSFivE_global_addr+0xce4/0xec8 @ 1
[    0.833453] initcall __typeid__ZTSFivE_global_addr+0xce4/0xec8 returned 0 after 73 usecs
[    0.833457] calling  __typeid__ZTSFivE_global_addr+0xce8/0xec8 @ 1
[    0.833464] initcall __typeid__ZTSFivE_global_addr+0xce8/0xec8 returned 0 after 2 usecs
[    0.833468] calling  __typeid__ZTSFivE_global_addr+0xcec/0xec8 @ 1
[    0.833474] initcall __typeid__ZTSFivE_global_addr+0xcec/0xec8 returned 0 after 2 usecs
[    0.833478] calling  __typeid__ZTSFivE_global_addr+0xcf0/0xec8 @ 1
[    0.833482] initcall __typeid__ZTSFivE_global_addr+0xcf0/0xec8 returned 0 after 0 usecs
[    0.833486] calling  __typeid__ZTSFivE_global_addr+0xcf4/0xec8 @ 1
[    0.833490] initcall __typeid__ZTSFivE_global_addr+0xcf4/0xec8 returned 0 after 1 usecs
[    0.833494] calling  __typeid__ZTSFivE_global_addr+0xcf8/0xec8 @ 1
[    0.833497] initcall __typeid__ZTSFivE_global_addr+0xcf8/0xec8 returned 0 after 0 usecs
[    0.833501] calling  __typeid__ZTSFivE_global_addr+0xcfc/0xec8 @ 1
[    0.833504] initcall __typeid__ZTSFivE_global_addr+0xcfc/0xec8 returned 0 after 0 usecs
[    0.833508] calling  __typeid__ZTSFivE_global_addr+0xd00/0xec8 @ 1
[    0.833511] initcall __typeid__ZTSFivE_global_addr+0xd00/0xec8 returned 0 after 0 usecs
[    0.833515] calling  __typeid__ZTSFivE_global_addr+0xd04/0xec8 @ 1
[    0.833518] initcall __typeid__ZTSFivE_global_addr+0xd04/0xec8 returned 0 after 0 usecs
[    0.833522] calling  __typeid__ZTSFivE_global_addr+0xd08/0xec8 @ 1
[    0.833526] initcall __typeid__ZTSFivE_global_addr+0xd08/0xec8 returned 0 after 0 usecs
[    0.833530] calling  __typeid__ZTSFivE_global_addr+0xd0c/0xec8 @ 1
[    0.833533] initcall __typeid__ZTSFivE_global_addr+0xd0c/0xec8 returned 0 after 0 usecs
[    0.833537] calling  __typeid__ZTSFivE_global_addr+0xd10/0xec8 @ 1
[    0.833540] initcall __typeid__ZTSFivE_global_addr+0xd10/0xec8 returned 0 after 0 usecs
[    0.833544] calling  __typeid__ZTSFivE_global_addr+0xd14/0xec8 @ 1
[    0.833547] initcall __typeid__ZTSFivE_global_addr+0xd14/0xec8 returned 0 after 0 usecs
[    0.833551] calling  __typeid__ZTSFivE_global_addr+0xd18/0xec8 @ 1
[    0.833560] initcall __typeid__ZTSFivE_global_addr+0xd18/0xec8 returned 0 after 4 usecs
[    0.833563] calling  __typeid__ZTSFivE_global_addr+0xd1c/0xec8 @ 1
[    0.833567] initcall __typeid__ZTSFivE_global_addr+0xd1c/0xec8 returned 0 after 0 usecs
[    0.833570] calling  __typeid__ZTSFivE_global_addr+0xd20/0xec8 @ 1
[    0.833574] initcall __typeid__ZTSFivE_global_addr+0xd20/0xec8 returned 0 after 0 usecs
[    0.833577] calling  __typeid__ZTSFivE_global_addr+0xd24/0xec8 @ 1
[    0.833581] initcall __typeid__ZTSFivE_global_addr+0xd24/0xec8 returned 0 after 0 usecs
[    0.833585] calling  __typeid__ZTSFivE_global_addr+0xd28/0xec8 @ 1
[    0.833592] initcall __typeid__ZTSFivE_global_addr+0xd28/0xec8 returned 0 after 3 usecs
[    0.833595] calling  __typeid__ZTSFivE_global_addr+0xd2c/0xec8 @ 1
[    0.833600] initcall __typeid__ZTSFivE_global_addr+0xd2c/0xec8 returned 0 after 1 usecs
[    0.833603] calling  __typeid__ZTSFivE_global_addr+0xd30/0xec8 @ 1
[    0.833638] initcall __typeid__ZTSFivE_global_addr+0xd30/0xec8 returned 0 after 29 usecs
[    0.833642] calling  __typeid__ZTSFivE_global_addr+0xd34/0xec8 @ 1
[    0.833647] initcall __typeid__ZTSFivE_global_addr+0xd34/0xec8 returned 0 after 0 usecs
[    0.833651] calling  __typeid__ZTSFivE_global_addr+0xd38/0xec8 @ 1
[    0.833655] initcall __typeid__ZTSFivE_global_addr+0xd38/0xec8 returned 0 after 0 usecs
[    0.833659] calling  __typeid__ZTSFivE_global_addr+0xd3c/0xec8 @ 1
[    0.833663] initcall __typeid__ZTSFivE_global_addr+0xd3c/0xec8 returned 0 after 0 usecs
[    0.833667] calling  __typeid__ZTSFivE_global_addr+0xd40/0xec8 @ 1
[    0.833671] initcall __typeid__ZTSFivE_global_addr+0xd40/0xec8 returned 0 after 0 usecs
[    0.833674] calling  __typeid__ZTSFivE_global_addr+0xd44/0xec8 @ 1
[    0.833678] initcall __typeid__ZTSFivE_global_addr+0xd44/0xec8 returned 0 after 0 usecs
[    0.833682] calling  __typeid__ZTSFivE_global_addr+0xd48/0xec8 @ 1
[    0.833698] initcall __typeid__ZTSFivE_global_addr+0xd48/0xec8 returned 0 after 11 usecs
[    0.833701] calling  __typeid__ZTSFivE_global_addr+0xd4c/0xec8 @ 1
[    0.833705] initcall __typeid__ZTSFivE_global_addr+0xd4c/0xec8 returned 0 after 0 usecs
[    0.833708] calling  __typeid__ZTSFivE_global_addr+0xd50/0xec8 @ 1
[    0.833712] initcall __typeid__ZTSFivE_global_addr+0xd50/0xec8 returned 0 after 0 usecs
[    0.833715] calling  __typeid__ZTSFivE_global_addr+0xd54/0xec8 @ 1
[    0.833719] initcall __typeid__ZTSFivE_global_addr+0xd54/0xec8 returned 0 after 0 usecs
[    0.833723] calling  __typeid__ZTSFivE_global_addr+0xd58/0xec8 @ 1
[    0.833727] initcall __typeid__ZTSFivE_global_addr+0xd58/0xec8 returned 0 after 0 usecs
[    0.833730] calling  __typeid__ZTSFivE_global_addr+0xd5c/0xec8 @ 1
[    0.833734] initcall __typeid__ZTSFivE_global_addr+0xd5c/0xec8 returned 0 after 0 usecs
[    0.833737] calling  __typeid__ZTSFivE_global_addr+0xd60/0xec8 @ 1
[    0.833741] initcall __typeid__ZTSFivE_global_addr+0xd60/0xec8 returned 0 after 0 usecs
[    0.833744] calling  __typeid__ZTSFivE_global_addr+0xd64/0xec8 @ 1
[    0.833748] initcall __typeid__ZTSFivE_global_addr+0xd64/0xec8 returned 0 after 0 usecs
[    0.833752] calling  __typeid__ZTSFivE_global_addr+0xd68/0xec8 @ 1
[    0.833755] initcall __typeid__ZTSFivE_global_addr+0xd68/0xec8 returned 0 after 0 usecs
[    0.833759] calling  __typeid__ZTSFivE_global_addr+0xd6c/0xec8 @ 1
[    0.833762] initcall __typeid__ZTSFivE_global_addr+0xd6c/0xec8 returned 0 after 0 usecs
[    0.833766] calling  __typeid__ZTSFivE_global_addr+0xd70/0xec8 @ 1
[    0.833770] initcall __typeid__ZTSFivE_global_addr+0xd70/0xec8 returned 0 after 0 usecs
[    0.833773] calling  __typeid__ZTSFivE_global_addr+0xd74/0xec8 @ 1
[    0.833777] initcall __typeid__ZTSFivE_global_addr+0xd74/0xec8 returned 0 after 0 usecs
[    0.833781] calling  __typeid__ZTSFivE_global_addr+0xd78/0xec8 @ 1
[    0.833796] initcall __typeid__ZTSFivE_global_addr+0xd78/0xec8 returned 0 after 10 usecs
[    0.833799] calling  __typeid__ZTSFivE_global_addr+0xd7c/0xec8 @ 1
[    0.833804] initcall __typeid__ZTSFivE_global_addr+0xd7c/0xec8 returned 0 after 1 usecs
[    0.833807] calling  __typeid__ZTSFivE_global_addr+0xd80/0xec8 @ 1
[    0.833811] initcall __typeid__ZTSFivE_global_addr+0xd80/0xec8 returned 0 after 0 usecs
[    0.833814] calling  __typeid__ZTSFivE_global_addr+0xd84/0xec8 @ 1
[    0.833818] initcall __typeid__ZTSFivE_global_addr+0xd84/0xec8 returned 0 after 0 usecs
[    0.833822] calling  __typeid__ZTSFivE_global_addr+0xd88/0xec8 @ 1
[    0.833825] initcall __typeid__ZTSFivE_global_addr+0xd88/0xec8 returned 0 after 0 usecs
[    0.833829] calling  __typeid__ZTSFivE_global_addr+0xd8c/0xec8 @ 1
[    0.833831] xt_time: kernel timezone is -0000
[    0.833834] initcall __typeid__ZTSFivE_global_addr+0xd8c/0xec8 returned 0 after 2 usecs
[    0.833838] calling  __typeid__ZTSFivE_global_addr+0xd90/0xec8 @ 1
[    0.833841] initcall __typeid__ZTSFivE_global_addr+0xd90/0xec8 returned 0 after 0 usecs
[    0.833845] calling  __typeid__ZTSFivE_global_addr+0xda0/0xec8 @ 1
[    0.833849] initcall __typeid__ZTSFivE_global_addr+0xda0/0xec8 returned 0 after 0 usecs
[    0.833853] calling  __typeid__ZTSFivE_global_addr+0xda8/0xec8 @ 1
[    0.833939] initcall __typeid__ZTSFivE_global_addr+0xda8/0xec8 returned 0 after 80 usecs
[    0.833942] calling  __typeid__ZTSFivE_global_addr+0xdac/0xec8 @ 1
[    0.833944] ipip: IPv4 and MPLS over IPv4 tunneling driver
[    0.834203] initcall __typeid__ZTSFivE_global_addr+0xdac/0xec8 returned 0 after 249 usecs
[    0.834208] calling  __typeid__ZTSFivE_global_addr+0xdb0/0xec8 @ 1
[    0.834210] gre: GRE over IPv4 demultiplexor driver
[    0.834215] initcall __typeid__ZTSFivE_global_addr+0xdb0/0xec8 returned 0 after 2 usecs
[    0.834218] calling  __typeid__ZTSFivE_global_addr+0xdb4/0xec8 @ 1
[    0.834221] ip_gre: GRE over IPv4 tunneling driver
[    0.834711] initcall __typeid__ZTSFivE_global_addr+0xdb4/0xec8 returned 0 after 474 usecs
[    0.834716] calling  __typeid__ZTSFivE_global_addr+0xdb8/0xec8 @ 1
[    0.834718] IPv4 over IPsec tunneling driver
[    0.834897] initcall __typeid__ZTSFivE_global_addr+0xdb8/0xec8 returned 0 after 171 usecs
[    0.834902] calling  __typeid__ZTSFivE_global_addr+0xdbc/0xec8 @ 1
[    0.834907] initcall __typeid__ZTSFivE_global_addr+0xdbc/0xec8 returned 0 after 1 usecs
[    0.834910] calling  __typeid__ZTSFivE_global_addr+0xdc0/0xec8 @ 1
[    0.834915] initcall __typeid__ZTSFivE_global_addr+0xdc0/0xec8 returned 0 after 0 usecs
[    0.834919] calling  __typeid__ZTSFivE_global_addr+0xdc8/0xec8 @ 1
[    0.834924] initcall __typeid__ZTSFivE_global_addr+0xdc8/0xec8 returned 0 after 1 usecs
[    0.834927] calling  __typeid__ZTSFivE_global_addr+0xdcc/0xec8 @ 1
[    0.834931] initcall __typeid__ZTSFivE_global_addr+0xdcc/0xec8 returned 0 after 0 usecs
[    0.834935] calling  __typeid__ZTSFivE_global_addr+0xdd0/0xec8 @ 1
[    0.834939] initcall __typeid__ZTSFivE_global_addr+0xdd0/0xec8 returned 0 after 0 usecs
[    0.834942] calling  __typeid__ZTSFivE_global_addr+0xdd4/0xec8 @ 1
[    0.834954] initcall __typeid__ZTSFivE_global_addr+0xdd4/0xec8 returned 0 after 7 usecs
[    0.834958] calling  __typeid__ZTSFivE_global_addr+0xdd8/0xec8 @ 1
[    0.834990] initcall __typeid__ZTSFivE_global_addr+0xdd8/0xec8 returned 0 after 27 usecs
[    0.834994] calling  __typeid__ZTSFivE_global_addr+0xddc/0xec8 @ 1
[    0.835075] initcall __typeid__ZTSFivE_global_addr+0xddc/0xec8 returned 0 after 74 usecs
[    0.835080] calling  __typeid__ZTSFivE_global_addr+0xde0/0xec8 @ 1
[    0.835101] initcall __typeid__ZTSFivE_global_addr+0xde0/0xec8 returned 0 after 15 usecs
[    0.835104] calling  __typeid__ZTSFivE_global_addr+0xde4/0xec8 @ 1
[    0.835124] initcall __typeid__ZTSFivE_global_addr+0xde4/0xec8 returned 0 after 15 usecs
[    0.835129] calling  __typeid__ZTSFivE_global_addr+0xde8/0xec8 @ 1
[    0.835169] initcall __typeid__ZTSFivE_global_addr+0xde8/0xec8 returned 0 after 34 usecs
[    0.835173] calling  __typeid__ZTSFivE_global_addr+0xdec/0xec8 @ 1
[    0.835178] initcall __typeid__ZTSFivE_global_addr+0xdec/0xec8 returned 0 after 0 usecs
[    0.835182] calling  __typeid__ZTSFivE_global_addr+0xdf0/0xec8 @ 1
[    0.835198] initcall __typeid__ZTSFivE_global_addr+0xdf0/0xec8 returned 0 after 11 usecs
[    0.835202] calling  __typeid__ZTSFivE_global_addr+0xdf4/0xec8 @ 1
[    0.835207] initcall __typeid__ZTSFivE_global_addr+0xdf4/0xec8 returned 0 after 1 usecs
[    0.835211] calling  __typeid__ZTSFivE_global_addr+0xdf8/0xec8 @ 1
[    0.835239] initcall __typeid__ZTSFivE_global_addr+0xdf8/0xec8 returned 0 after 22 usecs
[    0.835244] calling  __typeid__ZTSFivE_global_addr+0xdfc/0xec8 @ 1
[    0.835249] initcall __typeid__ZTSFivE_global_addr+0xdfc/0xec8 returned 0 after 1 usecs
[    0.835253] calling  __typeid__ZTSFivE_global_addr+0xe00/0xec8 @ 1
[    0.835257] initcall __typeid__ZTSFivE_global_addr+0xe00/0xec8 returned 0 after 0 usecs
[    0.835260] calling  __typeid__ZTSFivE_global_addr+0xe04/0xec8 @ 1
[    0.835265] initcall __typeid__ZTSFivE_global_addr+0xe04/0xec8 returned 0 after 0 usecs
[    0.835268] calling  __typeid__ZTSFivE_global_addr+0xe08/0xec8 @ 1
[    0.835273] initcall __typeid__ZTSFivE_global_addr+0xe08/0xec8 returned 0 after 1 usecs
[    0.835277] calling  __typeid__ZTSFivE_global_addr+0xe14/0xec8 @ 1
[    0.835278] Initializing XFRM netlink socket
[    0.835292] initcall __typeid__ZTSFivE_global_addr+0xe14/0xec8 returned 0 after 10 usecs
[    0.835295] calling  __typeid__ZTSFivE_global_addr+0xe18/0xec8 @ 1
[    0.835297] IPsec XFRM device driver
[    0.835306] initcall __typeid__ZTSFivE_global_addr+0xe18/0xec8 returned 0 after 7 usecs
[    0.835310] calling  __typeid__ZTSFivE_global_addr+0xe20/0xec8 @ 1
[    0.835623] NET: Registered protocol family 10
[    0.836598] Segment Routing with IPv6
[    0.836636] initcall __typeid__ZTSFivE_global_addr+0xe20/0xec8 returned 0 after 1288 usecs
[    0.836642] calling  __typeid__ZTSFivE_global_addr+0xe24/0xec8 @ 1
[    0.836648] initcall __typeid__ZTSFivE_global_addr+0xe24/0xec8 returned 0 after 1 usecs
[    0.836653] calling  __typeid__ZTSFivE_global_addr+0xe28/0xec8 @ 1
[    0.836658] initcall __typeid__ZTSFivE_global_addr+0xe28/0xec8 returned 0 after 1 usecs
[    0.836662] calling  __typeid__ZTSFivE_global_addr+0xe2c/0xec8 @ 1
[    0.836684] initcall __typeid__ZTSFivE_global_addr+0xe2c/0xec8 returned 0 after 17 usecs
[    0.836689] calling  __typeid__ZTSFivE_global_addr+0xe30/0xec8 @ 1
[    0.836693] initcall __typeid__ZTSFivE_global_addr+0xe30/0xec8 returned 0 after 0 usecs
[    0.836697] calling  __typeid__ZTSFivE_global_addr+0xe34/0xec8 @ 1
[    0.836698] mip6: Mobile IPv6
[    0.836703] initcall __typeid__ZTSFivE_global_addr+0xe34/0xec8 returned 0 after 1 usecs
[    0.836706] calling  __typeid__ZTSFivE_global_addr+0xe38/0xec8 @ 1
[    0.836718] initcall __typeid__ZTSFivE_global_addr+0xe38/0xec8 returned 0 after 7 usecs
[    0.836722] calling  __typeid__ZTSFivE_global_addr+0xe3c/0xec8 @ 1
[    0.836795] initcall __typeid__ZTSFivE_global_addr+0xe3c/0xec8 returned 0 after 67 usecs
[    0.836799] calling  __typeid__ZTSFivE_global_addr+0xe40/0xec8 @ 1
[    0.836829] initcall __typeid__ZTSFivE_global_addr+0xe40/0xec8 returned 0 after 24 usecs
[    0.836833] calling  __typeid__ZTSFivE_global_addr+0xe44/0xec8 @ 1
[    0.836847] initcall __typeid__ZTSFivE_global_addr+0xe44/0xec8 returned 0 after 9 usecs
[    0.836851] calling  __typeid__ZTSFivE_global_addr+0xe48/0xec8 @ 1
[    0.836879] initcall __typeid__ZTSFivE_global_addr+0xe48/0xec8 returned 0 after 22 usecs
[    0.836883] calling  __typeid__ZTSFivE_global_addr+0xe4c/0xec8 @ 1
[    0.836888] initcall __typeid__ZTSFivE_global_addr+0xe4c/0xec8 returned 0 after 1 usecs
[    0.836892] calling  __typeid__ZTSFivE_global_addr+0xe50/0xec8 @ 1
[    0.836895] initcall __typeid__ZTSFivE_global_addr+0xe50/0xec8 returned 0 after 0 usecs
[    0.836899] calling  __typeid__ZTSFivE_global_addr+0xe54/0xec8 @ 1
[    0.837189] initcall __typeid__ZTSFivE_global_addr+0xe54/0xec8 returned 0 after 278 usecs
[    0.837194] calling  __typeid__ZTSFivE_global_addr+0xe58/0xec8 @ 1
[    0.837195] sit: IPv6, IPv4 and MPLS over IPv4 tunneling driver
[    0.837421] initcall __typeid__ZTSFivE_global_addr+0xe58/0xec8 returned 0 after 217 usecs
[    0.837427] calling  __typeid__ZTSFivE_global_addr+0xe5c/0xec8 @ 1
[    0.837673] initcall __typeid__ZTSFivE_global_addr+0xe5c/0xec8 returned 0 after 234 usecs
[    0.837678] calling  __typeid__ZTSFivE_global_addr+0xe60/0xec8 @ 1
[    0.837680] ip6_gre: GRE over IPv6 tunneling driver
[    0.837966] initcall __typeid__ZTSFivE_global_addr+0xe60/0xec8 returned 0 after 275 usecs
[    0.837971] calling  __typeid__ZTSFivE_global_addr+0xe68/0xec8 @ 1
[    0.837975] NET: Registered protocol family 17
[    0.837985] initcall __typeid__ZTSFivE_global_addr+0xe68/0xec8 returned 0 after 9 usecs
[    0.837989] calling  __typeid__ZTSFivE_global_addr+0xe6c/0xec8 @ 1
[    0.837995] NET: Registered protocol family 15
[    0.838000] initcall __typeid__ZTSFivE_global_addr+0xe6c/0xec8 returned 0 after 5 usecs
[    0.838004] calling  __typeid__ZTSFivE_global_addr+0xe70/0xec8 @ 1
[    0.838024] initcall __typeid__ZTSFivE_global_addr+0xe70/0xec8 returned 0 after 15 usecs
[    0.838028] calling  __typeid__ZTSFivE_global_addr+0xe74/0xec8 @ 1
[    0.838030] can: controller area network core (rev 20170425 abi 9)
[    0.838060] NET: Registered protocol family 29
[    0.838065] initcall __typeid__ZTSFivE_global_addr+0xe74/0xec8 returned 0 after 31 usecs
[    0.838069] calling  __typeid__ZTSFivE_global_addr+0xe78/0xec8 @ 1
[    0.838071] can: raw protocol (rev 20170425)
[    0.838078] initcall __typeid__ZTSFivE_global_addr+0xe78/0xec8 returned 0 after 4 usecs
[    0.838082] calling  __typeid__ZTSFivE_global_addr+0xe7c/0xec8 @ 1
[    0.838085] can: broadcast manager protocol (rev 20170425 t)
[    0.838091] initcall __typeid__ZTSFivE_global_addr+0xe7c/0xec8 returned 0 after 4 usecs
[    0.838096] calling  __typeid__ZTSFivE_global_addr+0xe80/0xec8 @ 1
[    0.838098] can: netlink gateway (rev 20190810) max_hops=1
[    0.838177] initcall __typeid__ZTSFivE_global_addr+0xe80/0xec8 returned 0 after 75 usecs
[    0.838181] calling  __typeid__ZTSFivE_global_addr+0xe88/0xec8 @ 1
[    0.838303] Bluetooth: RFCOMM TTY layer initialized
[    0.838310] Bluetooth: RFCOMM socket layer initialized
[    0.838332] Bluetooth: RFCOMM ver 1.11
[    0.838343] initcall __typeid__ZTSFivE_global_addr+0xe88/0xec8 returned 0 after 150 usecs
[    0.838347] calling  __typeid__ZTSFivE_global_addr+0xe8c/0xec8 @ 1
[    0.838350] Bluetooth: HIDP (Human Interface Emulation) ver 1.2
[    0.838356] Bluetooth: HIDP socket layer initialized
[    0.838360] initcall __typeid__ZTSFivE_global_addr+0xe8c/0xec8 returned 0 after 8 usecs
[    0.838365] calling  __typeid__ZTSFivE_global_addr+0xe90/0xec8 @ 1
[    0.838379] l2tp_core: L2TP core driver, V2.0
[    0.838383] initcall __typeid__ZTSFivE_global_addr+0xe90/0xec8 returned 0 after 13 usecs
[    0.838387] calling  __typeid__ZTSFivE_global_addr+0xe94/0xec8 @ 1
[    0.838392] l2tp_ppp: PPPoL2TP kernel driver, V2.0
[    0.838396] initcall __typeid__ZTSFivE_global_addr+0xe94/0xec8 returned 0 after 4 usecs
[    0.838399] calling  __typeid__ZTSFivE_global_addr+0xea8/0xec8 @ 1
[    0.838402] tipc: Activated (version 2.0.0)
[    0.838447] NET: Registered protocol family 30
[    0.838501] tipc: Started in single node mode
[    0.838507] initcall __typeid__ZTSFivE_global_addr+0xea8/0xec8 returned 0 after 99 usecs
[    0.838511] calling  __typeid__ZTSFivE_global_addr+0xeac/0xec8 @ 1
[    0.838517] initcall __typeid__ZTSFivE_global_addr+0xeac/0xec8 returned 0 after 1 usecs
[    0.838521] calling  __typeid__ZTSFivE_global_addr+0xeb4/0xec8 @ 1
[    0.838633] NET: Registered protocol family 40
[    0.838638] initcall __typeid__ZTSFivE_global_addr+0xeb4/0xec8 returned 0 after 108 usecs
[    0.838643] calling  __typeid__ZTSFivE_global_addr+0xeb8/0xec8 @ 1
[    0.838648] initcall __typeid__ZTSFivE_global_addr+0xeb8/0xec8 returned 0 after 1 usecs
[    0.838792] calling  __typeid__ZTSFivE_global_addr+0x5c/0xec8 @ 1
[    0.838800] initcall __typeid__ZTSFivE_global_addr+0x5c/0xec8 returned 0 after 3 usecs
[    0.838804] calling  __typeid__ZTSFivE_global_addr+0xa0/0xec8 @ 1
[    0.838809] initcall __typeid__ZTSFivE_global_addr+0xa0/0xec8 returned 0 after 1 usecs
[    0.838812] calling  __typeid__ZTSFivE_global_addr+0xd0/0xec8 @ 1
[    0.838824] initcall __typeid__ZTSFivE_global_addr+0xd0/0xec8 returned 0 after 7 usecs
[    0.838828] calling  __typeid__ZTSFivE_global_addr+0xcc/0xec8 @ 1
[    0.838836] initcall __typeid__ZTSFivE_global_addr+0xcc/0xec8 returned 0 after 3 usecs
[    0.838840] calling  __typeid__ZTSFivE_global_addr+0xc8/0xec8 @ 1
[    0.838849] initcall __typeid__ZTSFivE_global_addr+0xc8/0xec8 returned 0 after 4 usecs
[    0.838853] calling  __typeid__ZTSFivE_global_addr+0xe8/0xec8 @ 1
[    0.838862] initcall __typeid__ZTSFivE_global_addr+0xe8/0xec8 returned 0 after 4 usecs
[    0.838866] calling  __typeid__ZTSFivE_global_addr+0xe4/0xec8 @ 1
[    0.838871] initcall __typeid__ZTSFivE_global_addr+0xe4/0xec8 returned 0 after 1 usecs
[    0.838875] calling  __typeid__ZTSFivE_global_addr+0x120/0xec8 @ 1
[    0.838891] initcall __typeid__ZTSFivE_global_addr+0x120/0xec8 returned 0 after 12 usecs
[    0.838895] calling  __typeid__ZTSFivE_global_addr+0x138/0xec8 @ 1
[    0.840712] cryptomgr_test (144): highest shadow stack usage: 104 bytes
[    0.842662] sprd-rotask: rotation_task_init OK
[    0.842672] initcall __typeid__ZTSFivE_global_addr+0x138/0xec8 returned 0 after 3679 usecs
[    0.842677] calling  __typeid__ZTSFivE_global_addr+0x130/0xec8 @ 1
[    0.842684] initcall __typeid__ZTSFivE_global_addr+0x130/0xec8 returned 0 after 1 usecs
[    0.842688] calling  __typeid__ZTSFivE_global_addr+0x13c/0xec8 @ 1
[    0.842760] initcall __typeid__ZTSFivE_global_addr+0x13c/0xec8 returned 0 after 66 usecs
[    0.842765] calling  __typeid__ZTSFivE_global_addr+0x144/0xec8 @ 1
[    0.842774] initcall __typeid__ZTSFivE_global_addr+0x144/0xec8 returned 0 after 5 usecs
[    0.842778] calling  __typeid__ZTSFivE_global_addr+0x14c/0xec8 @ 1
[    0.842800] initcall __typeid__ZTSFivE_global_addr+0x14c/0xec8 returned 0 after 16 usecs
[    0.842804] calling  __typeid__ZTSFivE_global_addr+0x15c/0xec8 @ 1
[    0.842812] initcall __typeid__ZTSFivE_global_addr+0x15c/0xec8 returned 0 after 3 usecs
[    0.842816] calling  __typeid__ZTSFivE_global_addr+0x178/0xec8 @ 1
[    0.842823] initcall __typeid__ZTSFivE_global_addr+0x178/0xec8 returned 0 after 2 usecs
[    0.842827] calling  __typeid__ZTSFivE_global_addr+0x198/0xec8 @ 1
[    0.842843] initcall __typeid__ZTSFivE_global_addr+0x198/0xec8 returned 0 after 12 usecs
[    0.842847] calling  __typeid__ZTSFivE_global_addr+0x1d0/0xec8 @ 1
[    0.842854] initcall __typeid__ZTSFivE_global_addr+0x1d0/0xec8 returned 0 after 3 usecs
[    0.842857] calling  __typeid__ZTSFivE_global_addr+0x214/0xec8 @ 1
[    0.842876] initcall __typeid__ZTSFivE_global_addr+0x214/0xec8 returned 0 after 14 usecs
[    0.842879] calling  __typeid__ZTSFivE_global_addr+0x224/0xec8 @ 1
[    0.842894] registered taskstats version 1
[    0.842898] initcall __typeid__ZTSFivE_global_addr+0x224/0xec8 returned 0 after 14 usecs
[    0.842902] calling  __typeid__ZTSFivE_global_addr+0x298/0xec8 @ 1
[    0.842904] Loading compiled-in X.509 certificates
[    0.845538] Loaded X.509 cert 'Build time autogenerated kernel key: 2824651acf94b8e8d3c673204c5dda60b2455354'
[    0.845544] initcall __typeid__ZTSFivE_global_addr+0x298/0xec8 returned 0 after 2575 usecs
[    0.845549] calling  __typeid__ZTSFivE_global_addr+0x2c4/0xec8 @ 1
[    0.845560] initcall __typeid__ZTSFivE_global_addr+0x2c4/0xec8 returned 0 after 6 usecs
[    0.845564] calling  __typeid__ZTSFivE_global_addr+0x2d4/0xec8 @ 1
[    0.845573] initcall __typeid__ZTSFivE_global_addr+0x2d4/0xec8 returned 0 after 4 usecs
[    0.845577] calling  __typeid__ZTSFivE_global_addr+0x2ec/0xec8 @ 1
[    0.845582] initcall __typeid__ZTSFivE_global_addr+0x2ec/0xec8 returned 0 after 0 usecs
[    0.845586] calling  __typeid__ZTSFivE_global_addr+0x300/0xec8 @ 1
[    0.845591] initcall __typeid__ZTSFivE_global_addr+0x300/0xec8 returned 0 after 0 usecs
[    0.845595] calling  __typeid__ZTSFivE_global_addr+0x30c/0xec8 @ 1
[    0.845611] initcall __typeid__ZTSFivE_global_addr+0x30c/0xec8 returned 0 after 11 usecs
[    0.845614] calling  __typeid__ZTSFivE_global_addr+0x310/0xec8 @ 1
[    0.845631] initcall __typeid__ZTSFivE_global_addr+0x310/0xec8 returned 0 after 12 usecs
[    0.845635] calling  __typeid__ZTSFivE_global_addr+0x324/0xec8 @ 1
[    0.845640] initcall __typeid__ZTSFivE_global_addr+0x324/0xec8 returned 0 after 1 usecs
[    0.845643] calling  __typeid__ZTSFivE_global_addr+0x32c/0xec8 @ 1
[    0.845647] initcall __typeid__ZTSFivE_global_addr+0x32c/0xec8 returned 1 after 0 usecs
[    0.845651] calling  __typeid__ZTSFivE_global_addr+0x374/0xec8 @ 1
[    0.845747] Key type ._fscrypt registered
[    0.845749] Key type .fscrypt registered
[    0.845751] Key type fscrypt-provisioning registered
[    0.845755] initcall __typeid__ZTSFivE_global_addr+0x374/0xec8 returned 0 after 97 usecs
[    0.845760] calling  __typeid__ZTSFivE_global_addr+0x378/0xec8 @ 1
[    0.845855] initcall __typeid__ZTSFivE_global_addr+0x378/0xec8 returned 0 after 87 usecs
[    0.845859] calling  __typeid__ZTSFivE_global_addr+0x4e8/0xec8 @ 1
[    0.845972] pstore: Using crash dump compression: deflate
[    0.845987] initcall __typeid__ZTSFivE_global_addr+0x4e8/0xec8 returned 0 after 119 usecs
[    0.845992] calling  __typeid__ZTSFivE_global_addr+0x4f4/0xec8 @ 1
[    0.846043] initcall __typeid__ZTSFivE_global_addr+0x4f4/0xec8 returned 0 after 45 usecs
[    0.846048] calling  __typeid__ZTSFivE_global_addr+0x538/0xec8 @ 1
[    0.846073] initcall __typeid__ZTSFivE_global_addr+0x538/0xec8 returned 0 after 20 usecs
[    0.846078] calling  __typeid__ZTSFivE_global_addr+0x638/0xec8 @ 1
[    0.846083] initcall __typeid__ZTSFivE_global_addr+0x638/0xec8 returned 0 after 1 usecs
[    0.846087] calling  __typeid__ZTSFivE_global_addr+0x66c/0xec8 @ 1
[    0.846303] initcall __typeid__ZTSFivE_global_addr+0x66c/0xec8 returned 0 after 206 usecs
[    0.846308] calling  __typeid__ZTSFivE_global_addr+0x6b8/0xec8 @ 1
[    0.846317] initcall __typeid__ZTSFivE_global_addr+0x6b8/0xec8 returned 0 after 4 usecs
[    0.846321] calling  __typeid__ZTSFivE_global_addr+0x6c0/0xec8 @ 1
[    0.846328] initcall __typeid__ZTSFivE_global_addr+0x6c0/0xec8 returned 0 after 2 usecs
[    0.846331] calling  __typeid__ZTSFivE_global_addr+0x6f4/0xec8 @ 1
[    0.846335] initcall __typeid__ZTSFivE_global_addr+0x6f4/0xec8 returned 0 after 0 usecs
[    0.846339] calling  __typeid__ZTSFivE_global_addr+0x700/0xec8 @ 1
[    0.846538] initcall __typeid__ZTSFivE_global_addr+0x700/0xec8 returned 0 after 190 usecs
[    0.846543] calling  __typeid__ZTSFivE_global_addr+0x740/0xec8 @ 1
[    0.846599] sprd-sysdump: sprd_log_buf0 added successfully in minidump section:paddr_start=1ed038000,paddr_end=1ed040000
[    0.846603] sprd-sysdump: sprd_log_buf1 added successfully in minidump section:paddr_start=1ed040000,paddr_end=1ed048000
[    0.846606] sprd-sysdump: sprd_log_buf2 added successfully in minidump section:paddr_start=1ed048000,paddr_end=1ed050000
[    0.846610] sprd-sysdump: sprd_log_buf3 added successfully in minidump section:paddr_start=1ed050000,paddr_end=1ed058000
[    0.846613] sprd-sysdump: sprd_log_buf4 added successfully in minidump section:paddr_start=1ed058000,paddr_end=1ed060000
[    0.846616] sprd-sysdump: sprd_log_buf5 added successfully in minidump section:paddr_start=1ed060000,paddr_end=1ed068000
[    0.846618] sprd-sysdump: sprd_log_buf6 added successfully in minidump section:paddr_start=1ed068000,paddr_end=1ed070000
[    0.846621] sprd-sysdump: sprd_log_buf7 added successfully in minidump section:paddr_start=1ed070000,paddr_end=1ed078000
[    0.846625] initcall __typeid__ZTSFivE_global_addr+0x740/0xec8 returned 0 after 76 usecs
[    0.846629] calling  __typeid__ZTSFivE_global_addr+0x7cc/0xec8 @ 1
[    0.846634] initcall __typeid__ZTSFivE_global_addr+0x7cc/0xec8 returned 0 after 1 usecs
[    0.846637] calling  __typeid__ZTSFivE_global_addr+0x7d4/0xec8 @ 1
[    0.846683] probe of 7f040000.etm returned -517 after 1 usecs
[    0.846692] probe of 7f140000.etm returned -517 after 0 usecs
[    0.846699] probe of 7f240000.etm returned -517 after 0 usecs
[    0.846706] probe of 7f340000.etm returned -517 after 0 usecs
[    0.846713] probe of 7f440000.etm returned -517 after 0 usecs
[    0.846719] probe of 7f540000.etm returned -517 after 0 usecs
[    0.846725] probe of 7f640000.etm returned -517 after 0 usecs
[    0.846731] probe of 7f740000.etm returned -517 after 0 usecs
[    0.846768] probe of 7f040000.etm returned -517 after 1 usecs
[    0.846775] probe of 7f140000.etm returned -517 after 0 usecs
[    0.846781] probe of 7f240000.etm returned -517 after 0 usecs
[    0.846787] probe of 7f340000.etm returned -517 after 0 usecs
[    0.846793] probe of 7f440000.etm returned -517 after 0 usecs
[    0.846799] probe of 7f540000.etm returned -517 after 0 usecs
[    0.846804] probe of 7f640000.etm returned -517 after 0 usecs
[    0.846810] probe of 7f740000.etm returned -517 after 0 usecs
[    0.846829] initcall __typeid__ZTSFivE_global_addr+0x7d4/0xec8 returned 0 after 182 usecs
[    0.846834] calling  __typeid__ZTSFivE_global_addr+0x7e0/0xec8 @ 1
[    0.846839] initcall __typeid__ZTSFivE_global_addr+0x7e0/0xec8 returned 0 after 1 usecs
[    0.846843] calling  __typeid__ZTSFivE_global_addr+0x800/0xec8 @ 1
[    0.846848] initcall __typeid__ZTSFivE_global_addr+0x800/0xec8 returned 0 after 1 usecs
[    0.846852] calling  __typeid__ZTSFivE_global_addr+0x7f8/0xec8 @ 1
[    0.846865] initcall __typeid__ZTSFivE_global_addr+0x7f8/0xec8 returned 0 after 7 usecs
[    0.846868] calling  __typeid__ZTSFivE_global_addr+0x948/0xec8 @ 1
[    0.846914] probe of gpio-keys returned -517 after 0 usecs
[    0.847183] initcall __typeid__ZTSFivE_global_addr+0x948/0xec8 returned 0 after 303 usecs
[    0.847187] calling  __typeid__ZTSFivE_global_addr+0x994/0xec8 @ 1
[    0.847192] initcall __typeid__ZTSFivE_global_addr+0x994/0xec8 returned 0 after 0 usecs
[    0.847198] calling  __typeid__ZTSFivE_global_addr+0xa80/0xec8 @ 1
[    0.847203] initcall __typeid__ZTSFivE_global_addr+0xa80/0xec8 returned -19 after 0 usecs
[    0.847207] calling  __typeid__ZTSFivE_global_addr+0xa98/0xec8 @ 1
[    0.847211] initcall __typeid__ZTSFivE_global_addr+0xa98/0xec8 returned 0 after 0 usecs
[    0.847215] calling  __typeid__ZTSFivE_global_addr+0xb30/0xec8 @ 1
[    0.847740] initcall __typeid__ZTSFivE_global_addr+0xb30/0xec8 returned 0 after 509 usecs
[    0.847744] calling  __typeid__ZTSFivE_global_addr+0xd94/0xec8 @ 1
[    0.847750] initcall __typeid__ZTSFivE_global_addr+0xd94/0xec8 returned 0 after 2 usecs
[    0.847754] calling  __typeid__ZTSFivE_global_addr+0xdc4/0xec8 @ 1
[    0.847771] initcall __typeid__ZTSFivE_global_addr+0xdc4/0xec8 returned 0 after 12 usecs
[    0.847775] calling  __typeid__ZTSFivE_global_addr+0xe9c/0xec8 @ 1
[    0.847788] cfg80211: Loading compiled-in X.509 certificates for regulatory database
[    0.849487] cfg80211: Loaded X.509 cert 'sforshee: 00b28ddf47aef9cea7'
[    0.849511] initcall __typeid__ZTSFivE_global_addr+0xe9c/0xec8 returned 0 after 1686 usecs
[    0.849518] calling  __typeid__ZTSFivE_global_addr+0x23c/0xec8 @ 1
[    0.849524] initcall __typeid__ZTSFivE_global_addr+0x23c/0xec8 returned 0 after 1 usecs
[    0.849528] calling  __typeid__ZTSFivE_global_addr+0x704/0xec8 @ 1
[    0.849540] initcall __typeid__ZTSFivE_global_addr+0x704/0xec8 returned 0 after 7 usecs
[    0.849545] calling  __typeid__ZTSFivE_global_addr+0x720/0xec8 @ 1
[    0.849705] sprd-sysdump:  detect pmic is sc2730 ,offset = 0x1bac !!!
[    0.849818] sprd-sysdump: of_find_device_by_node failed!!!
[    0.850041] sprd-sysdump: ylog_buffer_init: ylog_buffer vaddr is (____ptrval____)
[    0.850133] sprd-sysdump: section_info_ylog_buf in. vaddr : 0xffffff816d100000  len :0x100000
[    0.850140] sprd-sysdump: ylog_buf added successfully in minidump section:paddr_start=1ed100000,paddr_end=1ed200000
[    0.850142] sprd-sysdump: ylog_buf added to minidump section ok!!
[    0.850146] sprd-sysdump: kernel_pt added successfully in minidump section:paddr_start=82110000,paddr_end=82111000
[    0.850148] sprd-sysdump: kernel pt added to minidump section ok!!
[    0.850150] sprd-sysdump: pgd vaddr start: 0xffffffc012110000  paddr start: 0x82110000  len :0x1000
[    0.850154] sprd-sysdump: nhang added successfully in minidump section:paddr_start=82674d48,paddr_end=82774d48
[    0.850156] sprd-sysdump: nhang added to minidump section ok!!
[    0.850546] sprd-sysdump: Not find scproc from dts 
[    0.850548] sprd-sysdump: minidump_init out.
[    0.850555] initcall __typeid__ZTSFivE_global_addr+0x720/0xec8 returned 0 after 980 usecs
[    0.850563] calling  __typeid__ZTSFivE_global_addr+0x734/0xec8 @ 1
[    0.850671] sprd-sysdump-msg: minidump_add_section in. vaddr : 0xffffff816d080000  len :0x75440
[    0.850677] sprd-sysdump: task_stats added successfully in minidump section:paddr_start=1ed080000,paddr_end=1ed0f5440
[    0.850680] sprd-sysdump-msg: task_stats added to minidump section ok!!
[    0.850695] sprd-sysdump-msg: minidump_add_section in. vaddr : 0xffffff816d034000  len :0x3e80
[    0.850700] sprd-sysdump: runqueue added successfully in minidump section:paddr_start=1ed034000,paddr_end=1ed037e80
[    0.850702] sprd-sysdump-msg: runqueue added to minidump section ok!!
[    0.850709] sprd-sysdump-msg: minidump_add_section in. vaddr : 0xffffff816d078000  len :0x4000
[    0.850714] sprd-sysdump: stack_regs added successfully in minidump section:paddr_start=1ed078000,paddr_end=1ed07c000
[    0.850716] sprd-sysdump-msg: stack_regs added to minidump section ok!!
[    0.850720] sprd-sysdump-msg: minidump_add_section in. vaddr : 0xffffff816d07c000  len :0x3000
[    0.850726] sprd-sysdump: memstat added successfully in minidump section:paddr_start=1ed07c000,paddr_end=1ed07f000
[    0.850728] sprd-sysdump-msg: memstat added to minidump section ok!!
[    0.850737] sprd-sysdump-msg: minidump_add_section in. vaddr : 0xffffff816d200000  len :0x3000
[    0.850742] sprd-sysdump: interruptes added successfully in minidump section:paddr_start=1ed200000,paddr_end=1ed203000
[    0.850743] sprd-sysdump-msg: interruptes added to minidump section ok!!
[    0.850750] sprd-sysdump: irqstack0_0 added successfully in minidump section:paddr_start=1f7c82000,paddr_end=1f7c83000
[    0.850755] sprd-sysdump: irqstack0_1 added successfully in minidump section:paddr_start=1f7c83000,paddr_end=1f7c84000
[    0.850760] sprd-sysdump: irqstack0_2 added successfully in minidump section:paddr_start=1f7c84000,paddr_end=1f7c85000
[    0.850765] sprd-sysdump: irqstack0_3 added successfully in minidump section:paddr_start=1f7c85000,paddr_end=1f7c86000
[    0.850771] sprd-sysdump: irqstack1_0 added successfully in minidump section:paddr_start=1f7c86000,paddr_end=1f7c87000
[    0.850776] sprd-sysdump: irqstack1_1 added successfully in minidump section:paddr_start=1f7c87000,paddr_end=1f7c88000
[    0.850781] sprd-sysdump: irqstack1_2 added successfully in minidump section:paddr_start=1f7c88000,paddr_end=1f7c89000
[    0.850786] sprd-sysdump: irqstack1_3 added successfully in minidump section:paddr_start=1f7c89000,paddr_end=1f7c8a000
[    0.850791] sprd-sysdump: irqstack2_0 added successfully in minidump section:paddr_start=1f7c8a000,paddr_end=1f7c8b000
[    0.850796] sprd-sysdump: irqstack2_1 added successfully in minidump section:paddr_start=1f7c8b000,paddr_end=1f7c8c000
[    0.850801] sprd-sysdump: irqstack2_2 added successfully in minidump section:paddr_start=1f7c8c000,paddr_end=1f7c8d000
[    0.850806] sprd-sysdump: irqstack2_3 added successfully in minidump section:paddr_start=1f7c8d000,paddr_end=1f7c8e000
[    0.850812] sprd-sysdump: irqstack3_0 added successfully in minidump section:paddr_start=1f7c8e000,paddr_end=1f7c8f000
[    0.850817] sprd-sysdump: irqstack3_1 added successfully in minidump section:paddr_start=1f7c8f000,paddr_end=1f7c90000
[    0.850822] sprd-sysdump: irqstack3_2 added successfully in minidump section:paddr_start=1f7c90000,paddr_end=1f7c91000
[    0.850828] sprd-sysdump: irqstack3_3 added successfully in minidump section:paddr_start=1f7c91000,paddr_end=1f7c92000
[    0.850834] sprd-sysdump: irqstack4_0 added successfully in minidump section:paddr_start=1f7c92000,paddr_end=1f7c93000
[    0.850839] sprd-sysdump: irqstack4_1 added successfully in minidump section:paddr_start=1f7c93000,paddr_end=1f7c94000
[    0.850844] sprd-sysdump: irqstack4_2 added successfully in minidump section:paddr_start=1f7c94000,paddr_end=1f7c95000
[    0.850849] sprd-sysdump: irqstack4_3 added successfully in minidump section:paddr_start=1f7c95000,paddr_end=1f7c96000
[    0.850854] sprd-sysdump: irqstack5_0 added successfully in minidump section:paddr_start=1f7c96000,paddr_end=1f7c97000
[    0.850859] sprd-sysdump: irqstack5_1 added successfully in minidump section:paddr_start=1f7c97000,paddr_end=1f7c98000
[    0.850864] sprd-sysdump: irqstack5_2 added successfully in minidump section:paddr_start=1f7c98000,paddr_end=1f7c99000
[    0.850869] sprd-sysdump: irqstack5_3 added successfully in minidump section:paddr_start=1f7c99000,paddr_end=1f7c9a000
[    0.850876] sprd-sysdump: irqstack6_0 added successfully in minidump section:paddr_start=1f7c9a000,paddr_end=1f7c9b000
[    0.850881] sprd-sysdump: irqstack6_1 added successfully in minidump section:paddr_start=1f7c9b000,paddr_end=1f7c9c000
[    0.850887] sprd-sysdump: irqstack6_2 added successfully in minidump section:paddr_start=1f7c9c000,paddr_end=1f7c9d000
[    0.850893] sprd-sysdump: irqstack6_3 added successfully in minidump section:paddr_start=1f7c9d000,paddr_end=1f7c9e000
[    0.850898] sprd-sysdump: irqstack7_0 added successfully in minidump section:paddr_start=1f7c9e000,paddr_end=1f7c9f000
[    0.850904] sprd-sysdump: irqstack7_1 added successfully in minidump section:paddr_start=1f7c9f000,paddr_end=1f7ca0000
[    0.850910] sprd-sysdump: irqstack7_2 added successfully in minidump section:paddr_start=1f7ca0000,paddr_end=1f7ca1000
[    0.850916] sprd-sysdump: irqstack7_3 added successfully in minidump section:paddr_start=1f7ca1000,paddr_end=1f7ca2000
[    0.850921] sprd-sysdump: cpustack0_0 added successfully in minidump section:paddr_start=0,paddr_end=1000
[    0.850927] sprd-sysdump: cpustack0_1 added successfully in minidump section:paddr_start=0,paddr_end=1000
[    0.850932] sprd-sysdump: cpustack0_2 added successfully in minidump section:paddr_start=0,paddr_end=1000
[    0.850937] sprd-sysdump: cpustack0_3 added successfully in minidump section:paddr_start=0,paddr_end=1000
[    0.850943] sprd-sysdump: cpustack1_0 added successfully in minidump section:paddr_start=0,paddr_end=1000
[    0.850948] sprd-sysdump: cpustack1_1 added successfully in minidump section:paddr_start=0,paddr_end=1000
[    0.850953] sprd-sysdump: cpustack1_2 added successfully in minidump section:paddr_start=0,paddr_end=1000
[    0.850959] sprd-sysdump: cpustack1_3 added successfully in minidump section:paddr_start=0,paddr_end=1000
[    0.850964] sprd-sysdump: cpustack2_0 added successfully in minidump section:paddr_start=0,paddr_end=1000
[    0.850969] sprd-sysdump: cpustack2_1 added successfully in minidump section:paddr_start=0,paddr_end=1000
[    0.850975] sprd-sysdump: cpustack2_2 added successfully in minidump section:paddr_start=0,paddr_end=1000
[    0.850980] sprd-sysdump: cpustack2_3 added successfully in minidump section:paddr_start=0,paddr_end=1000
[    0.850989] sprd-sysdump: cpustack3_0 added successfully in minidump section:paddr_start=0,paddr_end=1000
[    0.850995] sprd-sysdump: cpustack3_1 added successfully in minidump section:paddr_start=0,paddr_end=1000
[    0.851000] sprd-sysdump: cpustack3_2 added successfully in minidump section:paddr_start=0,paddr_end=1000
[    0.851006] sprd-sysdump: cpustack3_3 added successfully in minidump section:paddr_start=0,paddr_end=1000
[    0.851012] sprd-sysdump: cpustack4_0 added successfully in minidump section:paddr_start=0,paddr_end=1000
[    0.851017] sprd-sysdump: cpustack4_1 added successfully in minidump section:paddr_start=0,paddr_end=1000
[    0.851024] sprd-sysdump: cpustack4_2 added successfully in minidump section:paddr_start=0,paddr_end=1000
[    0.851030] sprd-sysdump: cpustack4_3 added successfully in minidump section:paddr_start=0,paddr_end=1000
[    0.851036] sprd-sysdump: cpustack5_0 added successfully in minidump section:paddr_start=0,paddr_end=1000
[    0.851042] sprd-sysdump: cpustack5_1 added successfully in minidump section:paddr_start=0,paddr_end=1000
[    0.851049] sprd-sysdump: cpustack5_2 added successfully in minidump section:paddr_start=0,paddr_end=1000
[    0.851055] sprd-sysdump: cpustack5_3 added successfully in minidump section:paddr_start=0,paddr_end=1000
[    0.851061] sprd-sysdump: cpustack6_0 added successfully in minidump section:paddr_start=0,paddr_end=1000
[    0.851068] sprd-sysdump: cpustack6_1 added successfully in minidump section:paddr_start=0,paddr_end=1000
[    0.851074] sprd-sysdump: cpustack6_2 added successfully in minidump section:paddr_start=0,paddr_end=1000
[    0.851080] sprd-sysdump: cpustack6_3 added successfully in minidump section:paddr_start=0,paddr_end=1000
[    0.851086] sprd-sysdump: cpustack7_0 added successfully in minidump section:paddr_start=0,paddr_end=1000
[    0.851092] sprd-sysdump: cpustack7_1 added successfully in minidump section:paddr_start=0,paddr_end=1000
[    0.851098] sprd-sysdump: cpustack7_2 added successfully in minidump section:paddr_start=0,paddr_end=1000
[    0.851104] sprd-sysdump: cpustack7_3 added successfully in minidump section:paddr_start=0,paddr_end=1000
[    0.851109] sprd-sysdump-msg: sprd_kmsg_panic_notifier_register success!
[    0.851115] initcall __typeid__ZTSFivE_global_addr+0x734/0xec8 returned 0 after 533 usecs
[    0.851121] calling  __typeid__ZTSFivE_global_addr+0x738/0xec8 @ 1
[    0.851132] sprd-sysdump-io: minidump_add_section in. vaddr : 0xffffff816d210000  len :0x9000
[    0.851139] sprd-sysdump: io added successfully in minidump section:paddr_start=1ed210000,paddr_end=1ed219000
[    0.851141] sprd-sysdump-io: io added to minidump section ok!!
[    0.851143] sprd-sysdump-io: sprd: io_panic_nofifier_register success
[    0.851147] initcall __typeid__ZTSFivE_global_addr+0x738/0xec8 returned 0 after 21 usecs
[    0.851152] calling  __typeid__ZTSFivE_global_addr+0x750/0xec8 @ 1
[    0.851160] initcall __typeid__ZTSFivE_global_addr+0x750/0xec8 returned 0 after 3 usecs
[    0.851164] calling  __typeid__ZTSFivE_global_addr+0xb28/0xec8 @ 1
[    0.851170] initcall __typeid__ZTSFivE_global_addr+0xb28/0xec8 returned 0 after 1 usecs
[    0.851175] calling  __typeid__ZTSFivE_global_addr+0xbf8/0xec8 @ 1
[    0.851177] ALSA device list:
[    0.851185] No soundcards found.
[    0.851189] initcall __typeid__ZTSFivE_global_addr+0xbf8/0xec8 returned 0 after 9 usecs
[    0.851319] sprd_serial 200b0000.serial: request TX DMA channel failed, ret = -19
[    0.851324] sprd_serial 200b0000.serial: request RX DMA channel failed, ret = -19
[    0.852077] Freeing unused kernel memory: 2112K
[    0.860030] cryptomgr_probe (162): highest shadow stack usage: 144 bytes
[    0.880306] Run /init as init process
[    0.881214] magiskinit: Charger mode or ramdisk is recovery, abort
[    1.099418] init: init first stage started!
[    1.101620] init: Loading module /lib/modules/sprd_wdt_fiq.ko with args ''
[    1.104707] calling  sprd_wdt_fiq_get_timeleft+0x30/0x6c [sprd_wdt_fiq] @ 1
[    1.104939] probe of 644e0000.watchdog returned -517 after 2 usecs
[    1.105104] initcall sprd_wdt_fiq_get_timeleft+0x30/0x6c [sprd_wdt_fiq] returned 0 after 377 usecs
[    1.105122] sprd wdt fiq syscore s2idle register done.
[    1.105194] init: Loaded kernel module /lib/modules/sprd_wdt_fiq.ko
[    1.105278] init: Loading module /lib/modules/sprd_sip_svc.ko with args ''
[    1.108666] calling  sprd_sip_svc_pwr_get_wakeup_source+0xc4/0x908 [sprd_sip_svc] @ 1
[    1.108671] sprd_sip: SPRD SIP SVC PERF:v0.1 detected in firmware.
[    1.108673] sprd_sip: SPRD SIP SVC DBG:v1.0 detected in firmware.
[    1.108675] sprd_sip: SPRD SIP SVC PWR:v0.1 detected in firmware.
[    1.108681] initcall sprd_sip_svc_pwr_get_wakeup_source+0xc4/0x908 [sprd_sip_svc] returned 0 after 9 usecs
[    1.108690] sprd_sip: hdl for sprd svc sip : func_addr = 0xffffffc01169b9b4, pdg = 0x0, level = 0x0
[    1.108693] sprd_wdh: func_addr = 0xffffffc01169b9b4 , pdg = 0x0 level = 0x0
[    1.116598] sprd_sip: hdl for sprd svc sip : func_addr = 0xffffffc01169b9b8, pdg = 0x4000082110001, level = 0x1
[    1.116600] sprd_wdh: func_addr = 0xffffffc01169b9b8 , pdg = 0x4000082110001 level = 0x1
[    1.125588] sprd_sip: hdl for sprd svc sip : func_addr = 0x8169b9bc, pdg = 0x0, level = 0x2
[    1.125590] sprd_wdh: func_addr = 0x8169b9bc , pdg = 0x0 level = 0x2
[    1.132908] init: Loaded kernel module /lib/modules/sprd_sip_svc.ko
[    1.133009] init: Loading module /lib/modules/sprd_systimer.ko with args ''
[    1.135624] calling  sync_cnter_boottime+0x100/0xd94 [sprd_systimer] @ 1
[    1.135863] initcall sync_cnter_boottime+0x100/0xd94 [sprd_systimer] returned 0 after 226 usecs
[    1.135907] init: Loaded kernel module /lib/modules/sprd_systimer.ko
[    1.135981] init: Loading module /lib/modules/sprd_time_sync.ko with args ''
[    1.138825] calling  _copy_to_user+0x12c/0x14c [sprd_time_sync] @ 1
[    1.139130] initcall _copy_to_user+0x12c/0x14c [sprd_time_sync] returned 0 after 290 usecs
[    1.139176] init: Loaded kernel module /lib/modules/sprd_time_sync.ko
[    1.139252] init: Loading module /lib/modules/sprd_time_sync_cp.ko with args ''
[    1.141677] device is not exist 
[    1.141679] sprd time sync cp notifier register done.
[    1.141714] init: Loaded kernel module /lib/modules/sprd_time_sync_cp.ko
[    1.141779] init: Loading module /lib/modules/clk-sprd.ko with args ''
[    1.144673] init: Loaded kernel module /lib/modules/clk-sprd.ko
[    1.144744] init: Loading module /lib/modules/ums9230-clk.ko with args ''
[    1.153577] calling  ums9230_clk_probe+0x60/0x6c [ums9230_clk] @ 1
[    1.155239] probe of 7f040000.etm returned -517 after 0 usecs
[    1.155252] probe of 7f140000.etm returned -517 after 0 usecs
[    1.155260] probe of 7f240000.etm returned -517 after 0 usecs
[    1.155267] probe of 7f340000.etm returned -517 after 0 usecs
[    1.155275] probe of 7f440000.etm returned -517 after 0 usecs
[    1.155283] probe of 7f540000.etm returned -517 after 0 usecs
[    1.155291] probe of 7f640000.etm returned -517 after 0 usecs
[    1.155297] probe of 7f740000.etm returned -517 after 0 usecs
[    1.155353] probe of gpio-keys returned -517 after 0 usecs
[    1.155377] probe of 644e0000.watchdog returned -517 after 0 usecs
[    1.155408] probe of soc:pmu-gate returned 1 after 1262 usecs
[    1.155623] probe of 7f040000.etm returned -517 after 0 usecs
[    1.155629] probe of 7f140000.etm returned -517 after 0 usecs
[    1.155634] probe of 7f240000.etm returned -517 after 0 usecs
[    1.155638] probe of 7f340000.etm returned -517 after 0 usecs
[    1.155644] probe of 7f440000.etm returned -517 after 0 usecs
[    1.155649] probe of 7f540000.etm returned -517 after 0 usecs
[    1.155654] probe of 7f640000.etm returned -517 after 0 usecs
[    1.155661] probe of 7f740000.etm returned -517 after 0 usecs
[    1.155685] probe of gpio-keys returned -517 after 0 usecs
[    1.155706] probe of 644e0000.watchdog returned -517 after 0 usecs
[    1.155725] probe of soc:dpll0 returned 1 after 306 usecs
[    1.155898] probe of 7f040000.etm returned -517 after 0 usecs
[    1.155904] probe of 7f140000.etm returned -517 after 0 usecs
[    1.155910] probe of 7f240000.etm returned -517 after 0 usecs
[    1.155914] probe of 7f340000.etm returned -517 after 0 usecs
[    1.155920] probe of 7f440000.etm returned -517 after 0 usecs
[    1.155924] probe of 7f540000.etm returned -517 after 0 usecs
[    1.155929] probe of 7f640000.etm returned -517 after 0 usecs
[    1.155934] probe of 7f740000.etm returned -517 after 0 usecs
[    1.155957] probe of gpio-keys returned -517 after 0 usecs
[    1.155977] probe of 644e0000.watchdog returned -517 after 0 usecs
[    1.156038] probe of soc:pll0 returned 1 after 304 usecs
[    1.156311] probe of 7f040000.etm returned -517 after 0 usecs
[    1.156317] probe of 7f140000.etm returned -517 after 0 usecs
[    1.156322] probe of 7f240000.etm returned -517 after 0 usecs
[    1.156327] probe of 7f340000.etm returned -517 after 0 usecs
[    1.156332] probe of 7f440000.etm returned -517 after 0 usecs
[    1.156337] probe of 7f540000.etm returned -517 after 0 usecs
[    1.156342] probe of 7f640000.etm returned -517 after 0 usecs
[    1.156347] probe of 7f740000.etm returned -517 after 0 usecs
[    1.156370] probe of gpio-keys returned -517 after 0 usecs
[    1.156390] probe of 644e0000.watchdog returned -517 after 0 usecs
[    1.156407] probe of soc:mpll1 returned 1 after 360 usecs
[    1.158015] probe of 7f040000.etm returned -517 after 0 usecs
[    1.158022] probe of 7f140000.etm returned -517 after 0 usecs
[    1.158028] probe of 7f240000.etm returned -517 after 0 usecs
[    1.158033] probe of 7f340000.etm returned -517 after 0 usecs
[    1.158038] probe of 7f440000.etm returned -517 after 0 usecs
[    1.158044] probe of 7f540000.etm returned -517 after 0 usecs
[    1.158049] probe of 7f640000.etm returned -517 after 0 usecs
[    1.158055] probe of 7f740000.etm returned -517 after 0 usecs
[    1.158085] probe of gpio-keys returned -517 after 0 usecs
[    1.158106] probe of 644e0000.watchdog returned -517 after 0 usecs
[    1.158426] probe of soc:pll1 returned 1 after 2011 usecs
[    1.159996] probe of 7f040000.etm returned -517 after 0 usecs
[    1.160038] probe of 7f140000.etm returned -517 after 0 usecs
[    1.160044] probe of 7f240000.etm returned -517 after 0 usecs
[    1.160050] probe of 7f340000.etm returned -517 after 0 usecs
[    1.160056] probe of 7f440000.etm returned -517 after 0 usecs
[    1.160061] probe of 7f540000.etm returned -517 after 0 usecs
[    1.160066] probe of 7f640000.etm returned -517 after 0 usecs
[    1.160071] probe of 7f740000.etm returned -517 after 0 usecs
[    1.160101] probe of gpio-keys returned -517 after 0 usecs
[    1.160121] probe of 644e0000.watchdog returned -517 after 0 usecs
[    1.160405] probe of soc:apapb-gate returned 1 after 1968 usecs
[    1.160767] probe of 7f040000.etm returned -517 after 0 usecs
[    1.160773] probe of 7f140000.etm returned -517 after 0 usecs
[    1.160779] probe of 7f240000.etm returned -517 after 0 usecs
[    1.160785] probe of 7f340000.etm returned -517 after 0 usecs
[    1.160790] probe of 7f440000.etm returned -517 after 0 usecs
[    1.160795] probe of 7f540000.etm returned -517 after 0 usecs
[    1.160800] probe of 7f640000.etm returned -517 after 0 usecs
[    1.160805] probe of 7f740000.etm returned -517 after 0 usecs
[    1.160829] probe of gpio-keys returned -517 after 0 usecs
[    1.160850] probe of 644e0000.watchdog returned -517 after 0 usecs
[    1.160978] probe of soc:apahb-gate returned 1 after 563 usecs
[    1.162718] probe of 7f040000.etm returned -517 after 0 usecs
[    1.162726] probe of 7f140000.etm returned -517 after 0 usecs
[    1.162732] probe of 7f240000.etm returned -517 after 0 usecs
[    1.162738] probe of 7f340000.etm returned -517 after 0 usecs
[    1.162744] probe of 7f440000.etm returned -517 after 0 usecs
[    1.162750] probe of 7f540000.etm returned -517 after 0 usecs
[    1.162755] probe of 7f640000.etm returned -517 after 0 usecs
[    1.162762] probe of 7f740000.etm returned -517 after 0 usecs
[    1.162792] probe of gpio-keys returned -517 after 0 usecs
[    1.162814] probe of 644e0000.watchdog returned -517 after 0 usecs
[    1.163188] probe of 20010000.clock-controller returned 1 after 2200 usecs
[    1.163592] probe of 7f040000.etm returned -517 after 0 usecs
[    1.163598] probe of 7f140000.etm returned -517 after 0 usecs
[    1.163604] probe of 7f240000.etm returned -517 after 0 usecs
[    1.163609] probe of 7f340000.etm returned -517 after 0 usecs
[    1.163614] probe of 7f440000.etm returned -517 after 0 usecs
[    1.163619] probe of 7f540000.etm returned -517 after 0 usecs
[    1.163625] probe of 7f640000.etm returned -517 after 0 usecs
[    1.163631] probe of 7f740000.etm returned -517 after 0 usecs
[    1.163656] probe of gpio-keys returned -517 after 0 usecs
[    1.163676] probe of 644e0000.watchdog returned -517 after 0 usecs
[    1.163712] probe of soc:gpu-clk returned 1 after 514 usecs
[    1.164515] probe of 7f040000.etm returned -517 after 0 usecs
[    1.164522] probe of 7f140000.etm returned -517 after 0 usecs
[    1.164528] probe of 7f240000.etm returned -517 after 0 usecs
[    1.164533] probe of 7f340000.etm returned -517 after 0 usecs
[    1.164538] probe of 7f440000.etm returned -517 after 0 usecs
[    1.164544] probe of 7f540000.etm returned -517 after 0 usecs
[    1.164550] probe of 7f640000.etm returned -517 after 0 usecs
[    1.164556] probe of 7f740000.etm returned -517 after 0 usecs
[    1.164583] probe of gpio-keys returned -517 after 0 usecs
[    1.164604] probe of 644e0000.watchdog returned -517 after 0 usecs
[    1.164787] probe of 30010000.clock-controller returned 1 after 1065 usecs
[    1.165757] probe of 7f040000.etm returned -517 after 0 usecs
[    1.165764] probe of 7f140000.etm returned -517 after 0 usecs
[    1.165771] probe of 7f240000.etm returned -517 after 0 usecs
[    1.165775] probe of 7f340000.etm returned -517 after 0 usecs
[    1.165781] probe of 7f440000.etm returned -517 after 0 usecs
[    1.165785] probe of 7f540000.etm returned -517 after 0 usecs
[    1.165790] probe of 7f640000.etm returned -517 after 0 usecs
[    1.165795] probe of 7f740000.etm returned -517 after 0 usecs
[    1.165822] probe of gpio-keys returned -517 after 0 usecs
[    1.165842] probe of 644e0000.watchdog returned -517 after 0 usecs
[    1.166013] probe of soc:mm-gate returned 1 after 1217 usecs
[    1.169508] coresight etm0: CPU0: ETM v4.2 initialized
[    1.169531] probe of 7f040000.etm returned 1 after 694 usecs
[    1.170002] coresight etm1: CPU1: ETM v4.2 initialized
[    1.170016] probe of 7f140000.etm returned 1 after 475 usecs
[    1.170485] coresight etm2: CPU2: ETM v4.2 initialized
[    1.170500] probe of 7f240000.etm returned 1 after 476 usecs
[    1.170944] coresight etm3: CPU3: ETM v4.2 initialized
[    1.170957] probe of 7f340000.etm returned 1 after 450 usecs
[    1.171383] coresight etm4: CPU4: ETM v4.2 initialized
[    1.171396] probe of 7f440000.etm returned 1 after 430 usecs
[    1.171824] coresight etm5: CPU5: ETM v4.2 initialized
[    1.171842] probe of 7f540000.etm returned 1 after 438 usecs
[    1.172068] coresight etm6: CPU6: ETM v4.2 initialized
[    1.172080] probe of 7f640000.etm returned 1 after 231 usecs
[    1.172226] probe of 64012000.clock-controller returned 1 after 6202 usecs
[    1.172304] coresight etm7: CPU7: ETM v4.2 initialized
[    1.172317] probe of 7f740000.etm returned 1 after 228 usecs
[    1.172375] probe of gpio-keys returned -517 after 0 usecs
[    1.172400] probe of 644e0000.watchdog returned -517 after 0 usecs
[    1.172705] probe of gpio-keys returned -517 after 0 usecs
[    1.172727] probe of 644e0000.watchdog returned -517 after 0 usecs
[    1.172749] probe of soc:audcpapb-gate returned 1 after 503 usecs
[    1.174046] probe of gpio-keys returned -517 after 0 usecs
[    1.174067] probe of 644e0000.watchdog returned -517 after 0 usecs
[    1.174116] probe of soc:audcpahb-gate returned 1 after 1356 usecs
[    1.180964] probe of gpio-keys returned -517 after 1 usecs
[    1.181161] probe of 644e0000.watchdog returned 1 after 170 usecs
[    1.181449] probe of gpio-keys returned -517 after 0 usecs
[    1.181473] probe of soc:aonapb-gate returned 1 after 7347 usecs
[    1.181722] initcall ums9230_clk_probe+0x60/0x6c [ums9230_clk] returned 0 after 27414 usecs
[    1.181857] init: Loaded kernel module /lib/modules/ums9230-clk.ko
[    1.182008] init: Loading module /lib/modules/core.ko with args ''
[    1.184770] calling  sprd_autotest_release+0x10/0x24 [core] @ 1
[    1.184841] initcall sprd_autotest_release+0x10/0x24 [core] returned 0 after 62 usecs
[    1.184896] init: Loaded kernel module /lib/modules/core.ko
[    1.184939] init: Loading module /lib/modules/gpio.ko with args ''
[    1.187577] calling  gpio_match_name_gpio+0x10/0x34 [gpio] @ 1
[    1.187585] initcall gpio_match_name_gpio+0x10/0x34 [gpio] returned 0 after 1 usecs
[    1.187623] init: Loaded kernel module /lib/modules/gpio.ko
[    1.187698] init: Loading module /lib/modules/pinctrl.ko with args ''
[    1.190280] calling  pinctrl_test+0x204/0x220 [pinctrl] @ 1
[    1.190681] initcall pinctrl_test+0x204/0x220 [pinctrl] returned 0 after 383 usecs
[    1.190738] init: Loaded kernel module /lib/modules/pinctrl.ko
[    1.190830] init: Loading module /lib/modules/pinctrl-sprd.ko with args ''
[    1.193771] init: Loaded kernel module /lib/modules/pinctrl-sprd.ko
[    1.193849] init: Loading module /lib/modules/pinctrl-sprd-qogirl6.ko with args ''
[    1.196796] calling  sprd_pinctrl_probe+0x30/0x44 [pinctrl_sprd_qogirl6] @ 1
[    1.197785] probe of gpio-keys returned 0 after 86 usecs
[    1.197848] probe of 64710000.pinctrl returned 1 after 875 usecs
[    1.197987] initcall sprd_pinctrl_probe+0x30/0x44 [pinctrl_sprd_qogirl6] returned 0 after 1154 usecs
[    1.198053] init: Loaded kernel module /lib/modules/pinctrl-sprd-qogirl6.ko
[    1.198142] init: Loading module /lib/modules/phy-sprd-qogirl6.ko with args ''
[    1.201302] calling  sprd_hsphy_charger_detect_work+0x50/0x90 [phy_sprd_qogirl6] @ 1
[    1.201494] probe of 64570000.hsphy returned -517 after 1 usecs
[    1.201623] initcall sprd_hsphy_charger_detect_work+0x50/0x90 [phy_sprd_qogirl6] returned 0 after 305 usecs
[    1.201678] init: Loaded kernel module /lib/modules/phy-sprd-qogirl6.ko
[    1.201768] init: Loading module /lib/modules/spi-sprd-adi.ko with args ''
[    1.204531] calling  sprd_adi_restart_handler+0x2e0/0x2ec [spi_sprd_adi] @ 1
[    1.204792] sprd-adi 64200000.spi: no hardware spinlock supplied
[    1.209656] probe of 64200000.spi returned 1 after 4921 usecs
[    1.209847] initcall sprd_adi_restart_handler+0x2e0/0x2ec [spi_sprd_adi] returned 0 after 5182 usecs
[    1.209913] init: Loaded kernel module /lib/modules/spi-sprd-adi.ko
[    1.210018] init: Loading module /lib/modules/sprd-sc27xx-spi.ko with args ''
[    1.212826] probe of gpio-keys returned 0 after 107 usecs
[    1.212870] probe of 64570000.hsphy returned -517 after 0 usecs
[    1.213642] calling  sprd_pmic_spi_read+0x128/0x144 [sprd_sc27xx_spi] @ 1
[    1.259371] probe of gpio-keys returned 0 after 93 usecs
[    1.259412] probe of 64570000.hsphy returned -517 after 1 usecs
[    1.259615] probe of spi4.0 returned 1 after 45957 usecs
[    1.259650] initcall sprd_pmic_spi_read+0x128/0x144 [sprd_sc27xx_spi] returned 0 after 44916 usecs
[    1.259747] init: Loaded kernel module /lib/modules/sprd-sc27xx-spi.ko
[    1.259870] init: Loading module /lib/modules/sc2730-regulator.ko with args ''
[    1.262830] calling  debugfs_enable_set+0xc8/0xfc [sc2730_regulator] @ 1
[    1.267752] probe of gpio-keys returned 0 after 106 usecs
[    1.267802] probe of 64570000.hsphy returned -517 after 1 usecs
[    1.268112] probe of 64200000.spi:pmic@0:power-controller@1800 returned 1 after 4971 usecs
[    1.268149] initcall debugfs_enable_set+0xc8/0xfc [sc2730_regulator] returned 0 after 5183 usecs
[    1.268243] init: Loaded kernel module /lib/modules/sc2730-regulator.ko
[    1.268357] init: Loading module /lib/modules/rpmb.ko with args ''
[    1.271724] calling  rpmb_cdev_add+0x9c/0xbc [rpmb] @ 1
[    1.271751] initcall rpmb_cdev_add+0x9c/0xbc [rpmb] returned 0 after 14 usecs
[    1.271808] init: Loaded kernel module /lib/modules/rpmb.ko
[    1.271895] init: Loading module /lib/modules/sprd_soc_id.ko with args ''
[    1.274565] calling  open_socid_fs+0x2c/0x40 [sprd_soc_id] @ 1
[    1.274965] probe of gpio-keys returned 0 after 101 usecs
[    1.275011] probe of 64570000.hsphy returned -517 after 0 usecs
[    1.275036] probe of soc:aon:socid@402e00e0 returned 1 after 262 usecs
[    1.275192] initcall open_socid_fs+0x2c/0x40 [sprd_soc_id] returned 0 after 605 usecs
[    1.275257] init: Loaded kernel module /lib/modules/sprd_soc_id.ko
[    1.275352] init: Loading module /lib/modules/ufs-sprd_qogirl6.ko with args ''
[    1.278875] calling  ufshcd_sprd_ioctl+0x1c4/0x224 [ufs_sprd_qogirl6] @ 1
[    1.280098] ufshcd-sprd 20200000.ufs: ufshcd_populate_vreg: Unable to find vdd-hba-supply regulator, assuming enabled
[    1.280104] ufshcd-sprd 20200000.ufs: ufshcd_populate_vreg: unable to find vcc-max-microamp
[    1.280110] ufshcd-sprd 20200000.ufs: ufshcd_populate_vreg: Unable to find vccq-supply regulator, assuming enabled
[    1.280113] ufshcd-sprd 20200000.ufs: ufshcd_populate_vreg: Unable to find vccq2-supply regulator, assuming enabled
[    1.280661] fangkuiufs host->aon_apb_ufs_en.regmap = (____ptrval____)
[    1.282159] scsi host0: ufshcd
[    1.282599] ufshcd-sprd 20200000.ufs: ufs hardware reset!
[    1.304402] ufshcd-sprd 20200000.ufs: ufshcd_print_pwr_info:[RX, TX]: gear=[1, 1], lane[1, 1], pwr[SLOWAUTO_MODE, SLOWAUTO_MODE], rate = 0
[    1.407198] ufshcd-sprd 20200000.ufs: ufs_sprd_apply_dev_quirks: 13,6,12,6
[    1.440400] ufshcd-sprd 20200000.ufs: ufshcd_print_pwr_info:[RX, TX]: gear=[3, 3], lane[2, 2], pwr[FAST MODE, FAST MODE], rate = 2
[    1.440882] ufshcd-sprd 20200000.ufs: ufshcd_find_max_sup_active_icc_level: Regulator capability was not set, actvIccLevel=0
[    1.441828] ufshcd-sprd 20200000.ufs: ufshcd_wb_config: Write Booster Configured
[    1.444705] scsi 0:0:0:49476: Well-known LUN    SKhynix  H9QT0GECN6X145   A002 PQ: 0 ANSI: 6
[    1.447073] scsi 0:0:0:49488: Well-known LUN    SKhynix  H9QT0GECN6X145   A002 PQ: 0 ANSI: 6
[    1.447122] probe of 0:0:0:49476 returned 0 after 58 usecs
[    1.447771] probe of gpio-keys returned 0 after 117 usecs
[    1.447824] probe of 64570000.hsphy returned -517 after 1 usecs
[    1.447854] probe of 20200000.ufs returned 1 after 168900 usecs
[    1.448165] initcall ufshcd_sprd_ioctl+0x1c4/0x224 [ufs_sprd_qogirl6] returned 0 after 165304 usecs
[    1.448222] probe of 0:0:0:49488 returned 0 after 26 usecs
[    1.448921] scsi 0:0:0:49456: Well-known LUN    SKhynix  H9QT0GECN6X145   A002 PQ: 0 ANSI: 6
[    1.450097] probe of 0:0:0:49456 returned 0 after 27 usecs
[    1.450859] scsi 0:0:0:0: Direct-Access     SKhynix  H9QT0GECN6X145   A002 PQ: 0 ANSI: 6
[    1.451863] sd 0:0:0:0: Power-on or device reset occurred
[    1.453279] scsi 0:0:0:1: Direct-Access     SKhynix  H9QT0GECN6X145   A002 PQ: 0 ANSI: 6
[    1.455624] sd 0:0:0:0: [sda] 31240192 4096-byte logical blocks: (128 GB/119 GiB)
[    1.455713] scsi 0:0:0:2: Direct-Access     SKhynix  H9QT0GECN6X145   A002 PQ: 0 ANSI: 6
[    1.455964] sd 0:0:0:0: [sda] Write Protect is off
[    1.455971] sd 0:0:0:0: [sda] Mode Sense: 00 32 00 10
[    1.456225] sd 0:0:0:1: Power-on or device reset occurred
[    1.456660] sd 0:0:0:0: [sda] Write cache: enabled, read cache: enabled, supports DPO and FUA
[    1.456994] sd 0:0:0:0: [sda] Optimal transfer size 524288 bytes
[    1.457073] sd 0:0:0:2: Power-on or device reset occurred
[    1.458898] sd 0:0:0:1: [sdb] 1024 4096-byte logical blocks: (4.19 MB/4.00 MiB)
[    1.459233] sd 0:0:0:1: [sdb] Write Protect is off
[    1.459239] sd 0:0:0:1: [sdb] Mode Sense: 00 32 00 10
[    1.459702] sd 0:0:0:2: [sdc] 1024 4096-byte logical blocks: (4.19 MB/4.00 MiB)
[    1.459909] sd 0:0:0:1: [sdb] Write cache: disabled, read cache: enabled, supports DPO and FUA
[    1.460038] sd 0:0:0:2: [sdc] Write Protect is off
[    1.460044] sd 0:0:0:2: [sdc] Mode Sense: 00 32 00 10
[    1.460254] sd 0:0:0:1: [sdb] Optimal transfer size 524288 bytes
[    1.460911] sd 0:0:0:2: [sdc] Write cache: disabled, read cache: enabled, supports DPO and FUA
[    1.461248] sd 0:0:0:2: [sdc] Optimal transfer size 524288 bytes
[    1.507750] sd 0:0:0:1: [sdb] Attached SCSI disk
[    1.507780] probe of 0:0:0:1 returned 1 after 51720 usecs
[    1.507972] probe of gpio-keys returned 0 after 111 usecs
[    1.508051] probe of 64570000.hsphy returned -517 after 0 usecs
[    1.508937] sd 0:0:0:2: [sdc] Attached SCSI disk
[    1.509116] probe of gpio-keys returned 0 after 94 usecs
[    1.509181] probe of 64570000.hsphy returned -517 after 1 usecs
[    1.509206] probe of 0:0:0:2 returned 1 after 52255 usecs
[    1.513110] sda: sda1 sda2 sda3 sda4 sda5 sda6 sda7 sda8 sda9 sda10 sda11 sda12 sda13 sda14 sda15 sda16 sda17 sda18 sda19 sda20 sda21 sda22 sda23 sda24 sda25 sda26 sda27 sda28 sda29 sda30 sda31 sda32 sda33 sda34 sda35 sda36 sda37 sda38 sda39 sda40 sda41 sda42 sda43 sda44 sda45 sda46 sda47 sda48 sda49 sda50 sda51 sda52 sda53 sda54 sda55 sda56 sda57 sda58 sda59 sda60 sda61 sda62 sda63 sda64 sda65 sda66 sda67 sda68 sda69 sda70 sda71 sda72
[    1.518460] sd 0:0:0:0: [sda] Attached SCSI disk
[    1.518629] probe of gpio-keys returned 0 after 97 usecs
[    1.518692] probe of 64570000.hsphy returned -517 after 1 usecs
[    1.518716] probe of 0:0:0:0 returned 1 after 67029 usecs
[    1.518933] init: Loaded kernel module /lib/modules/ufs-sprd_qogirl6.ko
[    1.519056] init: Loading module /lib/modules/sprd_hwspinlock.ko with args ''
[    1.521893] calling  sprd_hwspinlock_relax+0x20/0x3c [sprd_hwspinlock] @ 1
[    1.522188] probe of 64910000.hwspinlock returned 1 after 98 usecs
[    1.522346] initcall sprd_hwspinlock_relax+0x20/0x3c [sprd_hwspinlock] returned 0 after 434 usecs
[    1.522418] init: Loaded kernel module /lib/modules/sprd_hwspinlock.ko
[    1.522528] init: Loading module /lib/modules/nvmem-sc27xx-efuse.ko with args ''
[    1.524710] probe of gpio-keys returned 0 after 95 usecs
[    1.524757] probe of 64570000.hsphy returned -517 after 1 usecs
[    1.525590] calling  sc27xx_efuse_poll_status+0x118/0x130 [nvmem_sc27xx_efuse] @ 1
[    1.526247] probe of gpio-keys returned 0 after 74 usecs
[    1.526291] probe of 64570000.hsphy returned -517 after 1 usecs
[    1.526514] probe of 64200000.spi:pmic@0:efuse@300 returned 1 after 519 usecs
[    1.526566] initcall sc27xx_efuse_poll_status+0x118/0x130 [nvmem_sc27xx_efuse] returned 0 after 945 usecs
[    1.526634] init: Loaded kernel module /lib/modules/nvmem-sc27xx-efuse.ko
[    1.526741] init: Loading module /lib/modules/nvmem_sprd_cache_efuse.ko with args ''
[    1.529409] calling  efuse_mem_ram_vmap+0x138/0x148 [nvmem_sprd_cache_efuse] @ 1
[    1.529856] probe of gpio-keys returned 0 after 81 usecs
[    1.529900] probe of 64570000.hsphy returned -517 after 1 usecs
[    1.530202] probe of 65014c00.efuse returned 1 after 590 usecs
[    1.530288] initcall efuse_mem_ram_vmap+0x138/0x148 [nvmem_sprd_cache_efuse] returned 0 after 851 usecs
[    1.530348] init: Loaded kernel module /lib/modules/nvmem_sprd_cache_efuse.ko
[    1.530442] init: Loading module /lib/modules/nvmem_sprd_efuse.ko with args ''
[    1.533158] calling  sprd_efuse_write+0x340/0x354 [nvmem_sprd_efuse] @ 1
[    1.533634] probe of gpio-keys returned 0 after 80 usecs
[    1.533679] probe of 64570000.hsphy returned -517 after 0 usecs
[    1.533698] probe of 643d0000.efuse returned 1 after 286 usecs
[    1.533935] initcall sprd_efuse_write+0x340/0x354 [nvmem_sprd_efuse] returned 0 after 750 usecs
[    1.533991] init: Loaded kernel module /lib/modules/nvmem_sprd_efuse.ko
[    1.534083] init: Loading module /lib/modules/i2c-sprd.ko with args ''
[    1.537075] calling  sprd_i2c_handle_msg+0x1b4/0x1e4 [i2c_sprd] @ 1
[    1.541614] probe of 200d0000.i2c returned 1 after 4481 usecs
[    1.544141] probe of 200e0000.i2c returned 1 after 2516 usecs
[    1.546325] probe of 200f0000.i2c returned 1 after 2173 usecs
[    1.546866] probe of 20100000.i2c returned 1 after 530 usecs
[    1.550292] probe of 20110000.i2c returned 1 after 3416 usecs
[    1.550613] probe of gpio-keys returned 0 after 104 usecs
[    1.550673] probe of 64570000.hsphy returned -517 after 0 usecs
[    1.552772] probe of 20210000.i2c returned 1 after 2467 usecs
[    1.553051] initcall sprd_i2c_handle_msg+0x1b4/0x1e4 [i2c_sprd] returned 0 after 15586 usecs
[    1.553144] init: Loaded kernel module /lib/modules/i2c-sprd.ko
[    1.553273] init: Loading module /lib/modules/i2c-sprd-hw-v2.ko with args ''
[    1.558729] probe of gpio-keys returned 0 after 108 usecs
[    1.558789] probe of 64570000.hsphy returned -517 after 1 usecs
[    1.559996] calling  sprd_i2c_hw_dump_reg+0x248/0x260 [i2c_sprd_hw_v2] @ 1
[    1.560264] (null): i2c7 can't get the clk_hw clock
[    1.560489] probe of gpio-keys returned 0 after 70 usecs
[    1.560538] probe of 64570000.hsphy returned -517 after 0 usecs
[    1.560560] probe of 641a0000.i2c returned 1 after 370 usecs
[    1.560743] initcall sprd_i2c_hw_dump_reg+0x248/0x260 [i2c_sprd_hw_v2] returned 0 after 719 usecs
[    1.560828] init: Loaded kernel module /lib/modules/i2c-sprd-hw-v2.ko
[    1.560945] init: Loading module /lib/modules/sprd-hwdvfs-ums9230-arch.ko with args ''
[    1.564673] calling  __typeid__ZTSFjjjjjE_global_addr+0x4/0x38 [sprd_hwdvfs_ums9230_arch] @ 1
[    1.565041] sprd,hwdvfs-drv 64018000.cpudvfs-dev: finish to parse the cpu hardware dvfs device
[    1.565286] sprd,hwdvfs-drv 64018000.cpudvfs-dev: the dcdc0 does not need an i2c channel
[    1.565294] sprd,hwdvfs-drv 64018000.cpudvfs-dev: the dcdc1 use the i2c channel alone
[    1.565314] sprd,hwdvfs-drv 64018000.cpudvfs-dev: finish to probe the cpu hardware dvfs device
[    1.565452] probe of gpio-keys returned 0 after 80 usecs
[    1.565507] probe of 64570000.hsphy returned -517 after 0 usecs
[    1.565534] probe of 64018000.cpudvfs-dev returned 1 after 641 usecs
[    1.565739] initcall __typeid__ZTSFjjjjjE_global_addr+0x4/0x38 [sprd_hwdvfs_ums9230_arch] returned 0 after 1028 usecs
[    1.565823] init: Loaded kernel module /lib/modules/sprd-hwdvfs-ums9230-arch.ko
[    1.565932] init: Loading module /lib/modules/sprd-hwdvfs-policy.ko with args ''
[    1.569445] calling  sprd_cpufreq_debugfs_remove+0x5c/0xb0 [sprd_hwdvfs_policy] @ 1
[    1.569856] sprd-hw-cpufreq soc:aon:hardware-dvfs-platform: the cpu version: T616
[    1.570419] sprd,hwdvfs-drv 64018000.cpudvfs-dev: update dvfs index map table for host cluster0 host-tbl-name: lit_core_cluster_tbl_T616_tt
[    1.571765] sprd-hw-cpufreq soc:aon:hardware-dvfs-platform: the cpu version: T616
[    1.572187] sprd,hwdvfs-drv 64018000.cpudvfs-dev: update dvfs index map table for host cluster1 host-tbl-name: big_core_cluster_tbl_T616_tt
[    1.572311] energy_model: pd6: hertz/watts ratio non-monotonically decreasing: em_cap_state 2 >= em_cap_state1
[    1.573105] sprd-hw-cpufreq soc:aon:hardware-dvfs-platform: Succeeded to register cpufreq driver
[    1.573231] probe of gpio-keys returned 0 after 74 usecs
[    1.573278] probe of 64570000.hsphy returned -517 after 0 usecs
[    1.573297] probe of soc:aon:hardware-dvfs-platform returned 1 after 3687 usecs
[    1.573450] initcall sprd_cpufreq_debugfs_remove+0x5c/0xb0 [sprd_hwdvfs_policy] returned 0 after 3899 usecs
[    1.573534] init: Loaded kernel module /lib/modules/sprd-hwdvfs-policy.ko
[    1.573627] init: Loading module /lib/modules/sprd-cpufreq-public.ko with args ''
[    1.596120] init: Loaded kernel module /lib/modules/sprd-cpufreq-public.ko
[    1.596219] init: Loading module /lib/modules/sprd_7sreset.ko with args ''
[    1.598210] calling  module_disable_store+0xb4/0xec [sprd_7sreset] @ 1
[    1.598737] probe of gpio-keys returned 0 after 83 usecs
[    1.598784] probe of 64570000.hsphy returned -517 after 0 usecs
[    1.598812] probe of 64200000.spi:pmic@0:hw-reset@1bc0 returned 1 after 245 usecs
[    1.598830] initcall module_disable_store+0xb4/0xec [sprd_7sreset] returned 0 after 598 usecs
[    1.598879] init: Loaded kernel module /lib/modules/sprd_7sreset.ko
[    1.598967] init: Loading module /lib/modules/sprd_manufacturer_model.ko with args ''
[    1.601171] calling  soc_model_show+0x38/0x48 [sprd_manufacturer_model] @ 1
[    1.601183] Init manufacturer_model mudule successfully
[    1.601187] initcall soc_model_show+0x38/0x48 [sprd_manufacturer_model] returned 0 after 10 usecs
[    1.601227] init: Loaded kernel module /lib/modules/sprd_manufacturer_model.ko
[    1.601290] init: Loading module /lib/modules/trusty.ko with args ''
[    1.603766] calling  __typeid__ZTSFvPvmmmmE_global_addr+0xc/0x30 [trusty] @ 1
[    1.604129] sprd-trusty-core trusty: trusty version: Unisoc TEE v2.1, qogirl6, Built: 02:24:18 Jun 14 2022, 0927fe01 (builder@ceshhud0035)
[    1.604136] sprd-trusty-core trusty: selected api version: 2 (requested 3)
[    1.604521] probe of gpio-keys returned 0 after 79 usecs
[    1.604553] probe of 64570000.hsphy returned -517 after 0 usecs
[    1.604567] probe of trusty returned 1 after 536 usecs
[    1.604628] initcall __typeid__ZTSFvPvmmmmE_global_addr+0xc/0x30 [trusty] returned 0 after 834 usecs
[    1.604679] init: Loaded kernel module /lib/modules/trusty.ko
[    1.604760] init: Loading module /lib/modules/trusty-pm.ko with args ''
[    1.606139] CPU7: update max cpu_capacity 1024
[    1.606576] calling  trusty_pm_resume+0x1c/0x30 [trusty_pm] @ 1
[    1.606592] initcall trusty_pm_resume+0x1c/0x30 [trusty_pm] returned 0 after 11 usecs
[    1.606629] init: Loaded kernel module /lib/modules/trusty-pm.ko
[    1.606688] init: Loading module /lib/modules/trusty-log.ko with args ''
[    1.608682] calling  trusty_dump_logs+0x1c0/0x1f0 [trusty_log] @ 1
[    1.609138] probe of gpio-keys returned 0 after 71 usecs
[    1.609184] probe of 64570000.hsphy returned -517 after 0 usecs
[    1.609210] probe of trusty:log returned 1 after 254 usecs
[    1.609229] initcall trusty_dump_logs+0x1c0/0x1f0 [trusty_log] returned 0 after 529 usecs
[    1.609273] init: Loaded kernel module /lib/modules/trusty-log.ko
[    1.609344] init: Loading module /lib/modules/trusty-irq.ko with args ''
[    1.611459] calling  trusty_irq_enable_irqset+0xf0/0x110 [trusty_irq] @ 1
[    1.613323] probe of gpio-keys returned 0 after 71 usecs
[    1.613369] probe of 64570000.hsphy returned -517 after 0 usecs
[    1.613392] probe of trusty:irq returned 1 after 1691 usecs
[    1.613414] initcall trusty_irq_enable_irqset+0xf0/0x110 [trusty_irq] returned 0 after 1902 usecs
[    1.613472] init: Loaded kernel module /lib/modules/trusty-irq.ko
[    1.613554] init: Loading module /lib/modules/trusty-ipc.ko with args ''
[    1.616316] calling  __typeid__ZTSFvP4krefE_global_addr+0xc/0x14 [trusty_ipc] @ 1
[    1.616351] initcall __typeid__ZTSFvP4krefE_global_addr+0xc/0x14 [trusty_ipc] returned 0 after 27 usecs
[    1.616400] init: Loaded kernel module /lib/modules/trusty-ipc.ko
[    1.616473] init: Loading module /lib/modules/trusty-virtio.ko with args ''
[    1.618535] calling  trusty_virtio_notify+0x70/0xb8 [trusty_virtio] @ 1
[    1.618825] sprd-trusty-virtio trusty:virtio: initializing
[    1.618877] sprd-trusty-log: trusty: [    1.618851] c6 sm_decode_ns_memory_attr:89: raw=0xff0001ec503713: pa=0x1ec503000: mair=0xff, sharable=0x3
[    1.618936] sprd-trusty-ipc virtio0: vring0: va(pa)  (____ptrval____)(0) qsz 32 notifyid 1
[    1.618940] sprd-trusty-ipc virtio0: vring1: va(pa)  (____ptrval____)(0) qsz 32 notifyid 2
[    1.619086] probe of gpio-keys returned 0 after 71 usecs
[    1.619136] probe of 64570000.hsphy returned -517 after 0 usecs
[    1.619147] probe of virtio0 returned 1 after 226 usecs
[    1.619224] sprd-trusty-log: trusty: [    1.619157] c6 sm_decode_ns_memory_attr:89: raw=0xff0001ec503713: pa=0x1ec503000: mair=0xff, sharable=0x3
[    1.619235] sprd-trusty-virtio trusty:virtio: initializing done
[    1.619293] probe of gpio-keys returned 0 after 33 usecs
[    1.619321] probe of 64570000.hsphy returned -517 after 0 usecs
[    1.619337] probe of trusty:virtio returned 1 after 530 usecs
[    1.619358] initcall trusty_virtio_notify+0x70/0xb8 [trusty_virtio] returned 0 after 796 usecs
[    1.619413] init: Loaded kernel module /lib/modules/trusty-virtio.ko
[    1.619498] init: Loading module /lib/modules/sprd_shm.ko with args ''
[    1.619544] sprd-trusty-ipc virtio0: is online
[    1.621567] calling  tshm_device_remove+0x80/0x90 [sprd_shm] @ 1
[    1.621914] tshm: user pool created: phys_addr 0xb6000000, size 0x100000
[    1.622015] probe of gpio-keys returned 0 after 59 usecs
[    1.622058] probe of 64570000.hsphy returned -517 after 1 usecs
[    1.622076] probe of trusty:sprd-tshm returned 1 after 247 usecs
[    1.622093] initcall tshm_device_remove+0x80/0x90 [sprd_shm] returned 0 after 508 usecs
[    1.622139] init: Loaded kernel module /lib/modules/sprd_shm.ko
[    1.622219] init: Loading module /lib/modules/gpio-eic-sprd.ko with args ''
[    1.624357] calling  sprd_eic_match_chip_by_type+0x48/0x68 [gpio_eic_sprd] @ 1
[    1.624704] probe of gpio-keys returned 0 after 55 usecs
[    1.624746] probe of 64570000.hsphy returned -517 after 0 usecs
[    1.624760] probe of 64100000.gpio returned 1 after 250 usecs
[    1.624881] probe of gpio-keys returned 0 after 36 usecs
[    1.624911] probe of 64570000.hsphy returned -517 after 0 usecs
[    1.624923] probe of 64100080.gpio returned 1 after 158 usecs
[    1.625036] probe of gpio-keys returned 0 after 29 usecs
[    1.625065] probe of 64570000.hsphy returned -517 after 0 usecs
[    1.625076] probe of 641000a0.gpio returned 1 after 148 usecs
[    1.625186] probe of gpio-keys returned 0 after 29 usecs
[    1.625214] probe of 64570000.hsphy returned -517 after 0 usecs
[    1.625245] probe of 641000c0.gpio returned 1 after 163 usecs
[    1.625429] initcall sprd_eic_match_chip_by_type+0x48/0x68 [gpio_eic_sprd] returned 0 after 1040 usecs
[    1.625477] init: Loaded kernel module /lib/modules/gpio-eic-sprd.ko
[    1.625558] init: Loading module /lib/modules/gpio-sprd.ko with args ''
[    1.627269] calling  sprd_gpio_irq_set_type+0x49c/0x4bc [gpio_sprd] @ 1
[    1.627555] probe of gpio-keys returned 0 after 49 usecs
[    1.627594] probe of 64570000.hsphy returned -517 after 0 usecs
[    1.627835] probe of 641b0000.gpio returned 1 after 445 usecs
[    1.627969] initcall sprd_gpio_irq_set_type+0x49c/0x4bc [gpio_sprd] returned 0 after 677 usecs
[    1.628026] init: Loaded kernel module /lib/modules/gpio-sprd.ko
[    1.628107] init: Loading module /lib/modules/gpio-pmic-eic-sprd.ko with args ''
[    1.630024] calling  sprd_pmic_eic_bus_sync_unlock+0x1dc/0x218 [gpio_pmic_eic_sprd] @ 1
[    1.630845] input: gpio-keys as /devices/platform/gpio-keys/input/input30
[    1.630949] probe of gpio-keys returned 1 after 547 usecs
[    1.630979] probe of 64570000.hsphy returned -517 after 0 usecs
[    1.631055] probe of 64200000.spi:pmic@0:gpio@280 returned 1 after 836 usecs
[    1.631096] initcall sprd_pmic_eic_bus_sync_unlock+0x1dc/0x218 [gpio_pmic_eic_sprd] returned 0 after 1041 usecs
[    1.631144] init: Loaded kernel module /lib/modules/gpio-pmic-eic-sprd.ko
[    1.631247] init: Loading module /lib/modules/mmc_swcq.ko with args ''
[    1.633932] init: Loaded kernel module /lib/modules/mmc_swcq.ko
[    1.634003] init: Loading module /lib/modules/mmc_hsq.ko with args ''
[    1.635864] init: Loaded kernel module /lib/modules/mmc_hsq.ko
[    1.635886] init: Loading module /lib/modules/sdhci-sprd.ko with args ''
[    1.639040] calling  _sdhci_sprd_set_clock+0x1c0/0x1e4 [sdhci_sprd] @ 1
[    1.639656] [notice] swcq init finish.
[    1.666386] mmc0: SDHCI controller on 201d0000.sdio [201d0000.sdio] using ADMA 64-bit
[    1.667052] probe of 64570000.hsphy returned -517 after 1 usecs
[    1.667076] probe of 201d0000.sdio returned 1 after 27959 usecs
[    1.667177] sdhci_sprd_r11 201a0000.sdio: Got CD GPIO
[    1.667211] read sdio fast hotplug sd-hotplug-rmldo-en-syscon regmap fail
[    1.672255] mmc0: sprd-sdhci: CMD1 Error 0x00018001 0x0800f407 0x10000000 0x00000000
[    1.693396] mmc1: SDHCI controller on 201a0000.sdio [201a0000.sdio] using ADMA 64-bit
[    1.693464] probe of 64570000.hsphy returned -517 after 1 usecs
[    1.693483] probe of 201a0000.sdio returned 1 after 26400 usecs
[    1.693777] initcall _sdhci_sprd_set_clock+0x1c0/0x1e4 [sdhci_sprd] returned 0 after 53435 usecs
[    1.693867] init: Loaded kernel module /lib/modules/sdhci-sprd.ko
[    1.693961] init: Loading module /lib/modules/sec_nfc.ko with args ''
[    1.695364] sec_nfc: loading out-of-tree module taints kernel.
[    1.696336] calling  _copy_to_user+0x12c/0x164 [sec_nfc] @ 1
[    1.696383] __sec_nfc_probe : start
[    1.696401] sec_nfc_parse_dt: irq : 126, ven : 127, firm : 125
[    1.696518] sec-nfc 2-0027: __sec_nfc_probe: success info: (____ptrval____), pdata (____ptrval____)
[    1.696520] sec_nfc_i2c_probe: start: (____ptrval____)
[    1.696551] sec_nfc_i2c_probe: push interrupt no == 89
[    1.696953] sec_nfc_i2c_probe success read_irq 0
[    1.697024] probe of 64570000.hsphy returned -517 after 0 usecs
[    1.697043] probe of 2-0027 returned 1 after 680 usecs
[    1.697076] initcall _copy_to_user+0x12c/0x164 [sec_nfc] returned 0 after 715 usecs
[    1.697137] init: Loaded kernel module /lib/modules/sec_nfc.ko
[    1.697224] init: Loading module /lib/modules/sprd_pmic_syscon.ko with args ''
[    1.699131] calling  pmic_reg_store+0x68/0x88 [sprd_pmic_syscon] @ 1
[    1.699513] probe of 64570000.hsphy returned -517 after 0 usecs
[    1.699533] probe of 64200000.spi:pmic@0:syscon@1800 returned 1 after 100 usecs
[    1.699560] initcall pmic_reg_store+0x68/0x88 [sprd_pmic_syscon] returned 0 after 414 usecs
[    1.699608] init: Loaded kernel module /lib/modules/sprd_pmic_syscon.ko
[    1.699683] init: Loading module /lib/modules/sprd_power_manager.ko with args ''
[    1.701769] calling  __typeid__ZTSFijE_global_addr+0x18/0x38 [sprd_power_manager] @ 1
[    1.701796] initcall __typeid__ZTSFijE_global_addr+0x18/0x38 [sprd_power_manager] returned 0 after 20 usecs
[    1.701845] init: Loaded kernel module /lib/modules/sprd_power_manager.ko
[    1.701911] init: Loading module /lib/modules/sprd-debugstat-core.ko with args ''
[    1.702487] mmc0: sprd-sdhci: CMD1 Error 0x00018001 0x08004547 0x10000000 0x00000000
[    1.703616] calling  stat_print_irq_to_ap+0x110/0x128 [sprd_debugstat_core] @ 1
[    1.703628] initcall stat_print_irq_to_ap+0x110/0x128 [sprd_debugstat_core] returned 0 after 7 usecs
[    1.703659] init: Loaded kernel module /lib/modules/sprd-debugstat-core.ko
[    1.703716] init: Loading module /lib/modules/sprd-debugstat-sharkl6.ko with args ''
[    1.705504] calling  ap_sleep_info_get+0xd4/0xf0 [sprd_debugstat_sharkl6] @ 1
[    1.705748] sprd_debugstat_driver_probe: Init debug stat driver
[    1.705821] probe of 64570000.hsphy returned -517 after 0 usecs
[    1.705849] probe of debugstat returned 1 after 119 usecs
[    1.705936] initcall ap_sleep_info_get+0xd4/0xf0 [sprd_debugstat_sharkl6] returned 0 after 418 usecs
[    1.705977] init: Loaded kernel module /lib/modules/sprd-debugstat-sharkl6.ko
[    1.706048] init: Loading module /lib/modules/unisoc-mailbox.ko with args ''
[    1.708038] calling  sprd_mbox_process_rx_fifo+0x104/0x110 [unisoc_mailbox] @ 1
[    1.708885] unisoc-mailbox 641c0000.mailbox: probe done, version=0x200
[    1.708956] probe of 64570000.hsphy returned -517 after 0 usecs
[    1.709017] probe of 641c0000.mailbox returned 1 after 856 usecs
[    1.709169] initcall sprd_mbox_process_rx_fifo+0x104/0x110 [unisoc_mailbox] returned 0 after 1097 usecs
[    1.709219] init: Loaded kernel module /lib/modules/unisoc-mailbox.ko
[    1.709289] init: Loading module /lib/modules/sprd-sipc-virt-bus.ko with args ''
[    1.711058] calling  sprd_sipc_virt_bus_probe+0x5c/0x68 [sprd_sipc_virt_bus] @ 1
[    1.711907] sprd_time_sync sipc-virt:time_sync: start parse sprd_time_sync
[    1.711946] sprd_time_sync sipc-virt:time_sync: success parse sprd_time_sync
[    1.711987] probe of 64570000.hsphy returned -517 after 0 usecs
[    1.712000] probe of sipc-virt:time_sync returned 1 after 109 usecs
[    1.712017] unisoc-sipc-virt-bus sipc-virt: Populate sub sipc-virt-bus success
[    1.712094] probe of 64570000.hsphy returned -517 after 0 usecs
[    1.712103] probe of sipc-virt returned 1 after 893 usecs
[    1.712202] initcall sprd_sipc_virt_bus_probe+0x5c/0x68 [sprd_sipc_virt_bus] returned 0 after 1112 usecs
[    1.712252] init: Loaded kernel module /lib/modules/sprd-sipc-virt-bus.ko
[    1.712330] init: Loading module /lib/modules/sipc-core.ko with args ''
[    1.716769] calling  sprd_add_action_ex+0x108/0x214 [sipc_core] @ 1
[    1.717092] sprd-sipc sipc-virt:core@4: label  =sipc-gnss
[    1.717094] sprd-sipc sipc-virt:core@4: dst    =4
[    1.717098] sprd-sipc sipc-virt:core@4: smem count=0, base=0x8749b000, dstbase=0x11b000, size=0x32000
[    1.717100] sprd-smsg: sipc-gnss
[    1.717117] sprd-smem: pool addr = 0x8749b000, size = 0x32000 added.
[    1.717126] unisoc-mailbox 641c0000.mailbox: startup chan-9
[    1.717134] sprd-sipc sipc-virt:core@4: sprd ipc probe success
[    1.717365] probe of 64570000.hsphy returned -517 after 0 usecs
[    1.717379] probe of sipc-virt:core@4 returned 1 after 311 usecs
[    1.717395] sprd-sipc sipc-virt:core@3: label  =sipc-wcn
[    1.717398] sprd-sipc sipc-virt:core@3: dst    =3
[    1.717400] sprd-sipc sipc-virt:core@3: smem count=0, base=0x87240000, dstbase=0x240000, size=0x140000
[    1.717402] sprd-smsg: sipc-wcn
[    1.717416] sprd-smem: pool addr = 0x87240000, size = 0x140000 added.
[    1.717418] sprd-sipc sipc-virt:core@3: register wcn mbox rx callback
[    1.717422] unisoc-mailbox 641c0000.mailbox: startup chan-8
[    1.717424] sprd-sipc sipc-virt:core@3: sprd ipc probe success
[    1.717548] debugfs: Directory 'sipc' with parent '/' already present!
[    1.717580] probe of 64570000.hsphy returned -517 after 0 usecs
[    1.717590] probe of sipc-virt:core@3 returned 1 after 205 usecs
[    1.717612] sprd-sipc sipc-virt:core@5: label  =sipc-lte
[    1.717614] sprd-sipc sipc-virt:core@5: dst    =5
[    1.717617] sprd-sipc sipc-virt:core@5: smem count=0, base=0x8e000000, dstbase=0x8e000000, size=0x900000
[    1.717618] sprd-smsg: sipc-lte
[    1.717624] sprd-smem: pool addr = 0x8e000000, size = 0x900000 added.
[    1.717628] unisoc-mailbox 641c0000.mailbox: startup chan-2
[    1.717630] sprd-sipc sipc-virt:core@5: sprd ipc probe success
[    1.718686] debugfs: Directory 'sipc' with parent '/' already present!
[    1.718716] probe of 64570000.hsphy returned -517 after 0 usecs
[    1.718726] probe of sipc-virt:core@5 returned 1 after 1131 usecs
[    1.718741] sprd-sipc sipc-virt:core@6: label  =sipc-pmsys
[    1.718743] sprd-sipc sipc-virt:core@6: dst    =6
[    1.718746] sprd-sipc sipc-virt:core@6: smem count=0, base=0x6500a400, dstbase=0x2000a400, size=0x2000
[    1.718749] sprd-sipc sipc-virt:core@6: smem count=1, base=0x88000000, dstbase=0x18000000, size=0x40000
[    1.718750] sprd-smsg: sipc-pmsys
[    1.718756] sprd-smem: pool addr = 0x6500a400, size = 0x2000 added.
[    1.718759] sprd-smem: pool addr = 0x88000000, size = 0x40000 added.
[    1.718762] unisoc-mailbox 641c0000.mailbox: startup chan-1
[    1.718765] unisoc-mailbox 641c0000.mailbox: startup chan-6
[    1.718771] sprd-sipc sipc-virt:core@6: sprd ipc probe success
[    1.719024] debugfs: Directory 'sipc' with parent '/' already present!
[    1.719051] probe of 64570000.hsphy returned -517 after 0 usecs
[    1.719060] probe of sipc-virt:core@6 returned 1 after 329 usecs
[    1.719103] initcall sprd_add_action_ex+0x108/0x214 [sipc_core] returned 0 after 2262 usecs
[    1.719195] init: Loaded kernel module /lib/modules/sipc-core.ko
[    1.719290] init: Loading module /lib/modules/spipe.ko with args ''
[    1.721361] calling  spipe_release+0x24/0x50 [spipe] @ 1
[    1.721690] sprd-spipe sipc-virt:core@4:channel@4: After parse device tree, name=sttygnss0, dst=4, channel=4, ringnr=1,  rxbuf_size=0x19000, txbuf_size=0xc800
[    1.721700] sprd-sbuf: channel 4-4, offset = 0x0!
[    1.722107] sprd-smsg: channel 4-4 send open msg!
[    1.722195] probe of 64570000.hsphy returned -517 after 0 usecs
[    1.722212] probe of sipc-virt:core@4:channel@4 returned 1 after 552 usecs
[    1.722234] sprd-spipe sipc-virt:core@5:channel@4: After parse device tree, name=spipe_lte, dst=5, channel=4, ringnr=20,  rxbuf_size=0x1000, txbuf_size=0x1000
[    1.722238] sprd-sbuf: channel 5-4, offset = 0x0!
[    1.722646] sprd-smsg: channel 5-4 send open msg!
[    1.722961] probe of 64570000.hsphy returned -517 after 0 usecs
[    1.722974] probe of sipc-virt:core@5:channel@4 returned 1 after 752 usecs
[    1.722991] sprd-spipe sipc-virt:core@5:channel@6: After parse device tree, name=stty_lte, dst=5, channel=6, ringnr=32,  rxbuf_size=0x800, txbuf_size=0x800
[    1.722994] sprd-sbuf: channel 5-6, offset = 0x0!
[    1.723147] sprd-smsg: channel 5-6 send open msg!
[    1.723619] probe of 64570000.hsphy returned -517 after 0 usecs
[    1.723631] probe of sipc-virt:core@5:channel@6 returned 1 after 653 usecs
[    1.723649] sprd-spipe sipc-virt:core@5:channel@21: After parse device tree, name=sdiag_lte, dst=5, channel=21, ringnr=1,  rxbuf_size=0x20000, txbuf_size=0x8000
[    1.723651] sprd-sbuf: channel 5-21, offset = 0x0!
[    1.723743] sprd-smsg: channel 5-21 send open msg!
[    1.723787] probe of 64570000.hsphy returned -517 after 0 usecs
[    1.723797] probe of sipc-virt:core@5:channel@21 returned 1 after 161 usecs
[    1.723834] sprd-spipe sipc-virt:core@6:channel@4: After parse device tree, name=spipe_pm, dst=6, channel=4, ringnr=2,  rxbuf_size=0xb00, txbuf_size=0x180
[    1.723837] sprd-sbuf: channel 6-4, offset = 0x0!
[    1.723935] sprd-smsg: channel 6-4 send open msg!
[    1.723989] probe of 64570000.hsphy returned -517 after 0 usecs
[    1.724000] probe of sipc-virt:core@6:channel@4 returned 1 after 179 usecs
[    1.724029] sprd-spipe sipc-virt:core@6:channel@5: After parse device tree, name=slog_pm, dst=6, channel=5, ringnr=1,  rxbuf_size=0x500, txbuf_size=0x0
[    1.724032] sprd-sbuf: channel 6-5, offset = 0x0!
[    1.724391] sprd-smsg: channel 6-5 send open msg!
[    1.724426] probe of 64570000.hsphy returned -517 after 0 usecs
[    1.724436] probe of sipc-virt:core@6:channel@5 returned 1 after 417 usecs
[    1.724461] sprd-spipe sipc-virt:core@6:channel@6: After parse device tree, name=sctl_pm, dst=6, channel=6, ringnr=1,  rxbuf_size=0x40, txbuf_size=0x20
[    1.724463] sprd-sbuf: channel 6-6, offset = 0x0!
[    1.724766] sprd-smsg: channel 6-6 send open msg!
[    1.724809] probe of 64570000.hsphy returned -517 after 0 usecs
[    1.724818] probe of sipc-virt:core@6:channel@6 returned 1 after 377 usecs
[    1.724834] sprd-spipe sipc-virt:core@6:channel@7: After parse device tree, name=data0_gnss, dst=6, channel=7, ringnr=1,  rxbuf_size=0x20000, txbuf_size=0x18000
[    1.724837] sprd-sbuf: channel 6-7, offset = 0x0!
[    1.725122] sprd-smsg: channel 6-7 send open msg!
[    1.725158] probe of 64570000.hsphy returned -517 after 0 usecs
[    1.725168] probe of sipc-virt:core@6:channel@7 returned 1 after 345 usecs
[    1.725183] sprd-spipe sipc-virt:core@6:channel@41: After parse device tree, name=stime_pm, dst=6, channel=41, ringnr=1,  rxbuf_size=0x40, txbuf_size=0x80
[    1.725185] sprd-sbuf: channel 6-41, offset = 0x0!
[    1.725468] sprd-smsg: channel 6-41 send open msg!
[    1.725513] probe of 64570000.hsphy returned -517 after 0 usecs
[    1.725523] probe of sipc-virt:core@6:channel@41 returned 1 after 350 usecs
[    1.725543] initcall spipe_release+0x24/0x50 [spipe] returned 0 after 4076 usecs
[    1.725614] init: Loaded kernel module /lib/modules/spipe.ko
[    1.725713] init: Loading module /lib/modules/spool.ko with args ''
[    1.727841] calling  _copy_to_user+0x124/0x154 [spool] @ 1
[    1.728197] sprd-spool sipc-virt:core@5:channel@2: name=imsbr_data, dst=5, channel=2, pre_cfg=0
[    1.728199] sprd-spool sipc-virt:core@5:channel@2: tx_num=64, tx_size=1524, rx_num=64, rx_size=1524
[    1.728697] sprd-smsg: channel 5-2 send open msg!
[    1.728783] probe of 64570000.hsphy returned -517 after 0 usecs
[    1.728801] probe of sipc-virt:core@5:channel@2 returned 1 after 626 usecs
[    1.728819] sprd-spool sipc-virt:core@5:channel@3: name=imsbr_ctrl, dst=5, channel=3, pre_cfg=0
[    1.728822] sprd-spool sipc-virt:core@5:channel@3: tx_num=64, tx_size=128, rx_num=64, rx_size=128
[    1.729194] sprd-smsg: channel 5-3 send open msg!
[    1.729235] probe of 64570000.hsphy returned -517 after 0 usecs
[    1.729245] probe of sipc-virt:core@5:channel@3 returned 1 after 439 usecs
[    1.729267] sprd-spool sipc-virt:core@5:channel@5: name=slog_lte, dst=5, channel=5, pre_cfg=0
[    1.729270] sprd-spool sipc-virt:core@5:channel@5: tx_num=0, tx_size=0, rx_num=256, rx_size=4096
[    1.729707] sprd-smsg: channel 5-5 send open msg!
[    1.729766] probe of 64570000.hsphy returned -517 after 0 usecs
[    1.729777] probe of sipc-virt:core@5:channel@5 returned 1 after 522 usecs
[    1.729822] initcall _copy_to_user+0x124/0x154 [spool] returned 0 after 1926 usecs
[    1.729884] init: Loaded kernel module /lib/modules/spool.ko
[    1.729976] init: Loading module /lib/modules/sipx.ko with args ''
[    1.732476] calling  sipx_debug_show+0x460/0x484 [sipx] @ 1
[    1.732814] sprd-sipx sipc-virt:core@5:route@0: label  =sipx_lte
[    1.732816] sprd-sipx sipc-virt:core@5:route@0: dst    =5
[    1.732820] sprd-sipx sipc-virt:core@5:route@0: sprd,dl-pool =2048
[    1.732824] sprd-sipx sipc-virt:core@5:route@0: parse dt, name=sipx_lte, dst=5, pool size=2048, 64, 2048, 1024
[    1.732829] sprd-sipx: offset = 0x0!
[    1.735389] mmc0: sprd-sdhci: CMD1 Error 0x00018000 0x0800e847 0x10000000 0x00000000
[    1.749204] probe of 64570000.hsphy returned -517 after 0 usecs
[    1.749226] probe of sipc-virt:core@5:route@0 returned 1 after 16455 usecs
[    1.749271] initcall sipx_debug_show+0x460/0x484 [sipx] returned 0 after 16392 usecs
[    1.749334] init: Loaded kernel module /lib/modules/sipx.ko
[    1.749422] init: Loading module /lib/modules/seth.ko with args ''
[    1.751743] calling  seth_tx_pkt+0x2bc/0x328 [seth] @ 1
[    1.752056] sprd-seth sipc-virt:core@5:channel@7: channel =7
[    1.752058] sprd-seth sipc-virt:core@5:channel@7: dst    =5
[    1.752060] sprd-seth sipc-virt:core@5:channel@7: sprd,blknum =256
[    1.752063] sprd-seth sipc-virt:core@5:channel@7: after parse dt, name=seth_lte0, dst=5, channel=7, blocknum=256
[    1.752082] sprd-sipx: sipx_chan_create
[    1.752086] sprd-sipx: offset = 0x0!
[    1.752682] sprd-smsg: channel 5-7 send open msg!
[    1.753033] probe of 64570000.hsphy returned -517 after 0 usecs
[    1.753055] probe of sipc-virt:core@5:channel@7 returned 1 after 1020 usecs
[    1.753075] sprd-seth sipc-virt:core@5:channel@8: channel =8
[    1.753077] sprd-seth sipc-virt:core@5:channel@8: dst    =5
[    1.753079] sprd-seth sipc-virt:core@5:channel@8: sprd,blknum =256
[    1.753081] sprd-seth sipc-virt:core@5:channel@8: after parse dt, name=seth_lte1, dst=5, channel=8, blocknum=256
[    1.753095] sprd-sipx: sipx_chan_create
[    1.753097] sprd-sipx: offset = 0x0!
[    1.753656] sprd-smsg: channel 5-8 send open msg!
[    1.753822] debugfs: File 'gro_enable' in directory 'seth' already present!
[    1.753864] probe of 64570000.hsphy returned -517 after 0 usecs
[    1.753876] probe of sipc-virt:core@5:channel@8 returned 1 after 816 usecs
[    1.753891] sprd-seth sipc-virt:core@5:channel@9: channel =9
[    1.753893] sprd-seth sipc-virt:core@5:channel@9: dst    =5
[    1.753896] sprd-seth sipc-virt:core@5:channel@9: sprd,blknum =256
[    1.753898] sprd-seth sipc-virt:core@5:channel@9: after parse dt, name=seth_lte2, dst=5, channel=9, blocknum=256
[    1.753904] sprd-sipx: sipx_chan_create
[    1.753906] sprd-sipx: offset = 0x0!
[    1.754444] sprd-smsg: channel 5-9 send open msg!
[    1.754596] debugfs: File 'gro_enable' in directory 'seth' already present!
[    1.754632] probe of 64570000.hsphy returned -517 after 0 usecs
[    1.754649] probe of sipc-virt:core@5:channel@9 returned 1 after 769 usecs
[    1.754669] sprd-seth sipc-virt:core@5:channel@18: channel =18
[    1.754671] sprd-seth sipc-virt:core@5:channel@18: dst    =5
[    1.754674] sprd-seth sipc-virt:core@5:channel@18: sprd,blknum =256
[    1.754676] sprd-seth sipc-virt:core@5:channel@18: after parse dt, name=seth_lte3, dst=5, channel=18, blocknum=256
[    1.754682] sprd-sipx: sipx_chan_create
[    1.754684] sprd-sipx: offset = 0x0!
[    1.754992] sprd-smsg: channel 5-18 send open msg!
[    1.755170] debugfs: File 'gro_enable' in directory 'seth' already present!
[    1.755205] probe of 64570000.hsphy returned -517 after 0 usecs
[    1.755219] probe of sipc-virt:core@5:channel@18 returned 1 after 565 usecs
[    1.755236] sprd-seth sipc-virt:core@5:channel@19: channel =19
[    1.755238] sprd-seth sipc-virt:core@5:channel@19: dst    =5
[    1.755240] sprd-seth sipc-virt:core@5:channel@19: sprd,blknum =256
[    1.755243] sprd-seth sipc-virt:core@5:channel@19: after parse dt, name=seth_lte4, dst=5, channel=19, blocknum=256
[    1.755249] sprd-sipx: sipx_chan_create
[    1.755251] sprd-sipx: offset = 0x0!
[    1.755354] sprd-smsg: channel 5-19 send open msg!
[    1.755501] debugfs: File 'gro_enable' in directory 'seth' already present!
[    1.755536] probe of 64570000.hsphy returned -517 after 0 usecs
[    1.755551] probe of sipc-virt:core@5:channel@19 returned 1 after 327 usecs
[    1.755567] sprd-seth sipc-virt:core@5:channel@20: channel =20
[    1.755569] sprd-seth sipc-virt:core@5:channel@20: dst    =5
[    1.755572] sprd-seth sipc-virt:core@5:channel@20: sprd,blknum =256
[    1.755574] sprd-seth sipc-virt:core@5:channel@20: after parse dt, name=seth_lte5, dst=5, channel=20, blocknum=256
[    1.755580] sprd-sipx: sipx_chan_create
[    1.755582] sprd-sipx: offset = 0x0!
[    1.755909] sprd-smsg: channel 5-20 send open msg!
[    1.756099] debugfs: File 'gro_enable' in directory 'seth' already present!
[    1.756135] probe of 64570000.hsphy returned -517 after 0 usecs
[    1.756147] probe of sipc-virt:core@5:channel@20 returned 1 after 591 usecs
[    1.756164] sprd-seth sipc-virt:core@5:channel@24: channel =24
[    1.756166] sprd-seth sipc-virt:core@5:channel@24: dst    =5
[    1.756168] sprd-seth sipc-virt:core@5:channel@24: sprd,blknum =256
[    1.756170] sprd-seth sipc-virt:core@5:channel@24: after parse dt, name=seth_lte6, dst=5, channel=24, blocknum=256
[    1.756176] sprd-sipx: sipx_chan_create
[    1.756178] sprd-sipx: offset = 0x0!
[    1.756478] sprd-smsg: channel 5-24 send open msg!
[    1.756623] debugfs: File 'gro_enable' in directory 'seth' already present!
[    1.756659] probe of 64570000.hsphy returned -517 after 0 usecs
[    1.756675] probe of sipc-virt:core@5:channel@24 returned 1 after 522 usecs
[    1.756689] sprd-seth sipc-virt:core@5:channel@25: channel =25
[    1.756691] sprd-seth sipc-virt:core@5:channel@25: dst    =5
[    1.756693] sprd-seth sipc-virt:core@5:channel@25: sprd,blknum =256
[    1.756695] sprd-seth sipc-virt:core@5:channel@25: after parse dt, name=seth_lte7, dst=5, channel=25, blocknum=256
[    1.756701] sprd-sipx: sipx_chan_create
[    1.756703] sprd-sipx: offset = 0x0!
[    1.757002] sprd-smsg: channel 5-25 send open msg!
[    1.757146] debugfs: File 'gro_enable' in directory 'seth' already present!
[    1.757182] probe of 64570000.hsphy returned -517 after 0 usecs
[    1.757193] probe of sipc-virt:core@5:channel@25 returned 1 after 514 usecs
[    1.757208] sprd-seth sipc-virt:core@5:channel@26: channel =26
[    1.757211] sprd-seth sipc-virt:core@5:channel@26: dst    =5
[    1.757213] sprd-seth sipc-virt:core@5:channel@26: sprd,blknum =256
[    1.757215] sprd-seth sipc-virt:core@5:channel@26: after parse dt, name=seth_lte8, dst=5, channel=26, blocknum=256
[    1.757221] sprd-sipx: sipx_chan_create
[    1.757223] sprd-sipx: offset = 0x0!
[    1.757508] sprd-smsg: channel 5-26 send open msg!
[    1.757647] debugfs: File 'gro_enable' in directory 'seth' already present!
[    1.757682] probe of 64570000.hsphy returned -517 after 0 usecs
[    1.757697] probe of sipc-virt:core@5:channel@26 returned 1 after 499 usecs
[    1.757713] sprd-seth sipc-virt:core@5:channel@27: channel =27
[    1.757715] sprd-seth sipc-virt:core@5:channel@27: dst    =5
[    1.757718] sprd-seth sipc-virt:core@5:channel@27: sprd,blknum =256
[    1.757721] sprd-seth sipc-virt:core@5:channel@27: after parse dt, name=seth_lte9, dst=5, channel=27, blocknum=256
[    1.757727] sprd-sipx: sipx_chan_create
[    1.757729] sprd-sipx: offset = 0x0!
[    1.758047] sprd-smsg: channel 5-27 send open msg!
[    1.758186] debugfs: File 'gro_enable' in directory 'seth' already present!
[    1.758226] probe of 64570000.hsphy returned -517 after 0 usecs
[    1.758237] probe of sipc-virt:core@5:channel@27 returned 1 after 535 usecs
[    1.758253] sprd-seth sipc-virt:core@5:channel@28: channel =28
[    1.758255] sprd-seth sipc-virt:core@5:channel@28: dst    =5
[    1.758257] sprd-seth sipc-virt:core@5:channel@28: sprd,blknum =256
[    1.758260] sprd-seth sipc-virt:core@5:channel@28: after parse dt, name=seth_lte10, dst=5, channel=28, blocknum=256
[    1.758266] sprd-sipx: sipx_chan_create
[    1.758268] sprd-sipx: offset = 0x0!
[    1.758589] sprd-smsg: channel 5-28 send open msg!
[    1.758744] debugfs: File 'gro_enable' in directory 'seth' already present!
[    1.758788] probe of 64570000.hsphy returned -517 after 0 usecs
[    1.758803] probe of sipc-virt:core@5:channel@28 returned 1 after 561 usecs
[    1.758819] sprd-seth sipc-virt:core@5:channel@29: channel =29
[    1.758821] sprd-seth sipc-virt:core@5:channel@29: dst    =5
[    1.758824] sprd-seth sipc-virt:core@5:channel@29: sprd,blknum =256
[    1.758826] sprd-seth sipc-virt:core@5:channel@29: after parse dt, name=seth_lte11, dst=5, channel=29, blocknum=256
[    1.758832] sprd-sipx: sipx_chan_create
[    1.758834] sprd-sipx: offset = 0x0!
[    1.759120] sprd-smsg: channel 5-29 send open msg!
[    1.759269] debugfs: File 'gro_enable' in directory 'seth' already present!
[    1.759306] probe of 64570000.hsphy returned -517 after 0 usecs
[    1.759318] probe of sipc-virt:core@5:channel@29 returned 1 after 510 usecs
[    1.759335] sprd-seth sipc-virt:core@5:channel@30: channel =30
[    1.759337] sprd-seth sipc-virt:core@5:channel@30: dst    =5
[    1.759339] sprd-seth sipc-virt:core@5:channel@30: sprd,blknum =256
[    1.759342] sprd-seth sipc-virt:core@5:channel@30: after parse dt, name=seth_lte12, dst=5, channel=30, blocknum=256
[    1.759348] sprd-sipx: sipx_chan_create
[    1.759350] sprd-sipx: offset = 0x0!
[    1.759421] sprd-smsg: channel 5-30 send open msg!
[    1.759571] debugfs: File 'gro_enable' in directory 'seth' already present!
[    1.759607] probe of 64570000.hsphy returned -517 after 0 usecs
[    1.759626] probe of sipc-virt:core@5:channel@30 returned 1 after 302 usecs
[    1.759642] sprd-seth sipc-virt:core@5:channel@31: channel =31
[    1.759644] sprd-seth sipc-virt:core@5:channel@31: dst    =5
[    1.759646] sprd-seth sipc-virt:core@5:channel@31: sprd,blknum =256
[    1.759649] sprd-seth sipc-virt:core@5:channel@31: after parse dt, name=seth_lte13, dst=5, channel=31, blocknum=256
[    1.759655] sprd-sipx: sipx_chan_create
[    1.759657] sprd-sipx: offset = 0x0!
[    1.759745] sprd-smsg: channel 5-31 send open msg!
[    1.759885] debugfs: File 'gro_enable' in directory 'seth' already present!
[    1.759920] probe of 64570000.hsphy returned -517 after 0 usecs
[    1.759931] probe of sipc-virt:core@5:channel@31 returned 1 after 300 usecs
[    1.759970] initcall seth_tx_pkt+0x2bc/0x328 [seth] returned 0 after 8018 usecs
[    1.760072] init: Loaded kernel module /lib/modules/seth.ko
[    1.760181] init: Loading module /lib/modules/sprd_modem_loader.ko with args ''
[    1.762660] calling  soc_modem_start+0x25c/0x268 [sprd_modem_loader] @ 1
[    1.763075] probe of 64570000.hsphy returned -517 after 0 usecs
[    1.763091] probe of modem@0 returned 1 after 146 usecs
[    1.763169] probe of 64570000.hsphy returned -517 after 0 usecs
[    1.763179] probe of modem@1 returned 1 after 83 usecs
[    1.763277] initcall soc_modem_start+0x25c/0x268 [sprd_modem_loader] returned 0 after 593 usecs
[    1.763340] init: Loaded kernel module /lib/modules/sprd_modem_loader.ko
[    1.763450] init: Loading module /lib/modules/usb_f_vser.ko with args ''
[    1.766112] calling  _copy_to_user+0x134/0x188 [usb_f_vser] @ 1
[    1.766123] initcall _copy_to_user+0x134/0x188 [usb_f_vser] returned 0 after 3 usecs
[    1.766176] init: Loaded kernel module /lib/modules/usb_f_vser.ko
[    1.766213] init: Loading module /lib/modules/sprd_iq.ko with args ''
[    1.768240] calling  sprd_iq_thread+0x28c/0x2b8 [sprd_iq] @ 1
[    1.768289] sprd-iq: no in iq mode
[    1.768294] initcall sprd_iq_thread+0x28c/0x2b8 [sprd_iq] returned 0 after 47 usecs
[    1.768336] init: Loaded kernel module /lib/modules/sprd_iq.ko
[    1.768387] mmc0: sprd-sdhci: CMD1 Error 0x00018000 0x08000087 0x10000000 0x00000000
[    1.768409] init: Loading module /lib/modules/slog_bridge.ko with args ''
[    1.770442] calling  slog_block_send+0x138/0x15c [slog_bridge] @ 1
[    1.770759] slog_bridge sipc-virt:sbridge-log: tx is usb = 1.
[    1.770762] slog_bridge sipc-virt:sbridge-log: probed, tx_is_usb=1, rx_cnt=1
[    1.771823] slog_bridge sipc-virt:sbridge-log: sblock_rx[0] rxblksz=4096
[    1.771825] slog_bridge sipc-virt:sbridge-log: all sblock register ok
[    1.771903] probe of 64570000.hsphy returned -517 after 1 usecs
[    1.771928] probe of sipc-virt:sbridge-log returned 1 after 1191 usecs
[    1.771990] initcall slog_block_send+0x138/0x15c [slog_bridge] returned 0 after 1503 usecs
[    1.772082] init: Loaded kernel module /lib/modules/slog_bridge.ko
[    1.772182] init: Loading module /lib/modules/sbuf_bridge.ko with args ''
[    1.774226] calling  sb_data_move+0x314/0x330 [sbuf_bridge] @ 1
[    1.774587] initcall sb_data_move+0x314/0x330 [sbuf_bridge] returned 0 after 348 usecs
[    1.774643] init: Loaded kernel module /lib/modules/sbuf_bridge.ko
[    1.774722] init: Loading module /lib/modules/sblock_bridge.ko with args ''
[    1.776670] calling  sb_sblock_event_callback+0x10c/0x128 [sblock_bridge] @ 1
[    1.776915] initcall sb_sblock_event_callback+0x10c/0x128 [sblock_bridge] returned 0 after 234 usecs
[    1.776959] init: Loaded kernel module /lib/modules/sblock_bridge.ko
[    1.777029] init: Loading module /lib/modules/sprd_flash_drv.ko with args ''
[    1.778982] calling  sprd_flash_release+0x1bc/0x1e0 [sprd_flash_drv] @ 1
[    1.779276] probe of 64570000.hsphy returned -517 after 0 usecs
[    1.779286] probe of sprd_flash returned 1 after 102 usecs
[    1.779292] initcall sprd_flash_release+0x1bc/0x1e0 [sprd_flash_drv] returned 0 after 297 usecs
[    1.779330] init: Loaded kernel module /lib/modules/sprd_flash_drv.ko
[    1.779397] init: Loading module /lib/modules/flash_ic_aw3641.ko with args ''
[    1.781297] calling  sprd_flash_aw3641_cfg_value_highlight+0x40/0x74 [flash_ic_aw3641] @ 1
[    1.781356] FLASH_AW3641: 1 379 sprd_flash_aw3641_probe : flash-aw3641 probe
[    1.781445] probe of 64570000.hsphy returned -517 after 0 usecs
[    1.781465] probe of flash-gpios returned 1 after 130 usecs
[    1.781722] initcall sprd_flash_aw3641_cfg_value_highlight+0x40/0x74 [flash_ic_aw3641] returned 0 after 410 usecs
[    1.781761] init: Loaded kernel module /lib/modules/flash_ic_aw3641.ko
[    1.781831] init: Loading module /lib/modules/sprd_camsys_pw_domain.ko with args ''
[    1.783991] calling  sprd_cam_pw_off.142+0x1e4/0x1fc [sprd_camsys_pw_domain] @ 1
[    1.784263] probe of 64570000.hsphy returned -517 after 0 usecs
[    1.784427] probe of soc:mm:mm_domain returned 1 after 327 usecs
[    1.784719] initcall sprd_cam_pw_off.142+0x1e4/0x1fc [sprd_camsys_pw_domain] returned 0 after 704 usecs
[    1.784772] init: Loaded kernel module /lib/modules/sprd_camsys_pw_domain.ko
[    1.784872] init: Loading module /lib/modules/virt-dma.ko with args ''
[    1.786498] init: Loaded kernel module /lib/modules/virt-dma.ko
[    1.786521] init: Loading module /lib/modules/sprd-dma.ko with args ''
[    1.788609] calling  sprd_dma_start+0x4ac/0x50c [sprd_dma] @ 1
[    1.788744] sprd-dma 20410000.dma-controller: no optional ashb eb clock
[    1.789271] probe of 64570000.hsphy returned -517 after 0 usecs
[    1.789290] probe of 20410000.dma-controller returned 1 after 586 usecs
[    1.789922] probe of 64570000.hsphy returned -517 after 0 usecs
[    1.790010] probe of 56580000.dma-controller returned 1 after 640 usecs
[    1.790186] initcall sprd_dma_start+0x4ac/0x50c [sprd_dma] returned 0 after 1532 usecs
[    1.790241] init: Loaded kernel module /lib/modules/sprd-dma.ko
[    1.790336] init: Loading module /lib/modules/sprd-ion.ko with args ''
[    1.791609] sprd_ion: module is from the staging directory, the quality is unknown, you have been warned.
[    1.792544] calling  __typeid__ZTSFPvP7dma_bufmE_global_addr+0xc/0x28 [sprd_ion] @ 1
[    1.792814] sprd_ion_parse_dt: num_heaps=1
[    1.792944] sprd_ion_parse_dt: heaps[0]: id: 4 carveout_fd type: 2 base: 0xffa70000 size 0x500000
[    1.794550] probe of 64570000.hsphy returned -517 after 0 usecs
[    1.794565] probe of ion returned 1 after 1768 usecs
[    1.794657] initcall __typeid__ZTSFPvP7dma_bufmE_global_addr+0xc/0x28 [sprd_ion] returned 0 after 2055 usecs
[    1.794729] init: Loaded kernel module /lib/modules/sprd-ion.ko
[    1.794817] init: Loading module /lib/modules/unisoc-iommu.ko with args ''
[    1.797910] calling  sprd_aligned_free+0x24/0x50 [unisoc_iommu] @ 1
[    1.798316] sprd_iommu: sprd_iommu_probe()-start
[    1.798340] sprd_iommu: sprd_iommu_get_resource()-pgt_base phy:0x32000000
[    1.798346] sprd_iommu: sprd_iommu_get_resource()-pgt_base:ffffffc012fe3000,pgt_size:80
[    1.798352] sprd_iommu: sprd_iommu_get_resource()-ctrl_reg phy:0x32000000
[    1.798354] sprd_iommu: sprd_iommu_get_resource()-ctrl_reg:0xffffffc012fe5000
[    1.798357] sprd_iommu: sprd_iommu_get_resource()-iova_base:0x20000000,iova_size:10000000
[    1.798359] sprd_iommu: sprd_iommu_get_resource()-fault_page: 0x1ec257000
[    1.798361] sprd_iommu: sprd_iommu_get_resource()-no reserved rr page addr
[    1.798467] sprd_iommu: sprd_iommuvau_hw_init()-begin
[    1.798510] sprd_iommu: sprd_iommuvau_hw_init()-done
[    1.798534] sprd_iommu: sprd_iommu_probe()-sprd,iommuvaul6-vsp end
[    1.798601] probe of 64570000.hsphy returned -517 after 0 usecs
[    1.798685] probe of 32000000.iommu returned 1 after 386 usecs
[    1.798710] sprd_iommu: sprd_iommu_probe()-start
[    1.798727] sprd_iommu: sprd_iommu_get_resource()-pgt_base phy:0x36000000
[    1.798731] sprd_iommu: sprd_iommu_get_resource()-pgt_base:ffffffc012fed000,pgt_size:300
[    1.798736] sprd_iommu: sprd_iommu_get_resource()-ctrl_reg phy:0x36000300
[    1.798739] sprd_iommu: sprd_iommu_get_resource()-ctrl_reg:0xffffffc012ff5300
[    1.798740] sprd_iommu: sprd_iommu_get_resource()-iova_base:0x60000000,iova_size:10000000
[    1.798742] sprd_iommu: sprd_iommu_get_resource()-fault_page: 0x1ec253000
[    1.798744] sprd_iommu: sprd_iommu_get_resource()-no reserved rr page addr
[    1.798819] sprd_iommu: sprd_iommuvau_hw_init()-begin
[    1.798860] sprd_iommu: sprd_iommuvau_hw_init()-done
[    1.798872] sprd_iommu: sprd_iommu_probe()-sprd,iommuvaul6-jpg end
[    1.798903] probe of 64570000.hsphy returned -517 after 0 usecs
[    1.798945] probe of 36000000.iommu returned 1 after 245 usecs
[    1.798988] sprd_iommu: sprd_iommu_probe()-start
[    1.799000] sprd_iommu: sprd_iommu_get_resource()-pgt_base phy:0x3a000000
[    1.799013] sprd_iommu: sprd_iommu_get_resource()-pgt_base:ffffffc014900000,pgt_size:ff000
[    1.799017] sprd_iommu: sprd_iommu_get_resource()-ctrl_reg phy:0x3a0ff000
[    1.799020] sprd_iommu: sprd_iommu_get_resource()-ctrl_reg:0xffffffc012ffd000
[    1.799021] sprd_iommu: sprd_iommu_get_resource()-iova_base:0x40000000,iova_size:20000000
[    1.799023] sprd_iommu: sprd_iommu_get_resource()-fault_page: 0x1ec137000
[    1.799024] sprd_iommu: sprd_iommu_get_resource()-no reserved rr page addr
[    1.799178] sprd_iommu: sprd_iommuvau_hw_init()-begin
[    1.799258] sprd_iommu: sprd_iommuvau_hw_init()-done
[    1.799270] sprd_iommu: sprd_iommu_probe()-sprd,iommuvaul6-isp end
[    1.799302] probe of 64570000.hsphy returned -517 after 0 usecs
[    1.799349] probe of 3a000000.iommu returned 1 after 372 usecs
[    1.799374] sprd_iommu: sprd_iommu_probe()-start
[    1.799387] sprd_iommu: sprd_iommu_get_resource()-pgt_base phy:0x3e000000
[    1.799391] sprd_iommu: sprd_iommu_get_resource()-pgt_base:ffffffc0132f0000,pgt_size:f000
[    1.799396] sprd_iommu: sprd_iommu_get_resource()-ctrl_reg phy:0x3e00f000
[    1.799399] sprd_iommu: sprd_iommu_get_resource()-ctrl_reg:0xffffffc013005000
[    1.799400] sprd_iommu: sprd_iommu_get_resource()-iova_base:0x40000000,iova_size:40000000
[    1.799402] sprd_iommu: sprd_iommu_get_resource()-fault_page: 0x1ec125000
[    1.799404] sprd_iommu: sprd_iommu_get_resource()-no reserved rr page addr
[    1.799694] sprd_iommu: sprd_iommuvau_hw_init()-begin
[    1.799852] sprd_iommu: sprd_iommuvau_hw_init()-done
[    1.799862] sprd_iommu: sprd_iommu_probe()-sprd,iommuvaul6-dcam end
[    1.799894] probe of 64570000.hsphy returned -517 after 0 usecs
[    1.799934] probe of 3e000000.iommu returned 1 after 572 usecs
[    1.799951] sprd_iommu: sprd_iommu_probe()-start
[    1.799965] sprd_iommu: sprd_iommu_get_resource()-pgt_base phy:0x3c000000
[    1.799968] sprd_iommu: sprd_iommu_get_resource()-pgt_base:ffffffc01300d000,pgt_size:110
[    1.799972] sprd_iommu: sprd_iommu_get_resource()-ctrl_reg phy:0x3c000110
[    1.799975] sprd_iommu: sprd_iommu_get_resource()-ctrl_reg:0xffffffc013015110
[    1.799976] sprd_iommu: sprd_iommu_get_resource()-iova_base:0x40000000,iova_size:10000000
[    1.799978] sprd_iommu: sprd_iommu_get_resource()-fault_page: 0x1ec23f000
[    1.799979] sprd_iommu: sprd_iommu_get_resource()-no reserved rr page addr
[    1.800090] sprd_iommu: sprd_iommuvau_hw_init()-begin
[    1.800132] sprd_iommu: sprd_iommuvau_hw_init()-done
[    1.800150] sprd_iommu: sprd_iommu_probe()-sprd,iommuvaul6-fd end
[    1.800181] probe of 64570000.hsphy returned -517 after 0 usecs
[    1.800191] probe of 3c000000.iommu returned 1 after 249 usecs
[    1.800214] sprd_iommu: sprd_iommu_probe()-start
[    1.800228] sprd_iommu: sprd_iommu_get_resource()-pgt_base phy:0x38000000
[    1.800231] sprd_iommu: sprd_iommu_get_resource()-pgt_base:ffffffc01301d000,pgt_size:200
[    1.800236] sprd_iommu: sprd_iommu_get_resource()-ctrl_reg phy:0x38000200
[    1.800238] sprd_iommu: sprd_iommu_get_resource()-ctrl_reg:0xffffffc013025200
[    1.800240] sprd_iommu: sprd_iommu_get_resource()-iova_base:0x40000000,iova_size:20000000
[    1.800243] sprd_iommu: sprd_iommu_get_resource()-fault_page: 0x1ec21e000
[    1.800244] sprd_iommu: sprd_iommu_get_resource()-no reserved rr page addr
[    1.800405] sprd_iommu: sprd_iommuvau_hw_init()-begin
[    1.800485] sprd_iommu: sprd_iommuvau_hw_init()-done
[    1.800495] sprd_iommu: sprd_iommu_probe()-sprd,iommuvaul6-cpp end
[    1.800525] probe of 64570000.hsphy returned -517 after 0 usecs
[    1.800564] probe of 38000000.iommu returned 1 after 359 usecs
[    1.800614] sprd_iommu: sprd_iommu_probe()-start
[    1.800628] sprd_iommu: sprd_iommu_get_resource()-pgt_base phy:0x31000000
[    1.800631] sprd_iommu: sprd_iommu_get_resource()-pgt_base:ffffffc01314d000,pgt_size:800
[    1.800636] sprd_iommu: sprd_iommu_get_resource()-ctrl_reg phy:0x31000800
[    1.800638] sprd_iommu: sprd_iommu_get_resource()-ctrl_reg:0xffffffc013155800
[    1.800639] sprd_iommu: sprd_iommu_get_resource()-iova_base:0x30000000,iova_size:10000000
[    1.800641] sprd_iommu: sprd_iommu_get_resource()-fault_page: 0x1ec290000
[    1.800642] sprd_iommu: sprd_iommu_get_resource()-no reserved rr page addr
[    1.800730] sprd_iommu: sprd_iommuvau_hw_init()-begin
[    1.800776] sprd_iommu: sprd_iommuvau_hw_init()-done
[    1.800798] sprd_iommu: sprd_iommu_probe()-sprd,iommuvaul6-dispc end
[    1.800829] probe of 64570000.hsphy returned -517 after 0 usecs
[    1.800898] probe of 31000000.iommu returned 1 after 293 usecs
[    1.802056] initcall sprd_aligned_free+0x24/0x50 [unisoc_iommu] returned 0 after 4031 usecs
[    1.802143] init: Loaded kernel module /lib/modules/unisoc-iommu.ko
[    1.802237] init: Loading module /lib/modules/sprd_sensor.ko with args ''
[    1.807818] calling  compat_get_otp_param_tag+0x15a0/0x15d4 [sprd_sensor] @ 1
[    1.808288] sprd_campd_r8p0: 1 196 sprd_cam_pw_on : Done, read count 1, cb: sprd_cam_pw_on+0x68/0x138 [sprd_camsys_pw_domain]
[    1.808291] sprd_campd_r8p0: 1 86 sprd_cam_domain_eb : cb (____ptrval____)
[    1.809048] SENSOR_DRV: 1: sprd_sensor_probe L 250: dcam sensor probe start:device name:(null)
[    1.809078] SENSOR_DRV: 1: sprd_sensor_parse_clk_dt L 89: sensor_info->sensor_clk: (____ptrval____) id 0
[    1.809113] SENSOR_DRV: 1: sprd_sensor_parse_gpio_dt L 131: invalid gpio: i=2, gpio=-2, name=flash-gpios
[    1.809116] SENSOR_DRV: 1: sprd_sensor_parse_gpio_dt L 131: invalid gpio: i=3, gpio=-2, name=mipi-switch-en-gpios
[    1.809120] SENSOR_DRV: 1: sprd_sensor_parse_gpio_dt L 131: invalid gpio: i=4, gpio=-2, name=mipi-switch-mode-gpios
[    1.809124] SENSOR_DRV: 1: sprd_sensor_parse_gpio_dt L 131: invalid gpio: i=5, gpio=-2, name=switch-mode-gpios
[    1.809128] SENSOR_DRV: 1: sprd_sensor_parse_gpio_dt L 131: invalid gpio: i=6, gpio=-2, name=cam-id-gpios
[    1.809131] SENSOR_DRV: 1: sprd_sensor_parse_gpio_dt L 131: invalid gpio: i=7, gpio=-2, name=iovdd-gpios
[    1.809135] SENSOR_DRV: 1: sprd_sensor_parse_gpio_dt L 131: invalid gpio: i=8, gpio=-2, name=avdd-gpios
[    1.809139] SENSOR_DRV: 1: sprd_sensor_parse_gpio_dt L 131: invalid gpio: i=9, gpio=-2, name=dvdd-gpios
[    1.809142] SENSOR_DRV: 1: sprd_sensor_parse_gpio_dt L 131: invalid gpio: i=10, gpio=-2, name=mot-gpios
[    1.809146] csi_api: 1 217 csi_api_mipi_phy_cfg_init : sensor_id 0 mipi_phy:phy_id:0
[    1.809150] SENSOR_DRV: 1: sprd_sensor_config L 225: 18446743530383037496
[    1.809170] csi_api: 1 248 csi_api_dt_node_init : csi node name csi00
[    1.809174] csi_api: 1 259 csi_api_dt_node_init : csi 0 ,phy addr:0x3e200000 ,size:0x1000 , reg ffffffc01315d000
[    1.809234] csi_api: 1 301 csi_api_dt_node_init : csi dt info:sensor_id :0, csi_info:0x(____ptrval____)
[    1.809236] SENSOR_DRV: 1: parse_dcam_id L 168: dcam id is 0
[    1.809325] probe of 64570000.hsphy returned -517 after 0 usecs
[    1.809350] probe of 0-0020 returned 1 after 1477 usecs
[    1.809361] sprd_campd_r8p0: 202 108 sprd_cam_domain_disable : cb (____ptrval____)
[    1.809476] SENSOR_DRV: 1: sprd_sensor_register_driver L 583: register main sensor:0
[    1.809756] sprd_campd_r8p0: 202 158 sprd_cam_pw_off : Done, read count 1, cb: sprd_cam_pw_off.3+0xa0/0x12c [sprd_camsys_pw_domain]
[    1.810144] sprd_campd_r8p0: 1 196 sprd_cam_pw_on : Done, read count 1, cb: sprd_cam_pw_on+0x68/0x138 [sprd_camsys_pw_domain]
[    1.810146] sprd_campd_r8p0: 1 86 sprd_cam_domain_eb : cb (____ptrval____)
[    1.810888] SENSOR_DRV: 1: sprd_sensor_probe L 250: dcam sensor probe start:device name:(null)
[    1.810899] SENSOR_DRV: 1: sprd_sensor_parse_clk_dt L 89: sensor_info->sensor_clk: (____ptrval____) id 1
[    1.810924] SENSOR_DRV: 1: sprd_sensor_parse_gpio_dt L 131: invalid gpio: i=2, gpio=-2, name=flash-gpios
[    1.810927] SENSOR_DRV: 1: sprd_sensor_parse_gpio_dt L 131: invalid gpio: i=3, gpio=-2, name=mipi-switch-en-gpios
[    1.810931] SENSOR_DRV: 1: sprd_sensor_parse_gpio_dt L 131: invalid gpio: i=4, gpio=-2, name=mipi-switch-mode-gpios
[    1.810935] SENSOR_DRV: 1: sprd_sensor_parse_gpio_dt L 131: invalid gpio: i=5, gpio=-2, name=switch-mode-gpios
[    1.810938] SENSOR_DRV: 1: sprd_sensor_parse_gpio_dt L 131: invalid gpio: i=6, gpio=-2, name=cam-id-gpios
[    1.810940] SENSOR_DRV: 1: sprd_sensor_parse_gpio_dt L 131: invalid gpio: i=7, gpio=-2, name=iovdd-gpios
[    1.810943] SENSOR_DRV: 1: sprd_sensor_parse_gpio_dt L 131: invalid gpio: i=8, gpio=-2, name=avdd-gpios
[    1.810946] SENSOR_DRV: 1: sprd_sensor_parse_gpio_dt L 131: invalid gpio: i=9, gpio=-2, name=dvdd-gpios
[    1.810949] SENSOR_DRV: 1: sprd_sensor_parse_gpio_dt L 131: invalid gpio: i=10, gpio=-2, name=mot-gpios
[    1.810951] csi_api: 1 217 csi_api_mipi_phy_cfg_init : sensor_id 1 mipi_phy:phy_id:3
[    1.810953] SENSOR_DRV: 1: sprd_sensor_config L 225: 18446743530383038984
[    1.810969] csi_api: 1 248 csi_api_dt_node_init : csi node name csi01
[    1.810971] csi_api: 1 259 csi_api_dt_node_init : csi 1 ,phy addr:0x3e300000 ,size:0x1000 , reg ffffffc013165000
[    1.810983] csi_api: 1 301 csi_api_dt_node_init : csi dt info:sensor_id :1, csi_info:0x(____ptrval____)
[    1.810985] SENSOR_DRV: 1: parse_dcam_id L 168: dcam id is 1
[    1.811041] probe of 64570000.hsphy returned -517 after 0 usecs
[    1.811057] probe of 0-005a returned 1 after 1572 usecs
[    1.811064] sprd_campd_r8p0: 168 108 sprd_cam_domain_disable : cb (____ptrval____)
[    1.811103] SENSOR_DRV: 1: sprd_sensor_register_driver L 585: register sub sensor:0
[    1.811444] sprd_campd_r8p0: 168 158 sprd_cam_pw_off : Done, read count 1, cb: sprd_cam_pw_off.3+0xa0/0x12c [sprd_camsys_pw_domain]
[    1.811825] sprd_campd_r8p0: 1 196 sprd_cam_pw_on : Done, read count 1, cb: sprd_cam_pw_on+0x68/0x138 [sprd_camsys_pw_domain]
[    1.811827] sprd_campd_r8p0: 1 86 sprd_cam_domain_eb : cb (____ptrval____)
[    1.812561] SENSOR_DRV: 1: sprd_sensor_probe L 250: dcam sensor probe start:device name:(null)
[    1.812569] SENSOR_DRV: 1: sprd_sensor_parse_clk_dt L 89: sensor_info->sensor_clk: (____ptrval____) id 2
[    1.812590] SENSOR_DRV: 1: sprd_sensor_parse_gpio_dt L 131: invalid gpio: i=2, gpio=-2, name=flash-gpios
[    1.812594] SENSOR_DRV: 1: sprd_sensor_parse_gpio_dt L 131: invalid gpio: i=3, gpio=-2, name=mipi-switch-en-gpios
[    1.812597] SENSOR_DRV: 1: sprd_sensor_parse_gpio_dt L 131: invalid gpio: i=4, gpio=-2, name=mipi-switch-mode-gpios
[    1.812601] SENSOR_DRV: 1: sprd_sensor_parse_gpio_dt L 131: invalid gpio: i=5, gpio=-2, name=switch-mode-gpios
[    1.812604] SENSOR_DRV: 1: sprd_sensor_parse_gpio_dt L 131: invalid gpio: i=6, gpio=-2, name=cam-id-gpios
[    1.812608] SENSOR_DRV: 1: sprd_sensor_parse_gpio_dt L 131: invalid gpio: i=7, gpio=-2, name=iovdd-gpios
[    1.812618] SENSOR_DRV: 1: sprd_sensor_parse_gpio_dt L 131: invalid gpio: i=9, gpio=-2, name=dvdd-gpios
[    1.812627] csi_api: 1 217 csi_api_mipi_phy_cfg_init : sensor_id 2 mipi_phy:phy_id:4
[    1.812629] SENSOR_DRV: 1: sprd_sensor_config L 225: 18446743530383038984
[    1.812639] csi_api: 1 248 csi_api_dt_node_init : csi node name csi01
[    1.812641] csi_api: 1 259 csi_api_dt_node_init : csi 1 ,phy addr:0x3e300000 ,size:0x1000 , reg ffffffc01316d000
[    1.812650] csi_api: 1 301 csi_api_dt_node_init : csi dt info:sensor_id :2, csi_info:0x(____ptrval____)
[    1.812651] SENSOR_DRV: 1: parse_dcam_id L 168: dcam id is 1
[    1.812693] probe of 64570000.hsphy returned -517 after 0 usecs
[    1.812707] probe of 1-0020 returned 1 after 1592 usecs
[    1.812713] sprd_campd_r8p0: 202 108 sprd_cam_domain_disable : cb (____ptrval____)
[    1.812752] SENSOR_DRV: 1: sprd_sensor_register_driver L 587: register main2 sensor:0
[    1.812768] SENSOR_DRV: 1: sprd_sensor_register_driver L 589: register  sub2 sensor:0
[    1.812782] SENSOR_DRV: 1: sprd_sensor_register_driver L 591: register main3 sensor:0
[    1.812799] SENSOR_DRV: 1: sprd_sensor_register_driver L 593: register  sub3 sensor:0
[    1.812801] SENSOR_CORE: 1: sprd_sensor_core_module_init line=875: sensor register
[    1.812844] SENSOR_CORE: 1: sprd_sensor_core_module_init line=878: create device node
[    1.812885] initcall compat_get_otp_param_tag+0x15a0/0x15d4 [sprd_sensor] returned 0 after 4909 usecs
[    1.812994] init: Loaded kernel module /lib/modules/sprd_sensor.ko
[    1.813093] sprd_campd_r8p0: 202 158 sprd_cam_pw_off : Done, read count 1, cb: sprd_cam_pw_off.3+0xa0/0x12c [sprd_camsys_pw_domain]
[    1.813118] init: Loading module /lib/modules/sprd_camera.ko with args ''
[    1.841653] calling  __typeid__ZTSFiPv15isp_gtm_cfg_cmdS_E_global_addr+0x4/0x10 [sprd_camera] @ 1
[    1.841774] sprd_image 3e000000.dcam: ignoring dependency for device, assuming no driver
[    1.842172] sprd_campd_r8p0: 1 196 sprd_cam_pw_on : Done, read count 1, cb: sprd_cam_pw_on+0x68/0x138 [sprd_camsys_pw_domain]
[    1.842175] sprd_campd_r8p0: 1 86 sprd_cam_domain_eb : cb (____ptrval____)
[    1.842931] CAM_CORE: 1 8076 camcore_probe : Start camera img probe
[    1.842988] CAM_CORE: 1 8107 camcore_probe : sprd img probe pdev name 3e000000.dcam
[    1.842990] CAM_CORE: 1 8108 camcore_probe : sprd dcam dev name (null)
[    1.842993] DCAM_DRV: 1 271 dcam_drv_dt_parse : start dcam dts parse
[    1.843002] DCAM_DRV: 1 321 dcam_drv_dt_parse : dev: 3e000000.dcam, full name: dcam@3e000000, cam_ahb_gpr: ffffff816da83400, count: 3, DCAM dcam_max.w.h 8048 6036
[    1.843022] DCAM_DRV: 1 335 dcam_drv_dt_parse : DCAM IOMMU Base  0xffffffc013185000
[    1.843027] DCAM_DRV: 1 370 dcam_drv_dt_parse : get dcam qos node. r: 10 10 w: 13 12
[    1.843067] DCAM_DRV: 1 417 dcam_drv_dt_parse : DCAM0 reg: dcam0_reg 0x3e000000 ffffffc01318d000, irq: dcam0 45
[    1.843079] DCAM_DRV: 1 417 dcam_drv_dt_parse : DCAM1 reg: dcam1_reg 0x3e001000 ffffffc013195000, irq: dcam1 46
[    1.843091] DCAM_DRV: 1 417 dcam_drv_dt_parse : DCAM2 reg: dcam2_reg 0x3e002000 ffffffc01319d000, irq: dcam2 47
[    1.843101] CAM_CORE: 1 8115 camcore_probe : sprd isp dev name (null)
[    1.843104] ISP_DRV: 1 1049 isp_drv_dt_parse : isp dev device node dcam, full name dcam@3e000000
[    1.843107] ISP_DRV: 1 1059 isp_drv_dt_parse : after isp dev device node isp, full name isp@3a000000
[    1.843119] ISP_DRV: 1 1065 isp_drv_dt_parse : sprd s_isp_pdev name 3a000000.isp
[    1.843138] ISP_DRV: 1 1098 isp_drv_dt_parse : ISP IOMMU Base  0xffffffc0131ad000
[    1.843142] ISP_DRV: 1 1127 isp_drv_dt_parse : get isp qos node. r: 7 6 w: 7 6
[    1.843148] cam_porting: 1 88 cam_syscon_get_args_by_name : fail to get syscon sys_h2p_db_soft_rst 2, (____ptrval____)
[    1.843153] ISP_DRV: 1 1170 isp_drv_dt_parse : isp phys reg base is 3a000000
[    1.843174] ISP_DRV: 1 1188 isp_drv_dt_parse : ISP0 dts OK! regbase ffffffc014d00000, irq 43
[    1.843179] ISP_DRV: 1 1188 isp_drv_dt_parse : ISP1 dts OK! regbase ffffffc014d00000, irq 44
[    1.843261] DCAM_DEBUG: 1 979 camdebugger_dcam_init : dcam debugfs init ok
[    1.843381] probe of 64570000.hsphy returned -517 after 0 usecs
[    1.843400] probe of 3e000000.dcam returned 1 after 1644 usecs
[    1.843410] sprd_campd_r8p0: 201 108 sprd_cam_domain_disable : cb (____ptrval____)
[    1.843817] initcall __typeid__ZTSFiPv15isp_gtm_cfg_cmdS_E_global_addr+0x4/0x10 [sprd_camera] returned 0 after 1988 usecs
[    1.843833] sprd_campd_r8p0: 201 158 sprd_cam_pw_off : Done, read count 1, cb: sprd_cam_pw_off.3+0xa0/0x12c [sprd_camsys_pw_domain]
[    1.844334] init: Loaded kernel module /lib/modules/sprd_camera.ko
[    1.844433] init: Loading module /lib/modules/sprd_vsp_pw_domain.ko with args ''
[    1.846165] calling  vsp_pw_on+0x1ac/0x1c0 [sprd_vsp_pw_domain] @ 1
[    1.846259] sprd-vsp-pd soc:vsp-power-domain: vsp_pd_probe, 191
[    1.846266] sprd-vsp-pd soc:vsp-power-domain: VSP syscon[pmu-vsp-auto-shutdown-syscon](____ptrval____), offset 0x314, mask 0x1000000
[    1.846269] sprd-vsp-pd soc:vsp-power-domain: VSP syscon[pmu-vsp-force-shutdown-syscon](____ptrval____), offset 0x314, mask 0x2000000
[    1.846272] sprd-vsp-pd soc:vsp-power-domain: VSP syscon[pmu-pwr-status-syscon](____ptrval____), offset 0x514, mask 0x1f0000
[    1.846274] sprd-vsp-pd soc:vsp-power-domain: Read Vsp Dts vsp-domain-eb-syscon regmap fail
[    1.846387] probe of 64570000.hsphy returned -517 after 0 usecs
[    1.846474] probe of soc:vsp-power-domain returned 1 after 231 usecs
[    1.846723] initcall vsp_pw_on+0x1ac/0x1c0 [sprd_vsp_pw_domain] returned 0 after 540 usecs
[    1.846791] init: Loaded kernel module /lib/modules/sprd_vsp_pw_domain.ko
[    1.846880] init: Loading module /lib/modules/sprd_cpp.ko with args ''
[    1.850424] calling  __typeid__ZTSFiPvS_E_global_addr+0x6c/0x84 [sprd_cpp] @ 1
[    1.850526] sprd_cpp 38000000.cpp: ignoring dependency for device, assuming no driver
[    1.850920] sprd_campd_r8p0: 1 196 sprd_cam_pw_on : Done, read count 1, cb: sprd_cam_pw_on+0x68/0x138 [sprd_camsys_pw_domain]
[    1.850922] sprd_campd_r8p0: 1 86 sprd_cam_domain_eb : cb (____ptrval____)
[    1.851782] sprd_campd_r8p0: 202 108 sprd_cam_domain_disable : cb (____ptrval____)
[    1.851863] probe of 64570000.hsphy returned -517 after 0 usecs
[    1.851879] probe of 38000000.cpp returned 1 after 1368 usecs
[    1.852144] initcall __typeid__ZTSFiPvS_E_global_addr+0x6c/0x84 [sprd_cpp] returned 0 after 1668 usecs
[    1.852164] sprd_campd_r8p0: 202 158 sprd_cam_pw_off : Done, read count 1, cb: sprd_cam_pw_off.3+0xa0/0x12c [sprd_camsys_pw_domain]
[    1.852263] init: Loaded kernel module /lib/modules/sprd_cpp.ko
[    1.852357] init: Loading module /lib/modules/sha1-ce.ko with args ''
[    1.854300] calling  __sha1_ce_transform+0x1c/0x30 [sha1_ce] @ 1
[    1.854915] initcall __sha1_ce_transform+0x1c/0x30 [sha1_ce] returned 0 after 596 usecs
[    1.854970] init: Loaded kernel module /lib/modules/sha1-ce.ko
[    1.855038] init: Loading module /lib/modules/ghash-ce.ko with args ''
[    1.857134] calling  ghash_final_p64+0x188/0x19c [ghash_ce] @ 1
[    1.858531] initcall ghash_final_p64+0x188/0x19c [ghash_ce] returned 0 after 1359 usecs
[    1.858573] init: Loaded kernel module /lib/modules/ghash-ce.ko
[    1.858640] init: Loading module /lib/modules/aes-ce-ccm.ko with args ''
[    1.860484] calling  ccm_update_mac+0x190/0x1a8 [aes_ce_ccm] @ 1
[    1.860861] initcall ccm_update_mac+0x190/0x1a8 [aes_ce_ccm] returned 0 after 362 usecs
[    1.860913] init: Loaded kernel module /lib/modules/aes-ce-ccm.ko
[    1.860985] init: Loading module /lib/modules/aes-neon-blk.ko with args ''
[    1.863295] calling  ctr_encrypt_one+0x60/0xc8 [aes_neon_blk] @ 1
[    1.866364] initcall ctr_encrypt_one+0x60/0xc8 [aes_neon_blk] returned 0 after 2989 usecs
[    1.866440] init: Loaded kernel module /lib/modules/aes-neon-blk.ko
[    1.866539] init: Loading module /lib/modules/arc4.ko with args ''
[    1.868331] calling  crypto_arc4_crypt+0xb8/0xc8 [arc4] @ 1
[    1.868664] initcall crypto_arc4_crypt+0xb8/0xc8 [arc4] returned 0 after 320 usecs
[    1.868705] init: Loaded kernel module /lib/modules/arc4.ko
[    1.868796] init: Loading module /lib/modules/twofish_common.ko with args ''
[    1.870662] init: Loaded kernel module /lib/modules/twofish_common.ko
[    1.870684] init: Loading module /lib/modules/twofish_generic.ko with args ''
[    1.872375] calling  twofish_decrypt+0x828/0x83c [twofish_generic] @ 1
[    1.872707] initcall twofish_decrypt+0x828/0x83c [twofish_generic] returned 0 after 320 usecs
[    1.872739] init: Loaded kernel module /lib/modules/twofish_generic.ko
[    1.872821] init: Loading module /lib/modules/sprd-gsp.ko with args ''
[    1.880628] calling  __typeid__ZTSFvP13gsp_interfaceE_global_addr+0x38/0x64 [sprd_gsp] @ 1
[    1.880684] sprd-gsp: gsp_drv_init()-gsp device init begin
[    1.881050] sprd-gsp sprd-gsp: gsp_dev_alloc()-node count: 1
[    1.881053] sprd-gsp sprd-gsp: gsp_dev_alloc()-gsp device name: sprd-gsp
[    1.881055] sprd-gsp sprd-gsp: gsp_dev_alloc()-io count: 7
[    1.881074] sprd-gsp: gsp_r8p0_core_alloc()-core[0] device name: 31000000.gsp
[    1.881077] sprd-gsp: gsp_r8p0_core_alloc()-gsp_r8p0_cap_size = 176
[    1.881078] sprd-gsp: gsp_r8p0_core_alloc()-gsp_r8p0 core allocate success
[    1.881080] sprd-gsp: gsp_core_alloc()-read core[0] id
[    1.881082] sprd-gsp: gsp_core_alloc()-read core[0] kfg number: 16
[    1.881085] sprd-gsp: gsp_core_alloc()-core[0] realtime priority: disable
[    1.881087] sprd-gsp: gsp_core_alloc()-core[0] need iommu: no need
[    1.881115] sprd-gsp sprd-gsp: gsp_dev_alloc()-core[0] allocate success
[    1.881165] sprd-gsp sprd-gsp: gsp_dev_probe()-probe success
[    1.881242] probe of 64570000.hsphy returned -517 after 0 usecs
[    1.881261] probe of sprd-gsp returned 1 after 233 usecs
[    1.881417] sprd-gsp: gsp_drv_init()-gsp device init end
[    1.881450] initcall __typeid__ZTSFvP13gsp_interfaceE_global_addr+0x38/0x64 [sprd_gsp] returned 0 after 769 usecs
[    1.881585] init: Loaded kernel module /lib/modules/sprd-gsp.ko
[    1.881681] init: Loading module /lib/modules/apsys-dvfs.ko with args ''
[    1.886070] calling  set_vdsp_dvfs_swtrig_en.619+0x58/0x1ac [apsys_dvfs] @ 1
[    1.886204] apsys_dvfs: apsys dvfs class init
[    1.886265] apsys_dvfs: apsys_dvfs_parse_dt()
[    1.886269] apsys_dvfs: apsys_top_dvfs_init()
[    1.886272] apsys_dvfs: apsys module registered
[    1.886345] probe of 64570000.hsphy returned -517 after 0 usecs
[    1.886360] probe of 20014000.apsys-dvfs returned 1 after 191 usecs
[    1.886865] apsys_dvfs: find platform device by node with name :apsys-dvfs, address:ffffffc012b9c000
[    1.886868] apsys_dvfs: dpu_dvfs_parse_dt()
[    1.887080] apsys_dvfs: dpu_dvfs_parse_dt()
[    1.887082] apsys_dvfs: dpu_dvfs_init()
[    1.887086] apsys_dvfs: dpu dvfs module registered
[    1.887132] probe of 64570000.hsphy returned -517 after 0 usecs
[    1.887146] probe of dpu-dvfs returned 1 after 317 usecs
[    1.887501] initcall set_vdsp_dvfs_swtrig_en.619+0x58/0x1ac [apsys_dvfs] returned 0 after 1376 usecs
[    1.887595] init: Loaded kernel module /lib/modules/apsys-dvfs.ko
[    1.887647] init: Loading module /lib/modules/sprd-drm.ko with args ''
[    1.899533] calling  disp_ca_wait_response+0x84/0xf0 [sprd_drm] @ 1
[    1.899588] display class register
[    1.899784] sprd-dpu-drv 31000000.dpu: ignoring dependency for device, assuming no driver
[    1.899799] [drm] backlight is not ready, dpu probe deferred
[    1.899808] probe of 31000000.dpu returned 0 after 43 usecs
[    1.900296] probe of sprd_backlight returned 0 after 50 usecs
[    1.900867] probe of 64570000.hsphy returned -517 after 0 usecs
[    1.900961] sprd-dpu-drv 31000000.dpu: ignoring dependency for device, assuming no driver
[    1.900971] [drm] backlight is not ready, dpu probe deferred
[    1.900974] probe of 31000000.dpu returned 0 after 22 usecs
[    1.901066] probe of sprd_backlight returned 0 after 40 usecs
[    1.901081] probe of 31100000.dsi returned 1 after 537 usecs
[    1.901547] probe of 64570000.hsphy returned -517 after 1 usecs
[    1.901598] sprd-dpu-drv 31000000.dpu: ignoring dependency for device, assuming no driver
[    1.901614] [drm] backlight is not ready, dpu probe deferred
[    1.901617] probe of 31000000.dpu returned 0 after 26 usecs
[    1.901706] probe of sprd_backlight returned 0 after 37 usecs
[    1.901722] probe of 31100000.dphy returned 1 after 362 usecs
[    1.902026] probe of 64570000.hsphy returned -517 after 0 usecs
[    1.902072] sprd-dpu-drv 31000000.dpu: ignoring dependency for device, assuming no driver
[    1.902079] [drm] backlight is not ready, dpu probe deferred
[    1.902083] probe of 31000000.dpu returned 0 after 18 usecs
[    1.902171] probe of sprd_backlight returned 0 after 36 usecs
[    1.902185] probe of display-subsystem returned 1 after 217 usecs
[    1.902236] [drm] backlight is not ready, panel probe deferred
[    1.902240] probe of 31100000.dsi.0 returned 0 after 9 usecs
[    1.902326] initcall disp_ca_wait_response+0x84/0xf0 [sprd_drm] returned 0 after 2657 usecs
[    1.902509] init: Loaded kernel module /lib/modules/sprd-drm.ko
[    1.902608] init: Loading module /lib/modules/extcon-usb-gpio.ko with args ''
[    1.904392] calling  usb_irq_handler+0x38/0x5c [extcon_usb_gpio] @ 1
[    1.905283] sprd-hsphy 64570000.hsphy: unable to get hsphy-device-eye-pattern node
[    1.905286] sprd-hsphy 64570000.hsphy: unable to get hsphy-host-eye-pattern node
[    1.905357] sprd-hsphy 64570000.hsphy: No separate ID extcon device
[    1.905391] probe of 64570000.hsphy returned 1 after 469 usecs
[    1.905470] probe of extcon-gpio returned 1 after 902 usecs
[    1.905488] sprd-dpu-drv 31000000.dpu: ignoring dependency for device, assuming no driver
[    1.905503] [drm] backlight is not ready, dpu probe deferred
[    1.905508] probe of 31000000.dpu returned 0 after 32 usecs
[    1.905632] probe of sprd_backlight returned 0 after 46 usecs
[    1.905647] initcall usb_irq_handler+0x38/0x5c [extcon_usb_gpio] returned 0 after 1216 usecs
[    1.905649] [drm] backlight is not ready, panel probe deferred
[    1.905653] probe of 31100000.dsi.0 returned 0 after 11 usecs
[    1.905765] init: Loaded kernel module /lib/modules/extcon-usb-gpio.ko
[    1.905861] init: Loading module /lib/modules/microarray_fp.ko with args ''
[    1.908351] calling  __typeid__ZTSFlP4filejmE_global_addr+0x14/0x1c [microarray_fp] @ 1
[    1.908354] MAFP_mas_get_platform: debug! start!
[    1.908647] MAFP_mas_get_platform: debug! end!
[    1.908654] initcall __typeid__ZTSFlP4filejmE_global_addr+0x14/0x1c [microarray_fp] returned 0 after 288 usecs
[    1.908714] init: Loaded kernel module /lib/modules/microarray_fp.ko
[    1.908798] init: Loading module /lib/modules/chipone_fp.ko with args ''
[    1.911009] calling  _copy_from_user+0x164/0x1a4 [chipone_fp] @ 1
[    1.912246] sprd-dpu-drv 31000000.dpu: ignoring dependency for device, assuming no driver
[    1.912267] [drm] backlight is not ready, dpu probe deferred
[    1.912273] probe of 31000000.dpu returned 0 after 42 usecs
[    1.912392] probe of sprd_backlight returned 0 after 60 usecs
[    1.912409] [drm] backlight is not ready, panel probe deferred
[    1.912412] probe of 31100000.dsi.0 returned 0 after 10 usecs
[    1.912428] probe of fingerprint@0 returned 1 after 1378 usecs
[    1.912683] initcall _copy_from_user+0x164/0x1a4 [chipone_fp] returned 0 after 1628 usecs
[    1.912742] init: Loaded kernel module /lib/modules/chipone_fp.ko
[    1.912834] init: Loading module /lib/modules/vsp.ko with args ''
[    1.916328] calling  vsp_clr_interrupt_mask+0x80/0xac [vsp] @ 1
[    1.916466] sprd_vsp 32000000.video-codec: ignoring dependency for device, assuming no driver
[    1.916818] sprd_vsp 32000000.video-codec: sprd_vsp_phys_addr = 32000000
[    1.916821] sprd_vsp 32000000.video-codec: sprd_vsp_base = (____ptrval____)
[    1.916823] sprd_vsp 32000000.video-codec: vsp_glb_reg_base = (____ptrval____)
[    1.916838] sprd_vsp 32000000.video-codec: vsp: irq = 0x1d, version = 0x13
[    1.916844] sprd_vsp 32000000.video-codec: VSP syscon[vsp-domain-eb-syscon](____ptrval____), offset 0x4, mask 0x20
[    1.916849] sprd_vsp 32000000.video-codec: VSP syscon[reset-syscon](____ptrval____), offset 0x4, mask 0x2800
[    1.916851] sprd_vsp 32000000.video-codec: VSP syscon[vsp-dev-eb-syscon](____ptrval____), offset 0x0, mask 0x4
[    1.916855] sprd_vsp 32000000.video-codec: clk clk_src_76m8 not found,continue to find next clock
[    1.916858] sprd_vsp 32000000.video-codec: clk clk_src_96m not found,continue to find next clock
[    1.916859] sprd_vsp 32000000.video-codec: clk clk_src_128m not found,continue to find next clock
[    1.916861] sprd_vsp 32000000.video-codec: clk clk_src_153m6 not found,continue to find next clock
[    1.916863] sprd_vsp 32000000.video-codec: clk clk_src_192m not found,continue to find next clock
[    1.916875] sprd_vsp 32000000.video-codec: vsp clk in dts file: clk[0] = (256000000, clk_src_256m)
[    1.916880] sprd_vsp 32000000.video-codec: vsp clk in dts file: clk[1] = (307200000, clk_src_307m2)
[    1.916884] sprd_vsp 32000000.video-codec: vsp clk in dts file: clk[2] = (384000000, clk_src_384m)
[    1.916886] sprd_vsp 32000000.video-codec: clk clk_src_512m not found,continue to find next clock
[    1.916891] sprd_vsp 32000000.video-codec: 1, 7, 6, 194
[    1.916895] sprd_vsp 32000000.video-codec: iommu_vsp enabled 1
[    1.916951] sprd_vsp 32000000.video-codec: vsp: set dma mask as 64bit
[    1.917503] sprd-dpu-drv 31000000.dpu: ignoring dependency for device, assuming no driver
[    1.917518] [drm] backlight is not ready, dpu probe deferred
[    1.917524] probe of 31000000.dpu returned 0 after 35 usecs
[    1.917644] probe of sprd_backlight returned 0 after 60 usecs
[    1.917661] [drm] backlight is not ready, panel probe deferred
[    1.917665] probe of 31100000.dsi.0 returned 0 after 10 usecs
[    1.917683] probe of 32000000.video-codec returned 1 after 1238 usecs
[    1.918062] initcall vsp_clr_interrupt_mask+0x80/0xac [vsp] returned 0 after 1677 usecs
[    1.918139] init: Loaded kernel module /lib/modules/vsp.ko
[    1.918237] init: Loading module /lib/modules/jpg.ko with args ''
[    1.921434] calling  jpg_clk_disable+0xec/0x10c [jpg] @ 1
[    1.921592] sprd-jpg 36000000.jpg-codec: ignoring dependency for device, assuming no driver
[    1.921991] sprd_campd_r8p0: 1 196 sprd_cam_pw_on : Done, read count 1, cb: sprd_cam_pw_on+0x68/0x138 [sprd_camsys_pw_domain]
[    1.921994] sprd_campd_r8p0: 1 86 sprd_cam_domain_eb : cb (____ptrval____)
[    1.922782] sprd-jpg 36000000.jpg-codec: sprd_jpg_phys jpg:  0X36000000
[    1.922784] sprd-jpg 36000000.jpg-codec: sprd_jpg_virt jpg:  0xffffffc0137c0000
[    1.922786] sprd-jpg 36000000.jpg-codec:  hw_dev.irq  0X1e
[    1.922792] sprd-jpg 36000000.jpg-codec: JPG syscon[aon-apb-eb-syscon](____ptrval____), offset 0x0, mask 0x200
[    1.922798] sprd-jpg 36000000.jpg-codec: JPG syscon[reset-syscon](____ptrval____), offset 0x4, mask 0x80000
[    1.922811] sprd-jpg 36000000.jpg-codec: jpg clk in dts file: clk[0] = (76800000, clk_src_76m8)
[    1.922814] sprd-jpg 36000000.jpg-codec: clk clk_src_96m not found,continue to find next clock
[    1.922820] sprd-jpg 36000000.jpg-codec: jpg clk in dts file: clk[1] = (128000000, clk_src_128m)
[    1.922823] sprd-jpg 36000000.jpg-codec: clk clk_src_153m6 not found,continue to find next clock
[    1.922825] sprd-jpg 36000000.jpg-codec: clk clk_src_192m not found,continue to find next clock
[    1.922830] sprd-jpg 36000000.jpg-codec: jpg clk in dts file: clk[2] = (256000000, clk_src_256m)
[    1.922832] sprd-jpg 36000000.jpg-codec: clk clk_src_307m2 not found,continue to find next clock
[    1.922837] sprd-jpg 36000000.jpg-codec: jpg clk in dts file: clk[3] = (384000000, clk_src_384m)
[    1.922839] sprd-jpg 36000000.jpg-codec: clk clk_src_409m6 not found,continue to find next clock
[    1.922841] sprd-jpg 36000000.jpg-codec: clk clk_src_512m not found,continue to find next clock
[    1.922843] sprd-jpg 36000000.jpg-codec: can't find jpg qos cfg node
[    1.922845] sprd-jpg 36000000.jpg-codec: 0, 0, 0, 0
[    1.922901] sprd-jpg 36000000.jpg-codec: jpg: set dma mask as 64bit
[    1.922926] sprd-jpg 36000000.jpg-codec: sprd_jpg probe with genpd
[    1.923058] sprd-dpu-drv 31000000.dpu: ignoring dependency for device, assuming no driver
[    1.923073] [drm] backlight is not ready, dpu probe deferred
[    1.923080] probe of 31000000.dpu returned 0 after 36 usecs
[    1.923203] probe of sprd_backlight returned 0 after 57 usecs
[    1.923224] [drm] backlight is not ready, panel probe deferred
[    1.923227] probe of 31100000.dsi.0 returned 0 after 11 usecs
[    1.923246] probe of 36000000.jpg-codec returned 1 after 1673 usecs
[    1.923260] sprd_campd_r8p0: 202 108 sprd_cam_domain_disable : cb (____ptrval____)
[    1.923661] sprd_campd_r8p0: 202 158 sprd_cam_pw_off : Done, read count 1, cb: sprd_cam_pw_off.3+0xa0/0x12c [sprd_camsys_pw_domain]
[    1.923729] initcall jpg_clk_disable+0xec/0x10c [jpg] returned 0 after 2229 usecs
[    1.923804] init: Loaded kernel module /lib/modules/jpg.ko
[    1.923899] init: Loading module /lib/modules/leds-sc27xx-bltc.ko with args ''
[    1.925813] calling  sc27xx_led_pattern_clear+0xb4/0xd0 [leds_sc27xx_bltc] @ 1
[    1.926314] sprd-dpu-drv 31000000.dpu: ignoring dependency for device, assuming no driver
[    1.926326] [drm] backlight is not ready, dpu probe deferred
[    1.926332] probe of 31000000.dpu returned 0 after 29 usecs
[    1.926451] probe of sprd_backlight returned 0 after 56 usecs
[    1.926471] [drm] backlight is not ready, panel probe deferred
[    1.926475] probe of 31100000.dsi.0 returned 0 after 11 usecs
[    1.926496] probe of 64200000.spi:pmic@0:led-controller@180 returned 1 after 418 usecs
[    1.926591] initcall sc27xx_led_pattern_clear+0xb4/0xd0 [leds_sc27xx_bltc] returned 0 after 754 usecs
[    1.926652] init: Loaded kernel module /lib/modules/leds-sc27xx-bltc.ko
[    1.926734] init: Loading module /lib/modules/ledtrig-pattern.ko with args ''
[    1.928691] calling  pattern_trig_timer_function+0x1f4/0x1f8 [ledtrig_pattern] @ 1
[    1.928735] initcall pattern_trig_timer_function+0x1f4/0x1f8 [ledtrig_pattern] returned 0 after 38 usecs
[    1.928779] init: Loaded kernel module /lib/modules/ledtrig-pattern.ko
[    1.928877] init: Loading module /lib/modules/zsmalloc.ko with args ''
[    1.931422] calling  zs_init_fs_context+0x70/0x88 [zsmalloc] @ 1
[    1.931481] initcall zs_init_fs_context+0x70/0x88 [zsmalloc] returned 0 after 49 usecs
[    1.931532] init: Loaded kernel module /lib/modules/zsmalloc.ko
[    1.931571] init: Loading module /lib/modules/zram.ko with args ''
[    1.934608] calling  zram_dedup_deinit+0x38/0xc4 [zram] @ 1
[    1.934823] zram: Added device: zram0
[    1.934832] initcall zram_dedup_deinit+0x38/0xc4 [zram] returned 0 after 209 usecs
[    1.934883] init: Loaded kernel module /lib/modules/zram.ko
[    1.934968] init: Loading module /lib/modules/spi-sprd.ko with args ''
[    1.937268] calling  sprd_spi_wait_for_rx_end+0xf0/0x114 [spi_sprd] @ 1
[    1.937470] sprd-spi 20120000.spi: request RX DMA channel failed!
[    1.937472] sprd-spi 20120000.spi: failed to request dma, enter no dma mode, ret = -19
[    1.937860] sprd-dpu-drv 31000000.dpu: ignoring dependency for device, assuming no driver
[    1.937884] [drm] backlight is not ready, dpu probe deferred
[    1.937890] probe of 31000000.dpu returned 0 after 48 usecs
[    1.938018] probe of sprd_backlight returned 0 after 61 usecs
[    1.938039] [drm] backlight is not ready, panel probe deferred
[    1.938042] probe of 31100000.dsi.0 returned 0 after 10 usecs
[    1.938060] probe of 20120000.spi returned 1 after 702 usecs
[    1.938124] sprd-spi 20150000.spi: request RX DMA channel failed!
[    1.938126] sprd-spi 20150000.spi: failed to request dma, enter no dma mode, ret = -19
[    1.938524] sprd-dpu-drv 31000000.dpu: ignoring dependency for device, assuming no driver
[    1.938533] [drm] backlight is not ready, dpu probe deferred
[    1.938537] probe of 31000000.dpu returned 0 after 22 usecs
[    1.938637] probe of sprd_backlight returned 0 after 42 usecs
[    1.938652] [drm] backlight is not ready, panel probe deferred
[    1.938655] probe of 31100000.dsi.0 returned 0 after 7 usecs
[    1.938668] probe of 20150000.spi returned 1 after 599 usecs
[    1.938970] initcall sprd_spi_wait_for_rx_end+0xf0/0x114 [spi_sprd] returned 0 after 1651 usecs
[    1.939042] init: Loaded kernel module /lib/modules/spi-sprd.ko
[    1.939146] init: Loading module /lib/modules/pwm-sprd.ko with args ''
[    1.941109] calling  sprd_pwm_get_state+0x17c/0x194 [pwm_sprd] @ 1
[    1.941356] sprd-pwm 643f0000.pwm: Failed to get clk 'enable3': -2
[    1.941515] sprd-dpu-drv 31000000.dpu: ignoring dependency for device, assuming no driver
[    1.941526] [drm] backlight is not ready, dpu probe deferred
[    1.941532] probe of 31000000.dpu returned 0 after 27 usecs
[    1.941721] probe of sprd_backlight returned 1 after 126 usecs
[    1.941773] sprd-mipi-panel-drv 31100000.dsi.0: 31100000.dsi.0 supply power not found, using dummy regulator
[    1.941844] [drm] lcd name: lcd_icnl9911c_mdt_mipi_hdp
[    1.941902] [drm] info->num_buildin_modes = 2
[    1.941971] [drm] sprd_dsi_host_attach()
[    1.942036] probe of 31100000.dsi.0 returned 1 after 308 usecs
[    1.942086] sprd-dpu-drv 31000000.dpu: ignoring dependency for device, assuming no driver
[    1.942236] [drm] sprd_drm_bind()
[    1.942309] [drm] sprd_dpu_bind()
[    1.942387] [drm] dpu irq_num = 51
[    1.942408] [drm] dpu attach dsi
[    1.942459] sprd-drm-drv display-subsystem: bound 31000000.dpu (ops dpu_component_ops [sprd_drm])
[    1.942481] [drm] dsi irq0 num = 53
[    1.942494] [drm] dsi irq1 num = 54
[    1.942531] sprd-drm-drv display-subsystem: bound 31100000.dsi (ops dsi_component_ops [sprd_drm])
[    1.942540] sprd-gsp: gsp_dev_sysfs_init()-create gsp sysfs attribute: core_cnt success
[    1.942543] sprd-gsp: gsp_dev_sysfs_init()-create gsp sysfs attribute: dev_state success
[    1.942546] sprd-gsp: gsp_interface_attach()-gsp interface name: qogirl6
[    1.942586] sprd-gsp: gsp_r8p0_core_parse_dt()-gsp_ctl_reg_base: 0x(____ptrval____)
[    1.942611] sprd-gsp: gsp_workqueue_load()-workqueue load kcfg[0]
[    1.942612] sprd-gsp: gsp_workqueue_load()-workqueue load kcfg[1]
[    1.942613] sprd-gsp: gsp_workqueue_load()-workqueue load kcfg[2]
[    1.942615] sprd-gsp: gsp_workqueue_load()-workqueue load kcfg[3]
[    1.942616] sprd-gsp: gsp_workqueue_load()-workqueue load kcfg[4]
[    1.942617] sprd-gsp: gsp_workqueue_load()-workqueue load kcfg[5]
[    1.942618] sprd-gsp: gsp_workqueue_load()-workqueue load kcfg[6]
[    1.942619] sprd-gsp: gsp_workqueue_load()-workqueue load kcfg[7]
[    1.942620] sprd-gsp: gsp_workqueue_load()-workqueue load kcfg[8]
[    1.942621] sprd-gsp: gsp_workqueue_load()-workqueue load kcfg[9]
[    1.942622] sprd-gsp: gsp_workqueue_load()-workqueue load kcfg[10]
[    1.942622] sprd-gsp: gsp_workqueue_load()-workqueue load kcfg[11]
[    1.942623] sprd-gsp: gsp_workqueue_load()-workqueue load kcfg[12]
[    1.942624] sprd-gsp: gsp_workqueue_load()-workqueue load kcfg[13]
[    1.942625] sprd-gsp: gsp_workqueue_load()-workqueue load kcfg[14]
[    1.942626] sprd-gsp: gsp_workqueue_load()-workqueue load kcfg[15]
[    1.942628] sprd-gsp: gsp_sync_timeline_create()-create timeline: gsp-core[0]
[    1.942633] sprd-gsp: gsp_core_sysfs_init()-create core[0] sysfs attribute: core_state success
[    1.942636] sprd-gsp: gsp_core_sysfs_init()-create core[0] sysfs attribute: total_kcfg_num success
[    1.942638] sprd-gsp: gsp_core_sysfs_init()-create core[0] sysfs attribute: empty_kcfg_num success
[    1.942640] sprd-gsp: gsp_core_sysfs_init()-create core[0] sysfs attribute: fill_kcfg_num success
[    1.942674] probe of 643f0000.pwm returned 1 after 1411 usecs
[    1.942877] initcall sprd_pwm_get_state+0x17c/0x194 [pwm_sprd] returned 0 after 1719 usecs
[    1.942940] init: Loaded kernel module /lib/modules/pwm-sprd.ko
[    1.943013] sprd-gsp sprd-gsp: gsp_dev_init()-initialize core[0] success
[    1.943019] sprd-gsp sprd-gsp: sprd_gsp_bind()-dev bind success
[    1.943054] sprd-drm-drv display-subsystem: bound sprd-gsp (ops gsp_component_ops [sprd_gsp])
[    1.943056] [drm] Supports vblank timestamp caching Rev 2 (21.10.2013).
[    1.943057] [drm] No driver support for vblank timestamp query.
[    1.943060] [drm] sprd_plane_reset()
[    1.943061] [drm] sprd_plane_reset()
[    1.943062] [drm] sprd_plane_reset()
[    1.943063] [drm] sprd_plane_reset()
[    1.943065] [drm] sprd_crtc_reset()
[    1.943196] [drm] Initialized sprd 1.0.0 20200201 for display-subsystem on minor 0
[    1.943263] init: Loading module /lib/modules/rtc-sc27xx.ko with args ''
[    1.943540] probe of 31000000.dpu returned 1 after 1461 usecs
[    1.945435] calling  sprd_rtc_get_secs+0x130/0x158 [rtc_sc27xx] @ 1
[    1.946077] probe of alarmtimer.0.auto returned 1 after 29 usecs
[    1.946085] sprd-rtc 64200000.spi:pmic@0:rtc@200: registered as rtc0
[    1.946146] sprd_time_sync sprd_time_sync: send monotime_ns=1946127882 boottime_ns=1946127959 realtime_s=7277 ts_cnt=158017367 sysfrt_cnt=7024 minuteswest=0 dsttime=0 to userspace
[    1.946377] sprd-rtc 64200000.spi:pmic@0:rtc@200: setting system clock to 1970-01-01T02:01:17 UTC (7277)
[    1.946396] probe of 64200000.spi:pmic@0:rtc@200 returned 1 after 701 usecs
[    1.946487] initcall sprd_rtc_get_secs+0x130/0x158 [rtc_sc27xx] returned 0 after 1022 usecs
[    1.946533] init: Loaded kernel module /lib/modules/rtc-sc27xx.ko
[    1.946623] init: Loading module /lib/modules/sc27xx_adc.ko with args ''
[    1.948715] calling  sc27xx_adc_read+0x2b0/0x2b8 [sc27xx_adc] @ 1
[    1.989680] probe of 64200000.spi:pmic@0:adc@504 returned 1 after 40636 usecs
[    1.989789] initcall sc27xx_adc_read+0x2b0/0x2b8 [sc27xx_adc] returned 0 after 40103 usecs
[    1.989848] init: Loaded kernel module /lib/modules/sc27xx_adc.ko
[    1.989942] init: Loading module /lib/modules/sc27xx-poweroff.ko with args ''
[    1.991860] calling  sc27xx_poweroff_shutdown+0x184/0x198 [sc27xx_poweroff] @ 1
[    1.992281] probe of 64200000.spi:pmic@0:poweroff@1820 returned 1 after 61 usecs
[    1.992359] initcall sc27xx_poweroff_shutdown+0x184/0x198 [sc27xx_poweroff] returned 0 after 482 usecs
[    1.992409] init: Loaded kernel module /lib/modules/sc27xx-poweroff.ko
[    1.992487] init: Loading module /lib/modules/sc27xx-vibra.ko with args ''
[    1.994387] calling  sc27xx_vibra_play+0x3c/0x54 [sc27xx_vibra] @ 1
[    1.994728] input: sc27xx:vibrator as /devices/platform/soc/soc:aon/64200000.spi/spi_master/spi4/spi4.0/64200000.spi:pmic@0:vibrator@1b90/input/input31
[    1.994780] probe of 64200000.spi:pmic@0:vibrator@1b90 returned 1 after 142 usecs
[    1.994839] initcall sc27xx_vibra_play+0x3c/0x54 [sc27xx_vibra] returned 0 after 436 usecs
[    1.994881] init: Loaded kernel module /lib/modules/sc27xx-vibra.ko
[    1.994950] init: Loading module /lib/modules/sc27xx_typec.ko with args ''
[    1.996961] calling  sc27xx_typec_interrupt+0x228/0x23c [sc27xx_typec] @ 1
[    2.024422] probe of 64200000.spi:pmic@0:typec@380 returned 1 after 27228 usecs
[    2.024509] initcall sc27xx_typec_interrupt+0x228/0x23c [sc27xx_typec] returned 0 after 26895 usecs
[    2.024521] sc27xx-typec 64200000.spi:pmic@0:typec@380: now works as DRP and is in 8 state, event 1
[    2.024584] init: Loaded kernel module /lib/modules/sc27xx_typec.ko
[    2.024720] init: Loading module /lib/modules/sprd_tcpm.ko with args ''
[    2.028051] init: Loaded kernel module /lib/modules/sprd_tcpm.ko
[    2.028139] init: Loading module /lib/modules/sc27xx_pd.ko with args ''
[    2.030379] calling  sc27xx_pd_read_message+0x294/0x2fc [sc27xx_pd] @ 1
[    2.076096] sc27xx-typec-pd 64200000.spi:pmic@0:pd@e00: 64200000.spi:pmic@0:pd@e00 supply vbus not found, using dummy regulator
[    2.076203] sc27xx-typec-pd 64200000.spi:pmic@0:pd@e00: unable to get vddldo supply
[    2.077271] OF: graph: no port node found in /soc/aon/spi@64200000/pmic@0/pd@e00
[    2.077376] OF: graph: no port node found in /soc/aon/spi@64200000/pmic@0/pd@e00/connector
[    2.077378] OF: graph: no port node found in /soc/aon/spi@64200000/pmic@0/pd@e00/connector
[    2.077426] OF: graph: no port node found in /soc/aon/spi@64200000/pmic@0/pd@e00/connector
[    2.077443] OF: graph: no port node found in /soc/aon/spi@64200000/pmic@0/pd@e00/connector
[    2.077459] OF: graph: no port node found in /soc/aon/spi@64200000/pmic@0/pd@e00/connector
[    2.077474] OF: graph: no port node found in /soc/aon/spi@64200000/pmic@0/pd@e00/connector
[    2.077486] OF: graph: no port node found in /soc/aon/spi@64200000/pmic@0/pd@e00/connector
[    2.077676] sc27xx-typec-pd 64200000.spi:pmic@0:pd@e00: pd := off
[    2.077678] sc27xx-typec-pd 64200000.spi:pmic@0:pd@e00: vbus is already Off
[    2.077681] sc27xx-typec-pd 64200000.spi:pmic@0:pd@e00: charge is already Off
[    2.077683] sc27xx-typec-pd 64200000.spi:pmic@0:pd@e00: vconn NULL!!!
[    2.077816] probe of 64200000.spi:pmic@0:pd@e00 returned 1 after 47129 usecs
[    2.077860] sc27xx-typec-pd 64200000.spi:pmic@0:pd@e00: pd := off
[    2.077864] sc27xx-typec-pd 64200000.spi:pmic@0:pd@e00: vbus is already Off
[    2.077867] sc27xx-typec-pd 64200000.spi:pmic@0:pd@e00: charge is already Off
[    2.077870] sc27xx-typec-pd 64200000.spi:pmic@0:pd@e00: vconn NULL!!!
[    2.077909] initcall sc27xx_pd_read_message+0x294/0x2fc [sc27xx_pd] returned 0 after 46405 usecs
[    2.077984] init: Loaded kernel module /lib/modules/sc27xx_pd.ko
[    2.078075] init: Loading module /lib/modules/sprd_vote.ko with args ''
[    2.080212] init: Loaded kernel module /lib/modules/sprd_vote.ko
[    2.080278] init: Loading module /lib/modules/sprd_battery_info.ko with args ''
[    2.082286] init: Loaded kernel module /lib/modules/sprd_battery_info.ko
[    2.082365] init: Loading module /lib/modules/charger-manager.ko with args ''
[    2.082887] mmc1: dll config 0xa0250d03, dll count 40, tuning length: 60
[    2.086167] calling  cm_set_charge_control_limit+0xbc/0x15c [charger_manager] @ 1
[    2.086380] mmc1: the best tuning step range 18-5(the length is 28)
[    2.086382] mmc1: the best step 32, phase 0xcc, delay value 0x72cccc7f
[    2.086387] mmc1: Host Software Queue enabled
[    2.086394] mmc1: new ultra high speed SDR104 SDXC card at address 0001
[    2.086585] charger-manager charger-manager: cm_cap_remap_init_boundary, cap_remap_table[0].lb =1000,cap_remap_table[0].hb = 4000
[    2.086590] charger-manager charger-manager: cap_remap_table[0].lcap= 1,cap_remap_table[0].hcap = 2,cap_remap_table[0].cnt= 3
[    2.086594] charger-manager charger-manager: cm_cap_remap_init_boundary, cap_remap_table[1].lb =4000,cap_remap_table[1].hb = 6000
[    2.086598] charger-manager charger-manager: cap_remap_table[1].lcap= 2,cap_remap_table[1].hcap = 3,cap_remap_table[1].cnt= 2
[    2.086602] charger-manager charger-manager: cm_cap_remap_init_boundary, cap_remap_table[2].lb =101000,cap_remap_table[2].hb = 103000
[    2.086605] charger-manager charger-manager: cap_remap_table[2].lcap= 98,cap_remap_table[2].hcap = 99,cap_remap_table[2].cnt= 2
[    2.086609] charger-manager charger-manager: cm_cap_remap_init_boundary, cap_remap_table[3].lb =103000,cap_remap_table[3].hb = 106000
[    2.086613] charger-manager charger-manager: cap_remap_table[3].lcap= 99,cap_remap_table[3].hcap = 100,cap_remap_table[3].cnt= 3
[    2.086616] charger-manager charger-manager: cap_remap_total_cnt =106, cap_remap_table_len = 4
[    2.086632] charger-manager charger-manager: Ignoring full-battery soc(state of charge) threshold as it is not supplied
[    2.086738] charger-manager charger-manager: Cannot find power supply "sgm41510_charger"
[    2.086755] probe of charger-manager returned 0 after 241 usecs
[    2.087016] mmcblk1: mmc1:0001 EC2QT 59.6 GiB 
[    2.087370] initcall cm_set_charge_control_limit+0xbc/0x15c [charger_manager] returned 0 after 1151 usecs
[    2.087494] init: Loaded kernel module /lib/modules/charger-manager.ko
[    2.087577] init: Loading module /lib/modules/sc27xx_fuel_gauge.ko with args ''
[    2.090773] calling  sc27xx_fgu_property_is_writeable+0x34/0x48 [sc27xx_fuel_gauge] @ 1
[    2.091393] power_supply sc27xx-fgu: Mmatch: bat.id= fail in cmdline
[    2.091395] power_supply sc27xx-fgu: Batteryid = 0
[    2.091435] power_supply sc27xx-fgu: engy_dens_ocv_hi = 3800000, engy_dens_ocv_lo = 3350000
[    2.091437] power_supply sc27xx-fgu: engy_dens_ocv_hi = 4390000, engy_dens_ocv_lo = 4150000
[    2.091541] sc27xx-fgu 64200000.spi:pmic@0:fgu@c00: shutdown_rtc_time = -1, charge_cycle = -1, basp = -1, learned_mah = -1
[    2.110862] sc27xx-fgu 64200000.spi:pmic@0:fgu@c00: oci_ma = 0, vol_mv = 3795, pocv = 3795000
[    2.112245] sc27xx-fgu 64200000.spi:pmic@0:fgu@c00: First_poweron: pocv_uv = 3795000, cap = 342
[    2.113168] sc27xx-fgu 64200000.spi:pmic@0:fgu@c00: end_vol = 4295, end_cur = 130
[    2.113522] charger-manager charger-manager: cm_cap_remap_init_boundary, cap_remap_table[0].lb =1000,cap_remap_table[0].hb = 4000
[    2.113525] charger-manager charger-manager: cap_remap_table[0].lcap= 1,cap_remap_table[0].hcap = 2,cap_remap_table[0].cnt= 3
[    2.113529] charger-manager charger-manager: cm_cap_remap_init_boundary, cap_remap_table[1].lb =4000,cap_remap_table[1].hb = 6000
[    2.113532] charger-manager charger-manager: cap_remap_table[1].lcap= 2,cap_remap_table[1].hcap = 3,cap_remap_table[1].cnt= 2
[    2.113534] charger-manager charger-manager: cm_cap_remap_init_boundary, cap_remap_table[2].lb =101000,cap_remap_table[2].hb = 103000
[    2.113537] charger-manager charger-manager: cap_remap_table[2].lcap= 98,cap_remap_table[2].hcap = 99,cap_remap_table[2].cnt= 2
[    2.113538] charger-manager charger-manager: cm_cap_remap_init_boundary, cap_remap_table[3].lb =103000,cap_remap_table[3].hb = 106000
[    2.113541] charger-manager charger-manager: cap_remap_table[3].lcap= 99,cap_remap_table[3].hcap = 100,cap_remap_table[3].cnt= 3
[    2.113543] charger-manager charger-manager: cap_remap_total_cnt =106, cap_remap_table_len = 4
[    2.113552] charger-manager charger-manager: Ignoring full-battery soc(state of charge) threshold as it is not supplied
[    2.113616] charger-manager charger-manager: Cannot find power supply "sgm41510_charger"
[    2.113625] probe of charger-manager returned 0 after 159 usecs
[    2.113650] probe of 64200000.spi:pmic@0:fgu@c00 returned 1 after 22529 usecs
[    2.113758] initcall sc27xx_fgu_property_is_writeable+0x34/0x48 [sc27xx_fuel_gauge] returned 0 after 22434 usecs
[    2.113841] init: Loaded kernel module /lib/modules/sc27xx_fuel_gauge.ko
[    2.113937] init: Loading module /lib/modules/sgm41510-charger.ko with args ''
[    2.116416] calling  sgm41510_charger_vbus_is_enabled+0x58/0xcc [sgm41510_charger] @ 1
[    2.116485] sgm41510_chg 5-006b: pd_extcon_enable :1
[    2.116913] power_supply sgm41510_charger: Mmatch: bat.id= fail in cmdline
[    2.116915] power_supply sgm41510_charger: Batteryid = 0
[    2.116973] mmcblk1: p1
[    2.117392] probe of mmc1:0001 returned 1 after 30921 usecs
[    2.117764] charger-manager charger-manager: cm_cap_remap_init_boundary, cap_remap_table[0].lb =1000,cap_remap_table[0].hb = 4000
[    2.117767] power_supply sgm41510_charger: engy_dens_ocv_hi = 3800000, engy_dens_ocv_lo = 3350000
[    2.117771] charger-manager charger-manager: cap_remap_table[0].lcap= 1,cap_remap_table[0].hcap = 2,cap_remap_table[0].cnt= 3
[    2.117773] power_supply sgm41510_charger: engy_dens_ocv_hi = 4390000, engy_dens_ocv_lo = 4150000
[    2.117775] charger-manager charger-manager: cm_cap_remap_init_boundary, cap_remap_table[1].lb =4000,cap_remap_table[1].hb = 6000
[    2.117778] charger-manager charger-manager: cap_remap_table[1].lcap= 2,cap_remap_table[1].hcap = 3,cap_remap_table[1].cnt= 2
[    2.117780] charger-manager charger-manager: cm_cap_remap_init_boundary, cap_remap_table[2].lb =101000,cap_remap_table[2].hb = 103000
[    2.117783] charger-manager charger-manager: cap_remap_table[2].lcap= 98,cap_remap_table[2].hcap = 99,cap_remap_table[2].cnt= 2
[    2.117785] charger-manager charger-manager: cm_cap_remap_init_boundary, cap_remap_table[3].lb =103000,cap_remap_table[3].hb = 106000
[    2.117787] charger-manager charger-manager: cap_remap_table[3].lcap= 99,cap_remap_table[3].hcap = 100,cap_remap_table[3].cnt= 3
[    2.117789] charger-manager charger-manager: cap_remap_total_cnt =106, cap_remap_table_len = 4
[    2.117796] charger-manager charger-manager: Ignoring full-battery soc(state of charge) threshold as it is not supplied
[    2.117853] charger-manager charger-manager: Cannot validate charge voltage
[    2.117896] charger-manager charger-manager: POWER_SUPPLY_PROP_CURRENT_NOW is present
[    2.119134] charger-manager charger-manager: POWER_SUPPLY_PROP_TEMP is present
[    2.119139] charger-manager charger-manager: 'vddgen0' regulator's externally_control is 0
[    2.119553] power_supply battery: Mmatch: bat.id= fail in cmdline
[    2.119554] power_supply battery: Batteryid = 0
[    2.119593] power_supply battery: engy_dens_ocv_hi = 3800000, engy_dens_ocv_lo = 3350000
[    2.119594] power_supply battery: engy_dens_ocv_hi = 4390000, engy_dens_ocv_lo = 4150000
[    2.119607] charger-manager charger-manager: SPRD_BATTERY_INFO: internal_resist = 193, us = 4432000, constant_charge_voltage_max_uv = 4432000, fchg_ocv_threshold = 4100000, cp_target_vbat = 4432000, cp_max_ibat = 5000000, cp_target_ibat = 5000000 cp_max_ibus = 2700000, sdp_limit = 500000, sdp_cur = 500000, dcp_limit = 2200000, dcp_cur = 2000000, cdp_limit = 1500000, cdp_cur = 1500000, unknown_limit=2000000, unknown_cur = 2000000. fchg_limit = 2000000, fchg_cur = 3350000, flash_limit = 2700000, flash_cur = 5000000, wl_bpp_limit = 1000000, wl_bpp_cur= 1000000, wl_epp_limit = 1000000, wl_epp_cur = 2000000, fullbatt_uV= 4370000, fullbatt_uA= 260000, cm->desc->first_fullbatt_uA = 260000, us_upper_limit = 4500000, rc = 20, cp_upper_limit_offset = 100000, force_jeita_status = 2
[    2.119632] charger-manager charger-manager: battery_status 2, charging_status 0
[    2.119677] probe of charger-manager returned 1 after 1979 usecs
[    2.120470] sgm41510_chg 5-006b: battery present = 1, charger type = 1
[    2.120482] charger-manager charger-manager: cm_update_charge_info, chgr type = 1, fchg_en = 0, cp_running = 0, cp_recovery = 0 max chg_lmt_cur = 500000uA, max inpt_lmt_cur = 500000uA, max chg_volt = 6000000uV, chg_volt_drop = 700000, adapter_chg_volt = 5000mV, thm_cur = -22, chg_info_cmd = 0xb, jeita_size = 4
[    2.120486] charger-manager charger-manager: cm_sprd_vote_callback, VOTE_TYPE_IBAT[500000]
[    2.121173] sgm41510_chg 5-006b: current = 500, reg_val = 7
[    2.121177] charger-manager charger-manager: cm_sprd_vote_callback, VOTE_TYPE_IBUS[500000]
[    2.121205] probe of 5-006b returned 1 after 4751 usecs
[    2.121244] initcall sgm41510_charger_vbus_is_enabled+0x58/0xcc [sgm41510_charger] returned 0 after 4703 usecs
[    2.121326] init: Loaded kernel module /lib/modules/sgm41510-charger.ko
[    2.121429] init: Loading module /lib/modules/bq2597x-charger.ko with args ''
[    2.121909] charger-manager charger-manager: cm_manager_get_jeita_status: jeita status:(2) 2 2, temperature:296, jeita_size:4
[    2.121913] charger-manager charger-manager: target terminate voltage = 4432000, target current = 500000
[    2.121915] charger-manager charger-manager: cm_sprd_vote_callback, VOTE_TYPE_IBAT[500000]
[    2.122157] sgm41510_chg 5-006b: current = 500, reg_val = 7
[    2.122160] charger-manager charger-manager: cm_sprd_vote_callback, VOTE_TYPE_CCCV[4432000]
[    2.122413] charger-manager charger-manager: cm_manager_get_jeita_status: jeita status:(2) 2 2, temperature:296, jeita_size:4
[    2.122417] charger-manager charger-manager: current-last jeita status: 2--1, current temperature: 296
[    2.122419] charger-manager charger-manager: target terminate voltage = 4432000, target current = 500000
[    2.122422] vote_gov:VOTE_TYPE_IBAT vote the same vote_client[0].value = 500000, value = 500000; vote_client[0].enable = 1, enable = 1
[    2.122424] vote_gov:VOTE_TYPE_CCCV vote the same vote_client[0].value = 4432000, value = 4432000; vote_client[0].enable = 1, enable = 1
[    2.123635] calling  bq2597x_check_alarm_status+0x410/0x458 [bq2597x_charger] @ 1
[    2.123682] initcall bq2597x_check_alarm_status+0x410/0x458 [bq2597x_charger] returned 0 after 41 usecs
[    2.123748] init: Loaded kernel module /lib/modules/bq2597x-charger.ko
[    2.123832] init: Loading module /lib/modules/sc2730_fast_charger.ko with args ''
[    2.125259] vote_gov:VOTE_TYPE_CCCV vote the same vote_client[1].value = 0, value = 0; vote_client[1].enable = 0, enable = 0
[    2.125263] charger-manager charger-manager: cm_ir_compensation_enable enable ir compensation
[    2.125284] charger-manager charger-manager: Cannot find power supply "sc2730_fast_charger"
[    2.125286] charger-manager charger-manager: battery_status 1, charging_status 0
[    2.125694] calling  sc2730_fchg_disable+0xdc/0x114 [sc2730_fast_charger] @ 1
[    2.126236] probe of 64200000.spi:pmic@0:fchg@400 returned 1 after 212 usecs
[    2.126334] initcall sc2730_fchg_disable+0xdc/0x114 [sc2730_fast_charger] returned 0 after 618 usecs
[    2.126391] init: Loaded kernel module /lib/modules/sc2730_fast_charger.ko
[    2.126474] init: Loading module /lib/modules/hl1506_charger.ko with args ''
[    2.128195] calling  hl1506_charger_property_is_writeable+0x38/0x5c [hl1506_charger] @ 1
[    2.128239] initcall hl1506_charger_property_is_writeable+0x38/0x5c [hl1506_charger] returned 0 after 39 usecs
[    2.128279] init: Loaded kernel module /lib/modules/hl1506_charger.ko
[    2.128349] init: Loading module /lib/modules/nu1619_wireless_charger.ko with args ''
[    2.128930] sc27xx-fgu 64200000.spi:pmic@0:fgu@c00: UUSOC: cur_avg_ma = 137, resistance_moh = 0, ocv_pzero_uv = 3400000, ocv_pzero_cap = 0, ocv_pzero_mah = 0
[    2.129894] power_supply sc27xx-fgu: driver failed to report `calibrate' property: -22
[    2.130921] calling  nu1619_prop_is_writeable+0x20/0x7c [nu1619_wireless_charger] @ 1
[    2.130964] initcall nu1619_prop_is_writeable+0x20/0x7c [nu1619_wireless_charger] returned 0 after 37 usecs
[    2.131006] init: Loaded kernel module /lib/modules/nu1619_wireless_charger.ko
[    2.131069] init: Loading module /lib/modules/misc_sprd_uid.ko with args ''
[    2.132905] calling  uid_show+0x50/0x64 [misc_sprd_uid] @ 1
[    2.133064] probe of sprd_uid returned 1 after 109 usecs
[    2.133377] initcall uid_show+0x50/0x64 [misc_sprd_uid] returned 0 after 456 usecs
[    2.133429] init: Loaded kernel module /lib/modules/misc_sprd_uid.ko
[    2.133510] init: Loading module /lib/modules/chipone_tddi.ko with args ''
[    2.141448] calling  __typeid__ZTSFiPK10cts_devicejjmE_global_addr+0x144/0x5d4 [chipone_tddi] @ 1
[    2.141452] <I>CTS-Driver Chipone touch driver init, version: v1.36.3
[    2.141454] <I>CTS-Driver  - Register spi driver
[    2.141525] <I>CTS-SPIDrv Probe spi device 'chipone-tddi': mode='0' speed=10000000 bits_per_word=8 chip_select=0, cs_gpio=-2 irq=92
[    2.141528] <I>CTS-Plat Init
[    2.141529] <I>CTS-Plat Parse device tree
[    2.141539] <I>CTS-Plat   int gpio    : 208
[    2.141542] <I>CTS-Plat   irq num     : 92
[    2.141546] <I>CTS-Plat   rst gpio    : 209
[    2.141549] <I>CTS-Plat   X resolution: 720
[    2.141550] <I>CTS-Plat   Y resolution: 1600
[    2.141629] input: chipone-tddi as /devices/platform/soc/soc:ap-apb/20150000.spi/spi_master/spi3/spi3.0/input/input32
[    2.142119] <I>CTS-Plat Run thread for IRQ success
[    2.142287] <I>CTS-Plat Request resource
[    2.142300] <I>CTS-Plat Reset device
[    2.142331] <I>CTS-Plat IRQ thread start ...
[    2.193322] <I>CTS-Core Probe device
[    2.193550] <W>CTS-Core Normal mode spi addr is offline
[    2.193551] <I>CTS-Core Get device hardware id
[    2.193552] <I>CTS-Core Device hardware data not initialized, try to read from register
[    2.193555] <I>CTS-Core Enter program mode
[    2.193556] <I>CTS-Plat Reset device
[    2.227480] sgm41510_chg 5-006b: sgm41510_charger_dump_register: [REG_0x00]=0x04; [REG_0x01]=0x06; [REG_0x02]=0x11; [REG_0x03]=0x1a; [REG_0x04]=0x07; [REG_0x05]=0x12; [REG_0x06]=0x96; [REG_0x07]=0x9f; [REG_0x08]=0x03; [REG_0x09]=0x44; [REG_0x0a]=0x70; [REG_0x0b]=0x56; [REG_0x0c]=0x00; [REG_0x0d]=0x8d; [REG_0x0e]=0x00; [REG_0x0f]=0x00; [REG_0x10]=0x00; [REG_0x11]=0x80; [REG_0x12]=0x00; [REG_0x13]=0x40; [REG_0x14]=0x00; [REG_0x15]=0x0c; 
[    2.244680] <I>CTS-Core Curr dev boot mode: 5(SPI_PROGRAM-BOOT)
[    2.244766] <I>CTS-Core Device hardware id: 991110
[    2.244768] <I>CTS-Core Init hardware data hwid: 991110 fwid: ffff
[    2.244788] <I>CTS-Plat Init touch device
[    2.244789] <I>CTS-Plat Init gesture
[    2.244791] <I>CTS-Core Init ESD protection
[    2.244792] <I>CTS-Tool Init
[    2.244795] <I>CTS-Sysfs Add device attr groups
[    2.244856] <I>CTS-CDev Init
[    2.244864] <I>CTS-CDev Allocated cdev major: 491, minor: 0
[    2.244898] <I>CTS-Driver Init FB notifier
[    2.244899] <I>CTS-Plat Request IRQ flags: 0x2002
[    2.244941] <I>CTS-Charger Init detect
[    2.244942] <I>CTS-Charger Parse dt
[    2.244946] <W>CTS-Charger Parse charger detect type failed -22(EINVAL, Invalid argument)
[    2.244948] <W>CTS-Charger Parse power supply name failed -22(EINVAL, Invalid argument)
[    2.244952] <W>CTS-Charger Parse power supply prop failed -22(EINVAL, Invalid argument)
[    2.244954] <W>CTS-Charger Parse power supply prop polling interval failed -22(EINVAL, Invalid argument)
[    2.244956] <I>CTS-Charger Detect: DISABLED
[    2.244958] <I>CTS-Charger   Type    : notify
[    2.244960] <I>CTS-Charger   PSY Name: usb, prop: 4(POWER_SUPPLY_PROP_ONLINE)
[    2.244961] <I>CTS-Charger   Poll Int: 2000ms
[    2.244972] <I>CTS-Charger Create sysfs attr group 'charger-det'
[    2.244981] <I>CTS-Earjack Init detect
[    2.244982] <I>CTS-Earjack Parse dt
[    2.244984] <W>CTS-Earjack Parse state filepath failed -22(EINVAL, Invalid argument)
[    2.244985] <W>CTS-Earjack Parse poll interval failed -22(EINVAL, Invalid argument)
[    2.244987] <I>CTS-Earjack Detect: DISABLED
[    2.244987] <I>CTS-Earjack   Filepath: ''
[    2.244988] <I>CTS-Earjack   Poll Int: 2000ms
[    2.244989] <I>CTS-Earjack Create sysfs attr group 'earjack-det'
[    2.244994] <I>CTS-Oem Init
[    2.244995] <I>CTS-Oem  - Create '/proc/tp_selftest'
[    2.244999] <I>CTS-Driver Create sysfs ts_suspend group succesfully!
[    2.245034] probe of spi3.0 returned 1 after 103560 usecs
[    2.245069] initcall __typeid__ZTSFiPK10cts_devicejjmE_global_addr+0x144/0x5d4 [chipone_tddi] returned 0 after 101171 usecs
[    2.245202] init: Loaded kernel module /lib/modules/chipone_tddi.ko
[    2.245299] init: Loading module /lib/modules/musb_hdrc.ko with args ''
[    2.251590] calling  __typeid__ZTSFi19musb_vbus_id_statusE_global_addr+0x10/0x38 [musb_hdrc] @ 1
[    2.251817] initcall __typeid__ZTSFi19musb_vbus_id_statusE_global_addr+0x10/0x38 [musb_hdrc] returned 0 after 206 usecs
[    2.251930] init: Loaded kernel module /lib/modules/musb_hdrc.ko
[    2.252046] init: Loading module /lib/modules/musb_sprd.ko with args ''
[    2.254253] calling  sprd_musb_interrupt+0x244/0x28c [musb_sprd] @ 1
[    2.254594] musb-sprd 64900000.usb: failed to get pmu regmap!
[    2.254732] (NULL device *): sprd_musb_enable:SOFTDISCONN
[    2.284954] musb-hdrc musb-hdrc.1.auto: MUSB HDRC host driver
[    2.284963] musb-hdrc musb-hdrc.1.auto: new USB bus registered, assigned bus number 1
[    2.285030] usb usb1: New USB device found, idVendor=1d6b, idProduct=0002, bcdDevice= 5.04
[    2.285033] usb usb1: New USB device strings: Mfr=3, Product=2, SerialNumber=1
[    2.285035] usb usb1: Product: MUSB HDRC host driver
[    2.285037] usb usb1: Manufacturer: Linux 5.4.254-ab181 musb-hcd
[    2.285039] usb usb1: SerialNumber: musb-hdrc.1.auto
[    2.285168] hub 1-0:1.0: USB hub found
[    2.285185] hub 1-0:1.0: 1 port detected
[    2.285253] probe of 1-0:1.0 returned 1 after 95 usecs
[    2.285283] probe of usb1 returned 1 after 171 usecs
[    2.289502] probe of musb-hdrc.1.auto returned 1 after 34800 usecs
[    2.289608] probe of 64900000.usb returned 1 after 35175 usecs
[    2.289807] initcall sprd_musb_interrupt+0x244/0x28c [musb_sprd] returned 0 after 34710 usecs
[    2.289885] init: Loaded kernel module /lib/modules/musb_sprd.ko
[    2.289985] init: Loading module /lib/modules/agdsp_access.ko with args ''
[    2.292430] calling  agdsp_access_init_thread+0x210/0x220 [agdsp_access] @ 1
[    2.292643] [sprd-aud-agdsp] agdsp_access_probe auto agcp access = 0
[    2.292648] [sprd-aud-agdsp] audcp_pmu_sleep_ctrl:reg:850,mask:8
[    2.292650] [sprd-aud-agdsp] audcp_pmu_slp_status:reg:860,mask:f000
[    2.292651] [sprd-aud-agdsp] audcp_pmu_pwr_status4:reg:544,mask:1f00
[    2.292653] [sprd-aud-agdsp] audcp_pmu_pwr_status3:reg:544,mask:1f0000
[    2.292655] [sprd-aud-agdsp] ap_access_ena:reg:14c,mask:20
[    2.293384] probe of soc:agcp:agdsp-access returned 1 after 767 usecs
[    2.293557] initcall agdsp_access_init_thread+0x210/0x220 [agdsp_access] returned 0 after 1092 usecs
[    2.293564] [sprd-aud-agdsp] Failed to open channel 0,dst=0,rval=-19
[    2.293628] init: Loaded kernel module /lib/modules/agdsp_access.ko
[    2.293746] init: Loading module /lib/modules/audio_mem.ko with args ''
[    2.296134] calling  audio_smem_init+0xd4/0xe4 [audio_mem] @ 1
[    2.296414] [Audio:MEM] dsp_bin (addr, size): (0x89000000, 0x600000)
[    2.296422] [Audio:MEM] audio_mem_sharkl5_parse_dt ddr32 (COMMD_PARAMS), (SMS), (AUD_STRUCT), (DSP_VBC), (SHM_NXP), (SHM_IVS_SMARTPA) (SHM_REG_DUMP)
[    2.296426] [Audio:MEM] ddr32 (addr, size) (0x94380000, 0x400), (0x94380400, 0xa10), (0x94380e10, 0x400), (0x94381210, 0x1400), (0x94382610, 0x400), (0x94382a10, 0x1000), (0x94383a10, 0x400)
[    2.296428] [Audio:MEM] audio_mem_sharkl5_parse_dt iram_ap_base=0x56800000
[    2.296430] [Audio:MEM] audio_mem_sharkl5_parse_dt iram_dsp_base=0x56800000
[    2.296434] [Audio:MEM] audio_mem_sharkl5_parse_dt audio iram(OFFLOAD), (NORMAL_CAP NODE1), (NORMAL_CAP NODE2), (NORMAL_CAP DATA)
[    2.296436] [Audio:MEM] iram(addr size), (0x56800000,0x5c00), (0x56805e00,0x200), (0x56807e00,0x200), (0x56806000,0x1e00)
[    2.296441] [Audio:MEM] iram audcp aon (addr size), (0x65009400, 0x1000)
[    2.296453] [Audio:MEM] audio_mem_sharkl5_probe addr= 0x94380e10, size=0x400
[    2.296454] [Audio:MEM] audio_mem_sharkl5_probe addr= 0x94381210, size=0x1400
[    2.296455] [Audio:MEM] audio_mem_sharkl5_probe addr= 0x94382610, size=0x400
[    2.296456] [Audio:MEM] audio_mem_sharkl5_probe addr= 0x94383a10, size=0x400
[    2.296457] [Audio:MEM] audio_mem_sharkl5_probe addr= 0x94382a10, size=0x1000
[    2.296458] [Audio:MEM] audio_mem_sharkl5_probe addr= 0x94100000, size=0x200000
[    2.296460] [Audio:MEM] audio_mem_sharkl5_probe addr= 0x94380000, size=0x400
[    2.296460] [Audio:MEM] audio_mem_sharkl5_probe addr= 0x94380400, size=0xa10
[    2.296461] [Audio:MEM] audio_mem_sharkl5_probe addr= 0x56800000, size=0x5c00
[    2.296462] [Audio:MEM] audio_mem_sharkl5_probe addr= 0x94300000, size=0x80000
[    2.296463] [Audio:MEM] audio_mem_sharkl5_probe addr= 0x0, size=0x0
[    2.296464] [Audio:MEM] audio_mem_sharkl5_probe addr= 0x0, size=0x0
[    2.296465] [Audio:MEM] audio_mem_sharkl5_probe addr= 0x0, size=0x0
[    2.296466] [Audio:MEM] audio_mem_sharkl5_probe addr= 0x0, size=0x0
[    2.296467] [Audio:MEM] audio_mem_sharkl5_probe addr= 0x0, size=0x0
[    2.296468] [Audio:MEM] audio_mem_sharkl5_probe addr= 0x0, size=0x0
[    2.296469] [Audio:MEM] audio_mem_sharkl5_probe addr= 0x0, size=0x0
[    2.296469] [Audio:MEM] audio_mem_sharkl5_probe addr= 0x56805e00, size=0x200
[    2.296470] [Audio:MEM] audio_mem_sharkl5_probe addr= 0x56807e00, size=0x200
[    2.296471] [Audio:MEM] audio_mem_sharkl5_probe addr= 0x56806000, size=0x1e00
[    2.296472] [Audio:MEM] audio_mem_sharkl5_probe addr= 0x89000000, size=0x600000
[    2.296473] [Audio:MEM] audio_mem_sharkl5_probe addr= 0x65009400, size=0x1000
[    2.296502] probe of audio-mem-mgr returned 1 after 123 usecs
[    2.296660] initcall audio_smem_init+0xd4/0xe4 [audio_mem] returned 0 after 506 usecs
[    2.296717] init: Loaded kernel module /lib/modules/audio_mem.ko
[    2.296799] init: Loading module /lib/modules/audio_sipc.ko with args ''
[    2.299676] calling  aud_smsg_syscore_suspend+0x8c/0x94 [audio_sipc] @ 1
[    2.299880] [Audio:SIPC] audio_sipc_probe in
[    2.299881] [Audio:SIPC] aud_ipc_init
[    2.299883] [Audio:MEM] audio_mem_alloc mem_type=7 addr = 0x94380400, size=0xa10
[    2.299895] [Audio:SIPC] audio_sipc_create: ioremap txbuf: vbase=0xffffffc015001400, pbase=0x94380400, size=0x500
[    2.299896] [Audio:SIPC] audio_sipc_create successfully
[    2.299897] [Audio:MEM] audio_mem_alloc mem_type=6 addr = 0x94380000, size=0x400
[    2.299899] [Audio:MEM] audio_mem_alloc mem_type=0 addr = 0x94380e10, size=0x400
[    2.299903] [Audio:MEM] audio_mem_alloc mem_type=1 addr = 0x94381210, size=0x1400
[    2.299916] [Audio:MEM] audio_mem_alloc mem_type=2 addr = 0x94382610, size=0x400
[    2.299919] [Audio:MEM] audio_mem_alloc mem_type=3 addr = 0x94383a10, size=0x400
[    2.299923] [Audio:MEM] audio_mem_alloc mem_type=4 addr = 0x94382a10, size=0x1000
[    2.299941] unisoc-mailbox 641c0000.mailbox: startup chan-5
[    2.299943] [Audio:SIPC] mailbox request success
[    2.299972] probe of audio-sipc returned 1 after 107 usecs
[    2.300116] initcall aud_smsg_syscore_suspend+0x8c/0x94 [audio_sipc] returned 0 after 420 usecs
[    2.300174] init: Loaded kernel module /lib/modules/audio_sipc.ko
[    2.300220] init: Loading module /lib/modules/audio-dsp-dump.ko with args ''
[    2.302861] calling  _copy_to_user+0x144/0x170 [audio_dsp_dump] @ 1
[    2.303107] [Audio:DSPDUMP] audio_dsp_probe in
[    2.303110] [Audio:DSPDUMP] audio_dsp_parse_dt, no sprd-txblocknum
[    2.303111] [Audio:DSPDUMP] audio_dsp_parse_dt, no sprd-txblocknum
[    2.303115] [Audio:DSPDUMP] audio_dsp_probe:name=audio_dsp_log, dst=1, channel=4
[    2.303117] [Audio:DSPDUMP] txblocknum=0,txblocksize=0 rxblocknum=8,rxblocksize=8192
[    2.303118] [Audio:DSPDUMP] begin to creat sblock
[    2.303121] [Audio:SBLCK] audio_sblock_ch_open aud_smsg_ch_opened dst 1,channel=4
[    2.303126] [Audio:MEM] audio_mem_alloc mem_type=5 addr = 0x94100000, size=0x100e0
[    2.303127] [Audio:SBLCK] audio_sblock_create smem_addr is 0x94100000
[    2.303142] [Audio:SBLCK] summer: audio_sblock_create head size is 96
[    2.303145] [Audio:SBLCK] summer audio_sblock_create:p_rxblks[0].addr 0x94100060, 0xffffffc01501b0a0
[    2.303147] [Audio:SBLCK] summer audio_sblock_create:p_rxblks[1].addr 0x94102060, 0xffffffc01501b0a8
[    2.303149] [Audio:SBLCK] summer audio_sblock_create:p_rxblks[2].addr 0x94104060, 0xffffffc01501b0b0
[    2.303151] [Audio:SBLCK] summer audio_sblock_create:p_rxblks[3].addr 0x94106060, 0xffffffc01501b0b8
[    2.303153] [Audio:SBLCK] summer audio_sblock_create:p_rxblks[4].addr 0x94108060, 0xffffffc01501b0c0
[    2.303154] [Audio:SBLCK] summer audio_sblock_create:p_rxblks[5].addr 0x9410a060, 0xffffffc01501b0c8
[    2.303156] [Audio:SBLCK] summer audio_sblock_create:p_rxblks[6].addr 0x9410c060, 0xffffffc01501b0d0
[    2.303158] [Audio:SBLCK] summer audio_sblock_create:p_rxblks[7].addr 0x9410e060, 0xffffffc01501b0d8
[    2.303159] [Audio:SBLCK] summer : poolhd->rxblk_wrptr 8
[    2.303348] [Audio:SBLCK] audio_sblock_thread: send smem_addr  to dsp,  sblock->channel=4
[    2.303352] [Audio:SMSG] warning aud_smsg_recv cache is empty!
[    2.303356] [Audio:SIPC] aud_recv_cmd channel =4 cmd=33 ENODATA
[    2.303358] [Audio:SIPC] aud_send_msg,cmd: 0x21, value0: 0x1, value1: 0x94100000,
[    2.303360] [Audio:SIPC]  value2: 0x100e0, value3: 0x0
[    2.303362] [Audio:SMSG] aud_smsg_send: dst=1, channel=4
[    2.303364] [Audio:DSPDUMP] dsp_log_tp_probe success  audio_dsp_log
[    2.303390] probe of audio-dsp-dump@0 returned 1 after 300 usecs
[    2.303404] [Audio:DSPDUMP] audio_dsp_probe in
[    2.303407] [Audio:DSPDUMP] audio_dsp_parse_dt, no sprd-txblocknum
[    2.303408] [Audio:DSPDUMP] audio_dsp_parse_dt, no sprd-txblocknum
[    2.303410] [Audio:DSPDUMP] audio_dsp_probe:name=audio_dsp_pcm, dst=1, channel=3
[    2.303411] [Audio:DSPDUMP] txblocknum=0,txblocksize=0 rxblocknum=8,rxblocksize=8192
[    2.303412] [Audio:DSPDUMP] begin to creat sblock
[    2.303415] [Audio:SBLCK] audio_sblock_ch_open aud_smsg_ch_opened dst 1,channel=3
[    2.303417] [Audio:MEM] audio_mem_alloc mem_type=5 addr = 0x94111000, size=0x100e0
[    2.303418] [Audio:SBLCK] audio_sblock_create smem_addr is 0x94111000
[    2.303431] [Audio:SBLCK] summer: audio_sblock_create head size is 96
[    2.303434] [Audio:SBLCK] summer audio_sblock_create:p_rxblks[0].addr 0x94111060, 0xffffffc01503b0a0
[    2.303436] [Audio:SBLCK] summer audio_sblock_create:p_rxblks[1].addr 0x94113060, 0xffffffc01503b0a8
[    2.303438] [Audio:SBLCK] summer audio_sblock_create:p_rxblks[2].addr 0x94115060, 0xffffffc01503b0b0
[    2.303440] [Audio:SBLCK] summer audio_sblock_create:p_rxblks[3].addr 0x94117060, 0xffffffc01503b0b8
[    2.303441] [Audio:SBLCK] summer audio_sblock_create:p_rxblks[4].addr 0x94119060, 0xffffffc01503b0c0
[    2.303443] [Audio:SBLCK] summer audio_sblock_create:p_rxblks[5].addr 0x9411b060, 0xffffffc01503b0c8
[    2.303445] [Audio:SBLCK] summer audio_sblock_create:p_rxblks[6].addr 0x9411d060, 0xffffffc01503b0d0
[    2.303446] [Audio:SBLCK] summer audio_sblock_create:p_rxblks[7].addr 0x9411f060, 0xffffffc01503b0d8
[    2.303447] [Audio:SBLCK] summer : poolhd->rxblk_wrptr 8
[    2.303567] [Audio:SBLCK] audio_sblock_thread: send smem_addr  to dsp,  sblock->channel=3
[    2.303570] [Audio:SMSG] warning aud_smsg_recv cache is empty!
[    2.303571] [Audio:SIPC] aud_recv_cmd channel =3 cmd=33 ENODATA
[    2.303573] [Audio:SIPC] aud_send_msg,cmd: 0x21, value0: 0x1, value1: 0x94111000,
[    2.303575] [Audio:SIPC]  value2: 0x100e0, value3: 0x0
[    2.303575] [Audio:DSPDUMP] dsp_log_tp_probe success  audio_dsp_pcm
[    2.303577] [Audio:SMSG] aud_smsg_send: dst=1, channel=3
[    2.303589] probe of audio-dsp-dump@1 returned 1 after 193 usecs
[    2.303602] [Audio:DSPDUMP] audio_dsp_probe in
[    2.303605] [Audio:DSPDUMP] sprd-usemem-bytes 524288
[    2.303615] [Audio:DSPDUMP] audio_dsp_log.c: dsp_mem_dump: dump1_p:56200000,size:65536, 2:65009400, 4096,3:89300000,389120
[    2.303617] [Audio:DSPDUMP] audio_dsp_probe:name=audio_dsp_mem, dst=1, channel=5
[    2.303618] [Audio:DSPDUMP] txblocknum=0,txblocksize=0 rxblocknum=0,rxblocksize=0
[    2.303620] [Audio:DSPDUMP] channel 5 open ok
[    2.303622] [Audio:MEM] audio_mem_alloc mem_type=9 addr = 0x94300000, size=0x80000
[    2.303623] [Audio:DSPDUMP] aud_dsp_addr: mem: mem type 9, mem_addr 94300000
[    2.303623] [Audio:DSPDUMP] aud_dsp_addr: mem: dsp space mem_addr 94300000
[    2.303726] [Audio:DSPDUMP] dsp_log_tp_probe success  audio_dsp_mem
[    2.303741] probe of audio-dsp-dump@2 returned 1 after 147 usecs
[    2.303882] initcall _copy_to_user+0x144/0x170 [audio_dsp_dump] returned 0 after 988 usecs
[    2.303944] init: Loaded kernel module /lib/modules/audio-dsp-dump.ko
[    2.304050] init: Loading module /lib/modules/asix.ko with args ''
[    2.307753] calling  ax88172a_ioctl+0x3c/0x50 [asix] @ 1
[    2.307781] usbcore: registered new interface driver asix
[    2.307791] initcall ax88172a_ioctl+0x3c/0x50 [asix] returned 0 after 26 usecs
[    2.307852] init: Loaded kernel module /lib/modules/asix.ko
[    2.307938] init: Loading module /lib/modules/ax88179_178a.ko with args ''
[    2.310357] calling  ax88179_set_features+0x23c/0x270 [ax88179_178a] @ 1
[    2.310378] usbcore: registered new interface driver ax88179_178a
[    2.310384] initcall ax88179_set_features+0x23c/0x270 [ax88179_178a] returned 0 after 19 usecs
[    2.310429] init: Loaded kernel module /lib/modules/ax88179_178a.ko
[    2.310499] init: Loading module /lib/modules/sprd_apipe.ko with args ''
[    2.312622] calling  _copy_to_user+0x128/0x180 [sprd_apipe] @ 1
[    2.312867] (NULL device *): name=apipe-pcm
[    2.312933] probe of apipe-pcm returned 1 after 86 usecs
[    2.312945] (NULL device *): name=apipe-cmd-in
[    2.312976] probe of apipe-cmd-in returned 1 after 37 usecs
[    2.312987] (NULL device *): name=apipe-cmd-out
[    2.313015] probe of apipe-cmd-out returned 1 after 34 usecs
[    2.313141] initcall _copy_to_user+0x128/0x180 [sprd_apipe] returned 0 after 499 usecs
[    2.313190] init: Loaded kernel module /lib/modules/sprd_apipe.ko
[    2.313269] init: Loading module /lib/modules/audio-pipe.ko with args ''
[    2.313754] [Audio:SIPC] aud_recv_cmd, chan: 0x4, cmd: 0x21, value0: 0x1, value1: 0x94100000,
[    2.313755] [Audio:SIPC]  value2: 0x100e0, value3: 0x0, timeout: -1
[    2.313758] [Audio:SIPC] aud_send_cmd_no_param channel=4, cmd=33 repeat_count=1
[    2.313759] [Audio:SIPC] aud_send_cmd_no_param out,channel = 4 cmd =33 ret-value:0,repeat_count=1
[    2.313760] [Audio:SBLCK] aud_send_cmd_noparam returned.
[    2.313762] [Audio:SBLCK] audio_sblock_thread listen to smsg from dsp
[    2.313770] [Audio:SIPC] aud_recv_cmd, chan: 0x3, cmd: 0x21, value0: 0x1, value1: 0x94111000,
[    2.313772] [Audio:SIPC]  value2: 0x100e0, value3: 0x0, timeout: -1
[    2.313775] [Audio:SIPC] aud_send_cmd_no_param channel=3, cmd=33 repeat_count=1
[    2.313777] [Audio:SIPC] aud_send_cmd_no_param out,channel = 3 cmd =33 ret-value:0,repeat_count=1
[    2.313778] [Audio:SBLCK] aud_send_cmd_noparam returned.
[    2.313779] [Audio:SBLCK] audio_sblock_thread listen to smsg from dsp
[    2.315455] calling  _copy_to_user+0x124/0x160 [audio_pipe] @ 1
[    2.315707] [Audio:PIPE] aud_pipe_data->channel:2
[    2.315708] [Audio:PIPE] audio_pipe_probe:name=audio_pipe_voice
[    2.315768] probe of audio_pipe_voice returned 1 after 78 usecs
[    2.315783] [Audio:PIPE] aud_pipe_data->channel:8
[    2.315784] [Audio:PIPE] audio_pipe_probe:name=audio_pipe_effect
[    2.315812] probe of audio_pipe_effect returned 1 after 37 usecs
[    2.315825] [Audio:PIPE] aud_pipe_data->channel:9
[    2.315826] [Audio:PIPE] audio_pipe_probe:name=audio_pipe_recordproc
[    2.315858] probe of audio_pipe_voiceproc returned 1 after 41 usecs
[    2.315870] [Audio:PIPE] aud_pipe_data->channel:11
[    2.315872] [Audio:PIPE] audio_pipe_probe:name=audio_pipe_bthal
[    2.315898] probe of audio_pipe_bthal returned 1 after 35 usecs
[    2.316055] initcall _copy_to_user+0x124/0x160 [audio_pipe] returned 0 after 579 usecs
[    2.316103] init: Loaded kernel module /lib/modules/audio-pipe.ko
[    2.316179] init: Loading module /lib/modules/mcdt_hw_r2p0.ko with args ''
[    2.319059] calling  mcdt_probe+0x1b8/0x1c4 [mcdt_hw_r2p0] @ 1
[    2.319296] probe of 56490000.mcdt returned 1 after 71 usecs
[    2.319451] initcall mcdt_probe+0x1b8/0x1c4 [mcdt_hw_r2p0] returned 0 after 374 usecs
[    2.319501] init: Loaded kernel module /lib/modules/mcdt_hw_r2p0.ko
[    2.319583] init: Loading module /lib/modules/sprd_audcp_dvfs.ko with args ''
[    2.321947] calling  status_show+0x20/0xd4 [sprd_audcp_dvfs] @ 1
[    2.322243] probe of audiocp-dvfs returned 1 after 75 usecs
[    2.322367] initcall status_show+0x20/0xd4 [sprd_audcp_dvfs] returned 0 after 404 usecs
[    2.322414] init: Loaded kernel module /lib/modules/sprd_audcp_dvfs.ko
[    2.322493] init: Loading module /lib/modules/sprd_audcp_boot.ko with args ''
[    2.324433] calling  ldinfo_show+0x34/0x58 [sprd_audcp_boot] @ 1
[    2.324692] [Audio:MEM] audio_mem_alloc mem_type=20 addr = 0x89000000, size=0x600000
[    2.324755] sprd_audcp_boot audiocp_boot: base_addr_phy = 0x89000000, base_addr_virt=(____ptrval____), bin size =0x600000
[    2.324756] [Audio:MEM] audio_mem_alloc mem_type=21 addr = 0x65009400, size=0x1000
[    2.324791] probe of audiocp_boot returned 1 after 124 usecs
[    2.324926] initcall ldinfo_show+0x34/0x58 [sprd_audcp_boot] returned 0 after 477 usecs
[    2.324970] init: Loaded kernel module /lib/modules/sprd_audcp_boot.ko
[    2.325084] init: Loading module /lib/modules/snd-soc-aw87xxx.ko with args ''
[    2.329255] calling  __typeid__ZTSFiP9aw_deviceP17aw_data_containerE_global_addr+0x6c/0x74 [snd_soc_aw87xxx] @ 1
[    2.329259] [Awinic] aw87xxx_pa_init:driver version: v2.6.0
[    2.329319] [Awinic] [4-005b]aw87xxx_malloc_init: struct aw87xxx devm_kzalloc and init down
[    2.329321] [Awinic] [4-005b]aw87xxx_dtsi_parse: parse dev_index=[0]
[    2.329333] [Awinic] [4-005b]aw87xxx_dtsi_parse: reset gpio[178] parse succeed
[    2.329350] [Awinic] [4-005b]aw87xxx_device_parse_port_id_dt: read aw-rx-port-id failed,use default
[    2.329351] [Awinic] [4-005b]aw87xxx_device_parse_port_id_dt: rx-port-id: 0x4000
[    2.329352] [Awinic] [4-005b]aw87xxx_device_parse_topo_id_dt: read aw-rx-topo-id failed,use default
[    2.329354] [Awinic] [4-005b]aw87xxx_device_parse_topo_id_dt: rx-topo-id: 0x1000ff01
[    2.333370] [Awinic] [4-005b]aw87xxx_dev_hw_pwr_ctrl: hw power on
[    2.333792] [Awinic] [4-005b]aw87xxx_dev_get_chipid: read chipid[0x59] succeed
[    2.333794] [Awinic] [4-005b]aw_dev_chip_init: product is pid_59_5x9 class
[    2.335902] [Awinic] [4-005b]aw87xxx_dev_hw_pwr_ctrl: hw power off
[    2.335912] [Awinic] [4-005b]aw87xxx_fw_load_init: enter
[    2.335915] [Awinic] [4-005b]aw_monitor_dtsi_parse: esd_enable parse failed, user default[disable]
[    2.335926] [Awinic] [4-005b]aw87xxx_monitor_init: monitor init succeed
[    2.335928] [Awinic] [4-005b]aw87xxx_i2c_probe: succeed, dev_index=[0], g_aw87xxx_dev_cnt= [1]
[    2.335971] probe of 4-005b returned 1 after 6677 usecs
[    2.336006] initcall __typeid__ZTSFiP9aw_deviceP17aw_data_containerE_global_addr+0x6c/0x74 [snd_soc_aw87xxx] returned 0 after 6579 usecs
[    2.336111] init: Loaded kernel module /lib/modules/snd-soc-aw87xxx.ko
[    2.336206] init: Loading module /lib/modules/snd-soc-sprd-card.ko with args ''
[    2.339797] calling  __typeid__ZTSFiiiE_global_addr+0x38/0xed8 [snd_soc_sprd_card] @ 1
[    2.340201] [ASoC:BOARD] ERR: asoc_sprd_card_sub_parse_of get dai name for 'cpu' failed!(-517)
[    2.340206] vbc-rxpx-codec-sc27xx sound@0: asoc_sprd_card_parse_of: Parsing dai link 0 failed(-517)!
[    2.340208] [ASoC:BOARD] ERR: vbc_rxpx_codec_sc27xx_probe, asoc_sprd_card_probe failed!
[    2.340211] vbc-rxpx-codec-sc27xx sound@0: Count 'sprd,spk-ext-pa-info' failed!(-22)
[    2.340222] probe of sound@0 returned 0 after 93 usecs
[    2.340375] initcall __typeid__ZTSFiiiE_global_addr+0x38/0xed8 [snd_soc_sprd_card] returned 0 after 552 usecs
[    2.340451] init: Loaded kernel module /lib/modules/snd-soc-sprd-card.ko
[    2.340502] init: Loading module /lib/modules/snd-soc-sprd-codec-sc2730.ko with args ''
[    2.346985] calling  __dsp_fm_mute_by_set_dg+0x180/0x10f4 [snd_soc_sprd_codec_sc2730] @ 1
[    2.347308] [ASoC:SC2730] sprd_codec_probe
[    2.347314] [ASoC:SC2730] sprd_codec_ana_probe :adi_rgmp = (____ptrval____), val=0x1000
[    2.347321] [ASoC: COM ] set_agcp_ahb_offset agcp_ahb_set_offset 0x1000, agcp_ahb_clr_offset 0x2000
[    2.352122] musb-sprd 64900000.usb: enter into idle mode
[    2.352253] musb-sprd 64900000.usb: enter into suspend mode
[    2.357521] platform 56750000.audio-codec: Get the sprd,anlg-phy-g-syscon failed!(-19)
[    2.357576] [ASoC:SC2730] ana_chip_id is 0x2730
[    2.357615] sprd-codec-sc2730 64200000.spi:pmic@0:audio-codec@1000: 64200000.spi:pmic@0:audio-codec@1000 supply MICBIAS not found, using dummy regulator
[    2.357715] sprd-codec-sc2730 64200000.spi:pmic@0:audio-codec@1000: 64200000.spi:pmic@0:audio-codec@1000 supply HEADMICBIAS not found, using dummy regulator
[    2.357734] sprd-codec-sc2730 64200000.spi:pmic@0:audio-codec@1000: 64200000.spi:pmic@0:audio-codec@1000 supply VB not found, using dummy regulator
[    2.357754] sprd-codec-sc2730 64200000.spi:pmic@0:audio-codec@1000: 64200000.spi:pmic@0:audio-codec@1000 supply BG not found, using dummy regulator
[    2.357784] sprd-codec-sc2730 64200000.spi:pmic@0:audio-codec@1000: 64200000.spi:pmic@0:audio-codec@1000 supply MICBIAS1 not found, using dummy regulator
[    2.398335] [ASoC:BOARD] ERR: asoc_sprd_card_sub_parse_of get dai name for 'cpu' failed!(-517)
[    2.398339] vbc-rxpx-codec-sc27xx sound@0: asoc_sprd_card_parse_of: Parsing dai link 0 failed(-517)!
[    2.398340] [ASoC:BOARD] ERR: vbc_rxpx_codec_sc27xx_probe, asoc_sprd_card_probe failed!
[    2.398343] vbc-rxpx-codec-sc27xx sound@0: Count 'sprd,spk-ext-pa-info' failed!(-22)
[    2.398353] probe of sound@0 returned 0 after 88 usecs
[    2.398380] probe of 64200000.spi:pmic@0:audio-codec@1000 returned 1 after 51098 usecs
[    2.398484] initcall __dsp_fm_mute_by_set_dg+0x180/0x10f4 [snd_soc_sprd_codec_sc2730] returned 0 after 50268 usecs
[    2.398597] init: Loaded kernel module /lib/modules/snd-soc-sprd-codec-sc2730.ko
[    2.398697] init: Loading module /lib/modules/snd-soc-sprd-codec-sc2730-power.ko with args ''
[    2.401103] calling  vreg_disable+0x74/0xa0 [snd_soc_sprd_codec_sc2730_power] @ 1
[    2.401302] initcall vreg_disable+0x74/0xa0 [snd_soc_sprd_codec_sc2730_power] returned 0 after 188 usecs
[    2.401365] init: Loaded kernel module /lib/modules/snd-soc-sprd-codec-sc2730-power.ko
[    2.401442] init: Loading module /lib/modules/snd-soc-sprd-codec-sc2730-power-dev.ko with args ''
[    2.403417] calling  __cfi_check_fail+0x30/0xfc0 [snd_soc_sprd_codec_sc2730_power_dev] @ 1
[    2.403639] [ASoC:POWER] Probe 1
[    2.403830] [ASoC:POWER] Register VREG Success!
[    2.404021] [ASoC:BOARD] ERR: asoc_sprd_card_sub_parse_of get dai name for 'cpu' failed!(-517)
[    2.404025] vbc-rxpx-codec-sc27xx sound@0: asoc_sprd_card_parse_of: Parsing dai link 0 failed(-517)!
[    2.404027] [ASoC:BOARD] ERR: vbc_rxpx_codec_sc27xx_probe, asoc_sprd_card_probe failed!
[    2.404029] vbc-rxpx-codec-sc27xx sound@0: Count 'sprd,spk-ext-pa-info' failed!(-22)
[    2.404038] probe of sound@0 returned 0 after 98 usecs
[    2.404050] probe of sprd-audio-power.1 returned 1 after 424 usecs
[    2.404106] [ASoC:POWER] Probe 2
[    2.404107] [ASoC:POWER] sprd_audio_power_config_reg_vars regmap exist return 0
[    2.404165] SRG_VB: supplied by SRG_VREG
[    2.404182] [ASoC:POWER] Register VB Success!
[    2.404283] [ASoC:BOARD] ERR: asoc_sprd_card_sub_parse_of get dai name for 'cpu' failed!(-517)
[    2.404286] vbc-rxpx-codec-sc27xx sound@0: asoc_sprd_card_parse_of: Parsing dai link 0 failed(-517)!
[    2.404287] [ASoC:BOARD] ERR: vbc_rxpx_codec_sc27xx_probe, asoc_sprd_card_probe failed!
[    2.404289] vbc-rxpx-codec-sc27xx sound@0: Count 'sprd,spk-ext-pa-info' failed!(-22)
[    2.404295] probe of sound@0 returned 0 after 47 usecs
[    2.404304] probe of sprd-audio-power.2 returned 1 after 205 usecs
[    2.404347] [ASoC:POWER] Probe 3
[    2.404348] [ASoC:POWER] sprd_audio_power_config_reg_vars regmap exist return 0
[    2.404403] SRG_BG: supplied by SRG_VB
[    2.404424] [ASoC:POWER] Register BG Success!
[    2.404507] [ASoC:BOARD] ERR: asoc_sprd_card_sub_parse_of get dai name for 'cpu' failed!(-517)
[    2.404510] vbc-rxpx-codec-sc27xx sound@0: asoc_sprd_card_parse_of: Parsing dai link 0 failed(-517)!
[    2.404511] [ASoC:BOARD] ERR: vbc_rxpx_codec_sc27xx_probe, asoc_sprd_card_probe failed!
[    2.404514] vbc-rxpx-codec-sc27xx sound@0: Count 'sprd,spk-ext-pa-info' failed!(-22)
[    2.404518] probe of sound@0 returned 0 after 39 usecs
[    2.404527] probe of sprd-audio-power.3 returned 1 after 184 usecs
[    2.404567] [ASoC:POWER] Probe 4
[    2.404568] [ASoC:POWER] sprd_audio_power_config_reg_vars regmap exist return 0
[    2.404610] SRG_BIAS: supplied by SRG_VB
[    2.404623] [ASoC:POWER] Register BIAS Success!
[    2.404716] [ASoC:BOARD] ERR: asoc_sprd_card_sub_parse_of get dai name for 'cpu' failed!(-517)
[    2.404719] vbc-rxpx-codec-sc27xx sound@0: asoc_sprd_card_parse_of: Parsing dai link 0 failed(-517)!
[    2.404720] [ASoC:BOARD] ERR: vbc_rxpx_codec_sc27xx_probe, asoc_sprd_card_probe failed!
[    2.404723] vbc-rxpx-codec-sc27xx sound@0: Count 'sprd,spk-ext-pa-info' failed!(-22)
[    2.404727] probe of sound@0 returned 0 after 50 usecs
[    2.404736] probe of sprd-audio-power.4 returned 1 after 177 usecs
[    2.404771] [ASoC:POWER] Probe 5
[    2.404772] [ASoC:POWER] sprd_audio_power_config_reg_vars regmap exist return 0
[    2.404818] SRG_MICBIAS1: supplied by SRG_BIAS
[    2.404831] [ASoC:POWER] Register MICBIAS1 Success!
[    2.404915] [ASoC:BOARD] ERR: asoc_sprd_card_sub_parse_of get dai name for 'cpu' failed!(-517)
[    2.404918] vbc-rxpx-codec-sc27xx sound@0: asoc_sprd_card_parse_of: Parsing dai link 0 failed(-517)!
[    2.404919] [ASoC:BOARD] ERR: vbc_rxpx_codec_sc27xx_probe, asoc_sprd_card_probe failed!
[    2.404922] vbc-rxpx-codec-sc27xx sound@0: Count 'sprd,spk-ext-pa-info' failed!(-22)
[    2.404925] probe of sound@0 returned 0 after 40 usecs
[    2.404933] probe of sprd-audio-power.5 returned 1 after 165 usecs
[    2.404970] [ASoC:POWER] Probe 6
[    2.404971] [ASoC:POWER] sprd_audio_power_config_reg_vars regmap exist return 0
[    2.405021] SRG_MICBIAS2: supplied by SRG_BIAS
[    2.405034] [ASoC:POWER] Register MICBIAS2 Success!
[    2.405117] [ASoC:BOARD] ERR: asoc_sprd_card_sub_parse_of get dai name for 'cpu' failed!(-517)
[    2.405119] vbc-rxpx-codec-sc27xx sound@0: asoc_sprd_card_parse_of: Parsing dai link 0 failed(-517)!
[    2.405121] [ASoC:BOARD] ERR: vbc_rxpx_codec_sc27xx_probe, asoc_sprd_card_probe failed!
[    2.405124] vbc-rxpx-codec-sc27xx sound@0: Count 'sprd,spk-ext-pa-info' failed!(-22)
[    2.405128] probe of sound@0 returned 0 after 41 usecs
[    2.405136] probe of sprd-audio-power.6 returned 1 after 169 usecs
[    2.405177] [ASoC:POWER] Probe 7
[    2.405178] [ASoC:POWER] sprd_audio_power_config_reg_vars regmap exist return 0
[    2.405219] SRG_HEADMICBIAS: supplied by SRG_BG
[    2.405238] [ASoC:POWER] Register HEADMICBIAS Success!
[    2.405318] [ASoC:BOARD] ERR: asoc_sprd_card_sub_parse_of get dai name for 'cpu' failed!(-517)
[    2.405321] vbc-rxpx-codec-sc27xx sound@0: asoc_sprd_card_parse_of: Parsing dai link 0 failed(-517)!
[    2.405322] [ASoC:BOARD] ERR: vbc_rxpx_codec_sc27xx_probe, asoc_sprd_card_probe failed!
[    2.405324] vbc-rxpx-codec-sc27xx sound@0: Count 'sprd,spk-ext-pa-info' failed!(-22)
[    2.405328] probe of sound@0 returned 0 after 36 usecs
[    2.405336] probe of sprd-audio-power.7 returned 1 after 162 usecs
[    2.405371] [ASoC:POWER] Probe 8
[    2.405372] [ASoC:POWER] sprd_audio_power_config_reg_vars regmap exist return 0
[    2.405414] SRG_DCL: supplied by SRG_VB
[    2.405436] [ASoC:POWER] Register DCL Success!
[    2.405515] [ASoC:BOARD] ERR: asoc_sprd_card_sub_parse_of get dai name for 'cpu' failed!(-517)
[    2.405518] vbc-rxpx-codec-sc27xx sound@0: asoc_sprd_card_parse_of: Parsing dai link 0 failed(-517)!
[    2.405519] [ASoC:BOARD] ERR: vbc_rxpx_codec_sc27xx_probe, asoc_sprd_card_probe failed!
[    2.405521] vbc-rxpx-codec-sc27xx sound@0: Count 'sprd,spk-ext-pa-info' failed!(-22)
[    2.405525] probe of sound@0 returned 0 after 35 usecs
[    2.405533] probe of sprd-audio-power.8 returned 1 after 166 usecs
[    2.405571] [ASoC:POWER] Probe 9
[    2.405572] [ASoC:POWER] sprd_audio_power_config_reg_vars regmap exist return 0
[    2.405623] SRG_DIG_CLK_INTC: supplied by SRG_DCL
[    2.405637] [ASoC:POWER] Register DIG_CLK_INTC Success!
[    2.405715] [ASoC:BOARD] ERR: asoc_sprd_card_sub_parse_of get dai name for 'cpu' failed!(-517)
[    2.405718] vbc-rxpx-codec-sc27xx sound@0: asoc_sprd_card_parse_of: Parsing dai link 0 failed(-517)!
[    2.405719] [ASoC:BOARD] ERR: vbc_rxpx_codec_sc27xx_probe, asoc_sprd_card_probe failed!
[    2.405722] vbc-rxpx-codec-sc27xx sound@0: Count 'sprd,spk-ext-pa-info' failed!(-22)
[    2.405726] probe of sound@0 returned 0 after 36 usecs
[    2.405735] probe of sprd-audio-power.9 returned 1 after 167 usecs
[    2.405771] [ASoC:POWER] Probe 10
[    2.405772] [ASoC:POWER] sprd_audio_power_config_reg_vars regmap exist return 0
[    2.405816] SRG_DIG_CLK_HID: supplied by SRG_DCL
[    2.405830] [ASoC:POWER] Register DIG_CLK_HID Success!
[    2.405909] [ASoC:BOARD] ERR: asoc_sprd_card_sub_parse_of get dai name for 'cpu' failed!(-517)
[    2.405911] vbc-rxpx-codec-sc27xx sound@0: asoc_sprd_card_parse_of: Parsing dai link 0 failed(-517)!
[    2.405913] [ASoC:BOARD] ERR: vbc_rxpx_codec_sc27xx_probe, asoc_sprd_card_probe failed!
[    2.405915] vbc-rxpx-codec-sc27xx sound@0: Count 'sprd,spk-ext-pa-info' failed!(-22)
[    2.405919] probe of sound@0 returned 0 after 36 usecs
[    2.405927] probe of sprd-audio-power.10 returned 1 after 159 usecs
[    2.405968] [ASoC:POWER] Probe 11
[    2.405969] [ASoC:POWER] sprd_audio_power_config_reg_vars regmap exist return 0
[    2.406028] SRG_CLK_DCL_32K: supplied by SRG_DCL
[    2.406042] [ASoC:POWER] Register CLK_DCL_32K Success!
[    2.406126] [ASoC:BOARD] ERR: asoc_sprd_card_sub_parse_of get dai name for 'cpu' failed!(-517)
[    2.406129] vbc-rxpx-codec-sc27xx sound@0: asoc_sprd_card_parse_of: Parsing dai link 0 failed(-517)!
[    2.406130] [ASoC:BOARD] ERR: vbc_rxpx_codec_sc27xx_probe, asoc_sprd_card_probe failed!
[    2.406133] vbc-rxpx-codec-sc27xx sound@0: Count 'sprd,spk-ext-pa-info' failed!(-22)
[    2.406138] probe of sound@0 returned 0 after 42 usecs
[    2.406146] probe of sprd-audio-power.11 returned 1 after 186 usecs
[    2.406157] initcall __cfi_check_fail+0x30/0xfc0 [snd_soc_sprd_codec_sc2730_power_dev] returned 0 after 2667 usecs
[    2.406237] init: Loaded kernel module /lib/modules/snd-soc-sprd-codec-sc2730-power-dev.ko
[    2.406328] init: Loading module /lib/modules/snd-soc-sprd-dummy-codec.ko with args ''
[    2.407992] calling  sprd_dummy_playback_codec_remove+0x24/0x34 [snd_soc_sprd_dummy_codec] @ 1
[    2.408441] [ASoC:BOARD] ERR: asoc_sprd_card_sub_parse_of get dai name for 'cpu' failed!(-517)
[    2.408445] vbc-rxpx-codec-sc27xx sound@0: asoc_sprd_card_parse_of: Parsing dai link 0 failed(-517)!
[    2.408446] [ASoC:BOARD] ERR: vbc_rxpx_codec_sc27xx_probe, asoc_sprd_card_probe failed!
[    2.408449] vbc-rxpx-codec-sc27xx sound@0: Count 'sprd,spk-ext-pa-info' failed!(-22)
[    2.408456] probe of sound@0 returned 0 after 70 usecs
[    2.408466] probe of sprd-dummy-playback returned 1 after 177 usecs
[    2.408482] initcall sprd_dummy_playback_codec_remove+0x24/0x34 [snd_soc_sprd_dummy_codec] returned 0 after 473 usecs
[    2.408538] init: Loaded kernel module /lib/modules/snd-soc-sprd-dummy-codec.ko
[    2.408629] init: Loading module /lib/modules/snd-soc-sprd-pdm-r2p0.ko with args ''
[    2.411010] calling  pdm_adc2_r_dg_set+0xcc/0x134 [snd_soc_sprd_pdm_r2p0] @ 1
[    2.411369] initcall pdm_adc2_r_dg_set+0xcc/0x134 [snd_soc_sprd_pdm_r2p0] returned 0 after 344 usecs
[    2.411423] init: Loaded kernel module /lib/modules/snd-soc-sprd-pdm-r2p0.ko
[    2.411504] init: Loading module /lib/modules/sprd-platform-pcm-routing.ko with args ''
[    2.414622] calling  be_switch_evt+0xa4/0xc4 [sprd_platform_pcm_routing] @ 1
[    2.415048] [ASoC:BOARD] ERR: asoc_sprd_card_sub_parse_of get dai name for 'cpu' failed!(-517)
[    2.415052] vbc-rxpx-codec-sc27xx sound@0: asoc_sprd_card_parse_of: Parsing dai link 0 failed(-517)!
[    2.415054] [ASoC:BOARD] ERR: vbc_rxpx_codec_sc27xx_probe, asoc_sprd_card_probe failed!
[    2.415058] vbc-rxpx-codec-sc27xx sound@0: Count 'sprd,spk-ext-pa-info' failed!(-22)
[    2.415066] probe of sound@0 returned 0 after 72 usecs
[    2.415092] probe of sprd-routing-pcm returned 1 after 278 usecs
[    2.415241] initcall be_switch_evt+0xa4/0xc4 [sprd_platform_pcm_routing] returned 0 after 597 usecs
[    2.415320] init: Loaded kernel module /lib/modules/sprd-platform-pcm-routing.ko
[    2.415415] init: Loading module /lib/modules/snd-soc-sprd-vbc-v4.ko with args ''
[    2.426777] calling  pm_shutdown+0x2b8/0xb94 [snd_soc_sprd_vbc_v4] @ 1
[    2.427202] [ASoC: VBC ] vbc_drv_probe: 12160:vbc_drv_probe: to setup vbc dt
[    2.427204] [ASoC: VBC ] sprd_vbc_codec_probe: 4885:sprd_vbc_codec_probe
[    2.427320] [ASoC: VBC ] vbc_of_setup: 12149:get pinctrl device!
[    2.427382] [ASoC: VBC ] vbc_turning_ndp_init: 2903:vbc_turning_ndp_init,alloc dev id 0x1e700000, major =487, minor = 0!
[    2.427385] [ASoC: VBC ] vbc_turning_ndp_init: 2907:vbc_turning_ndp_init,alloc dev id 510656512 for NO.0!
[    2.427389] [ASoC: VBC ] vbc_turning_ndp_init: 2921:vbc_turning_ndp_init,ndp_name = vbc_turning0 !
[    2.427448] [ASoC: VBC ] vbc_turning_ndp_init: 2907:vbc_turning_ndp_init,alloc dev id 510656513 for NO.1!
[    2.427450] [ASoC: VBC ] vbc_turning_ndp_init: 2921:vbc_turning_ndp_init,ndp_name = vbc_turning1 !
[    2.427474] [ASoC: VBC ] vbc_turning_ndp_init: 2907:vbc_turning_ndp_init,alloc dev id 510656514 for NO.2!
[    2.427476] [ASoC: VBC ] vbc_turning_ndp_init: 2921:vbc_turning_ndp_init,ndp_name = vbc_turning2 !
[    2.427501] [ASoC: VBC ] vbc_turning_ndp_init: 2907:vbc_turning_ndp_init,alloc dev id 510656515 for NO.3!
[    2.427503] [ASoC: VBC ] vbc_turning_ndp_init: 2921:vbc_turning_ndp_init,ndp_name = vbc_turning3 !
[    2.427519] [ASoC: VBC ] vbc_turning_ndp_init: 2944:vbc_turning_ndp_init: success.
[    2.427768] [ASoC:BOARD] ERR: asoc_sprd_card_sub_parse_of get dai name for 'cpu' failed!(-517)
[    2.427773] vbc-rxpx-codec-sc27xx sound@0: asoc_sprd_card_parse_of: Parsing dai link 0 failed(-517)!
[    2.427775] [ASoC:BOARD] ERR: vbc_rxpx_codec_sc27xx_probe, asoc_sprd_card_probe failed!
[    2.427779] vbc-rxpx-codec-sc27xx sound@0: Count 'sprd,spk-ext-pa-info' failed!(-22)
[    2.427787] probe of sound@0 returned 0 after 84 usecs
[    2.427816] probe of 56480000.vbc returned 1 after 798 usecs
[    2.428083] initcall pm_shutdown+0x2b8/0xb94 [snd_soc_sprd_vbc_v4] returned 0 after 1238 usecs
[    2.428251] init: Loaded kernel module /lib/modules/snd-soc-sprd-vbc-v4.ko
[    2.428366] init: Loading module /lib/modules/snd-soc-sprd-vbc-fe.ko with args ''
[    2.430401] calling  fe_hw_free+0x170/0xe1c [snd_soc_sprd_vbc_fe] @ 1
[    2.430842] [ASoC:BOARD] ERR: asoc_sprd_card_sub_parse_of parse phandle 'codec' failed!(-2)
[    2.430843] [ASoC:BOARD] asoc_sprd_card_dai_link_of: parse for codec failed. Go to use a dummy codec.
[    2.430853] vbc-rxpx-codec-sc27xx sound@0: \x09name : FE_NORMAL_AP01
[    2.430855] vbc-rxpx-codec-sc27xx sound@0: \x09stream_name : FE_ST_NORMAL_AP01
[    2.430862] [ASoC:BOARD] ERR: asoc_sprd_card_sub_parse_of parse phandle 'codec' failed!(-2)
[    2.430863] [ASoC:BOARD] asoc_sprd_card_dai_link_of: parse for codec failed. Go to use a dummy codec.
[    2.430868] vbc-rxpx-codec-sc27xx sound@0: \x09name : FE_NORMAL_AP23
[    2.430870] vbc-rxpx-codec-sc27xx sound@0: \x09stream_name : FE_ST_NORMAL_AP23
[    2.430879] [ASoC:BOARD] ERR: asoc_sprd_card_sub_parse_of parse phandle 'codec' failed!(-2)
[    2.430880] [ASoC:BOARD] asoc_sprd_card_dai_link_of: parse for codec failed. Go to use a dummy codec.
[    2.430883] vbc-rxpx-codec-sc27xx sound@0: \x09name : FE_CAPTURE_DSP
[    2.430884] vbc-rxpx-codec-sc27xx sound@0: \x09stream_name : FE_ST_CAPTURE_DSP
[    2.430890] [ASoC:BOARD] ERR: asoc_sprd_card_sub_parse_of parse phandle 'codec' failed!(-2)
[    2.430891] [ASoC:BOARD] asoc_sprd_card_dai_link_of: parse for codec failed. Go to use a dummy codec.
[    2.430895] vbc-rxpx-codec-sc27xx sound@0: \x09name : FE_FAST
[    2.430897] vbc-rxpx-codec-sc27xx sound@0: \x09stream_name : FE_ST_FAST
[    2.430909] [ASoC:BOARD] ERR: asoc_sprd_card_sub_parse_of parse phandle 'codec' failed!(-2)
[    2.430910] [ASoC:BOARD] asoc_sprd_card_dai_link_of: parse for codec failed. Go to use a dummy codec.
[    2.430914] vbc-rxpx-codec-sc27xx sound@0: \x09name : FE_OFFLOAD
[    2.430916] vbc-rxpx-codec-sc27xx sound@0: \x09stream_name : FE_ST_OFFLOAD
[    2.430922] [ASoC:BOARD] ERR: asoc_sprd_card_sub_parse_of parse phandle 'codec' failed!(-2)
[    2.430923] [ASoC:BOARD] asoc_sprd_card_dai_link_of: parse for codec failed. Go to use a dummy codec.
[    2.430926] vbc-rxpx-codec-sc27xx sound@0: \x09name : FE_VOICE
[    2.430928] vbc-rxpx-codec-sc27xx sound@0: \x09stream_name : FE_ST_VOICE
[    2.430935] [ASoC:BOARD] ERR: asoc_sprd_card_sub_parse_of parse phandle 'codec' failed!(-2)
[    2.430936] [ASoC:BOARD] asoc_sprd_card_dai_link_of: parse for codec failed. Go to use a dummy codec.
[    2.430939] vbc-rxpx-codec-sc27xx sound@0: \x09name : FE_VOIP
[    2.430941] vbc-rxpx-codec-sc27xx sound@0: \x09stream_name : FE_ST_VOIP
[    2.430947] [ASoC:BOARD] ERR: asoc_sprd_card_sub_parse_of parse phandle 'codec' failed!(-2)
[    2.430948] [ASoC:BOARD] asoc_sprd_card_dai_link_of: parse for codec failed. Go to use a dummy codec.
[    2.430951] vbc-rxpx-codec-sc27xx sound@0: \x09name : FE_FM
[    2.430952] vbc-rxpx-codec-sc27xx sound@0: \x09stream_name : FE_ST_FM
[    2.430960] [ASoC:BOARD] ERR: asoc_sprd_card_sub_parse_of parse phandle 'codec' failed!(-2)
[    2.430961] [ASoC:BOARD] asoc_sprd_card_dai_link_of: parse for codec failed. Go to use a dummy codec.
[    2.430964] vbc-rxpx-codec-sc27xx sound@0: \x09name : FE_FM_C
[    2.430965] vbc-rxpx-codec-sc27xx sound@0: \x09stream_name : FE_ST_FM_C
[    2.430972] [ASoC:BOARD] ERR: asoc_sprd_card_sub_parse_of parse phandle 'codec' failed!(-2)
[    2.430972] [ASoC:BOARD] asoc_sprd_card_dai_link_of: parse for codec failed. Go to use a dummy codec.
[    2.430976] vbc-rxpx-codec-sc27xx sound@0: \x09name : FE_VOICE_C
[    2.430977] vbc-rxpx-codec-sc27xx sound@0: \x09stream_name : FE_ST_VOICE_C
[    2.430984] [ASoC:BOARD] ERR: asoc_sprd_card_sub_parse_of parse phandle 'codec' failed!(-2)
[    2.430985] [ASoC:BOARD] asoc_sprd_card_dai_link_of: parse for codec failed. Go to use a dummy codec.
[    2.430987] vbc-rxpx-codec-sc27xx sound@0: \x09name : FE_LOOP
[    2.430989] vbc-rxpx-codec-sc27xx sound@0: \x09stream_name : FE_ST_LOOP
[    2.430996] [ASoC:BOARD] ERR: asoc_sprd_card_sub_parse_of parse phandle 'codec' failed!(-2)
[    2.430997] [ASoC:BOARD] asoc_sprd_card_dai_link_of: parse for codec failed. Go to use a dummy codec.
[    2.431000] vbc-rxpx-codec-sc27xx sound@0: \x09name : FE_A2DP_OFFLOAD
[    2.431001] vbc-rxpx-codec-sc27xx sound@0: \x09stream_name : FE_ST_A2DP_OFFLOAD
[    2.431007] [ASoC:BOARD] ERR: asoc_sprd_card_sub_parse_of parse phandle 'codec' failed!(-2)
[    2.431008] [ASoC:BOARD] asoc_sprd_card_dai_link_of: parse for codec failed. Go to use a dummy codec.
[    2.431011] vbc-rxpx-codec-sc27xx sound@0: \x09name : FE_A2DP_PCM
[    2.431012] vbc-rxpx-codec-sc27xx sound@0: \x09stream_name : FE_ST_A2DP_PCM
[    2.431019] [ASoC:BOARD] ERR: asoc_sprd_card_sub_parse_of parse phandle 'codec' failed!(-2)
[    2.431020] [ASoC:BOARD] asoc_sprd_card_dai_link_of: parse for codec failed. Go to use a dummy codec.
[    2.431023] vbc-rxpx-codec-sc27xx sound@0: \x09name : FE_CAPTURE_FM_DSP
[    2.431024] vbc-rxpx-codec-sc27xx sound@0: \x09stream_name : FE_ST_CAPTURE_FM_DSP
[    2.431030] [ASoC:BOARD] ERR: asoc_sprd_card_sub_parse_of parse phandle 'codec' failed!(-2)
[    2.431031] [ASoC:BOARD] asoc_sprd_card_dai_link_of: parse for codec failed. Go to use a dummy codec.
[    2.431034] vbc-rxpx-codec-sc27xx sound@0: \x09name : FE_CAPTURE_BTSCO_DSP
[    2.431035] vbc-rxpx-codec-sc27xx sound@0: \x09stream_name : FE_ST_CAPTURE_BTSCO_DSP
[    2.431042] [ASoC:BOARD] ERR: asoc_sprd_card_sub_parse_of parse phandle 'codec' failed!(-2)
[    2.431043] [ASoC:BOARD] asoc_sprd_card_dai_link_of: parse for codec failed. Go to use a dummy codec.
[    2.431045] vbc-rxpx-codec-sc27xx sound@0: \x09name : FE_FM_DSP
[    2.431047] vbc-rxpx-codec-sc27xx sound@0: \x09stream_name : FE_ST_FM_DSP
[    2.431054] [ASoC:BOARD] ERR: asoc_sprd_card_sub_parse_of parse phandle 'codec' failed!(-2)
[    2.431054] [ASoC:BOARD] asoc_sprd_card_dai_link_of: parse for codec failed. Go to use a dummy codec.
[    2.431057] vbc-rxpx-codec-sc27xx sound@0: \x09name : FE_DUMP
[    2.431059] vbc-rxpx-codec-sc27xx sound@0: \x09stream_name : FE_ST_DUMP
[    2.431065] [ASoC:BOARD] ERR: asoc_sprd_card_sub_parse_of parse phandle 'codec' failed!(-2)
[    2.431066] [ASoC:BOARD] asoc_sprd_card_dai_link_of: parse for codec failed. Go to use a dummy codec.
[    2.431069] vbc-rxpx-codec-sc27xx sound@0: \x09name : FE_BTCAP_AP
[    2.431071] vbc-rxpx-codec-sc27xx sound@0: \x09stream_name : FE_ST_BTCAP_AP
[    2.431089] vbc-rxpx-codec-sc27xx sound@0: \x09name : BE_NORMAL_AP01_CODEC
[    2.431091] vbc-rxpx-codec-sc27xx sound@0: \x09stream_name : BE_ST_NORMAL_AP01_CODEC
[    2.431101] vbc-rxpx-codec-sc27xx sound@0: \x09name : BE_NORMAL_AP23_CODEC
[    2.431103] vbc-rxpx-codec-sc27xx sound@0: \x09stream_name : BE_ST_NORMAL_AP23_CODEC
[    2.431112] vbc-rxpx-codec-sc27xx sound@0: \x09name : BE_CAPTURE_DSP_CODEC
[    2.431114] vbc-rxpx-codec-sc27xx sound@0: \x09stream_name : BE_ST_CAPTURE_DSP_CODEC
[    2.431126] vbc-rxpx-codec-sc27xx sound@0: \x09name : BE_FAST_CODEC
[    2.431128] vbc-rxpx-codec-sc27xx sound@0: \x09stream_name : BE_ST_FAST_CODEC
[    2.431139] vbc-rxpx-codec-sc27xx sound@0: \x09name : BE_OFFLOAD_CODEC
[    2.431141] vbc-rxpx-codec-sc27xx sound@0: \x09stream_name : BE_ST_OFFLOAD_CODEC
[    2.431151] vbc-rxpx-codec-sc27xx sound@0: \x09name : BE_VOICE_CODEC
[    2.431153] vbc-rxpx-codec-sc27xx sound@0: \x09stream_name : BE_ST_VOICE_CODEC
[    2.431163] vbc-rxpx-codec-sc27xx sound@0: \x09name : BE_VOIP_CODEC
[    2.431165] vbc-rxpx-codec-sc27xx sound@0: \x09stream_name : BE_ST_VOIP_CODEC
[    2.431174] vbc-rxpx-codec-sc27xx sound@0: \x09name : BE_FM_CODEC
[    2.431176] vbc-rxpx-codec-sc27xx sound@0: \x09stream_name : BE_ST_FM_CODEC
[    2.431186] vbc-rxpx-codec-sc27xx sound@0: \x09name : BE_LOOP_CODEC
[    2.431188] vbc-rxpx-codec-sc27xx sound@0: \x09stream_name : BE_ST_LOOP_CODEC
[    2.431197] vbc-rxpx-codec-sc27xx sound@0: \x09name : BE_FM_DSP_CODEC
[    2.431199] vbc-rxpx-codec-sc27xx sound@0: \x09stream_name : BE_ST_FM_DSP_CODEC
[    2.431205] [ASoC:BOARD] ERR: asoc_sprd_card_sub_parse_of parse phandle 'codec' failed!(-2)
[    2.431206] [ASoC:BOARD] asoc_sprd_card_dai_link_of: parse for codec failed. Go to use a dummy codec.
[    2.431209] vbc-rxpx-codec-sc27xx sound@0: \x09name : BE_NORMAL_AP01_USB
[    2.431211] vbc-rxpx-codec-sc27xx sound@0: \x09stream_name : BE_ST_NORMAL_AP01_USB
[    2.431219] [ASoC:BOARD] ERR: asoc_sprd_card_sub_parse_of parse phandle 'codec' failed!(-2)
[    2.431220] [ASoC:BOARD] asoc_sprd_card_dai_link_of: parse for codec failed. Go to use a dummy codec.
[    2.431223] vbc-rxpx-codec-sc27xx sound@0: \x09name : BE_NORMAL_AP23_USB
[    2.431225] vbc-rxpx-codec-sc27xx sound@0: \x09stream_name : BE_ST_NORMAL_AP23_USB
[    2.431233] [ASoC:BOARD] ERR: asoc_sprd_card_sub_parse_of parse phandle 'codec' failed!(-2)
[    2.431234] [ASoC:BOARD] asoc_sprd_card_dai_link_of: parse for codec failed. Go to use a dummy codec.
[    2.431237] vbc-rxpx-codec-sc27xx sound@0: \x09name : BE_CAPTURE_DSP_USB
[    2.431239] vbc-rxpx-codec-sc27xx sound@0: \x09stream_name : BE_ST_CAPTURE_DSP_USB
[    2.431245] [ASoC:BOARD] ERR: asoc_sprd_card_sub_parse_of parse phandle 'codec' failed!(-2)
[    2.431246] [ASoC:BOARD] asoc_sprd_card_dai_link_of: parse for codec failed. Go to use a dummy codec.
[    2.431249] vbc-rxpx-codec-sc27xx sound@0: \x09name : BE_FAST_USB
[    2.431250] vbc-rxpx-codec-sc27xx sound@0: \x09stream_name : BE_ST_FAST_USB
[    2.431258] [ASoC:BOARD] ERR: asoc_sprd_card_sub_parse_of parse phandle 'codec' failed!(-2)
[    2.431259] [ASoC:BOARD] asoc_sprd_card_dai_link_of: parse for codec failed. Go to use a dummy codec.
[    2.431262] vbc-rxpx-codec-sc27xx sound@0: \x09name : BE_OFFLOAD_USB
[    2.431264] vbc-rxpx-codec-sc27xx sound@0: \x09stream_name : BE_ST_OFFLOAD_USB
[    2.431271] [ASoC:BOARD] ERR: asoc_sprd_card_sub_parse_of parse phandle 'codec' failed!(-2)
[    2.431271] [ASoC:BOARD] asoc_sprd_card_dai_link_of: parse for codec failed. Go to use a dummy codec.
[    2.431274] vbc-rxpx-codec-sc27xx sound@0: \x09name : BE_VOICE_USB
[    2.431275] vbc-rxpx-codec-sc27xx sound@0: \x09stream_name : BE_ST_VOICE_USB
[    2.431283] [ASoC:BOARD] ERR: asoc_sprd_card_sub_parse_of parse phandle 'codec' failed!(-2)
[    2.431284] [ASoC:BOARD] asoc_sprd_card_dai_link_of: parse for codec failed. Go to use a dummy codec.
[    2.431287] vbc-rxpx-codec-sc27xx sound@0: \x09name : BE_VOIP_USB
[    2.431289] vbc-rxpx-codec-sc27xx sound@0: \x09stream_name : BE_ST_VOIP_USB
[    2.431296] [ASoC:BOARD] ERR: asoc_sprd_card_sub_parse_of parse phandle 'codec' failed!(-2)
[    2.431297] [ASoC:BOARD] asoc_sprd_card_dai_link_of: parse for codec failed. Go to use a dummy codec.
[    2.431300] vbc-rxpx-codec-sc27xx sound@0: \x09name : BE_FM_USB
[    2.431301] vbc-rxpx-codec-sc27xx sound@0: \x09stream_name : BE_ST_FM_USB
[    2.431312] [ASoC:BOARD] ERR: asoc_sprd_card_sub_parse_of parse phandle 'codec' failed!(-2)
[    2.431313] [ASoC:BOARD] asoc_sprd_card_dai_link_of: parse for codec failed. Go to use a dummy codec.
[    2.431315] vbc-rxpx-codec-sc27xx sound@0: \x09name : BE_LOOP_USB
[    2.431317] vbc-rxpx-codec-sc27xx sound@0: \x09stream_name : BE_ST_LOOP_USB
[    2.431324] [ASoC:BOARD] ERR: asoc_sprd_card_sub_parse_of parse phandle 'codec' failed!(-2)
[    2.431326] [ASoC:BOARD] asoc_sprd_card_dai_link_of: parse for codec failed. Go to use a dummy codec.
[    2.431329] vbc-rxpx-codec-sc27xx sound@0: \x09name : BE_FM_DSP_USB
[    2.431331] vbc-rxpx-codec-sc27xx sound@0: \x09stream_name : BE_ST_FM_DSP_USB
[    2.431339] [ASoC:BOARD] ERR: asoc_sprd_card_sub_parse_of parse phandle 'codec' failed!(-2)
[    2.431340] [ASoC:BOARD] asoc_sprd_card_dai_link_of: parse for codec failed. Go to use a dummy codec.
[    2.431343] vbc-rxpx-codec-sc27xx sound@0: \x09name : BE_OFFLOAD_A2DP
[    2.431345] vbc-rxpx-codec-sc27xx sound@0: \x09stream_name : BE_ST_OFFLOAD_A2DP
[    2.431351] [ASoC:BOARD] ERR: asoc_sprd_card_sub_parse_of parse phandle 'codec' failed!(-2)
[    2.431352] [ASoC:BOARD] asoc_sprd_card_dai_link_of: parse for codec failed. Go to use a dummy codec.
[    2.431355] vbc-rxpx-codec-sc27xx sound@0: \x09name : BE_PCM_A2DP
[    2.431357] vbc-rxpx-codec-sc27xx sound@0: \x09stream_name : BE_ST_PCM_A2DP
[    2.431366] [ASoC:BOARD] ERR: asoc_sprd_card_sub_parse_of parse phandle 'codec' failed!(-2)
[    2.431367] [ASoC:BOARD] asoc_sprd_card_dai_link_of: parse for codec failed. Go to use a dummy codec.
[    2.431369] vbc-rxpx-codec-sc27xx sound@0: \x09name : BE_VOICE_BT
[    2.431371] vbc-rxpx-codec-sc27xx sound@0: \x09stream_name : BE_ST_VOICE_BT
[    2.431378] [ASoC:BOARD] ERR: asoc_sprd_card_sub_parse_of parse phandle 'codec' failed!(-2)
[    2.431378] [ASoC:BOARD] asoc_sprd_card_dai_link_of: parse for codec failed. Go to use a dummy codec.
[    2.431381] vbc-rxpx-codec-sc27xx sound@0: \x09name : BE_VOIP_BT
[    2.431383] vbc-rxpx-codec-sc27xx sound@0: \x09stream_name : BE_ST_VOIP_BT
[    2.431390] [ASoC:BOARD] ERR: asoc_sprd_card_sub_parse_of parse phandle 'codec' failed!(-2)
[    2.431391] [ASoC:BOARD] asoc_sprd_card_dai_link_of: parse for codec failed. Go to use a dummy codec.
[    2.431393] vbc-rxpx-codec-sc27xx sound@0: \x09name : BE_LOOP_BT
[    2.431395] vbc-rxpx-codec-sc27xx sound@0: \x09stream_name : BE_ST_LOOP_BT
[    2.431402] [ASoC:BOARD] ERR: asoc_sprd_card_sub_parse_of parse phandle 'codec' failed!(-2)
[    2.431402] [ASoC:BOARD] asoc_sprd_card_dai_link_of: parse for codec failed. Go to use a dummy codec.
[    2.431405] vbc-rxpx-codec-sc27xx sound@0: \x09name : BE_BT_C
[    2.431406] vbc-rxpx-codec-sc27xx sound@0: \x09stream_name : BE_ST_BT_C
[    2.431413] [ASoC:BOARD] ERR: asoc_sprd_card_sub_parse_of parse phandle 'codec' failed!(-2)
[    2.431414] [ASoC:BOARD] asoc_sprd_card_dai_link_of: parse for codec failed. Go to use a dummy codec.
[    2.431416] vbc-rxpx-codec-sc27xx sound@0: \x09name : BE_VOICE_C
[    2.431418] vbc-rxpx-codec-sc27xx sound@0: \x09stream_name : BE_ST_VOICE_C
[    2.431425] [ASoC:BOARD] ERR: asoc_sprd_card_sub_parse_of parse phandle 'codec' failed!(-2)
[    2.431426] [ASoC:BOARD] asoc_sprd_card_dai_link_of: parse for codec failed. Go to use a dummy codec.
[    2.431429] vbc-rxpx-codec-sc27xx sound@0: \x09name : BE_FM_C
[    2.431430] vbc-rxpx-codec-sc27xx sound@0: \x09stream_name : BE_ST_FM_C
[    2.431439] [ASoC:BOARD] ERR: asoc_sprd_card_sub_parse_of parse phandle 'codec' failed!(-2)
[    2.431440] [ASoC:BOARD] asoc_sprd_card_dai_link_of: parse for codec failed. Go to use a dummy codec.
[    2.431443] vbc-rxpx-codec-sc27xx sound@0: \x09name : BE_CAPTURE_FM_DSP
[    2.431444] vbc-rxpx-codec-sc27xx sound@0: \x09stream_name : BE_ST_CAPTURE_FM_DSP
[    2.431451] [ASoC:BOARD] ERR: asoc_sprd_card_sub_parse_of parse phandle 'codec' failed!(-2)
[    2.431453] [ASoC:BOARD] asoc_sprd_card_dai_link_of: parse for codec failed. Go to use a dummy codec.
[    2.431455] vbc-rxpx-codec-sc27xx sound@0: \x09name : BE_CAPTURE_BTSCO_DSP
[    2.431456] vbc-rxpx-codec-sc27xx sound@0: \x09stream_name : BE_ST_CAPTURE_BTSCO_DSP
[    2.431462] [ASoC:BOARD] ERR: asoc_sprd_card_sub_parse_of parse phandle 'codec' failed!(-2)
[    2.431463] [ASoC:BOARD] asoc_sprd_card_dai_link_of: parse for codec failed. Go to use a dummy codec.
[    2.431466] vbc-rxpx-codec-sc27xx sound@0: \x09name : BE_DUMP
[    2.431467] vbc-rxpx-codec-sc27xx sound@0: \x09stream_name : BE_DUMP
[    2.431473] [ASoC:BOARD] ERR: asoc_sprd_card_sub_parse_of parse phandle 'codec' failed!(-2)
[    2.431473] [ASoC:BOARD] asoc_sprd_card_dai_link_of: parse for codec failed. Go to use a dummy codec.
[    2.431478] vbc-rxpx-codec-sc27xx sound@0: \x09name : FE_TEST_CODEC
[    2.431480] vbc-rxpx-codec-sc27xx sound@0: \x09stream_name : FE_ST_TEST_CODEC
[    2.431489] vbc-rxpx-codec-sc27xx sound@0: \x09name : BE_TEST_CODEC
[    2.431491] vbc-rxpx-codec-sc27xx sound@0: \x09stream_name : BE_TEST_CODEC
[    2.431497] [ASoC:BOARD] ERR: asoc_sprd_card_sub_parse_of parse phandle 'codec' failed!(-2)
[    2.431498] [ASoC:BOARD] asoc_sprd_card_dai_link_of: parse for codec failed. Go to use a dummy codec.
[    2.431502] vbc-rxpx-codec-sc27xx sound@0: \x09name : BE_FAST_BTSCO
[    2.431503] vbc-rxpx-codec-sc27xx sound@0: \x09stream_name : BE_ST_FAST_BTSCO
[    2.431512] [ASoC:BOARD] ERR: asoc_sprd_card_sub_parse_of parse phandle 'codec' failed!(-2)
[    2.431513] [ASoC:BOARD] asoc_sprd_card_dai_link_of: parse for codec failed. Go to use a dummy codec.
[    2.431516] vbc-rxpx-codec-sc27xx sound@0: \x09name : BE_NORMAL_AP01_BTSCO
[    2.431517] vbc-rxpx-codec-sc27xx sound@0: \x09stream_name : BE_ST_NORMAL_AP01_BTSCO
[    2.431523] [ASoC:BOARD] ERR: asoc_sprd_card_sub_parse_of parse phandle 'codec' failed!(-2)
[    2.431524] [ASoC:BOARD] asoc_sprd_card_dai_link_of: parse for codec failed. Go to use a dummy codec.
[    2.431527] vbc-rxpx-codec-sc27xx sound@0: \x09name : FE_VOICE_PCM_P
[    2.431529] vbc-rxpx-codec-sc27xx sound@0: \x09stream_name : FE_ST_VOICE_PCM_P
[    2.431537] [ASoC:BOARD] ERR: asoc_sprd_card_sub_parse_of parse phandle 'codec' failed!(-2)
[    2.431538] [ASoC:BOARD] asoc_sprd_card_dai_link_of: parse for codec failed. Go to use a dummy codec.
[    2.431541] vbc-rxpx-codec-sc27xx sound@0: \x09name : BE_VOICE_PCM_P
[    2.431542] vbc-rxpx-codec-sc27xx sound@0: \x09stream_name : BE_ST_VOICE_PCM_P
[    2.431548] [ASoC:BOARD] ERR: asoc_sprd_card_sub_parse_of parse phandle 'codec' failed!(-2)
[    2.431549] [ASoC:BOARD] asoc_sprd_card_dai_link_of: parse for codec failed. Go to use a dummy codec.
[    2.431553] vbc-rxpx-codec-sc27xx sound@0: \x09name : FE_MM_P
[    2.431554] vbc-rxpx-codec-sc27xx sound@0: \x09stream_name : FE_ST_MM_P
[    2.431566] vbc-rxpx-codec-sc27xx sound@0: \x09name : BE_FAST_P_SMART_AMP
[    2.431567] vbc-rxpx-codec-sc27xx sound@0: \x09stream_name : BE_ST_FAST_P_SMART_AMP
[    2.431578] [ASoC:BOARD] sprd_asoc_card_parse_hook hook aw87xx iic pa!
[    2.431580] [ASoC:BOARD] hook_spk_aw87xxx id: 0, on: 0
[    2.431587] [Awinic] [4-005b]aw87xxx_power_on: profile_cfg not load
[    2.431593] vbc-rxpx-codec-sc27xx sound@0: ASoC: failed to init link FE_NORMAL_AP01: -517
[    2.431596] vbc-rxpx-codec-sc27xx sound@0: Count 'sprd,spk-ext-pa-info' failed!(-22)
[    2.431610] probe of sound@0 returned 0 after 828 usecs
[    2.431639] probe of sprd-fe-dai returned 1 after 1033 usecs
[    2.431793] initcall fe_hw_free+0x170/0xe1c [snd_soc_sprd_vbc_fe] returned 0 after 1351 usecs
[    2.431862] init: Loaded kernel module /lib/modules/snd-soc-sprd-vbc-fe.ko
[    2.431958] init: Loading module /lib/modules/sprd-dmaengine-pcm.ko with args ''
[    2.434463] calling  sprd_pcm_platform_proc_write+0x254/0x2a8 [sprd_dmaengine_pcm] @ 1
[    2.434931] [ASoC:BOARD] ERR: asoc_sprd_card_sub_parse_of parse phandle 'codec' failed!(-2)
[    2.434932] [ASoC:BOARD] asoc_sprd_card_dai_link_of: parse for codec failed. Go to use a dummy codec.
[    2.434941] vbc-rxpx-codec-sc27xx sound@0: \x09name : FE_NORMAL_AP01
[    2.434943] vbc-rxpx-codec-sc27xx sound@0: \x09stream_name : FE_ST_NORMAL_AP01
[    2.434951] [ASoC:BOARD] ERR: asoc_sprd_card_sub_parse_of parse phandle 'codec' failed!(-2)
[    2.434952] [ASoC:BOARD] asoc_sprd_card_dai_link_of: parse for codec failed. Go to use a dummy codec.
[    2.434957] vbc-rxpx-codec-sc27xx sound@0: \x09name : FE_NORMAL_AP23
[    2.434959] vbc-rxpx-codec-sc27xx sound@0: \x09stream_name : FE_ST_NORMAL_AP23
[    2.434966] [ASoC:BOARD] ERR: asoc_sprd_card_sub_parse_of parse phandle 'codec' failed!(-2)
[    2.434967] [ASoC:BOARD] asoc_sprd_card_dai_link_of: parse for codec failed. Go to use a dummy codec.
[    2.434971] vbc-rxpx-codec-sc27xx sound@0: \x09name : FE_CAPTURE_DSP
[    2.434972] vbc-rxpx-codec-sc27xx sound@0: \x09stream_name : FE_ST_CAPTURE_DSP
[    2.434978] [ASoC:BOARD] ERR: asoc_sprd_card_sub_parse_of parse phandle 'codec' failed!(-2)
[    2.434979] [ASoC:BOARD] asoc_sprd_card_dai_link_of: parse for codec failed. Go to use a dummy codec.
[    2.434983] vbc-rxpx-codec-sc27xx sound@0: \x09name : FE_FAST
[    2.434985] vbc-rxpx-codec-sc27xx sound@0: \x09stream_name : FE_ST_FAST
[    2.434992] [ASoC:BOARD] ERR: asoc_sprd_card_sub_parse_of parse phandle 'codec' failed!(-2)
[    2.434993] [ASoC:BOARD] asoc_sprd_card_dai_link_of: parse for codec failed. Go to use a dummy codec.
[    2.434997] vbc-rxpx-codec-sc27xx sound@0: \x09name : FE_OFFLOAD
[    2.434998] vbc-rxpx-codec-sc27xx sound@0: \x09stream_name : FE_ST_OFFLOAD
[    2.435006] [ASoC:BOARD] ERR: asoc_sprd_card_sub_parse_of parse phandle 'codec' failed!(-2)
[    2.435007] [ASoC:BOARD] asoc_sprd_card_dai_link_of: parse for codec failed. Go to use a dummy codec.
[    2.435010] vbc-rxpx-codec-sc27xx sound@0: \x09name : FE_VOICE
[    2.435011] vbc-rxpx-codec-sc27xx sound@0: \x09stream_name : FE_ST_VOICE
[    2.435018] [ASoC:BOARD] ERR: asoc_sprd_card_sub_parse_of parse phandle 'codec' failed!(-2)
[    2.435019] [ASoC:BOARD] asoc_sprd_card_dai_link_of: parse for codec failed. Go to use a dummy codec.
[    2.435021] vbc-rxpx-codec-sc27xx sound@0: \x09name : FE_VOIP
[    2.435023] vbc-rxpx-codec-sc27xx sound@0: \x09stream_name : FE_ST_VOIP
[    2.435030] [ASoC:BOARD] ERR: asoc_sprd_card_sub_parse_of parse phandle 'codec' failed!(-2)
[    2.435031] [ASoC:BOARD] asoc_sprd_card_dai_link_of: parse for codec failed. Go to use a dummy codec.
[    2.435034] vbc-rxpx-codec-sc27xx sound@0: \x09name : FE_FM
[    2.435036] vbc-rxpx-codec-sc27xx sound@0: \x09stream_name : FE_ST_FM
[    2.435042] [ASoC:BOARD] ERR: asoc_sprd_card_sub_parse_of parse phandle 'codec' failed!(-2)
[    2.435043] [ASoC:BOARD] asoc_sprd_card_dai_link_of: parse for codec failed. Go to use a dummy codec.
[    2.435046] vbc-rxpx-codec-sc27xx sound@0: \x09name : FE_FM_C
[    2.435047] vbc-rxpx-codec-sc27xx sound@0: \x09stream_name : FE_ST_FM_C
[    2.435054] [ASoC:BOARD] ERR: asoc_sprd_card_sub_parse_of parse phandle 'codec' failed!(-2)
[    2.435055] [ASoC:BOARD] asoc_sprd_card_dai_link_of: parse for codec failed. Go to use a dummy codec.
[    2.435057] vbc-rxpx-codec-sc27xx sound@0: \x09name : FE_VOICE_C
[    2.435059] vbc-rxpx-codec-sc27xx sound@0: \x09stream_name : FE_ST_VOICE_C
[    2.435066] [ASoC:BOARD] ERR: asoc_sprd_card_sub_parse_of parse phandle 'codec' failed!(-2)
[    2.435066] [ASoC:BOARD] asoc_sprd_card_dai_link_of: parse for codec failed. Go to use a dummy codec.
[    2.435070] vbc-rxpx-codec-sc27xx sound@0: \x09name : FE_LOOP
[    2.435072] vbc-rxpx-codec-sc27xx sound@0: \x09stream_name : FE_ST_LOOP
[    2.435077] [ASoC:BOARD] ERR: asoc_sprd_card_sub_parse_of parse phandle 'codec' failed!(-2)
[    2.435078] [ASoC:BOARD] asoc_sprd_card_dai_link_of: parse for codec failed. Go to use a dummy codec.
[    2.435081] vbc-rxpx-codec-sc27xx sound@0: \x09name : FE_A2DP_OFFLOAD
[    2.435083] vbc-rxpx-codec-sc27xx sound@0: \x09stream_name : FE_ST_A2DP_OFFLOAD
[    2.435090] [ASoC:BOARD] ERR: asoc_sprd_card_sub_parse_of parse phandle 'codec' failed!(-2)
[    2.435091] [ASoC:BOARD] asoc_sprd_card_dai_link_of: parse for codec failed. Go to use a dummy codec.
[    2.435094] vbc-rxpx-codec-sc27xx sound@0: \x09name : FE_A2DP_PCM
[    2.435096] vbc-rxpx-codec-sc27xx sound@0: \x09stream_name : FE_ST_A2DP_PCM
[    2.435103] [ASoC:BOARD] ERR: asoc_sprd_card_sub_parse_of parse phandle 'codec' failed!(-2)
[    2.435104] [ASoC:BOARD] asoc_sprd_card_dai_link_of: parse for codec failed. Go to use a dummy codec.
[    2.435107] vbc-rxpx-codec-sc27xx sound@0: \x09name : FE_CAPTURE_FM_DSP
[    2.435108] vbc-rxpx-codec-sc27xx sound@0: \x09stream_name : FE_ST_CAPTURE_FM_DSP
[    2.435114] [ASoC:BOARD] ERR: asoc_sprd_card_sub_parse_of parse phandle 'codec' failed!(-2)
[    2.435116] [ASoC:BOARD] asoc_sprd_card_dai_link_of: parse for codec failed. Go to use a dummy codec.
[    2.435119] vbc-rxpx-codec-sc27xx sound@0: \x09name : FE_CAPTURE_BTSCO_DSP
[    2.435121] vbc-rxpx-codec-sc27xx sound@0: \x09stream_name : FE_ST_CAPTURE_BTSCO_DSP
[    2.435127] [ASoC:BOARD] ERR: asoc_sprd_card_sub_parse_of parse phandle 'codec' failed!(-2)
[    2.435128] [ASoC:BOARD] asoc_sprd_card_dai_link_of: parse for codec failed. Go to use a dummy codec.
[    2.435131] vbc-rxpx-codec-sc27xx sound@0: \x09name : FE_FM_DSP
[    2.435133] vbc-rxpx-codec-sc27xx sound@0: \x09stream_name : FE_ST_FM_DSP
[    2.435139] [ASoC:BOARD] ERR: asoc_sprd_card_sub_parse_of parse phandle 'codec' failed!(-2)
[    2.435140] [ASoC:BOARD] asoc_sprd_card_dai_link_of: parse for codec failed. Go to use a dummy codec.
[    2.435143] vbc-rxpx-codec-sc27xx sound@0: \x09name : FE_DUMP
[    2.435144] vbc-rxpx-codec-sc27xx sound@0: \x09stream_name : FE_ST_DUMP
[    2.435150] [ASoC:BOARD] ERR: asoc_sprd_card_sub_parse_of parse phandle 'codec' failed!(-2)
[    2.435151] [ASoC:BOARD] asoc_sprd_card_dai_link_of: parse for codec failed. Go to use a dummy codec.
[    2.435153] vbc-rxpx-codec-sc27xx sound@0: \x09name : FE_BTCAP_AP
[    2.435155] vbc-rxpx-codec-sc27xx sound@0: \x09stream_name : FE_ST_BTCAP_AP
[    2.435168] vbc-rxpx-codec-sc27xx sound@0: \x09name : BE_NORMAL_AP01_CODEC
[    2.435170] vbc-rxpx-codec-sc27xx sound@0: \x09stream_name : BE_ST_NORMAL_AP01_CODEC
[    2.435180] vbc-rxpx-codec-sc27xx sound@0: \x09name : BE_NORMAL_AP23_CODEC
[    2.435181] vbc-rxpx-codec-sc27xx sound@0: \x09stream_name : BE_ST_NORMAL_AP23_CODEC
[    2.435190] vbc-rxpx-codec-sc27xx sound@0: \x09name : BE_CAPTURE_DSP_CODEC
[    2.435191] vbc-rxpx-codec-sc27xx sound@0: \x09stream_name : BE_ST_CAPTURE_DSP_CODEC
[    2.435201] vbc-rxpx-codec-sc27xx sound@0: \x09name : BE_FAST_CODEC
[    2.435203] vbc-rxpx-codec-sc27xx sound@0: \x09stream_name : BE_ST_FAST_CODEC
[    2.435212] vbc-rxpx-codec-sc27xx sound@0: \x09name : BE_OFFLOAD_CODEC
[    2.435214] vbc-rxpx-codec-sc27xx sound@0: \x09stream_name : BE_ST_OFFLOAD_CODEC
[    2.435224] vbc-rxpx-codec-sc27xx sound@0: \x09name : BE_VOICE_CODEC
[    2.435226] vbc-rxpx-codec-sc27xx sound@0: \x09stream_name : BE_ST_VOICE_CODEC
[    2.435236] vbc-rxpx-codec-sc27xx sound@0: \x09name : BE_VOIP_CODEC
[    2.435238] vbc-rxpx-codec-sc27xx sound@0: \x09stream_name : BE_ST_VOIP_CODEC
[    2.435246] vbc-rxpx-codec-sc27xx sound@0: \x09name : BE_FM_CODEC
[    2.435248] vbc-rxpx-codec-sc27xx sound@0: \x09stream_name : BE_ST_FM_CODEC
[    2.435257] vbc-rxpx-codec-sc27xx sound@0: \x09name : BE_LOOP_CODEC
[    2.435259] vbc-rxpx-codec-sc27xx sound@0: \x09stream_name : BE_ST_LOOP_CODEC
[    2.435268] vbc-rxpx-codec-sc27xx sound@0: \x09name : BE_FM_DSP_CODEC
[    2.435270] vbc-rxpx-codec-sc27xx sound@0: \x09stream_name : BE_ST_FM_DSP_CODEC
[    2.435276] [ASoC:BOARD] ERR: asoc_sprd_card_sub_parse_of parse phandle 'codec' failed!(-2)
[    2.435277] [ASoC:BOARD] asoc_sprd_card_dai_link_of: parse for codec failed. Go to use a dummy codec.
[    2.435279] vbc-rxpx-codec-sc27xx sound@0: \x09name : BE_NORMAL_AP01_USB
[    2.435281] vbc-rxpx-codec-sc27xx sound@0: \x09stream_name : BE_ST_NORMAL_AP01_USB
[    2.435288] [ASoC:BOARD] ERR: asoc_sprd_card_sub_parse_of parse phandle 'codec' failed!(-2)
[    2.435289] [ASoC:BOARD] asoc_sprd_card_dai_link_of: parse for codec failed. Go to use a dummy codec.
[    2.435292] vbc-rxpx-codec-sc27xx sound@0: \x09name : BE_NORMAL_AP23_USB
[    2.435294] vbc-rxpx-codec-sc27xx sound@0: \x09stream_name : BE_ST_NORMAL_AP23_USB
[    2.435300] [ASoC:BOARD] ERR: asoc_sprd_card_sub_parse_of parse phandle 'codec' failed!(-2)
[    2.435301] [ASoC:BOARD] asoc_sprd_card_dai_link_of: parse for codec failed. Go to use a dummy codec.
[    2.435304] vbc-rxpx-codec-sc27xx sound@0: \x09name : BE_CAPTURE_DSP_USB
[    2.435306] vbc-rxpx-codec-sc27xx sound@0: \x09stream_name : BE_ST_CAPTURE_DSP_USB
[    2.435311] [ASoC:BOARD] ERR: asoc_sprd_card_sub_parse_of parse phandle 'codec' failed!(-2)
[    2.435312] [ASoC:BOARD] asoc_sprd_card_dai_link_of: parse for codec failed. Go to use a dummy codec.
[    2.435315] vbc-rxpx-codec-sc27xx sound@0: \x09name : BE_FAST_USB
[    2.435317] vbc-rxpx-codec-sc27xx sound@0: \x09stream_name : BE_ST_FAST_USB
[    2.435324] [ASoC:BOARD] ERR: asoc_sprd_card_sub_parse_of parse phandle 'codec' failed!(-2)
[    2.435325] [ASoC:BOARD] asoc_sprd_card_dai_link_of: parse for codec failed. Go to use a dummy codec.
[    2.435328] vbc-rxpx-codec-sc27xx sound@0: \x09name : BE_OFFLOAD_USB
[    2.435329] vbc-rxpx-codec-sc27xx sound@0: \x09stream_name : BE_ST_OFFLOAD_USB
[    2.435335] [ASoC:BOARD] ERR: asoc_sprd_card_sub_parse_of parse phandle 'codec' failed!(-2)
[    2.435336] [ASoC:BOARD] asoc_sprd_card_dai_link_of: parse for codec failed. Go to use a dummy codec.
[    2.435339] vbc-rxpx-codec-sc27xx sound@0: \x09name : BE_VOICE_USB
[    2.435340] vbc-rxpx-codec-sc27xx sound@0: \x09stream_name : BE_ST_VOICE_USB
[    2.435348] [ASoC:BOARD] ERR: asoc_sprd_card_sub_parse_of parse phandle 'codec' failed!(-2)
[    2.435348] [ASoC:BOARD] asoc_sprd_card_dai_link_of: parse for codec failed. Go to use a dummy codec.
[    2.435351] vbc-rxpx-codec-sc27xx sound@0: \x09name : BE_VOIP_USB
[    2.435353] vbc-rxpx-codec-sc27xx sound@0: \x09stream_name : BE_ST_VOIP_USB
[    2.435360] [ASoC:BOARD] ERR: asoc_sprd_card_sub_parse_of parse phandle 'codec' failed!(-2)
[    2.435362] [ASoC:BOARD] asoc_sprd_card_dai_link_of: parse for codec failed. Go to use a dummy codec.
[    2.435364] vbc-rxpx-codec-sc27xx sound@0: \x09name : BE_FM_USB
[    2.435366] vbc-rxpx-codec-sc27xx sound@0: \x09stream_name : BE_ST_FM_USB
[    2.435374] [ASoC:BOARD] ERR: asoc_sprd_card_sub_parse_of parse phandle 'codec' failed!(-2)
[    2.435375] [ASoC:BOARD] asoc_sprd_card_dai_link_of: parse for codec failed. Go to use a dummy codec.
[    2.435378] vbc-rxpx-codec-sc27xx sound@0: \x09name : BE_LOOP_USB
[    2.435380] vbc-rxpx-codec-sc27xx sound@0: \x09stream_name : BE_ST_LOOP_USB
[    2.435386] [ASoC:BOARD] ERR: asoc_sprd_card_sub_parse_of parse phandle 'codec' failed!(-2)
[    2.435387] [ASoC:BOARD] asoc_sprd_card_dai_link_of: parse for codec failed. Go to use a dummy codec.
[    2.435390] vbc-rxpx-codec-sc27xx sound@0: \x09name : BE_FM_DSP_USB
[    2.435391] vbc-rxpx-codec-sc27xx sound@0: \x09stream_name : BE_ST_FM_DSP_USB
[    2.435399] [ASoC:BOARD] ERR: asoc_sprd_card_sub_parse_of parse phandle 'codec' failed!(-2)
[    2.435400] [ASoC:BOARD] asoc_sprd_card_dai_link_of: parse for codec failed. Go to use a dummy codec.
[    2.435402] vbc-rxpx-codec-sc27xx sound@0: \x09name : BE_OFFLOAD_A2DP
[    2.435405] vbc-rxpx-codec-sc27xx sound@0: \x09stream_name : BE_ST_OFFLOAD_A2DP
[    2.435411] [ASoC:BOARD] ERR: asoc_sprd_card_sub_parse_of parse phandle 'codec' failed!(-2)
[    2.435412] [ASoC:BOARD] asoc_sprd_card_dai_link_of: parse for codec failed. Go to use a dummy codec.
[    2.435415] vbc-rxpx-codec-sc27xx sound@0: \x09name : BE_PCM_A2DP
[    2.435417] vbc-rxpx-codec-sc27xx sound@0: \x09stream_name : BE_ST_PCM_A2DP
[    2.435424] [ASoC:BOARD] ERR: asoc_sprd_card_sub_parse_of parse phandle 'codec' failed!(-2)
[    2.435425] [ASoC:BOARD] asoc_sprd_card_dai_link_of: parse for codec failed. Go to use a dummy codec.
[    2.435428] vbc-rxpx-codec-sc27xx sound@0: \x09name : BE_VOICE_BT
[    2.435429] vbc-rxpx-codec-sc27xx sound@0: \x09stream_name : BE_ST_VOICE_BT
[    2.435436] [ASoC:BOARD] ERR: asoc_sprd_card_sub_parse_of parse phandle 'codec' failed!(-2)
[    2.435437] [ASoC:BOARD] asoc_sprd_card_dai_link_of: parse for codec failed. Go to use a dummy codec.
[    2.435440] vbc-rxpx-codec-sc27xx sound@0: \x09name : BE_VOIP_BT
[    2.435441] vbc-rxpx-codec-sc27xx sound@0: \x09stream_name : BE_ST_VOIP_BT
[    2.435449] [ASoC:BOARD] ERR: asoc_sprd_card_sub_parse_of parse phandle 'codec' failed!(-2)
[    2.435450] [ASoC:BOARD] asoc_sprd_card_dai_link_of: parse for codec failed. Go to use a dummy codec.
[    2.435453] vbc-rxpx-codec-sc27xx sound@0: \x09name : BE_LOOP_BT
[    2.435454] vbc-rxpx-codec-sc27xx sound@0: \x09stream_name : BE_ST_LOOP_BT
[    2.435461] [ASoC:BOARD] ERR: asoc_sprd_card_sub_parse_of parse phandle 'codec' failed!(-2)
[    2.435462] [ASoC:BOARD] asoc_sprd_card_dai_link_of: parse for codec failed. Go to use a dummy codec.
[    2.435464] vbc-rxpx-codec-sc27xx sound@0: \x09name : BE_BT_C
[    2.435466] vbc-rxpx-codec-sc27xx sound@0: \x09stream_name : BE_ST_BT_C
[    2.435473] [ASoC:BOARD] ERR: asoc_sprd_card_sub_parse_of parse phandle 'codec' failed!(-2)
[    2.435474] [ASoC:BOARD] asoc_sprd_card_dai_link_of: parse for codec failed. Go to use a dummy codec.
[    2.435477] vbc-rxpx-codec-sc27xx sound@0: \x09name : BE_VOICE_C
[    2.435479] vbc-rxpx-codec-sc27xx sound@0: \x09stream_name : BE_ST_VOICE_C
[    2.435486] [ASoC:BOARD] ERR: asoc_sprd_card_sub_parse_of parse phandle 'codec' failed!(-2)
[    2.435487] [ASoC:BOARD] asoc_sprd_card_dai_link_of: parse for codec failed. Go to use a dummy codec.
[    2.435490] vbc-rxpx-codec-sc27xx sound@0: \x09name : BE_FM_C
[    2.435492] vbc-rxpx-codec-sc27xx sound@0: \x09stream_name : BE_ST_FM_C
[    2.435498] [ASoC:BOARD] ERR: asoc_sprd_card_sub_parse_of parse phandle 'codec' failed!(-2)
[    2.435499] [ASoC:BOARD] asoc_sprd_card_dai_link_of: parse for codec failed. Go to use a dummy codec.
[    2.435502] vbc-rxpx-codec-sc27xx sound@0: \x09name : BE_CAPTURE_FM_DSP
[    2.435503] vbc-rxpx-codec-sc27xx sound@0: \x09stream_name : BE_ST_CAPTURE_FM_DSP
[    2.435510] [ASoC:BOARD] ERR: asoc_sprd_card_sub_parse_of parse phandle 'codec' failed!(-2)
[    2.435512] [ASoC:BOARD] asoc_sprd_card_dai_link_of: parse for codec failed. Go to use a dummy codec.
[    2.435514] vbc-rxpx-codec-sc27xx sound@0: \x09name : BE_CAPTURE_BTSCO_DSP
[    2.435516] vbc-rxpx-codec-sc27xx sound@0: \x09stream_name : BE_ST_CAPTURE_BTSCO_DSP
[    2.435522] [ASoC:BOARD] ERR: asoc_sprd_card_sub_parse_of parse phandle 'codec' failed!(-2)
[    2.435523] [ASoC:BOARD] asoc_sprd_card_dai_link_of: parse for codec failed. Go to use a dummy codec.
[    2.435526] vbc-rxpx-codec-sc27xx sound@0: \x09name : BE_DUMP
[    2.435527] vbc-rxpx-codec-sc27xx sound@0: \x09stream_name : BE_DUMP
[    2.435534] [ASoC:BOARD] ERR: asoc_sprd_card_sub_parse_of parse phandle 'codec' failed!(-2)
[    2.435535] [ASoC:BOARD] asoc_sprd_card_dai_link_of: parse for codec failed. Go to use a dummy codec.
[    2.435538] vbc-rxpx-codec-sc27xx sound@0: \x09name : FE_TEST_CODEC
[    2.435539] vbc-rxpx-codec-sc27xx sound@0: \x09stream_name : FE_ST_TEST_CODEC
[    2.435548] vbc-rxpx-codec-sc27xx sound@0: \x09name : BE_TEST_CODEC
[    2.435550] vbc-rxpx-codec-sc27xx sound@0: \x09stream_name : BE_TEST_CODEC
[    2.435558] [ASoC:BOARD] ERR: asoc_sprd_card_sub_parse_of parse phandle 'codec' failed!(-2)
[    2.435558] [ASoC:BOARD] asoc_sprd_card_dai_link_of: parse for codec failed. Go to use a dummy codec.
[    2.435561] vbc-rxpx-codec-sc27xx sound@0: \x09name : BE_FAST_BTSCO
[    2.435563] vbc-rxpx-codec-sc27xx sound@0: \x09stream_name : BE_ST_FAST_BTSCO
[    2.435571] [ASoC:BOARD] ERR: asoc_sprd_card_sub_parse_of parse phandle 'codec' failed!(-2)
[    2.435571] [ASoC:BOARD] asoc_sprd_card_dai_link_of: parse for codec failed. Go to use a dummy codec.
[    2.435574] vbc-rxpx-codec-sc27xx sound@0: \x09name : BE_NORMAL_AP01_BTSCO
[    2.435575] vbc-rxpx-codec-sc27xx sound@0: \x09stream_name : BE_ST_NORMAL_AP01_BTSCO
[    2.435581] [ASoC:BOARD] ERR: asoc_sprd_card_sub_parse_of parse phandle 'codec' failed!(-2)
[    2.435582] [ASoC:BOARD] asoc_sprd_card_dai_link_of: parse for codec failed. Go to use a dummy codec.
[    2.435584] vbc-rxpx-codec-sc27xx sound@0: \x09name : FE_VOICE_PCM_P
[    2.435586] vbc-rxpx-codec-sc27xx sound@0: \x09stream_name : FE_ST_VOICE_PCM_P
[    2.435593] [ASoC:BOARD] ERR: asoc_sprd_card_sub_parse_of parse phandle 'codec' failed!(-2)
[    2.435594] [ASoC:BOARD] asoc_sprd_card_dai_link_of: parse for codec failed. Go to use a dummy codec.
[    2.435597] vbc-rxpx-codec-sc27xx sound@0: \x09name : BE_VOICE_PCM_P
[    2.435599] vbc-rxpx-codec-sc27xx sound@0: \x09stream_name : BE_ST_VOICE_PCM_P
[    2.435607] [ASoC:BOARD] ERR: asoc_sprd_card_sub_parse_of parse phandle 'codec' failed!(-2)
[    2.435608] [ASoC:BOARD] asoc_sprd_card_dai_link_of: parse for codec failed. Go to use a dummy codec.
[    2.435611] vbc-rxpx-codec-sc27xx sound@0: \x09name : FE_MM_P
[    2.435612] vbc-rxpx-codec-sc27xx sound@0: \x09stream_name : FE_ST_MM_P
[    2.435624] vbc-rxpx-codec-sc27xx sound@0: \x09name : BE_FAST_P_SMART_AMP
[    2.435626] vbc-rxpx-codec-sc27xx sound@0: \x09stream_name : BE_ST_FAST_P_SMART_AMP
[    2.435628] [ASoC:BOARD] sprd_asoc_card_parse_hook hook aw87xx iic pa!
[    2.435631] [ASoC:BOARD] hook_spk_aw87xxx id: 0, on: 0
[    2.435636] [Awinic] [4-005b]aw87xxx_power_on: profile_cfg not load
[    2.435642] vbc-rxpx-codec-sc27xx sound@0: ASoC: failed to init link FE_OFFLOAD: -517
[    2.435646] vbc-rxpx-codec-sc27xx sound@0: Count 'sprd,spk-ext-pa-info' failed!(-22)
[    2.435659] probe of sound@0 returned 0 after 784 usecs
[    2.435692] probe of sprd-pcm-audio returned 1 after 984 usecs
[    2.435869] initcall sprd_pcm_platform_proc_write+0x254/0x2a8 [sprd_dmaengine_pcm] returned 0 after 1365 usecs
[    2.435937] init: Loaded kernel module /lib/modules/sprd-dmaengine-pcm.ko
[    2.436070] init: Loading module /lib/modules/sprd-compr-2stage-dma.ko with args ''
[    2.438917] calling  sprd_compress_proc_read+0x34/0x84 [sprd_compr_2stage_dma] @ 1
[    2.439184] [ASoC:COMPR] sprd_platform_compr_probe, line: 2254
[    2.439185] [ASoC:COMPR] sprd_platform_compr_probe E,devname:sprd-compr-audio, drivername:sprd-compr-platform
[    2.439190] [ASoC:COMPR] sprd_platform_compr_probe, line: 2263
[    2.439394] [ASoC:BOARD] ERR: asoc_sprd_card_sub_parse_of parse phandle 'codec' failed!(-2)
[    2.439395] [ASoC:BOARD] asoc_sprd_card_dai_link_of: parse for codec failed. Go to use a dummy codec.
[    2.439405] vbc-rxpx-codec-sc27xx sound@0: \x09name : FE_NORMAL_AP01
[    2.439407] vbc-rxpx-codec-sc27xx sound@0: \x09stream_name : FE_ST_NORMAL_AP01
[    2.439415] [ASoC:BOARD] ERR: asoc_sprd_card_sub_parse_of parse phandle 'codec' failed!(-2)
[    2.439416] [ASoC:BOARD] asoc_sprd_card_dai_link_of: parse for codec failed. Go to use a dummy codec.
[    2.439421] vbc-rxpx-codec-sc27xx sound@0: \x09name : FE_NORMAL_AP23
[    2.439422] vbc-rxpx-codec-sc27xx sound@0: \x09stream_name : FE_ST_NORMAL_AP23
[    2.439431] [ASoC:BOARD] ERR: asoc_sprd_card_sub_parse_of parse phandle 'codec' failed!(-2)
[    2.439432] [ASoC:BOARD] asoc_sprd_card_dai_link_of: parse for codec failed. Go to use a dummy codec.
[    2.439435] vbc-rxpx-codec-sc27xx sound@0: \x09name : FE_CAPTURE_DSP
[    2.439437] vbc-rxpx-codec-sc27xx sound@0: \x09stream_name : FE_ST_CAPTURE_DSP
[    2.439443] [ASoC:BOARD] ERR: asoc_sprd_card_sub_parse_of parse phandle 'codec' failed!(-2)
[    2.439444] [ASoC:BOARD] asoc_sprd_card_dai_link_of: parse for codec failed. Go to use a dummy codec.
[    2.439448] vbc-rxpx-codec-sc27xx sound@0: \x09name : FE_FAST
[    2.439450] vbc-rxpx-codec-sc27xx sound@0: \x09stream_name : FE_ST_FAST
[    2.439457] [ASoC:BOARD] ERR: asoc_sprd_card_sub_parse_of parse phandle 'codec' failed!(-2)
[    2.439458] [ASoC:BOARD] asoc_sprd_card_dai_link_of: parse for codec failed. Go to use a dummy codec.
[    2.439461] vbc-rxpx-codec-sc27xx sound@0: \x09name : FE_OFFLOAD
[    2.439463] vbc-rxpx-codec-sc27xx sound@0: \x09stream_name : FE_ST_OFFLOAD
[    2.439469] [ASoC:BOARD] ERR: asoc_sprd_card_sub_parse_of parse phandle 'codec' failed!(-2)
[    2.439470] [ASoC:BOARD] asoc_sprd_card_dai_link_of: parse for codec failed. Go to use a dummy codec.
[    2.439473] vbc-rxpx-codec-sc27xx sound@0: \x09name : FE_VOICE
[    2.439474] vbc-rxpx-codec-sc27xx sound@0: \x09stream_name : FE_ST_VOICE
[    2.439481] [ASoC:BOARD] ERR: asoc_sprd_card_sub_parse_of parse phandle 'codec' failed!(-2)
[    2.439482] [ASoC:BOARD] asoc_sprd_card_dai_link_of: parse for codec failed. Go to use a dummy codec.
[    2.439486] vbc-rxpx-codec-sc27xx sound@0: \x09name : FE_VOIP
[    2.439488] vbc-rxpx-codec-sc27xx sound@0: \x09stream_name : FE_ST_VOIP
[    2.439494] [ASoC:BOARD] ERR: asoc_sprd_card_sub_parse_of parse phandle 'codec' failed!(-2)
[    2.439495] [ASoC:BOARD] asoc_sprd_card_dai_link_of: parse for codec failed. Go to use a dummy codec.
[    2.439498] vbc-rxpx-codec-sc27xx sound@0: \x09name : FE_FM
[    2.439500] vbc-rxpx-codec-sc27xx sound@0: \x09stream_name : FE_ST_FM
[    2.439507] [ASoC:BOARD] ERR: asoc_sprd_card_sub_parse_of parse phandle 'codec' failed!(-2)
[    2.439507] [ASoC:BOARD] asoc_sprd_card_dai_link_of: parse for codec failed. Go to use a dummy codec.
[    2.439510] vbc-rxpx-codec-sc27xx sound@0: \x09name : FE_FM_C
[    2.439512] vbc-rxpx-codec-sc27xx sound@0: \x09stream_name : FE_ST_FM_C
[    2.439518] [ASoC:BOARD] ERR: asoc_sprd_card_sub_parse_of parse phandle 'codec' failed!(-2)
[    2.439519] [ASoC:BOARD] asoc_sprd_card_dai_link_of: parse for codec failed. Go to use a dummy codec.
[    2.439521] vbc-rxpx-codec-sc27xx sound@0: \x09name : FE_VOICE_C
[    2.439523] vbc-rxpx-codec-sc27xx sound@0: \x09stream_name : FE_ST_VOICE_C
[    2.439530] [ASoC:BOARD] ERR: asoc_sprd_card_sub_parse_of parse phandle 'codec' failed!(-2)
[    2.439531] [ASoC:BOARD] asoc_sprd_card_dai_link_of: parse for codec failed. Go to use a dummy codec.
[    2.439534] vbc-rxpx-codec-sc27xx sound@0: \x09name : FE_LOOP
[    2.439536] vbc-rxpx-codec-sc27xx sound@0: \x09stream_name : FE_ST_LOOP
[    2.439542] [ASoC:BOARD] ERR: asoc_sprd_card_sub_parse_of parse phandle 'codec' failed!(-2)
[    2.439543] [ASoC:BOARD] asoc_sprd_card_dai_link_of: parse for codec failed. Go to use a dummy codec.
[    2.439547] vbc-rxpx-codec-sc27xx sound@0: \x09name : FE_A2DP_OFFLOAD
[    2.439548] vbc-rxpx-codec-sc27xx sound@0: \x09stream_name : FE_ST_A2DP_OFFLOAD
[    2.439554] [ASoC:BOARD] ERR: asoc_sprd_card_sub_parse_of parse phandle 'codec' failed!(-2)
[    2.439556] [ASoC:BOARD] asoc_sprd_card_dai_link_of: parse for codec failed. Go to use a dummy codec.
[    2.439558] vbc-rxpx-codec-sc27xx sound@0: \x09name : FE_A2DP_PCM
[    2.439560] vbc-rxpx-codec-sc27xx sound@0: \x09stream_name : FE_ST_A2DP_PCM
[    2.439567] [ASoC:BOARD] ERR: asoc_sprd_card_sub_parse_of parse phandle 'codec' failed!(-2)
[    2.439568] [ASoC:BOARD] asoc_sprd_card_dai_link_of: parse for codec failed. Go to use a dummy codec.
[    2.439570] vbc-rxpx-codec-sc27xx sound@0: \x09name : FE_CAPTURE_FM_DSP
[    2.439572] vbc-rxpx-codec-sc27xx sound@0: \x09stream_name : FE_ST_CAPTURE_FM_DSP
[    2.439580] [ASoC:BOARD] ERR: asoc_sprd_card_sub_parse_of parse phandle 'codec' failed!(-2)
[    2.439581] [ASoC:BOARD] asoc_sprd_card_dai_link_of: parse for codec failed. Go to use a dummy codec.
[    2.439583] vbc-rxpx-codec-sc27xx sound@0: \x09name : FE_CAPTURE_BTSCO_DSP
[    2.439585] vbc-rxpx-codec-sc27xx sound@0: \x09stream_name : FE_ST_CAPTURE_BTSCO_DSP
[    2.439590] [ASoC:BOARD] ERR: asoc_sprd_card_sub_parse_of parse phandle 'codec' failed!(-2)
[    2.439591] [ASoC:BOARD] asoc_sprd_card_dai_link_of: parse for codec failed. Go to use a dummy codec.
[    2.439594] vbc-rxpx-codec-sc27xx sound@0: \x09name : FE_FM_DSP
[    2.439596] vbc-rxpx-codec-sc27xx sound@0: \x09stream_name : FE_ST_FM_DSP
[    2.439602] [ASoC:BOARD] ERR: asoc_sprd_card_sub_parse_of parse phandle 'codec' failed!(-2)
[    2.439603] [ASoC:BOARD] asoc_sprd_card_dai_link_of: parse for codec failed. Go to use a dummy codec.
[    2.439606] vbc-rxpx-codec-sc27xx sound@0: \x09name : FE_DUMP
[    2.439607] vbc-rxpx-codec-sc27xx sound@0: \x09stream_name : FE_ST_DUMP
[    2.439613] [ASoC:BOARD] ERR: asoc_sprd_card_sub_parse_of parse phandle 'codec' failed!(-2)
[    2.439613] [ASoC:BOARD] asoc_sprd_card_dai_link_of: parse for codec failed. Go to use a dummy codec.
[    2.439616] vbc-rxpx-codec-sc27xx sound@0: \x09name : FE_BTCAP_AP
[    2.439618] vbc-rxpx-codec-sc27xx sound@0: \x09stream_name : FE_ST_BTCAP_AP
[    2.439634] vbc-rxpx-codec-sc27xx sound@0: \x09name : BE_NORMAL_AP01_CODEC
[    2.439635] vbc-rxpx-codec-sc27xx sound@0: \x09stream_name : BE_ST_NORMAL_AP01_CODEC
[    2.439645] vbc-rxpx-codec-sc27xx sound@0: \x09name : BE_NORMAL_AP23_CODEC
[    2.439647] vbc-rxpx-codec-sc27xx sound@0: \x09stream_name : BE_ST_NORMAL_AP23_CODEC
[    2.439656] vbc-rxpx-codec-sc27xx sound@0: \x09name : BE_CAPTURE_DSP_CODEC
[    2.439658] vbc-rxpx-codec-sc27xx sound@0: \x09stream_name : BE_ST_CAPTURE_DSP_CODEC
[    2.439668] vbc-rxpx-codec-sc27xx sound@0: \x09name : BE_FAST_CODEC
[    2.439669] vbc-rxpx-codec-sc27xx sound@0: \x09stream_name : BE_ST_FAST_CODEC
[    2.439678] vbc-rxpx-codec-sc27xx sound@0: \x09name : BE_OFFLOAD_CODEC
[    2.439680] vbc-rxpx-codec-sc27xx sound@0: \x09stream_name : BE_ST_OFFLOAD_CODEC
[    2.439689] vbc-rxpx-codec-sc27xx sound@0: \x09name : BE_VOICE_CODEC
[    2.439691] vbc-rxpx-codec-sc27xx sound@0: \x09stream_name : BE_ST_VOICE_CODEC
[    2.439701] vbc-rxpx-codec-sc27xx sound@0: \x09name : BE_VOIP_CODEC
[    2.439703] vbc-rxpx-codec-sc27xx sound@0: \x09stream_name : BE_ST_VOIP_CODEC
[    2.439712] vbc-rxpx-codec-sc27xx sound@0: \x09name : BE_FM_CODEC
[    2.439714] vbc-rxpx-codec-sc27xx sound@0: \x09stream_name : BE_ST_FM_CODEC
[    2.439724] vbc-rxpx-codec-sc27xx sound@0: \x09name : BE_LOOP_CODEC
[    2.439725] vbc-rxpx-codec-sc27xx sound@0: \x09stream_name : BE_ST_LOOP_CODEC
[    2.439734] vbc-rxpx-codec-sc27xx sound@0: \x09name : BE_FM_DSP_CODEC
[    2.439736] vbc-rxpx-codec-sc27xx sound@0: \x09stream_name : BE_ST_FM_DSP_CODEC
[    2.439743] [ASoC:BOARD] ERR: asoc_sprd_card_sub_parse_of parse phandle 'codec' failed!(-2)
[    2.439744] [ASoC:BOARD] asoc_sprd_card_dai_link_of: parse for codec failed. Go to use a dummy codec.
[    2.439747] vbc-rxpx-codec-sc27xx sound@0: \x09name : BE_NORMAL_AP01_USB
[    2.439748] vbc-rxpx-codec-sc27xx sound@0: \x09stream_name : BE_ST_NORMAL_AP01_USB
[    2.439755] [ASoC:BOARD] ERR: asoc_sprd_card_sub_parse_of parse phandle 'codec' failed!(-2)
[    2.439755] [ASoC:BOARD] asoc_sprd_card_dai_link_of: parse for codec failed. Go to use a dummy codec.
[    2.439759] vbc-rxpx-codec-sc27xx sound@0: \x09name : BE_NORMAL_AP23_USB
[    2.439760] vbc-rxpx-codec-sc27xx sound@0: \x09stream_name : BE_ST_NORMAL_AP23_USB
[    2.439766] [ASoC:BOARD] ERR: asoc_sprd_card_sub_parse_of parse phandle 'codec' failed!(-2)
[    2.439767] [ASoC:BOARD] asoc_sprd_card_dai_link_of: parse for codec failed. Go to use a dummy codec.
[    2.439770] vbc-rxpx-codec-sc27xx sound@0: \x09name : BE_CAPTURE_DSP_USB
[    2.439772] vbc-rxpx-codec-sc27xx sound@0: \x09stream_name : BE_ST_CAPTURE_DSP_USB
[    2.439778] [ASoC:BOARD] ERR: asoc_sprd_card_sub_parse_of parse phandle 'codec' failed!(-2)
[    2.439778] [ASoC:BOARD] asoc_sprd_card_dai_link_of: parse for codec failed. Go to use a dummy codec.
[    2.439781] vbc-rxpx-codec-sc27xx sound@0: \x09name : BE_FAST_USB
[    2.439782] vbc-rxpx-codec-sc27xx sound@0: \x09stream_name : BE_ST_FAST_USB
[    2.439789] [ASoC:BOARD] ERR: asoc_sprd_card_sub_parse_of parse phandle 'codec' failed!(-2)
[    2.439791] [ASoC:BOARD] asoc_sprd_card_dai_link_of: parse for codec failed. Go to use a dummy codec.
[    2.439794] vbc-rxpx-codec-sc27xx sound@0: \x09name : BE_OFFLOAD_USB
[    2.439796] vbc-rxpx-codec-sc27xx sound@0: \x09stream_name : BE_ST_OFFLOAD_USB
[    2.439802] [ASoC:BOARD] ERR: asoc_sprd_card_sub_parse_of parse phandle 'codec' failed!(-2)
[    2.439803] [ASoC:BOARD] asoc_sprd_card_dai_link_of: parse for codec failed. Go to use a dummy codec.
[    2.439805] vbc-rxpx-codec-sc27xx sound@0: \x09name : BE_VOICE_USB
[    2.439807] vbc-rxpx-codec-sc27xx sound@0: \x09stream_name : BE_ST_VOICE_USB
[    2.439814] [ASoC:BOARD] ERR: asoc_sprd_card_sub_parse_of parse phandle 'codec' failed!(-2)
[    2.439814] [ASoC:BOARD] asoc_sprd_card_dai_link_of: parse for codec failed. Go to use a dummy codec.
[    2.439818] vbc-rxpx-codec-sc27xx sound@0: \x09name : BE_VOIP_USB
[    2.439819] vbc-rxpx-codec-sc27xx sound@0: \x09stream_name : BE_ST_VOIP_USB
[    2.439825] [ASoC:BOARD] ERR: asoc_sprd_card_sub_parse_of parse phandle 'codec' failed!(-2)
[    2.439825] [ASoC:BOARD] asoc_sprd_card_dai_link_of: parse for codec failed. Go to use a dummy codec.
[    2.439828] vbc-rxpx-codec-sc27xx sound@0: \x09name : BE_FM_USB
[    2.439830] vbc-rxpx-codec-sc27xx sound@0: \x09stream_name : BE_ST_FM_USB
[    2.439836] [ASoC:BOARD] ERR: asoc_sprd_card_sub_parse_of parse phandle 'codec' failed!(-2)
[    2.439837] [ASoC:BOARD] asoc_sprd_card_dai_link_of: parse for codec failed. Go to use a dummy codec.
[    2.439839] vbc-rxpx-codec-sc27xx sound@0: \x09name : BE_LOOP_USB
[    2.439841] vbc-rxpx-codec-sc27xx sound@0: \x09stream_name : BE_ST_LOOP_USB
[    2.439846] [ASoC:BOARD] ERR: asoc_sprd_card_sub_parse_of parse phandle 'codec' failed!(-2)
[    2.439847] [ASoC:BOARD] asoc_sprd_card_dai_link_of: parse for codec failed. Go to use a dummy codec.
[    2.439850] vbc-rxpx-codec-sc27xx sound@0: \x09name : BE_FM_DSP_USB
[    2.439851] vbc-rxpx-codec-sc27xx sound@0: \x09stream_name : BE_ST_FM_DSP_USB
[    2.439858] [ASoC:BOARD] ERR: asoc_sprd_card_sub_parse_of parse phandle 'codec' failed!(-2)
[    2.439859] [ASoC:BOARD] asoc_sprd_card_dai_link_of: parse for codec failed. Go to use a dummy codec.
[    2.439862] vbc-rxpx-codec-sc27xx sound@0: \x09name : BE_OFFLOAD_A2DP
[    2.439863] vbc-rxpx-codec-sc27xx sound@0: \x09stream_name : BE_ST_OFFLOAD_A2DP
[    2.439870] [ASoC:BOARD] ERR: asoc_sprd_card_sub_parse_of parse phandle 'codec' failed!(-2)
[    2.439871] [ASoC:BOARD] asoc_sprd_card_dai_link_of: parse for codec failed. Go to use a dummy codec.
[    2.439874] vbc-rxpx-codec-sc27xx sound@0: \x09name : BE_PCM_A2DP
[    2.439875] vbc-rxpx-codec-sc27xx sound@0: \x09stream_name : BE_ST_PCM_A2DP
[    2.439882] [ASoC:BOARD] ERR: asoc_sprd_card_sub_parse_of parse phandle 'codec' failed!(-2)
[    2.439883] [ASoC:BOARD] asoc_sprd_card_dai_link_of: parse for codec failed. Go to use a dummy codec.
[    2.439886] vbc-rxpx-codec-sc27xx sound@0: \x09name : BE_VOICE_BT
[    2.439887] vbc-rxpx-codec-sc27xx sound@0: \x09stream_name : BE_ST_VOICE_BT
[    2.439895] [ASoC:BOARD] ERR: asoc_sprd_card_sub_parse_of parse phandle 'codec' failed!(-2)
[    2.439897] [ASoC:BOARD] asoc_sprd_card_dai_link_of: parse for codec failed. Go to use a dummy codec.
[    2.439900] vbc-rxpx-codec-sc27xx sound@0: \x09name : BE_VOIP_BT
[    2.439902] vbc-rxpx-codec-sc27xx sound@0: \x09stream_name : BE_ST_VOIP_BT
[    2.439909] [ASoC:BOARD] ERR: asoc_sprd_card_sub_parse_of parse phandle 'codec' failed!(-2)
[    2.439910] [ASoC:BOARD] asoc_sprd_card_dai_link_of: parse for codec failed. Go to use a dummy codec.
[    2.439912] vbc-rxpx-codec-sc27xx sound@0: \x09name : BE_LOOP_BT
[    2.439914] vbc-rxpx-codec-sc27xx sound@0: \x09stream_name : BE_ST_LOOP_BT
[    2.439921] [ASoC:BOARD] ERR: asoc_sprd_card_sub_parse_of parse phandle 'codec' failed!(-2)
[    2.439922] [ASoC:BOARD] asoc_sprd_card_dai_link_of: parse for codec failed. Go to use a dummy codec.
[    2.439925] vbc-rxpx-codec-sc27xx sound@0: \x09name : BE_BT_C
[    2.439927] vbc-rxpx-codec-sc27xx sound@0: \x09stream_name : BE_ST_BT_C
[    2.439934] [ASoC:BOARD] ERR: asoc_sprd_card_sub_parse_of parse phandle 'codec' failed!(-2)
[    2.439934] [ASoC:BOARD] asoc_sprd_card_dai_link_of: parse for codec failed. Go to use a dummy codec.
[    2.439937] vbc-rxpx-codec-sc27xx sound@0: \x09name : BE_VOICE_C
[    2.439938] vbc-rxpx-codec-sc27xx sound@0: \x09stream_name : BE_ST_VOICE_C
[    2.439946] [ASoC:BOARD] ERR: asoc_sprd_card_sub_parse_of parse phandle 'codec' failed!(-2)
[    2.439946] [ASoC:BOARD] asoc_sprd_card_dai_link_of: parse for codec failed. Go to use a dummy codec.
[    2.439950] vbc-rxpx-codec-sc27xx sound@0: \x09name : BE_FM_C
[    2.439951] vbc-rxpx-codec-sc27xx sound@0: \x09stream_name : BE_ST_FM_C
[    2.439958] [ASoC:BOARD] ERR: asoc_sprd_card_sub_parse_of parse phandle 'codec' failed!(-2)
[    2.439958] [ASoC:BOARD] asoc_sprd_card_dai_link_of: parse for codec failed. Go to use a dummy codec.
[    2.439961] vbc-rxpx-codec-sc27xx sound@0: \x09name : BE_CAPTURE_FM_DSP
[    2.439962] vbc-rxpx-codec-sc27xx sound@0: \x09stream_name : BE_ST_CAPTURE_FM_DSP
[    2.439969] [ASoC:BOARD] ERR: asoc_sprd_card_sub_parse_of parse phandle 'codec' failed!(-2)
[    2.439970] [ASoC:BOARD] asoc_sprd_card_dai_link_of: parse for codec failed. Go to use a dummy codec.
[    2.439972] vbc-rxpx-codec-sc27xx sound@0: \x09name : BE_CAPTURE_BTSCO_DSP
[    2.439974] vbc-rxpx-codec-sc27xx sound@0: \x09stream_name : BE_ST_CAPTURE_BTSCO_DSP
[    2.439980] [ASoC:BOARD] ERR: asoc_sprd_card_sub_parse_of parse phandle 'codec' failed!(-2)
[    2.439981] [ASoC:BOARD] asoc_sprd_card_dai_link_of: parse for codec failed. Go to use a dummy codec.
[    2.439983] vbc-rxpx-codec-sc27xx sound@0: \x09name : BE_DUMP
[    2.439985] vbc-rxpx-codec-sc27xx sound@0: \x09stream_name : BE_DUMP
[    2.439992] [ASoC:BOARD] ERR: asoc_sprd_card_sub_parse_of parse phandle 'codec' failed!(-2)
[    2.439993] [ASoC:BOARD] asoc_sprd_card_dai_link_of: parse for codec failed. Go to use a dummy codec.
[    2.439996] vbc-rxpx-codec-sc27xx sound@0: \x09name : FE_TEST_CODEC
[    2.439998] vbc-rxpx-codec-sc27xx sound@0: \x09stream_name : FE_ST_TEST_CODEC
[    2.440023] vbc-rxpx-codec-sc27xx sound@0: \x09name : BE_TEST_CODEC
[    2.440025] vbc-rxpx-codec-sc27xx sound@0: \x09stream_name : BE_TEST_CODEC
[    2.440031] [ASoC:BOARD] ERR: asoc_sprd_card_sub_parse_of parse phandle 'codec' failed!(-2)
[    2.440032] [ASoC:BOARD] asoc_sprd_card_dai_link_of: parse for codec failed. Go to use a dummy codec.
[    2.440035] vbc-rxpx-codec-sc27xx sound@0: \x09name : BE_FAST_BTSCO
[    2.440037] vbc-rxpx-codec-sc27xx sound@0: \x09stream_name : BE_ST_FAST_BTSCO
[    2.440043] [ASoC:BOARD] ERR: asoc_sprd_card_sub_parse_of parse phandle 'codec' failed!(-2)
[    2.440044] [ASoC:BOARD] asoc_sprd_card_dai_link_of: parse for codec failed. Go to use a dummy codec.
[    2.440046] vbc-rxpx-codec-sc27xx sound@0: \x09name : BE_NORMAL_AP01_BTSCO
[    2.440048] vbc-rxpx-codec-sc27xx sound@0: \x09stream_name : BE_ST_NORMAL_AP01_BTSCO
[    2.440054] [ASoC:BOARD] ERR: asoc_sprd_card_sub_parse_of parse phandle 'codec' failed!(-2)
[    2.440055] [ASoC:BOARD] asoc_sprd_card_dai_link_of: parse for codec failed. Go to use a dummy codec.
[    2.440058] vbc-rxpx-codec-sc27xx sound@0: \x09name : FE_VOICE_PCM_P
[    2.440060] vbc-rxpx-codec-sc27xx sound@0: \x09stream_name : FE_ST_VOICE_PCM_P
[    2.440067] [ASoC:BOARD] ERR: asoc_sprd_card_sub_parse_of parse phandle 'codec' failed!(-2)
[    2.440067] [ASoC:BOARD] asoc_sprd_card_dai_link_of: parse for codec failed. Go to use a dummy codec.
[    2.440071] vbc-rxpx-codec-sc27xx sound@0: \x09name : BE_VOICE_PCM_P
[    2.440072] vbc-rxpx-codec-sc27xx sound@0: \x09stream_name : BE_ST_VOICE_PCM_P
[    2.440078] [ASoC:BOARD] ERR: asoc_sprd_card_sub_parse_of parse phandle 'codec' failed!(-2)
[    2.440079] [ASoC:BOARD] asoc_sprd_card_dai_link_of: parse for codec failed. Go to use a dummy codec.
[    2.440083] vbc-rxpx-codec-sc27xx sound@0: \x09name : FE_MM_P
[    2.440084] vbc-rxpx-codec-sc27xx sound@0: \x09stream_name : FE_ST_MM_P
[    2.440094] vbc-rxpx-codec-sc27xx sound@0: \x09name : BE_FAST_P_SMART_AMP
[    2.440096] vbc-rxpx-codec-sc27xx sound@0: \x09stream_name : BE_ST_FAST_P_SMART_AMP
[    2.440099] [ASoC:BOARD] sprd_asoc_card_parse_hook hook aw87xx iic pa!
[    2.440102] [ASoC:BOARD] hook_spk_aw87xxx id: 0, on: 0
[    2.440108] [Awinic] [4-005b]aw87xxx_power_on: profile_cfg not load
[    2.440285] probe of sprd-compr-audio returned 1 after 1120 usecs
[    2.440397] [ASoC:COMPR] sprd_compr_probe, line: 2170
[    2.440591] initcall sprd_compress_proc_read+0x34/0x84 [sprd_compr_2stage_dma] returned 0 after 1615 usecs
[    2.440704] init: Loaded kernel module /lib/modules/sprd-compr-2stage-dma.ko
[    2.440772] [ASoC:COMPR] sprd_compr_probe, line: 2211
[    2.440857] [ASoC: VBC ] vbc_codec_soc_probe: 4753:vbc_codec_soc_probe
[    2.440920] init: Loading module /lib/modules/sprd_mipi.ko with args ''
[    2.441908] [ASoC:HDST2730] sprd_headset_parse_dt :no match found for switch gpio.
[    2.441918] [ASoC:HDST2730] use GPIO_54 for 'aud_int_all', debounce: 10
[    2.441923] [ASoC:HDST2730] sprd_headset_parse_dt: fail to get line_out_support
[    2.441926] [ASoC:HDST2730] half_adc_gnd 100, one_half_adc_gnd 428, sprd_adc_gnd 328
[    2.441927] [ASoC:HDST2730] threshold_3pole 2950, sprd_half_adc_gnd 100, coefficient 884520, irq_threshold_button 4
[    2.441930] [ASoC:HDST2730] device tree data: adc_min 0 adc_max 480 code 226
[    2.441932] [ASoC:HDST2730] device tree data: adc_min 481 adc_max 990 code 115
[    2.441933] [ASoC:HDST2730] device tree data: adc_min 991 adc_max 2500 code 114
[    2.441942] platform sprd-headset: not support typec analog headset
[    2.441943] [ASoC:HDST2730] automatic EU/US type switch is unsupported
[    2.441994] [ASoC:HDST2730] headset_detect_probe success
[    2.442017] [ASoC:HDST2730] sprd_headset_soc_probe adie_chip_id 0x2730
[    2.442430] [ASoC:HDST2730] sprd_headset_power_set name CLK_DCL_32K, power_on 1, en 0
[    2.442439] [ASoC:POWER] audio power  1  enable, vreg_enable
[    2.442583] [ASoC:HDST2730] sprd_headset_power_set name DIG_CLK_INTC, power_on 1, en 0
[    2.442637] [ASoC:HDST2730] sprd_headset_regulator_init PMU0(0000) 2020, PMU1(0004) 0, DCL1(0100) 700, CLK0(0068) 2000
[    2.442768] [ASoC:HDST2730] sprd_hmicbias_polling_init HID0(144) 3888, HID1(148) 101, HID2(14C) 8080, HID3(150) 8, HID4(154) 20
[    2.442958] [ASoC:HDST2730] sprd_headset_eic_init INT0(0200) 0, INT1(0204) ffff, INT6(0218) 0
[    2.442976] [ASoC:HDST2730] sprd_headset_clear_all_eic clear all internal eic
[    2.443085] [ASoC:HDST2730] sprd_set_all_eic_trig_level set all internal eic trig level to high
[    2.443099] [ASoC:HDST2730] sprd_headset_all_eic_enable disable all internal eic
[    2.443129] [ASoC:HDST2730] intc force clear, INT8(220.MIS) 0, bits ffff
[    2.443232] [ASoC:HDST2730] sprd_headset_eic_init STS0(184) 2000, INT5(214.IEV) ffff, INT6(218.IE) 0, INT7(21C.RIS) 0, INT8(220.MIS) 0, INT11(22C.STS1) 0, INT32(280.INTC.EN) 4000, INT34(288) 0
[    2.443847] calling  serdes_enable+0x284/0x2a4 [sprd_mipi] @ 1
[    2.443890] initcall serdes_enable+0x284/0x2a4 [sprd_mipi] returned 0 after 36 usecs
[    2.443950] init: Loaded kernel module /lib/modules/sprd_mipi.ko
[    2.444092] init: Loading module /lib/modules/mipi_driver.ko with args ''
[    2.444362] [ASoC:HDST2730] sprd_headset_debug_sysfs_init success
[    2.444363] [ASoC:HDST2730] sprd_get_adc_cal_from_efuse enter
[    2.446638] calling  dbg_phy_exit+0x70/0x94 [mipi_driver] @ 1
[    2.447244] sprd_campd_r8p0: 1 196 sprd_cam_pw_on : Done, read count 1, cb: sprd_cam_pw_on+0x68/0x138 [sprd_camsys_pw_domain]
[    2.447247] sprd_campd_r8p0: 1 86 sprd_cam_domain_eb : cb (____ptrval____)
[    2.448019] [modem-dbg-log][       dbg_log_probe] hello world! entry
[    2.448048] [modem-dbg-log][dbg_log_device_register] entry
[    2.448094] [modem-dbg-log][       dbg_log_probe] mm enable
[    2.448096] [modem-dbg-log][       dbg_log_probe] dcfix enable
[    2.448099] [modem-dbg-log][       dbg_log_probe] ch_num 6
[    2.448101] [modem-dbg-log][       dbg_log_probe] ch-index count 6, rc 0
[    2.448103] [modem-dbg-log][       dbg_log_probe] sel 0 = 0xf
[    2.448104] [modem-dbg-log][       dbg_log_probe] sel 1 = 0x1
[    2.448105] [modem-dbg-log][       dbg_log_probe] sel 2 = 0x0
[    2.448106] [modem-dbg-log][       dbg_log_probe] sel 3 = 0x2
[    2.448107] [modem-dbg-log][       dbg_log_probe] sel 4 = 0x3
[    2.448108] [modem-dbg-log][       dbg_log_probe] sel 5 = 0x4
[    2.448109] [modem-dbg-log][       dbg_log_probe] ch-name count 6, rc 6
[    2.448111] [modem-dbg-log][       dbg_log_probe] str 0 = TRAINING
[    2.448112] [modem-dbg-log][       dbg_log_probe] str 1 = WTL
[    2.448113] [modem-dbg-log][       dbg_log_probe] str 2 = MADR
[    2.448114] [modem-dbg-log][       dbg_log_probe] str 3 = TPIU
[    2.448115] [modem-dbg-log][       dbg_log_probe] str 4 = DBUS
[    2.448116] [modem-dbg-log][       dbg_log_probe] str 5 = WCN
[    2.448144] modem-dbg-log 64750000.modem-dbg-log: can't get the clock dts config: src0
[    2.448147] modem-dbg-log 64750000.modem-dbg-log: can't get the clock dts config: src1
[    2.448149] modem-dbg-log 64750000.modem-dbg-log: can't get the clock dts config: src2
[    2.448151] modem-dbg-log 64750000.modem-dbg-log: can't get the clock dts config: src3
[    2.448153] modem-dbg-log 64750000.modem-dbg-log: can't get the clock dts config: src4
[    2.448155] [modem-dbg-log][       dbg_log_probe] div1 map count 0, rc -22
[    2.448156] [modem-dbg-log][       dbg_log_probe] get div1 map failed
[    2.448157] [modem-dbg-log][inter_dbg_log_is_freq_valid] input freq 1400000
[    2.448161] [modem-dbg-log][       dbg_log_probe] Finish sharkl6 Probe Function
[    2.448202] probe of 64750000.modem-dbg-log returned 1 after 1374 usecs
[    2.448214] sprd_campd_r8p0: 203 108 sprd_cam_domain_disable : cb (____ptrval____)
[    2.448434] initcall dbg_phy_exit+0x70/0x94 [mipi_driver] returned 0 after 1744 usecs
[    2.448508] init: Loaded kernel module /lib/modules/mipi_driver.ko
[    2.448599] sprd_campd_r8p0: 203 158 sprd_cam_pw_off : Done, read count 1, cb: sprd_cam_pw_off.3+0xa0/0x12c [sprd_camsys_pw_domain]
[    2.448759] init: Loaded 138 kernel modules took 1349 ms
[    2.448913] init: Copied ramdisk prop to /second_stage_resources/system/etc/ramdisk/build.prop
[    2.448931] init: First stage mount skipped (recovery mode)
[    2.449099] init: [libfs_mgr]ReadFstabFromDt(): failed to read fstab from dt
[    2.449193] init: [libfs_mgr]ddrvalue = 
[    2.449197] init: [libfs_mgr]ddr_enable = 
[    2.449204] init: [libfs_mgr]ddrvalue = 
[    2.449208] init: [libfs_mgr]ddr_enable = 
[    2.449215] init: [libfs_mgr]ddrvalue = 
[    2.449218] init: [libfs_mgr]ddr_enable = 
[    2.449234] init: [libfs_mgr]ddrvalue = 
[    2.449238] init: [libfs_mgr]ddr_enable = 
[    2.449246] init: [libfs_mgr]ddrvalue = 
[    2.449249] init: [libfs_mgr]ddr_enable = 
[    2.449260] init: [libfs_mgr]ddrvalue = 
[    2.449263] init: [libfs_mgr]ddr_enable = 
[    2.449271] init: [libfs_mgr]ddrvalue = 
[    2.449274] init: [libfs_mgr]ddr_enable = 
[    2.449283] init: [libfs_mgr]ddrvalue = 
[    2.449286] init: [libfs_mgr]ddr_enable = 
[    2.449295] init: [libfs_mgr]ddrvalue = 
[    2.449298] init: [libfs_mgr]ddr_enable = 
[    2.449331] init: [libfs_mgr]ddrvalue = 
[    2.449334] init: [libfs_mgr]ddr_enable = 
[    2.449520] init: Using Android DT directory /proc/device-tree/firmware/android/
[    2.477467] [ASoC:HDST2730] sprd_get_adc_cal_from_efuse test[0] 0x737d 29565, test[1] 0xcac 3244
[    2.477470] [ASoC:HDST2730] sprd_get_adc_cal_from_efuse d[0] 0x7d 125 d[1] 0x73 115 d[2] 0xac 172 d[3] 0xc 12
[    2.477490] [ASoC:HDST2730] sprd_get_adc_cal_from_efuse adie_chip_id 0x2730
[    2.477492] [ASoC:HDST2730] sprd_get_adc_cal_from_efuse A 324, B 3305 E1 2744 E2 1548
[    2.481195] [ASoC:HDST2730] sprd_headset_eic_plugin_enable STS0(184) 2000, INT5(214.IEV) ffff, INT6(218.IE) 1000, INT7(21C.RIS) 0, INT8(220.MIS) 0, INT11(22C.STS1) 0, INT32(280.INTC.EN) 4000, INT34(288) 0
[    2.481245] [ASoC:HDST2730] sprd_headset_soc_probe STS0(184) 2000, INT5(214.IEV) ffff, INT6(218.IE) 1000, INT7(21C.RIS) 0, INT8(220.MIS) 0, INT11(22C.STS1) 0, INT32(280.INTC.EN) 4000, INT34(288) 0
[    2.481282] [Awinic] [4-005b]aw87xxx_kcontrol_dynamic_create: add codec controls[aw87xxx_profile_switch_0,aw87xxx_vmax_get_0,aw87xxx_monitor_switch_0]
[    2.481288] [Awinic] [4-005b]aw87xxx_public_kcontrol_create: add public codec controls[aw87xxx_spin_switch]
[    2.481650] [sprd-aud-agdsp] agdsp_access_enable out
[    2.481653] [sprd-aud-agdsp] agdsp_access_enable out
[    2.481669] [sprd-aud-agdsp] agdsp_access_enable out
[    2.481707] [sprd-aud-agdsp] agdsp_access_enable out
[    2.481713] [sprd-aud-agdsp] agdsp_access_enable out
[    2.481721] [sprd-aud-agdsp] agdsp_access_enable out
[    2.481759] [sprd-aud-agdsp] agdsp_access_enable out
[    2.481765] [sprd-aud-agdsp] agdsp_access_enable out
[    2.481773] [sprd-aud-agdsp] agdsp_access_enable out
[    2.481810] [sprd-aud-agdsp] agdsp_access_enable out
[    2.481816] [sprd-aud-agdsp] agdsp_access_enable out
[    2.481824] [sprd-aud-agdsp] agdsp_access_enable out
[    2.482036] [sprd-aud-agdsp] agdsp_access_enable out
[    2.482041] [sprd-aud-agdsp] agdsp_access_enable out
[    2.482049] [sprd-aud-agdsp] agdsp_access_enable out
[    2.482097] [sprd-aud-agdsp] agdsp_access_enable out
[    2.482103] [sprd-aud-agdsp] agdsp_access_enable out
[    2.482111] [sprd-aud-agdsp] agdsp_access_enable out
[    2.483853] vbc-rxpx-codec-sc27xx sound@0: snd-soc-dummy-dai <-> FE_DAI_ID_NORMAL_AP01 mapping ok
[    2.483881] vbc-rxpx-codec-sc27xx sound@0: snd-soc-dummy-dai <-> FE_DAI_ID_NORMAL_AP23 mapping ok
[    2.483910] vbc-rxpx-codec-sc27xx sound@0: snd-soc-dummy-dai <-> FE_DAI_ID_CAPTURE_DSP mapping ok
[    2.483933] vbc-rxpx-codec-sc27xx sound@0: snd-soc-dummy-dai <-> FE_DAI_ID_FAST_P mapping ok
[    2.483955] vbc-rxpx-codec-sc27xx sound@0: Compress ASoC: snd-soc-dummy-dai <-> FE_DAI_ID_OFFLOAD mapping ok
[    2.483988] vbc-rxpx-codec-sc27xx sound@0: snd-soc-dummy-dai <-> FE_DAI_ID_VOICE mapping ok
[    2.484035] vbc-rxpx-codec-sc27xx sound@0: snd-soc-dummy-dai <-> FE_DAI_ID_VOIP mapping ok
[    2.484072] vbc-rxpx-codec-sc27xx sound@0: snd-soc-dummy-dai <-> FE_DAI_ID_FM mapping ok
[    2.484093] vbc-rxpx-codec-sc27xx sound@0: snd-soc-dummy-dai <-> FE_DAI_ID_FM_CAPTURE_AP mapping ok
[    2.484114] vbc-rxpx-codec-sc27xx sound@0: snd-soc-dummy-dai <-> FE_DAI_ID_VOICE_CAPTURE mapping ok
[    2.484139] vbc-rxpx-codec-sc27xx sound@0: snd-soc-dummy-dai <-> FE_DAI_ID_LOOP mapping ok
[    2.484162] vbc-rxpx-codec-sc27xx sound@0: Compress ASoC: snd-soc-dummy-dai <-> FE_DAI_ID_A2DP_OFFLOAD mapping ok
[    2.484185] vbc-rxpx-codec-sc27xx sound@0: snd-soc-dummy-dai <-> FE_DAI_ID_A2DP_PCM mapping ok
[    2.484209] vbc-rxpx-codec-sc27xx sound@0: snd-soc-dummy-dai <-> FE_DAI_ID_FM_CAP_DSP mapping ok
[    2.484230] vbc-rxpx-codec-sc27xx sound@0: snd-soc-dummy-dai <-> FE_DAI_ID_BTSCO_CAP_DSP mapping ok
[    2.484256] vbc-rxpx-codec-sc27xx sound@0: snd-soc-dummy-dai <-> FE_DAI_ID_FM_DSP mapping ok
[    2.484278] vbc-rxpx-codec-sc27xx sound@0: snd-soc-dummy-dai <-> FE_DAI_ID_DUMP mapping ok
[    2.484299] vbc-rxpx-codec-sc27xx sound@0: snd-soc-dummy-dai <-> FE_DAI_ID_BTSCO_CAP_AP mapping ok
[    2.484316] vbc-rxpx-codec-sc27xx sound@0: sprd-codec-normal-ap01 <-> BE_DAI_ID_NORMAL_AP01_CODEC mapping ok
[    2.484329] vbc-rxpx-codec-sc27xx sound@0: sprd-codec-normal-ap23 <-> BE_DAI_ID_NORMAL_AP23_CODEC mapping ok
[    2.484346] vbc-rxpx-codec-sc27xx sound@0: sprd-codec-normal-ap01 <-> BE_DAI_ID_CAPTURE_DSP_CODEC mapping ok
[    2.484367] vbc-rxpx-codec-sc27xx sound@0: sprd-codec-normal-ap01 <-> BE_DAI_ID_FAST_P_CODEC mapping ok
[    2.484380] vbc-rxpx-codec-sc27xx sound@0: sprd-codec-normal-ap01 <-> BE_DAI_ID_OFFLOAD_CODEC mapping ok
[    2.484401] vbc-rxpx-codec-sc27xx sound@0: sprd-codec-normal-ap01 <-> BE_DAI_ID_VOICE_CODEC mapping ok
[    2.484418] vbc-rxpx-codec-sc27xx sound@0: sprd-codec-normal-ap01 <-> BE_DAI_ID_VOIP_CODEC mapping ok
[    2.484429] vbc-rxpx-codec-sc27xx sound@0: sprd-codec-normal-ap01 <-> BE_DAI_ID_FM_CODEC mapping ok
[    2.484445] vbc-rxpx-codec-sc27xx sound@0: sprd-codec-normal-ap01 <-> BE_DAI_ID_LOOP_CODEC mapping ok
[    2.484460] vbc-rxpx-codec-sc27xx sound@0: sprd-codec-normal-ap01 <-> BE_DAI_ID_FM_DSP_CODEC mapping ok
[    2.484476] vbc-rxpx-codec-sc27xx sound@0: snd-soc-dummy-dai <-> BE_DAI_ID_NORMAL_AP01_USB mapping ok
[    2.484489] vbc-rxpx-codec-sc27xx sound@0: snd-soc-dummy-dai <-> BE_DAI_ID_NORMAL_AP23_USB mapping ok
[    2.484500] vbc-rxpx-codec-sc27xx sound@0: snd-soc-dummy-dai <-> BE_DAI_ID_CAPTURE_DSP_USB mapping ok
[    2.484523] vbc-rxpx-codec-sc27xx sound@0: snd-soc-dummy-dai <-> BE_DAI_ID_FAST_P_USB mapping ok
[    2.484535] vbc-rxpx-codec-sc27xx sound@0: snd-soc-dummy-dai <-> BE_DAI_ID_OFFLOAD_USB mapping ok
[    2.484551] vbc-rxpx-codec-sc27xx sound@0: snd-soc-dummy-dai <-> BE_DAI_ID_VOICE_USB mapping ok
[    2.484563] vbc-rxpx-codec-sc27xx sound@0: snd-soc-dummy-dai <-> BE_DAI_ID_VOIP_USB mapping ok
[    2.484575] vbc-rxpx-codec-sc27xx sound@0: snd-soc-dummy-dai <-> BE_DAI_ID_FM_USB mapping ok
[    2.484592] vbc-rxpx-codec-sc27xx sound@0: snd-soc-dummy-dai <-> BE_DAI_ID_LOOP_USB mapping ok
[    2.484604] vbc-rxpx-codec-sc27xx sound@0: snd-soc-dummy-dai <-> BE_DAI_ID_FM_DSP_USB mapping ok
[    2.484616] vbc-rxpx-codec-sc27xx sound@0: snd-soc-dummy-dai <-> BE_DAI_ID_OFFLOAD_A2DP mapping ok
[    2.484639] vbc-rxpx-codec-sc27xx sound@0: snd-soc-dummy-dai <-> BE_DAI_ID_PCM_A2DP mapping ok
[    2.484652] vbc-rxpx-codec-sc27xx sound@0: snd-soc-dummy-dai <-> BE_DAI_ID_VOICE_BT mapping ok
[    2.484668] vbc-rxpx-codec-sc27xx sound@0: snd-soc-dummy-dai <-> BE_DAI_ID_VOIP_BT mapping ok
[    2.484685] vbc-rxpx-codec-sc27xx sound@0: snd-soc-dummy-dai <-> BE_DAI_ID_LOOP_BT mapping ok
[    2.484697] vbc-rxpx-codec-sc27xx sound@0: snd-soc-dummy-dai <-> BE_DAI_ID_CAPTURE_BT mapping ok
[    2.484713] vbc-rxpx-codec-sc27xx sound@0: snd-soc-dummy-dai <-> BE_DAI_ID_VOICE_CAPTURE mapping ok
[    2.484725] vbc-rxpx-codec-sc27xx sound@0: snd-soc-dummy-dai <-> BE_DAI_ID_FM_CAPTURE mapping ok
[    2.484743] vbc-rxpx-codec-sc27xx sound@0: snd-soc-dummy-dai <-> BE_DAI_ID_FM_CAPTURE_DSP mapping ok
[    2.484760] vbc-rxpx-codec-sc27xx sound@0: snd-soc-dummy-dai <-> BE_DAI_ID_CAPTURE_DSP_BTSCO mapping ok
[    2.484773] vbc-rxpx-codec-sc27xx sound@0: snd-soc-dummy-dai <-> BE_DAI_ID_DUMP mapping ok
[    2.484800] vbc-rxpx-codec-sc27xx sound@0: snd-soc-dummy-dai <-> FE_DAI_ID_CODEC_TEST mapping ok
[    2.484817] vbc-rxpx-codec-sc27xx sound@0: sprd-codec-normal-ap01 <-> BE_DAI_ID_DUMMY_VBC_DAI_NOTBE mapping ok
[    2.484833] vbc-rxpx-codec-sc27xx sound@0: snd-soc-dummy-dai <-> BE_DAI_ID_FAST_P_BTSCO mapping ok
[    2.484845] vbc-rxpx-codec-sc27xx sound@0: snd-soc-dummy-dai <-> BE_DAI_ID_NORMAL_AP01_P_BTSCO mapping ok
[    2.484876] vbc-rxpx-codec-sc27xx sound@0: snd-soc-dummy-dai <-> FE_DAI_ID_VOICE_PCM_P mapping ok
[    2.484893] vbc-rxpx-codec-sc27xx sound@0: snd-soc-dummy-dai <-> BE_DAI_ID_VOICE_PCM_P mapping ok
[    2.484924] vbc-rxpx-codec-sc27xx sound@0: snd-soc-dummy-dai <-> FE_DAI_ID_MM_P mapping ok
[    2.484940] vbc-rxpx-codec-sc27xx sound@0: sprd-codec-normal-ap01 <-> BE_DAI_ID_FAST_P_SMART_AMP mapping ok
[    2.485486] vbc-rxpx-codec-sc27xx sound@0: ASoC: unknown pin inter HP PA
[    2.485493] vbc-rxpx-codec-sc27xx sound@0: ASoC: unknown pin inter Spk PA
[    2.485499] vbc-rxpx-codec-sc27xx sound@0: ASoC: unknown pin inter Ear PA
[    2.486343] [sprd-aud-agdsp] agdsp_access_enable out
[    2.486351] [sprd-aud-agdsp] agdsp_access_enable out
[    2.486365] [sprd-aud-agdsp] agdsp_access_enable out
[    2.486409] [sprd-aud-agdsp] agdsp_access_enable out
[    2.486410] [sprd-aud-agdsp] agdsp_access_enable out
[    2.486418] [sprd-aud-agdsp] agdsp_access_enable out
[    2.486468] [sprd-aud-agdsp] agdsp_access_enable out
[    2.486474] [sprd-aud-agdsp] agdsp_access_enable out
[    2.486482] [sprd-aud-agdsp] agdsp_access_enable out
[    2.486523] [sprd-aud-agdsp] agdsp_access_enable out
[    2.486529] [sprd-aud-agdsp] agdsp_access_enable out
[    2.486537] [sprd-aud-agdsp] agdsp_access_enable out
[    2.486556] debugfs: File 'DAC' in directory 'dapm' already present!
[    2.486590] [sprd-aud-agdsp] agdsp_access_enable out
[    2.486596] [sprd-aud-agdsp] agdsp_access_enable out
[    2.486604] [sprd-aud-agdsp] agdsp_access_enable out
[    2.486647] [sprd-aud-agdsp] agdsp_access_enable out
[    2.486653] [sprd-aud-agdsp] agdsp_access_enable out
[    2.486661] [sprd-aud-agdsp] agdsp_access_enable out
[    2.487044] [sprd-aud-agdsp] agdsp_access_enable out
[    2.487049] [sprd-aud-agdsp] agdsp_access_enable out
[    2.487058] [sprd-aud-agdsp] agdsp_access_enable out
[    2.487102] [sprd-aud-agdsp] agdsp_access_enable out
[    2.487107] [sprd-aud-agdsp] agdsp_access_enable out
[    2.487115] [sprd-aud-agdsp] agdsp_access_enable out
[    2.489241] input: sprdphone-sc2730 Headset Jack as /devices/platform/sound@0/sound/card0/input33
[    2.489315] input: sprdphone-sc2730 Headset Keyboard as /devices/platform/sound@0/sound/card0/input34
[    2.489581] probe of sound@0 returned 1 after 50245 usecs
[    2.526549] musb-sprd 64900000.usb: enter into resume mode
[    2.526608] musb-sprd 64900000.usb: is running as DEVICE
[    2.780024] sc27xx-typec-pd 64200000.spi:pmic@0:pd@e00: pd try to detect typec extcon
[    2.780051] sc27xx-typec-pd 64200000.spi:pmic@0:pd@e00: aon apb NULL
[    3.240261] sc2730-fast-charger 64200000.spi:pmic@0:fchg@400: pd_enable = 0, pps_enable = 0, sfcp_enable = 0
[    3.455456] init: [libfs_avb]Device path not found: /dev/block/by-name/vbmeta_a
[    3.455593] init: [libfs_mgr]ddrvalue = 
[    3.455597] init: [libfs_mgr]ddr_enable = 
[    3.455604] init: [libfs_mgr]ddrvalue = 
[    3.455607] init: [libfs_mgr]ddr_enable = 
[    3.455631] init: [libfs_mgr]ddrvalue = 
[    3.455634] init: [libfs_mgr]ddr_enable = 
[    3.455653] init: [libfs_mgr]ddrvalue = 
[    3.455656] init: [libfs_mgr]ddr_enable = 
[    3.455665] init: [libfs_mgr]ddrvalue = 
[    3.455668] init: [libfs_mgr]ddr_enable = 
[    3.455676] init: [libfs_mgr]ddrvalue = 
[    3.455679] init: [libfs_mgr]ddr_enable = 
[    3.455685] init: [libfs_mgr]ddrvalue = 
[    3.455688] init: [libfs_mgr]ddr_enable = 
[    3.455696] init: [libfs_mgr]ddrvalue = 
[    3.455699] init: [libfs_mgr]ddr_enable = 
[    3.455706] init: [libfs_mgr]ddrvalue = 
[    3.455710] init: [libfs_mgr]ddr_enable = 
[    3.455726] init: [libfs_mgr]ddrvalue = 
[    3.455729] init: [libfs_mgr]ddr_enable = 
[    3.964025] [drm] skip esd during panel suspend
[    4.463462] init: [libfs_avb]Device path not found: /dev/block/by-name/boot_a
[    4.463759] init: [libfs_avb]avb_slot_verify failed, result: 2
[    4.463780] init: Failed to open AvbHandle for INIT_AVB_VERSION: No such file or directory
[    4.464759] random: init: uninitialized urandom read (40 bytes read)
[    4.470656] random: init: uninitialized urandom read (40 bytes read)
[    4.470733] random: init: uninitialized urandom read (4 bytes read)
[    4.496638] init: dm device 'system_ext_a_a' not found in /sys, waiting for its uevent
[    4.618236] sprd-trusty-log: trusty: [    0.000000] c0 
[    4.618237] sprd-trusty-log: trusty: [    0.000000] c0 welcome to lk/MP
[    4.618238] sprd-trusty-log: trusty: [    0.000000] c0 
[    4.618240] sprd-trusty-log: trusty: [    0.000000] c0 input args 0x56a0000 0xb0040000 0x80000002 0x0
[    4.618241] sprd-trusty-log: trusty: [    0.000000] c0 calling constructors
[    4.618242] sprd-trusty-log: trusty: [    0.000000] c0 initializing heap
[    4.618243] sprd-trusty-log: trusty: [    0.000000] c0 gic 0x10000000
[    4.618244] sprd-trusty-log: trusty: [    0.117223] c0 initializing mp
[    4.618244] sprd-trusty-log: trusty: [    0.117225] c0 initializing threads
[    4.618245] sprd-trusty-log: trusty: [    0.117227] c0 initializing timers
[    4.618246] sprd-trusty-log: trusty: [    0.117230] c0 creating bootstrap completion thread
[    4.618247] sprd-trusty-log: trusty: [    0.117242] c0 top of bootstrap2()
[    4.618248] sprd-trusty-log: trusty: [    0.117245] c0 creating bootstrap completion thread for cpu 1
[    4.618249] sprd-trusty-log: trusty: [    0.117260] c0 creating bootstrap completion thread for cpu 2
[    4.618250] sprd-trusty-log: trusty: [    0.117274] c0 creating bootstrap completion thread for cpu 3
[    4.618251] sprd-trusty-log: trusty: [    0.117278] c0 creating bootstrap completion thread for cpu 4
[    4.618252] sprd-trusty-log: trusty: [    0.117292] c0 creating bootstrap completion thread for cpu 5
[    4.618253] sprd-trusty-log: trusty: [    0.117296] c0 creating bootstrap completion thread for cpu 6
[    4.618254] sprd-trusty-log: trusty: [    0.117310] c0 creating bootstrap completion thread for cpu 7
[    4.618255] sprd-trusty-log: trusty: [    0.117325] c0 initializing platform
[    4.618255] sprd-trusty-log: trusty: [    0.117334] c0 sprd glb clk is ok!
[    4.618256] sprd-trusty-log: trusty: [    0.117352] c0 sprd dma init ok!
[    4.618258] sprd-trusty-log: trusty: [    0.117376] c0 CRIT: 0xffffffffe039fa80: SPRD_FW: firewall/qogirl6/src/tzfw.c:702 FW_SHARE_IRAM_PHYS = 0x65015000, iram_rec_base = 0xffffffffe5703000
[    4.618259] sprd-trusty-log: trusty: [    0.117386] c0 CRIT: 0xffffffffe039fa80: SPRD_FW: firewall/qogirl6/src/tzfw.c:711 SPRD_FW_PHYS = 0x64800000, fw_base = 0xffffffffe5704000
[    4.618260] sprd-trusty-log: trusty: [    0.117393] c0 CRIT: 0xffffffffe039fa80: SPRD_FW: firewall/qogirl6/src/tzfw.c:720 mem_rec_base = 0xffffffffe03a9690
[    4.618262] sprd-trusty-log: trusty: [    0.117510] c0 CRIT: 0xffffffffe039fa80: SPRD_FW: firewall/src/sprd_firewall.c:279 read firewall.xml failed. Error(-2)
[    4.618262] sprd-trusty-log: trusty: [    0.117625] c0 initializing target
[    4.618263] sprd-trusty-log: trusty: [    0.117705] c0 i2c0, freq=100000
[    4.618264] sprd-trusty-log: trusty: [    0.117710] c0 i2c0 is ok!
[    4.618265] sprd-trusty-log: trusty: [    0.117713] c0 i2c1, freq=100000
[    4.618266] sprd-trusty-log: trusty: [    0.117718] c0 i2c1 is ok!
[    4.618267] sprd-trusty-log: trusty: [    0.117722] c0 i2c2, freq=100000
[    4.618267] sprd-trusty-log: trusty: [    0.117726] c0 i2c2 is ok!
[    4.618268] sprd-trusty-log: trusty: [    0.117729] c0 i2c3, freq=100000
[    4.618269] sprd-trusty-log: trusty: [    0.117733] c0 i2c3 is ok!
[    4.618270] sprd-trusty-log: trusty: [    0.117737] c0 i2c4, freq=100000
[    4.618271] sprd-trusty-log: trusty: [    0.117741] c0 i2c4 is ok!
[    4.618271] sprd-trusty-log: trusty: [    0.117745] c0 i2c5, freq=100000
[    4.618272] sprd-trusty-log: trusty: [    0.117749] c0 i2c5 is ok!
[    4.618273] sprd-trusty-log: trusty: [    0.117752] c0 i2c6, freq=100000
[    4.618274] sprd-trusty-log: trusty: [    0.117756] c0 i2c6 is ok!
[    4.618275] sprd-trusty-log: trusty: [    0.117778] c0 sprd_kbc_init() enter.
[    4.618275] sprd-trusty-log: trusty: [    0.117780] c0 map size = 65536 
[    4.618276] sprd-trusty-log: trusty: [    0.117782] c0 CTL_BASE_AON_APB = 0x64000000 
[    4.618277] sprd-trusty-log: trusty: [    0.117786] c0 pmu_vaddr = 0xffffffffe58cc000 
[    4.618278] sprd-trusty-log: trusty: [    0.117788] c0 CTL_BASE_PMU_APB = 0x64020000 
[    4.618279] sprd-trusty-log: trusty: [    0.117792] c0 aon_vaddr = 0xffffffffe58dc000 
[    4.618280] sprd-trusty-log: trusty: [    0.117797] c0 spi0 init ok
[    4.618281] sprd-trusty-log: trusty: [    0.117801] c0 spi1 init ok
[    4.618281] sprd-trusty-log: trusty: [    0.117804] c0 spi2 init ok
[    4.618282] sprd-trusty-log: trusty: [    0.117808] c0 spi3 init ok
[    4.618283] sprd-trusty-log: trusty: [    0.117856] c0 calling apps_init()
[    4.618284] sprd-trusty-log: trusty: [    0.117865] c0 initializing ta_manager enter
[    4.618285] sprd-trusty-log: trusty: [    0.117895] c0 initializing ta_manager thread_resume
[    4.618286] sprd-trusty-log: trusty: [    0.117899] c0 ta_manager_thread_fun:1220: ta_manager_thread_fun enter
[    4.618287] sprd-trusty-log: trusty: [    0.117913] c0 ta_manager_unload_thread_fun:1276: ta_manager_unload_thread_fun enter
[    4.618288] sprd-trusty-log: trusty: [    0.117954] c0 disp_ta_thread:372: disp_ta_thread(): enter loop
[    4.618289] sprd-trusty-log: trusty: [    0.117960] c0 disp_ta_init:427: disp ta thread resumed
[    4.618290] sprd-trusty-log: trusty: [    0.117990] c0 initializing trusty (Unisoc TEE v2.1, qogirl6, Built: 02:24:18 Jun 14 2022, 0927fe01 (builder@ceshhud0035))
[    4.618291] sprd-trusty-log: trusty: [    0.117995] c0 trusty_app:(32) start 0xffffffffe00b9000 size 0x0000b000
[    4.618292] sprd-trusty-log: trusty: [    0.118004] c0 trusty_app 0 uuid: 0xfee67f9f 0xe1b1 0x4e3d 0x8455 0x47f601afef
[    4.618293] sprd-trusty-log: trusty: [    0.118011] c0 trusty_app 0xffffffffe044cdd0: stack_sz=0x2000
[    4.618294] sprd-trusty-log: trusty: [    0.118014] c0 trusty_app 0xffffffffe044cdd0: heap_sz=0x4000
[    4.618295] sprd-trusty-log: trusty: [    0.118016] c0 trusty_app 0xffffffffe044cdd0: one_shot=0x0
[    4.618296] sprd-trusty-log: trusty: [    0.118018] c0 trusty_app 0xffffffffe044cdd0: flags=0x1c
[    4.618297] sprd-trusty-log: trusty: [    0.118021] c0 trusty_app:(32) start 0xffffffffe00c4000 size 0x000e3000
[    4.618298] sprd-trusty-log: trusty: [    0.118030] c0 trusty_app 1 uuid: 0x5f902ace 0x5e5c 0x4cd8 0xae54 0x87b88c22ddaf
[    4.618299] sprd-trusty-log: trusty: [    0.118035] c0 trusty_app 0xffffffffe044ce88: stack_sz=0x40000
[    4.618300] sprd-trusty-log: trusty: [    0.118038] c0 trusty_app 0xffffffffe044ce88: heap_sz=0x40000
[    4.618301] sprd-trusty-log: trusty: [    0.118040] c0 trusty_app 0xffffffffe044ce88: one_shot=0x0
[    4.618302] sprd-trusty-log: trusty: [    0.118043] c0 trusty_app 0xffffffffe044ce88: flags=0x1c
[    4.618303] sprd-trusty-log: trusty: [    0.118048] c0 trusty_app:(32) start 0xffffffffe01a7000 size 0x00030000
[    4.618304] sprd-trusty-log: trusty: [    0.118056] c0 trusty_app 2 uuid: 0xcea8706d 0x6cb4 0x49f3 0xb994 0x29e0e478bd29
[    4.618305] sprd-trusty-log: trusty: [    0.118061] c0 trusty_app 0xffffffffe044cf40: stack_sz=0x4000
[    4.618306] sprd-trusty-log: trusty: [    0.118064] c0 trusty_app 0xffffffffe044cf40: heap_sz=0x49000
[    4.618307] sprd-trusty-log: trusty: [    0.118066] c0 trusty_app 0xffffffffe044cf40: one_shot=0x0
[    4.618307] sprd-trusty-log: trusty: [    0.118068] c0 trusty_app 0xffffffffe044cf40: flags=0x1c
[    4.618308] sprd-trusty-log: trusty: [    0.118074] c0 trusty_app:(32) start 0xffffffffe01d7000 size 0x0000a000
[    4.618309] sprd-trusty-log: trusty: [    0.118092] c0 trusty_app 3 uuid: 0xdf8ec70d 0xbb93 0x4b7b 0xab88 0x72dfd3f33953
[    4.618310] sprd-trusty-log: trusty: [    0.118097] c0 trusty_app 0xffffffffe044cff8: stack_sz=0x4000
[    4.618311] sprd-trusty-log: trusty: [    0.118100] c0 trusty_app 0xffffffffe044cff8: heap_sz=0x8000
[    4.618312] sprd-trusty-log: trusty: [    0.118102] c0 trusty_app 0xffffffffe044cff8: one_shot=0x0
[    4.618313] sprd-trusty-log: trusty: [    0.118105] c0 trusty_app 0xffffffffe044cff8: flags=0x1c
[    4.618314] sprd-trusty-log: trusty: [    0.118108] c0 trusty_app:(32) start 0xffffffffe01e1000 size 0x0000a000
[    4.618315] sprd-trusty-log: trusty: [    0.118115] c0 trusty_app 4 uuid: 0x32305457 0x1 0x2 0x5365 0x63426f6f740
[    4.618316] sprd-trusty-log: trusty: [    0.118120] c0 trusty_app 0xffffffffe044d0b0: stack_sz=0x1000
[    4.618317] sprd-trusty-log: trusty: [    0.118122] c0 trusty_app 0xffffffffe044d0b0: heap_sz=0x2000
[    4.618318] sprd-trusty-log: trusty: [    0.118124] c0 trusty_app 0xffffffffe044d0b0: one_shot=0x0
[    4.618319] sprd-trusty-log: trusty: [    0.118127] c0 trusty_app 0xffffffffe044d0b0: flags=0x1c
[    4.618320] sprd-trusty-log: trusty: [    0.118132] c0 trusty_app:(32) start 0xffffffffe01eb000 size 0x00013000
[    4.618321] sprd-trusty-log: trusty: [    0.118140] c0 trusty_app 5 uuid: 0x38ba0cdc 0xdf0e 0x11e4 0x9869 0x233fb6ae4795
[    4.618322] sprd-trusty-log: trusty: [    0.118145] c0 trusty_app 0xffffffffe044d168: stack_sz=0x1000
[    4.618323] sprd-trusty-log: trusty: [    0.118147] c0 trusty_app 0xffffffffe044d168: heap_sz=0x2000
[    4.618324] sprd-trusty-log: trusty: [    0.118150] c0 trusty_app 0xffffffffe044d168: one_shot=0x0
[    4.618325] sprd-trusty-log: trusty: [    0.118152] c0 trusty_app 0xffffffffe044d168: flags=0x1c
[    4.618326] sprd-trusty-log: trusty: [    0.118156] c0 trusty_app:(32) start 0xffffffffe01fe000 size 0x0005e000
[    4.618327] sprd-trusty-log: trusty: [    0.118163] c0 trusty_app 6 uuid: 0x10259fa6 0xd64d 0x11e6 0x918b 0x3b2c3abe2b31
[    4.618327] sprd-trusty-log: trusty: [    0.118168] c0 trusty_app 0xffffffffe044d220: stack_sz=0x4000
[    4.618328] sprd-trusty-log: trusty: [    0.118170] c0 trusty_app 0xffffffffe044d220: heap_sz=0xc000
[    4.618329] sprd-trusty-log: trusty: [    0.118173] c0 trusty_app 0xffffffffe044d220: one_shot=0x0
[    4.618330] sprd-trusty-log: trusty: [    0.118175] c0 trusty_app 0xffffffffe044d220: flags=0x1c
[    4.618331] sprd-trusty-log: trusty: [    0.118178] c0 trusty_app:(32) start 0xffffffffe025c000 size 0x0000a000
[    4.618332] sprd-trusty-log: trusty: [    0.118185] c0 trusty_app 7 uuid: 0xa755aeac 0xec7d 0x45e0 0x98da 0xcd5bdca03f65
[    4.618333] sprd-trusty-log: trusty: [    0.118191] c0 trusty_app 0xffffffffe044d2d8: stack_sz=0x1000
[    4.618334] sprd-trusty-log: trusty: [    0.118193] c0 trusty_app 0xffffffffe044d2d8: heap_sz=0x1000
[    4.618335] sprd-trusty-log: trusty: [    0.118195] c0 trusty_app 0xffffffffe044d2d8: one_shot=0x0
[    4.618336] sprd-trusty-log: trusty: [    0.118198] c0 trusty_app 0xffffffffe044d2d8: flags=0x1c
[    4.618337] sprd-trusty-log: trusty: [    0.118201] c0 trusty_app:(32) start 0xffffffffe0266000 size 0x00057000
[    4.618338] sprd-trusty-log: trusty: [    0.118219] c0 trusty_app 8 uuid: 0x1c558f47 0x9965 0x4714 0x9fd9 0x9a8ed9b1f0d9
[    4.618339] sprd-trusty-log: trusty: [    0.118224] c0 trusty_app 0xffffffffe044d390: stack_sz=0x4000
[    4.618340] sprd-trusty-log: trusty: [    0.118227] c0 trusty_app 0xffffffffe044d390: heap_sz=0x10000
[    4.618341] sprd-trusty-log: trusty: [    0.118229] c0 trusty_app 0xffffffffe044d390: one_shot=0x0
[    4.618342] sprd-trusty-log: trusty: [    0.118231] c0 trusty_app 0xffffffffe044d390: flags=0x1c
[    4.618343] sprd-trusty-log: trusty: [    0.118313] c0 trusty_app 0: code: start 0x00008000 end 0x0000e034
[    4.618344] sprd-trusty-log: trusty: [    0.118317] c0 trusty_app 0: data: start 0x0000f000 end 0x00011000
[    4.618345] sprd-trusty-log: trusty: [    0.118320] c0 trusty_app 0: bss:                end 0x00010454
[    4.618346] sprd-trusty-log: trusty: [    0.118323] c0 trusty_app 0: brk:  start 0x00011000 end 0x00015000
[    4.618346] sprd-trusty-log: trusty: [    0.118326] c0 trusty_app 0: entry 0x00008eb4
[    4.618347] sprd-trusty-log: trusty: [    0.118457] c0 trusty_app 1: code: start 0x00008000 end 0x000e50b4
[    4.618348] sprd-trusty-log: trusty: [    0.118461] c0 trusty_app 1: data: start 0x000e6000 end 0x000e9000
[    4.618349] sprd-trusty-log: trusty: [    0.118464] c0 trusty_app 1: bss:                end 0x000e84b4
[    4.618350] sprd-trusty-log: trusty: [    0.118467] c0 trusty_app 1: brk:  start 0x000e9000 end 0x00129000
[    4.618351] sprd-trusty-log: trusty: [    0.118470] c0 trusty_app 1: entry 0x000a4ea4
[    4.618352] sprd-trusty-log: trusty: [    0.118604] c0 trusty_app 2: code: start 0x00008000 end 0x000338b0
[    4.618353] sprd-trusty-log: trusty: [    0.118607] c0 trusty_app 2: data: start 0x00034000 end 0x00036000
[    4.618354] sprd-trusty-log: trusty: [    0.118611] c0 trusty_app 2: bss:                end 0x000358e4
[    4.618355] sprd-trusty-log: trusty: [    0.118613] c0 trusty_app 2: brk:  start 0x00036000 end 0x0007f000
[    4.618356] sprd-trusty-log: trusty: [    0.118616] c0 trusty_app 2: entry 0x0001e8d4
[    4.618357] sprd-trusty-log: trusty: [    0.118697] c0 trusty_app 3: code: start 0x00008000 end 0x0000ea0c
[    4.618358] sprd-trusty-log: trusty: [    0.118700] c0 trusty_app 3: data: start 0x0000f000 end 0x00010000
[    4.618359] sprd-trusty-log: trusty: [    0.118703] c0 trusty_app 3: bss:                end 0x0000f3c0
[    4.618360] sprd-trusty-log: trusty: [    0.118706] c0 trusty_app 3: brk:  start 0x00010000 end 0x00018000
[    4.618360] sprd-trusty-log: trusty: [    0.118709] c0 trusty_app 3: entry 0x00008c74
[    4.618361] sprd-trusty-log: trusty: [    0.118786] c0 trusty_app 4: code: start 0x00008000 end 0x0000ec74
[    4.618362] sprd-trusty-log: trusty: [    0.118790] c0 trusty_app 4: data: start 0x0000f000 end 0x00010000
[    4.618364] sprd-trusty-log: trusty: [    0.118793] c0 trusty_app 4: bss:                en
[    4.988231] [drm] skip esd during panel suspend
[    5.340295] [Awinic] [4-005b]aw_check_acf_firmware: project name: [A1901]
[    5.340296] [Awinic] [4-005b]aw_check_acf_firmware: custom name: [HM]
[    5.340298] [Awinic] [4-005b]aw_check_acf_firmware: version name: []
[    5.340300] [Awinic] [4-005b]aw_check_acf_firmware: author_id: [882]
[    5.340307] [Awinic] [4-005b]aw_check_data_v_0_0_0_1: acf fimware check succeed
[    5.340325] AWINIC_BIN aw87xxx_parsing_bin_file,line= 445,aw_bin_parse code version:V0.0.7-V1.0.4
[    5.340327] AWINIC_BIN aw_check_bin_header_version,line= 426,aw_bin_parse header_version 0x1000000
[    5.340329] AWINIC_BIN aw_parse_bin_header_1_0_0,line= 375,enter aw_parse_bin_header_1_0_0
[    5.340331] AWINIC_BIN aw_parse_bin_header_1_0_0,line= 379,aw_bin_parse bin_data_type 0x0
[    5.340332] AWINIC_BIN aw_parse_bin_header_1_0_0,line= 387,aw_bin_parse enter single bin branch
[    5.340334] AWINIC_BIN aw_parse_bin_header_1_0_0,line= 390,aw_parse_bin_header_1_0_0 bin->single_bin_parse_num is 1
[    5.340335] AWINIC_BIN aw_get_single_bin_header_1_0_0,line= 263,enter aw_get_single_bin_header_1_0_0
[    5.340336] AWINIC_BIN aw_check_sum,line= 96,enter
[    5.340339] AWINIC_BIN aw_check_sum,line= 101,aw_bin_parse p_check_sum = (____ptrval____)
[    5.340341] AWINIC_BIN aw_check_sum,line= 113,aw_bin_parse bin_num=0, check_sum = 0xfad, sum_data = 0xfad
[    5.340342] AWINIC_BIN aw_check_data_version,line= 128,enter
[    5.340343] AWINIC_BIN aw_check_register_num_v1,line= 145,enter
[    5.340344] AWINIC_BIN aw_check_register_num_v1,line= 149,aw_bin_parse p_check_sum = (____ptrval____)
[    5.340346] AWINIC_BIN aw_check_register_num_v1,line= 158,aw_bin_parse bin_num=0, parse_register_num = 0x16, check_register_num = 0x16
[    5.340347] AWINIC_BIN aw87xxx_parsing_bin_file,line= 512,aw_bin_parse parsing success
[    5.340349] AWINIC_BIN aw87xxx_parsing_bin_file,line= 445,aw_bin_parse code version:V0.0.7-V1.0.4
[    5.340350] AWINIC_BIN aw_check_bin_header_version,line= 426,aw_bin_parse header_version 0x1000000
[    5.340351] AWINIC_BIN aw_parse_bin_header_1_0_0,line= 375,enter aw_parse_bin_header_1_0_0
[    5.340352] AWINIC_BIN aw_parse_bin_header_1_0_0,line= 379,aw_bin_parse bin_data_type 0x0
[    5.340353] AWINIC_BIN aw_parse_bin_header_1_0_0,line= 387,aw_bin_parse enter single bin branch
[    5.340354] AWINIC_BIN aw_parse_bin_header_1_0_0,line= 390,aw_parse_bin_header_1_0_0 bin->single_bin_parse_num is 1
[    5.340355] AWINIC_BIN aw_get_single_bin_header_1_0_0,line= 263,enter aw_get_single_bin_header_1_0_0
[    5.340356] AWINIC_BIN aw_check_sum,line= 96,enter
[    5.340357] AWINIC_BIN aw_check_sum,line= 101,aw_bin_parse p_check_sum = (____ptrval____)
[    5.340359] AWINIC_BIN aw_check_sum,line= 113,aw_bin_parse bin_num=0, check_sum = 0xfa0, sum_data = 0xfa0
[    5.340360] AWINIC_BIN aw_check_data_version,line= 128,enter
[    5.340360] AWINIC_BIN aw_check_register_num_v1,line= 145,enter
[    5.340361] AWINIC_BIN aw_check_register_num_v1,line= 149,aw_bin_parse p_check_sum = (____ptrval____)
[    5.340363] AWINIC_BIN aw_check_register_num_v1,line= 158,aw_bin_parse bin_num=0, parse_register_num = 0x16, check_register_num = 0x16
[    5.340364] AWINIC_BIN aw87xxx_parsing_bin_file,line= 512,aw_bin_parse parsing success
[    5.340366] [Awinic] [4-005b]aw_get_prof_count_v_0_0_0_1: get profile count=[4]
[    5.340370] [Awinic] [4-005b]aw_get_vaild_prof_v_0_0_0_1: product=[aw87519]----profile=[Music]
[    5.340371] [Awinic] [4-005b]aw_get_vaild_prof_v_0_0_0_1: product=[aw87519]----profile=[Voice]
[    5.340372] [Awinic] [4-005b]aw_get_vaild_prof_v_0_0_0_1: product=[aw87519]----profile=[Receiver]
[    5.340374] [Awinic] [4-005b]aw_set_prof_off_info_v_0_0_0_1: product=[aw87519]----profile=[Off]
[    5.340376] [Awinic] [4-005b]aw_set_prof_name_list_v_0_0_0_1: index=[0], profile_name=[Music]
[    5.340377] [Awinic] [4-005b]aw_set_prof_name_list_v_0_0_0_1: index=[1], profile_name=[Voice]
[    5.340378] [Awinic] [4-005b]aw_set_prof_name_list_v_0_0_0_1: index=[2], profile_name=[Receiver]
[    5.340380] [Awinic] [4-005b]aw_set_prof_name_list_v_0_0_0_1: index=[3], profile_name=[Off]
[    5.340381] [Awinic] [4-005b]aw_parse_acf_v_0_0_0_1: acf parse success
[    5.340386] [Awinic] [4-005b]aw87xxx_init_default_prof: init profile name [Off]
[    5.340388] [Awinic] [4-005b]aw87xxx_fw_load: acf parse succeed
[    5.340469] <I>CTS-Core Firmware upgrade work
[    5.340474] <I>CTS-Firmware Request newer if match hwid: 991110 fwid: 0000 && ver > 0000
[    5.340477] <I>CTS-Firmware Request from file 'ICNL9911.bin' if version > 0000
[    5.340479] <I>CTS-Firmware Filepath is only filename, use request_firmware()
[    5.340558] <I>CTS-Firmware Update firmware to sram ver: 0205 size: 61120
[    5.340798] <I>CTS-Firmware   Firmware section size: 61120
[    5.340801] <I>CTS-Core Enter program mode
[    5.340802] <W>CTS-Core Enter program mode while alredy in
[    5.340804] <I>CTS-Plat Reset device
[    5.391976] <I>CTS-Core Curr dev boot mode: 5(SPI_PROGRAM-BOOT)
[    5.391979] <I>CTS-Flash Prepare for flash operation
[    5.392193] <I>CTS-Flash Flash is not initialized, try to probe...
[    5.392194] <I>CTS-Flash Probe flash
[    5.392195] <I>CTS-Flash Read JEDEC ID
[    5.392505] <E>CTS-Flash Unknown JEDEC ID: ffffff
[    5.392507] <W>CTS-Flash Probe flash failed -19(ENODEV, No such device)
[    5.392509] <I>CTS-Firmware Update firmware to sram, size 61120, crc 0xf050d4e9
[    5.930966] <I>CTS-Core Calc crc from sram 0x000000 size 61120
[    5.936822] <I>CTS-Core Enter normal mode
[    5.936823] <I>CTS-Core Set dev boot mode to 3(SRAM-BOOT)
[    5.967240] <I>CTS-Core Curr dev boot mode: 3(SRAM-BOOT)
[    5.967242] <I>CTS-Core Init firmware data
[    5.967449] <I>CTS-Core   Firmware version        : 0205
[    5.967850] <I>CTS-Core   Fimrware lib verion     : v2.f0
[    5.968047] <I>CTS-Core   DDI init code verion    : 00
[    5.968256] <I>CTS-Core   X resolution            : 719
[    5.968463] <I>CTS-Core   Y resolution            : 1599
[    5.968662] <I>CTS-Core   Num rows                : 32
[    5.968863] <I>CTS-Core   Num cols                : 18
[    5.969064] <I>CTS-Core   Flip X                  : True
[    5.969065] <I>CTS-Core   Flip Y                  : False
[    5.969261] <I>CTS-Core   Swap axes               : False
[    5.969461] <I>CTS-Core   Int polarity            : LOW
[    5.969669] <I>CTS-Core   Int keep time           : 3000
[    5.969876] <I>CTS-Core   Raw target value        : 2000
[    5.970084] <I>CTS-Core   Gstr Raw target value   : 2000
[    5.970283] <I>CTS-Core   Esd method              : 1
[    5.970478] <I>CTS-Core   Headphone cable reject  : True
[    5.970483] <I>CTS-Charger Get curr state: ATTACHED
[    5.970484] <I>CTS-Core Set dev charger ATTACHED
[    5.970592] <I>CTS-Earjack get_earjack_state(): filp_open is forbiddon with GKI Version!
[    5.970593] <I>CTS-Earjack Get curr state: DETACHED
[    5.970595] <I>CTS-Firmware Update firmware, ELAPSED TIME: 629ms
[    5.970596] <I>CTS-Firmware Release firmware
[    5.970597] <I>CTS-Firmware Release firmware from request_firmware
[    5.970608] <I>CTS-Core Start device...
[    5.970609] <I>CTS-Core ESD protection enable
[    5.970611] <W>CTS-Charger Start detect while NOT enabled
[    5.970612] <W>CTS-Earjack Start detect while NOT enabled
[    5.970623] <I>CTS-Core Start device successfully
[    6.012453] [drm] skip esd during panel suspend
[    7.036253] [drm] skip esd during panel suspend
[    7.996224] <I>CTS-Core ESD protection work
[    8.060241] [drm] skip esd during panel suspend
[    9.084226] [drm] skip esd during panel suspend
[   10.012209] <I>CTS-Core ESD protection work
[   10.108244] [drm] skip esd during panel suspend
[   11.132201] [drm] skip esd during panel suspend
[   12.028441] <I>CTS-Core ESD protection work
[   12.156219] [drm] skip esd during panel suspend
[   13.180233] [drm] skip esd during panel suspend
[   14.044434] <I>CTS-Core ESD protection work
[   14.204217] [drm] skip esd during panel suspend
[   14.506940] init: wait for dm device 'system_ext_a_a' returned after 10010ms
[   14.506957] init: dm device 'system_ext_a_a' not found after polling timeout
[   14.506963] init: Failed to find device-mapper node: system_ext_a_a
[   14.507013] init: dm device 'product_a_a' not found in /sys, waiting for its uevent
[   15.228215] [drm] skip esd during panel suspend
[   16.060247] <I>CTS-Core ESD protection work
[   16.252230] [drm] skip esd during panel suspend
[   17.276240] [drm] skip esd during panel suspend
[   17.372326] charger-manager charger-manager: cm_manager_get_jeita_status: jeita status:(2) 2 2, temperature:296, jeita_size:4
[   17.372329] charger-manager charger-manager: current-last jeita status: 2-2, current temperature: 296
[   17.373036] charger-manager charger-manager: battery_status 1, charging_status 0
[   17.373541] sc27xx-fgu 64200000.spi:pmic@0:fgu@c00: UUSOC: cur_avg_ma = 153, resistance_moh = 0, ocv_pzero_uv = 3400000, ocv_pzero_cap = 0, ocv_pzero_mah = 0
[   17.375559] charger-manager charger-manager: cant not get input_cur.
[   17.376921] charger-manager charger-manager: vbat: 3814000, vbat_avg: 3813000, OCV: 3792748, ibat: 154000, ibat_avg: 153000, ibus: 0, vbus: 4765000, msoc: 333, chg_sts: 1, frce_full: 0, chg_lmt_cur: 448000, inpt_lmt_cur: 500000, chgr_type: 1, Tboard: 296, Tbatt: 296, thm_cur: -22, thm_pwr: 0, is_fchg: 0, fchg_en: 0, tflush: 15, tperiod: 15
[   17.376925] charger-manager charger-manager: new_uisoc = 342, old_uisoc = 342
[   17.377825] sgm41510_chg 5-006b: sgm41510_charger_dump_register: [REG_0x00]=0x04; [REG_0x01]=0x06; [REG_0x02]=0x11; [REG_0x03]=0x1a; [REG_0x04]=0x07; [REG_0x05]=0x12; [REG_0x06]=0x96; [REG_0x07]=0x9f; [REG_0x08]=0x03; [REG_0x09]=0x44; [REG_0x0a]=0x70; [REG_0x0b]=0x56; [REG_0x0c]=0x00; [REG_0x0d]=0x8d; [REG_0x0e]=0x00; [REG_0x0f]=0x00; [REG_0x10]=0x00; [REG_0x11]=0x80; [REG_0x12]=0x00; [REG_0x13]=0x40; [REG_0x14]=0x00; [REG_0x15]=0x0c; 
[   18.076447] <I>CTS-Core ESD protection work
[   18.300234] [drm] skip esd during panel suspend
[   19.324216] [drm] skip esd during panel suspend
[   20.092370] <I>CTS-Core ESD protection work
[   20.348237] [drm] skip esd during panel suspend
[   21.372221] [drm] skip esd during panel suspend
[   22.108390] <I>CTS-Core ESD protection work
[   22.396242] [drm] skip esd during panel suspend
[   23.420223] [drm] skip esd during panel suspend
[   23.516329] sc27xx-fgu 64200000.spi:pmic@0:fgu@c00: not satisfy power on start condition.
[   23.516336] sc27xx-fgu 64200000.spi:pmic@0:fgu@c00: init_cap = 342, init_mah = 1693, init_clbcnt = 16870406, cur_clbcnt = 16876219, normal_cap = 342, data->cc_mah = 1, Tbat = 296, uusoc_vbat = 0, uusoc_mah = 0, cur_1000ma_adc = 1384, track_sts = 1
[   23.772391] charger-manager charger-manager: cm_ir_compensation, us = 4432000, rc = 20, upper_limit = 4500000, lower_limit = 4432000, target_cccv = 4435060, ibat_avg = 153800, offset = 100000
[   23.772399] charger-manager charger-manager: cm_sprd_vote_callback, VOTE_TYPE_CCCV[4435060]
[   24.124376] <I>CTS-Core ESD protection work
[   24.444242] [drm] skip esd during panel suspend
[   24.517299] init: wait for dm device 'product_a_a' returned after 10010ms
[   24.517315] init: dm device 'product_a_a' not found after polling timeout
[   24.517320] init: Failed to find device-mapper node: product_a_a
[   24.517378] init: Opening SELinux policy
[   24.518257] init: Loading SELinux policy
[   24.528325] SELinux:  Permission nlmsg_getneigh in class netlink_route_socket not defined in policy.
[   24.528468] SELinux: the above unknown classes and permissions will be denied
[   24.528500] SELinux:  policy capability network_peer_controls=1
[   24.528501] SELinux:  policy capability open_perms=1
[   24.528502] SELinux:  policy capability extended_socket_class=1
[   24.528504] SELinux:  policy capability always_check_network=0
[   24.528505] SELinux:  policy capability cgroup_seclabel=0
[   24.528506] SELinux:  policy capability nnp_nosuid_transition=1
[   24.639891] audit: type=1403 audit(7300.187:2): auid=4294967295 ses=4294967295 lsm=selinux res=1
[   24.639964] audit: type=1404 audit(7300.187:3): enforcing=1 old_enforcing=0 auid=4294967295 ses=4294967295 enabled=1 old-enabled=1 lsm=selinux res=1
[   24.669877] selinux: SELinux: Loaded file_contexts
[   24.669882] selinux: 
[   24.672285] random: init: uninitialized urandom read (40 bytes read)
[   24.678313] random: init: uninitialized urandom read (40 bytes read)
[   24.678394] random: init: uninitialized urandom read (4 bytes read)
[   24.703593] init: init second stage started!
[   24.719154] init: Using Android DT directory /proc/device-tree/firmware/android/
[   24.721761] init: Overriding previous property 'persist.sys.usb.config':'adb' with new value 'none'
[   24.722166] init: Overriding previous property 'ro.bootimage.build.date.utc':'1773312535' with new value '1717480974'
[   24.722223] init: Couldn't load property file '/system/build.prop': open() failed: No such file or directory: No such file or directory
[   24.722239] init: Couldn't load property file '/system_ext/etc/build.prop': open() failed: No such file or directory: No such file or directory
[   24.722252] init: Couldn't load property file '/system_ext/default.prop': open() failed: No such file or directory: No such file or directory
[   24.722262] init: Couldn't load property file '/system_ext/build.prop': open() failed: No such file or directory: No such file or directory
[   24.722273] init: Couldn't load property file '/system_ext/default.prop': open() failed: No such file or directory: No such file or directory
[   24.722282] init: Couldn't load property file '/system_ext/build.prop': open() failed: No such file or directory: No such file or directory
[   24.722296] init: Couldn't load property file '/vendor/default.prop': open() failed: No such file or directory: No such file or directory
[   24.722307] init: Couldn't load property file '/vendor/build.prop': open() failed: No such file or directory: No such file or directory
[   24.722326] init: Couldn't load property file '/vendor_dlkm/etc/build.prop': open() failed: No such file or directory: No such file or directory
[   24.722343] init: Couldn't load property file '/odm_dlkm/etc/build.prop': open() failed: No such file or directory: No such file or directory
[   24.722355] init: Couldn't load property file '/odm/etc/build.prop': open() failed: No such file or directory: No such file or directory
[   24.722364] init: Couldn't load property file '/odm/default.prop': open() failed: No such file or directory: No such file or directory
[   24.722374] init: Couldn't load property file '/odm/build.prop': open() failed: No such file or directory: No such file or directory
[   24.722383] init: Couldn't load property file '/odm/default.prop': open() failed: No such file or directory: No such file or directory
[   24.722392] init: Couldn't load property file '/odm/build.prop': open() failed: No such file or directory: No such file or directory
[   24.722404] init: Couldn't load property file '/product/etc/build.prop': open() failed: No such file or directory: No such file or directory
[   24.722415] init: Couldn't load property file '/product/default.prop': open() failed: No such file or directory: No such file or directory
[   24.722423] init: Couldn't load property file '/product/build.prop': open() failed: No such file or directory: No such file or directory
[   24.722433] init: Couldn't load property file '/product/default.prop': open() failed: No such file or directory: No such file or directory
[   24.722441] init: Couldn't load property file '/product/build.prop': open() failed: No such file or directory: No such file or directory
[   24.723189] init: Setting product property ro.product.brand to 'Symphony' (from ro.product.product.brand)
[   24.723206] init: Setting product property ro.product.device to 'Z60plus' (from ro.product.product.device)
[   24.723224] init: Setting product property ro.product.manufacturer to 'Symphony' (from ro.product.product.manufacturer)
[   24.723236] init: Setting product property ro.product.model to 'Z60plus' (from ro.product.product.model)
[   24.723247] init: Setting product property ro.product.name to 'fox_Z60plus' (from ro.product.product.name)
[   24.723271] init: Setting property 'ro.build.fingerprint' to 'Symphony/fox_Z60plus/Z60plus:16.1.0/SP2A.220405.004/eng.h.20260312.162322:eng/test-keys'
[   24.723291] init: Setting property 'ro.product.cpu.abilist' to 'arm64-v8a,armeabi-v7a,armeabi'
[   24.723300] init: Setting property 'ro.product.cpu.abilist32' to 'armeabi-v7a,armeabi'
[   24.723310] init: Setting property 'ro.product.cpu.abilist64' to 'arm64-v8a'
[   24.725007] selinux: SELinux: Loaded file_contexts
[   24.725011] selinux: 
[   24.725032] init: Running restorecon...
[   24.727531] selinux: SELinux:  Could not stat /dev/block: No such file or directory.
[   24.727534] selinux: 
[   24.727920] selinux: SELinux: Could not get canonical path for /metadata/ota/rollback-indicator restorecon: No such file or directory.
[   24.727923] selinux: 
[   24.727949] selinux: SELinux:  Could not stat /metadata/gsi: No such file or directory.
[   24.727951] selinux: 
[   24.728460] init: Created socket '/dev/socket/property_service', mode 666, user 0, group 0
[   24.729774] init: [libfs_mgr]vendor overlay: vndk version not defined
[   24.730160] init: Unable to set property 'ro.boot.flash.locked' from uid:0 gid:0 pid:1: Read-only property was already set
[   24.732536] init: SetupMountNamespaces done
[   24.733563] init: Forked subcontext for 'u:r:vendor_init:s0' with pid 292
[   24.733652] init: Parsing file /system/etc/init/hw/init.rc...
[   24.733735] init: Added '/init.recovery.logd.rc' to import list
[   24.733742] init: Added '/init.recovery.ldconfig.rc' to import list
[   24.733748] init: Added '/init.recovery.mksh.rc' to import list
[   24.733756] init: Added '/init.recovery.usb.rc' to import list
[   24.733761] init: Added '/init.recovery.service.rc' to import list
[   24.733776] init: Added '/init.recovery.ums9230_1h10.rc' to import list
[   24.734236] init: Parsing file /init.recovery.logd.rc...
[   24.734320] init: Parsing file /init.recovery.ldconfig.rc...
[   24.734342] init: Parsing file /init.recovery.mksh.rc...
[   24.734356] init: Unable to read config file '/init.recovery.mksh.rc': open() failed: No such file or directory
[   24.734362] init: Parsing file /init.recovery.usb.rc...
[   24.734580] init: Parsing file /init.recovery.service.rc...
[   24.734621] init: Parsing file /init.recovery.ums9230_1h10.rc...
[   24.734641] init: Added '/init.recovery.common.rc' to import list
[   24.734647] init: Added '/init.recovery.unisoc_decrypt.rc' to import list
[   24.734662] init: Parsing file /init.recovery.common.rc...
[   24.735204] init: Parsing file /init.recovery.unisoc_decrypt.rc...
[   24.735351] init: /init.recovery.unisoc_decrypt.rc: 31: Unable to find UID for 'keymaster': getpwnam failed: No such file or directory
[   24.735365] init: /init.recovery.unisoc_decrypt.rc: 32: Unable to decode GID for 'keymaster': getpwnam failed: No such file or directory
[   24.735410] init: Parsing directory /system/etc/init...
[   24.735454] init: Parsing file /system/etc/init/android.hardware.boot@1.0-service.rc...
[   24.735481] init: Parsing file /system/etc/init/android.hardware.boot@1.1-service.rc...
[   24.735502] init: Parsing file /system/etc/init/android.hardware.boot@1.2-service.rc...
[   24.735568] init: Parsing file /system/etc/init/android.hardware.health@2.0-service.rc...
[   24.735597] init: Parsing file /system/etc/init/android.hardware.health@2.1-service.rc...
[   24.735620] init: Parsing file /system/etc/init/hwservicemanager.rc...
[   24.735645] init: Parsing file /system/etc/init/keystore2.rc...
[   24.735675] init: Parsing file /system/etc/init/lpdumpd.rc...
[   24.735723] init: Parsing file /system/etc/init/nano.rc...
[   24.735739] init: Parsing file /system/etc/init/servicemanager.rc...
[   24.735764] init: Parsing file /system/etc/init/vndservicemanager.rc...
[   24.735808] init: Parsing file /system_ext/etc/init...
[   24.735820] init: Unable to read config file '/system_ext/etc/init': open() failed: No such file or directory
[   24.735828] init: Parsing directory /vendor/etc/init...
[   24.735857] init: Parsing file /vendor/etc/init/android.hardware.gatekeeper@1.0-service.trusty.rc...
[   24.735880] init: Parsing file /vendor/etc/init/android.hardware.security.keymint@1.0-unisoc.service.rc...
[   24.735907] init: Parsing file /vendor/etc/init/rpmbserver_androidr.rc...
[   24.735935] init: Parsing file /vendor/etc/init/storageproxyd_androidr_gp.rc...
[   24.735987] init: /vendor/etc/init/storageproxyd_androidr_gp.rc: 24: ignored duplicate definition of service 'vendor.rpmbproxy'
[   24.736076] init: /vendor/etc/init/storageproxyd_androidr_gp.rc: 30: ignored duplicate definition of service 'vendor.nsproxy'
[   24.736093] init: Parsing file /vendor/etc/init/tee_rpc.rc...
[   24.736117] init: Parsing file /vendor/etc/init/vendor.sprd.hardware.trusty@1.0-service.rc...
[   24.736140] init: Parsing file /vendor/etc/init/vendor_flash_recovery.rc...
[   24.736157] init: Parsing file /vendor/etc/init/vibrator.rc...
[   24.736194] init: Parsing file /odm/etc/init...
[   24.736206] init: Unable to read config file '/odm/etc/init': open() failed: No such file or directory
[   24.736215] init: Parsing file /product/etc/init...
[   24.736223] init: Unable to read config file '/product/etc/init': open() failed: No such file or directory
[   24.737207] init: processing action (SetupCgroups) from (<Builtin Action>:0)
[   24.752525] cgroup1: Unknown subsys name 'schedtune'
[   24.752579] libprocessgroup: Failed to mount schedtune cgroup: Invalid argument
[   24.752589] libprocessgroup: Failed to setup schedtune cgroup
[   24.752902] init: processing action (SetKptrRestrict) from (<Builtin Action>:0)
[   24.753084] init: processing action (TestPerfEventSelinux) from (<Builtin Action>:0)
[   24.753687] init: processing action (early-init) from (/system/etc/init/hw/init.rc:8)
[   24.753951] init: Command 'mount cgroup none /acct cpuacct' action=early-init (/system/etc/init/hw/init.rc:13) took 0ms and failed: mount() failed: Device or resource busy
[   24.754498] init: starting service 'ueventd'...
[   24.758555] init: processing action (early-init) from (/init.recovery.usb.rc:29)
[   24.758953] init: processing action (wait_for_coldboot_done) from (<Builtin Action>:0)
[   24.793343] ueventd: ueventd started!
[   24.793414] audit: type=1400 audit(7300.343:4): avc:  denied  { sys_nice } for  pid=293 comm="ueventd" capability=23  scontext=u:r:ueventd:s0 tcontext=u:r:ueventd:s0 tclass=capability permissive=1
[   24.794623] selinux: SELinux: Loaded file_contexts
[   24.794627] selinux: 
[   24.794743] ueventd: Parsing file /system/etc/ueventd.rc...
[   24.794779] ueventd: Added '/vendor/etc/ueventd.rc' to import list
[   24.794786] ueventd: Added '/odm/etc/ueventd.rc' to import list
[   24.794977] ueventd: Parsing file /vendor/etc/ueventd.rc...
[   24.795357] ueventd: Parsing file /odm/etc/ueventd.rc...
[   24.795372] ueventd: Unable to read config file '/odm/etc/ueventd.rc': open() failed: No such file or directory
[   24.826692] sc27xx-fgu 64200000.spi:pmic@0:fgu@c00: UUSOC: cur_avg_ma = 149, resistance_moh = 0, ocv_pzero_uv = 3400000, ocv_pzero_cap = 0, ocv_pzero_mah = 0
[   24.827566] power_supply sc27xx-fgu: driver failed to report `calibrate' property: -22
[   24.827571] synth uevent: /devices/platform/soc/soc:aon/64200000.spi/spi_master/spi4/spi4.0/64200000.spi:pmic@0:fgu@c00/power_supply/sc27xx-fgu: failed to send uevent
[   24.827574] power_supply sc27xx-fgu: uevent: failed to send synthetic uevent
[   24.838230] ------------[ cut here ]------------
[   24.838234] add_uevent_var: too many keys
[   24.838297] WARNING: CPU: 7 PID: 293 at lib/kobject_uevent.c:660 add_uevent_var+0x4c/0x148
[   24.838298] Modules linked in: mipi_driver sprd_mipi sprd_compr_2stage_dma sprd_dmaengine_pcm snd_soc_sprd_vbc_fe snd_soc_sprd_vbc_v4 sprd_platform_pcm_routing snd_soc_sprd_pdm_r2p0 snd_soc_sprd_dummy_codec snd_soc_sprd_codec_sc2730_power_dev snd_soc_sprd_codec_sc2730_power snd_soc_sprd_codec_sc2730 snd_soc_sprd_card snd_soc_aw87xxx sprd_audcp_boot sprd_audcp_dvfs mcdt_hw_r2p0 audio_pipe sprd_apipe ax88179_178a asix audio_dsp_dump audio_sipc audio_mem agdsp_access musb_sprd musb_hdrc chipone_tddi(O) misc_sprd_uid nu1619_wireless_charger hl1506_charger sc2730_fast_charger bq2597x_charger sgm41510_charger sc27xx_fuel_gauge charger_manager sprd_battery_info sprd_vote sc27xx_pd sprd_tcpm sc27xx_typec sc27xx_vibra sc27xx_poweroff sc27xx_adc rtc_sc27xx pwm_sprd spi_sprd zram zsmalloc ledtrig_pattern leds_sc27xx_bltc jpg vsp chipone_fp(O) microarray_fp(O) extcon_usb_gpio sprd_drm apsys_dvfs sprd_gsp twofish_generic twofish_common arc4 aes_neon_blk aes_ce_ccm ghash_ce sha1_ce
[   24.838344] sprd_cpp(O) sprd_vsp_pw_domain sprd_camera(O) sprd_sensor(O) unisoc_iommu sprd_ion(C) sprd_dma virt_dma sprd_camsys_pw_domain flash_ic_aw3641(O) sprd_flash_drv(O) sblock_bridge sbuf_bridge slog_bridge sprd_iq usb_f_vser sprd_modem_loader seth sipx spool spipe sipc_core sprd_sipc_virt_bus unisoc_mailbox sprd_debugstat_sharkl6 sprd_debugstat_core sprd_power_manager sprd_pmic_syscon sec_nfc(O) sdhci_sprd mmc_hsq mmc_swcq gpio_pmic_eic_sprd gpio_sprd gpio_eic_sprd sprd_shm trusty_virtio trusty_ipc trusty_irq trusty_log trusty_pm trusty sprd_manufacturer_model sprd_7sreset sprd_cpufreq_public sprd_hwdvfs_policy sprd_hwdvfs_ums9230_arch i2c_sprd_hw_v2 i2c_sprd nvmem_sprd_efuse nvmem_sprd_cache_efuse nvmem_sc27xx_efuse sprd_hwspinlock ufs_sprd_qogirl6 sprd_soc_id rpmb sc2730_regulator sprd_sc27xx_spi spi_sprd_adi phy_sprd_qogirl6 pinctrl_sprd_qogirl6 pinctrl_sprd pinctrl gpio core ums9230_clk clk_sprd sprd_time_sync_cp sprd_time_sync sprd_systimer sprd_sip_svc
[   24.838388] sprd_wdt_fiq
[   24.838393] CPU: 7 PID: 293 Comm: ueventd Tainted: G S       C O      5.4.254-ab181 #1
[   24.838394] Hardware name: Spreadtrum UMS9230 1H10 SoC (DT)
[   24.838396] pstate: 60400005 (nZCv daif +PAN -UAO)
[   24.838399] pc : add_uevent_var+0x4c/0x148
[   24.838400] lr : add_uevent_var+0x4c/0x148
[   24.838401] sp : ffffffc014cbba90
[   24.838403] x29: ffffffc014cbbb10 x28: ffffffc011e76578 
[   24.838405] x27: 0000000000000001 x26: 0000000000000000 
[   24.838406] x25: ffffff8177ef8a00 x24: ffffffc0116866c0 
[   24.838408] x23: ffffff8177258000 x22: ffffffc011ce2bd0 
[   24.838409] x21: ffffff816afd6180 x20: ffffff816bac2838 
[   24.838411] x19: ffffff816af8f000 x18: ffffffc013625068 
[   24.838412] x17: 000000000007b994 x16: 0000000000000000 
[   24.838414] x15: 0000000000000062 x14: 0000000000000038 
[   24.838415] x13: 00000000000846a4 x12: 0000000000000000 
[   24.838417] x11: 00000000ffffffff x10: ffffffc0124ecca8 
[   24.838418] x9 : 74f6142225e49b00 x8 : 74f6142225e49b00 
[   24.838419] x7 : 0000000000000000 x6 : ffffffc012571349 
[   24.838421] x5 : 0000000000000000 x4 : 000000000000000a 
[   24.838422] x3 : 0000000000000073 x2 : 0000000000000001 
[   24.838424] x1 : 0000000000000000 x0 : 000000000000001d 
[   24.838429] \x0aPC: 0xffffffc01164a910:
[   24.838430] a910  35ffff8a 17ffff6f f9400282 90007220 b0003641 913d4000 91291c21 f00032a4
[   24.838436] a930  912f6884 aa1403e3 97cc8c6c 2a1f03fa 17fffe9a d10283ff f800865e a9087bfd
[   24.838440] a950  a9094ff4 910203fd 90004548 f943c108 a9008fe2 a90197e4 a9029fe6 f81f83a8
[   24.838443] a970  a93effbf a93dffbf b9411808 7100811f 540000c3 f00032e0 911b5c00 97ad0aa8
[   24.838447] a990  d4210000 14000030 128005e9 910023ea 910083a8 f81f03a9 9100c149 a93da7a8
[   24.838451] a9b0  b9891c08 aa0003f3 7120051f 54000622 a97dafaa a97eb7ac 8b080269 52810014
[   24.838455] a9d0  aa0103e2 91047120 cb080281 9100e3e3 a903afea a904b7ec 94001e40 b9891e69
[   24.838459] a9f0  cb09028a eb20c15f 54000269 7120013f 54000408 b9411a6a 1100054b 71007d5f
[   24.838463] \x0aLR: 0xffffffc01164a910:
[   24.838464] a910  35ffff8a 17ffff6f f9400282 90007220 b0003641 913d4000 91291c21 f00032a4
[   24.838468] a930  912f6884 aa1403e3 97cc8c6c 2a1f03fa 17fffe9a d10283ff f800865e a9087bfd
[   24.838472] a950  a9094ff4 910203fd 90004548 f943c108 a9008fe2 a90197e4 a9029fe6 f81f83a8
[   24.838476] a970  a93effbf a93dffbf b9411808 7100811f 540000c3 f00032e0 911b5c00 97ad0aa8
[   24.838480] a990  d4210000 14000030 128005e9 910023ea 910083a8 f81f03a9 9100c149 a93da7a8
[   24.838483] a9b0  b9891c08 aa0003f3 7120051f 54000622 a97dafaa a97eb7ac 8b080269 52810014
[   24.838487] a9d0  aa0103e2 91047120 cb080281 9100e3e3 a903afea a904b7ec 94001e40 b9891e69
[   24.838491] a9f0  cb09028a eb20c15f 54000269 7120013f 54000408 b9411a6a 1100054b 71007d5f
[   24.838499] \x0aSP: 0xffffffc014cbba10:
[   24.838500] ba10  116866c0 ffffffc0 77ef8a00 ffffff81 00000000 00000000 00000001 00000000
[   24.838504] ba30  11e76578 ffffffc0 14cbbb10 ffffffc0 1164a990 ffffffc0 14cbba90 ffffffc0
[   24.838508] ba50  1164a990 ffffffc0 60400005 00000000 ffffffc8 00000000 25e49b00 74f61422
[   24.838512] ba70  ffffffff 0000007f 1164a990 ffffffc0 14cbbb10 ffffffc0 1164a990 ffffffc0
[   24.838516] ba90  11e76578 ffffffc0 00000c2a 00000000 7f33dc30 ffffff81 00800000 00000000
[   24.838519] bab0  2c000000 7b373263 6af8f519 ffffff81 71ff7466 77363162 6afd6180 ffffff81
[   24.838523] bad0  6af8f000 ffffff81 6bac2838 ffffff81 ffffffd8 00000000 00000000 00000000
[   24.838527] baf0  00000000 00000000 00000000 00000000 00000000 00000000 25e49b00 74f61422
[   24.838534] \x0aX6: 0xffffffc0125712c9:
[   24.838535] 12c8  3a796c70 37326373 662d7878 00007567 c8795352 00000005 0024003c 82000000
[   24.838539] 12e8  00000125 00000007 2d2d2d2d 2d2d2d2d 2d2d2d2d 7563205b 65682074 5d206572
[   24.838543] 1308  2d2d2d2d 2d2d2d2d 2d2d2d2d c879608b 00000005 001d0038 62000000 00000125
[   24.838547] 1328  00000007 5f646461 65766575 765f746e 203a7261 206f6f74 796e616d 79656b20
[   24.838550] 1348  00000073 c87a5716 00000005 004e0068 82000000 00000125 00000007 4e524157
[   24.838554] 1368  3a474e49 55504320 2037203a 3a444950 33393220 20746120 2f62696c 6a626f6b
[   24.838558] 1388  5f746365 65766575 632e746e 3036363a 64646120 7665755f 5f746e65 2b726176
[   24.838562] 13a8  63347830 3178302f 00003834 c87a5d18 00000005 03ca03e4 80000000 00000125
[   24.838566] 13c8  00000007 75646f4d 2073656c 6b6e696c 69206465 6d203a6e 5f697069 76697264
[   24.838571] \x0aX10: 0xffffffc0124ecc28:
[   24.838571] cc28  7671bb80 ffffff81 00000000 00000000 00000000 00000000 00000000 00000000
[   24.838577] cc48  00000000 00000000 77868b60 ffffff81 00000000 00000000 00000000 00000000
[   24.838580] cc68  0000161b 00000000 00000000 00000000 00000000 00000000 00000000 00000000
[   24.838584] cc88  00000000 00000000 00000000 00000000 00000000 00000000 00000000 00086414
[   24.838588] cca8  00000000 00000000 00370050 c2000000 00000000 00000000 746f6f42 20676e69
[   24.838592] ccc8  756e694c 6e6f2078 79687020 61636973 5043206c 78302055 30303030 30303030
[   24.838596] cce8  5b203030 31347830 30646632 005d3035 00000000 00000000 00690084 a2000000
[   24.838599] cd08  00000000 00000000 756e694c 65762078 6f697372 2e35206e 35322e34 62612d34
[   24.838607] \x0aX18: 0xffffffc013624fe8:
[   24.838608] 4fe8  ******** ******** ******** ******** ******** ******** 10084f08 ffffffc0
[   24.838616] 5008  101177b4 ffffffc0 10117888 ffffffc0 104eed64 ffffffc0 104eede8 ffffffc0
[   24.838620] 5028  104eef90 ffffffc0 104ef0a4 ffffffc0 10623578 ffffffc0 10626358 ffffffc0
[   24.838624] 5048  10b444a0 ffffffc0 10b413e4 ffffffc0 1164b86c ffffffc0 1164a530 ffffffc0
[   24.838628] 5068  10083dcc ffffffc0 100814ec ffffffc0 100febcc ffffffc0 1010d6d4 ffffffc0
[   24.838631] 5088  1163d104 ffffffc0 1018de30 ffffffc0 10101a44 ffffffc0 10101b34 ffffffc0
[   24.838635] 50a8  10101d18 ffffffc0 10400384 ffffffc0 102561f8 ffffffc0 1024ef2c ffffffc0
[   24.838639] 50c8  1024f73c ffffffc0 11652384 ffffffc0 102a15a8 ffffffc0 11657e4c ffffffc0
[   24.838646] \x0aX22: 0xffffffc011ce2b50:
[   24.838646] 2b50  636f6c6c 20657461 746f6f62 666e6f63 6e206769 7365646f 6c615600 69206575
[   24.838650] 2b70  65722073 69666564 0064656e 746f6f62 666e6f63 62006769 3270697a 626f6b00
[   24.838654] 2b90  7463656a 2527203a 28202773 3a297025 3a732520 76657520 5f746e65 70707573
[   24.838658] 2bb0  73736572 75616320 20646573 20656874 6e657665 6f742074 6f726420 000a2170
[   24.838662] 2bd0  00646461 2a2a3401 20664920 20756f79 20656573 73696874 73656d20 65676173
[   24.838666] 2bf0  646e6120 756f7920 65726120 746f6e20 62656420 69676775 2020676e 2a2a2020
[   24.838669] 2c10  7261000a 612f6863 34366d72 72656b2f 2f6c656e 69737066 632e646d 72656b00
[   24.838673] 2c30  2f6c656e 706d756a 62616c5f 632e6c65 63726100 72612f68 2f34366d 2f6d766b
[   24.838678] \x0aX24: 0xffffffc011686640:
[   24.838678] 6640  17d0aa58 17d0aae6 17d0ab90 17d2fa73 17d2fae7 17d2fb4a 17d2ea75 17d2fdf9
[   24.838682] 6660  17d2fe62 17d2fe9f 17d2fecb 17d2ff49 17d2ff62 17d2ffbb 17d2ffc4 17d2ecef
[   24.838686] 6680  17d2ffe2 17d30005 17d30023 17d30057 17d2eb63 17d2f63c 17d3005f 17d30081
[   24.838690] 66a0  17d300a3 17d300c5 17d300e7 17d30109 17b09550 17d30271 17d302f7 17d30a27
[   24.838694] 66c0  17d30a2e 17d30e52 17ccfd72 17d30f76 17ccfde7 17cd1ded 17d30ece 17d30edc
[   24.838698] 66e0  17d30f80 17d30c60 17d30feb 17d30ff4 17d3106a 17d310ed 17d31154 17d31165
[   24.838701] 6700  17d311a6 17d31203 17d30cae 17d312ba 17d31369 17d311f6 17d3137e 17d31387
[   24.838705] 6720  17d31388 17d3138a 17d313f8 17d31464 17d314d4 17ad3ba9 17b8a71c 17d309f8
[   24.838710] \x0aX28: 0xffffffc011e764f8:
[   24.838711] 64f8  00000000 00000000 00000000 00000000 00000000 00000000 00000000 00000000
[   24.838715] 6518  00000000 00000000 00000000 00000000 123ceba0 ffffffc0 00000000 00000000
[   24.838719] 6538  11c84a16 ffffffc0 11d22c19 ffffffc0 11cf8a30 ffffffc0 11cc4ffb ffffffc0
[   24.838722] 6558  11c5faf2 ffffffc0 11d071d0 ffffffc0 1169c2a4 ffffffc0 1169c348 ffffffc0
[   24.838726] 6578  1168673c ffffffc0 116866bc ffffffc0 116866c0 ffffffc0 1169c2a8 ffffffc0
[   24.838730] 6598  1169c34c ffffffc0 1169c2ac ffffffc0 1169c350 ffffffc0 11686740 ffffffc0
[   24.838734] 65b8  00000000 00000000 00000000 00000000 00000000 00000000 1168ceb4 ffffffc0
[   24.838738] 65d8  1169833c ffffffc0 00000000 00000000 00000000 00000000 00000000 00000000
[   24.838742] \x0aX29: 0xffffffc014cbba90:
[   24.838743] ba90  11e76578 ffffffc0 00000c2a 00000000 7f33dc30 ffffff81 00800000 00000000
[   24.838746] bab0  2c000000 7b373263 6af8f519 ffffff81 71ff7466 77363162 6afd6180 ffffff81
[   24.838750] bad0  6af8f000 ffffff81 6bac2838 ffffff81 ffffffd8 00000000 00000000 00000000
[   24.838754] baf0  00000000 00000000 00000000 00000000 00000000 00000000 25e49b00 74f61422
[   24.838758] bb10  14cbbb40 ffffffc0 1164a530 ffffffc0 6bac2838 ffffff81 6af8f000 ffffff81
[   24.838762] bb30  00000041 00000000 00000000 00000000 14cbbbc0 ffffffc0 1164b86c ffffffc0
[   24.838765] bb50  77258000 ffffff81 00000000 00000000 00000000 00000000 56000000 00000000
[   24.838769] bb70  00000004 00000000 6afd6800 ffffff81 00000004 00000000 00000000 00000000
[   24.838773] 
[   24.838775] Call trace:
[   24.838777] add_uevent_var+0x4c/0x148
[   24.838779] kobject_uevent_env+0x394/0x7a8
[   24.838781] kobject_synth_uevent+0x400/0x480
[   24.838784] uevent_store+0x28/0x60
[   24.838786] dev_attr_store+0x34/0x84
[   24.838790] sysfs_kf_write+0x60/0xbc
[   24.838791] kernfs_fop_write+0x1b0/0x420
[   24.838794] __vfs_write+0x50/0x210
[   24.838795] vfs_write+0xe4/0x1a8
[   24.838797] ksys_write+0x78/0x13c
[   24.838798] __arm64_sys_write+0x1c/0x28
[   24.838802] el0_svc_common+0xc8/0x22c
[   24.838804] el0_svc_handler+0x1c/0x28
[   24.838806] el0_svc+0x8/0x100
[   24.838808] ---[ end trace 6b781adb3c19e125 ]---
[   24.838812] synth uevent: /devices/platform/charger-manager/power_supply/battery: failed to send uevent
[   24.838815] power_supply battery: uevent: failed to send synthetic uevent
[   24.914663] ueventd (297) used greatest stack depth: 13336 bytes left
[   24.932368] ueventd (297): highest shadow stack usage: 184 bytes
[   24.933241] ueventd (299) used greatest stack depth: 13304 bytes left
[   24.935886] ueventd (300) used greatest stack depth: 13256 bytes left
[   24.937529] init: Wait for property 'ro.cold_boot_done=true' took 178ms
[   24.937626] init: processing action (SetMmapRndBits) from (<Builtin Action>:0)
[   24.937679] ueventd: Coldboot took 0.141 seconds
[   24.937974] init: processing action (KeychordInit) from (<Builtin Action>:0)
[   24.938002] init: processing action (init) from (/system/etc/init/hw/init.rc:23)
[   24.938862] init: Command 'symlink /system/bin /bin' action=init (/system/etc/init/hw/init.rc:35) took 0ms and failed: symlink() failed: File exists
[   24.938918] init: Command 'symlink /system/etc /etc' action=init (/system/etc/init/hw/init.rc:36) took 0ms and failed: symlink() failed: File exists
[   24.939021] init: Command 'mount cgroup none /acct cpuacct' action=init (/system/etc/init/hw/init.rc:38) took 0ms and failed: mount() failed: Device or resource busy
[   24.941224] init: processing action (init) from (/init.recovery.logd.rc:1)
[   24.941247] init: starting service 'logd'...
[   24.941454] init: Created socket '/dev/socket/logdr', mode 666, user 0, group 0
[   24.941603] init: Created socket '/dev/socket/logdw', mode 222, user 0, group 0
[   24.941690] init: Opened file '/proc/kmsg', flags 0
[   24.941708] init: Opened file '/dev/kmsg', flags 1
[   24.944052] audit: type=1400 audit(7300.491:5): avc:  denied  { entrypoint } for  pid=303 comm="init" path="/system/bin/logd" dev="rootfs" ino=10134 scontext=u:r:logd:s0 tcontext=u:object_r:rootfs:s0 tclass=file permissive=1
[   24.944402] init: processing action (init) from (/init.recovery.usb.rc:32)
[   24.945486] audit: type=1400 audit(7300.495:6): avc:  denied  { map } for  pid=303 comm="logd" path="/system/bin/logd" dev="rootfs" ino=10134 scontext=u:r:logd:s0 tcontext=u:object_r:rootfs:s0 tclass=file permissive=1
[   24.945495] audit: type=1400 audit(7300.495:7): avc:  denied  { read } for  pid=303 comm="logd" path="/system/bin/logd" dev="rootfs" ino=10134 scontext=u:r:logd:s0 tcontext=u:object_r:rootfs:s0 tclass=file permissive=1
[   24.945499] audit: type=1400 audit(7300.495:8): avc:  denied  { execute } for  pid=303 comm="logd" path="/system/bin/logd" dev="rootfs" ino=10134 scontext=u:r:logd:s0 tcontext=u:object_r:rootfs:s0 tclass=file permissive=1
[   24.946167] Mass Storage Function, version: 2009/09/11
[   24.946175] LUN: removable file: (no medium)
[   24.946188] audit: type=1400 audit(7300.495:9): avc:  denied  { getattr } for  pid=303 comm="logd" path="/system/bin/logd" dev="rootfs" ino=10134 scontext=u:r:logd:s0 tcontext=u:object_r:rootfs:s0 tclass=file permissive=1
[   24.946195] audit: type=1400 audit(7300.495:10): avc:  denied  { read } for  pid=303 comm="logd" name="bin" dev="rootfs" ino=10027 scontext=u:r:logd:s0 tcontext=u:object_r:rootfs:s0 tclass=dir permissive=1
[   24.946305] file system registered
[   24.946547] audit: type=1400 audit(7300.495:11): avc:  denied  { open } for  pid=303 comm="logd" path="/system/lib64/libbase.so" dev="rootfs" ino=13264 scontext=u:r:logd:s0 tcontext=u:object_r:rootfs:s0 tclass=file permissive=1
[   24.946841] init: processing action (init) from (/init.recovery.ums9230_1h10.rc:5)
[   24.946859] init: processing action (init) from (/init.recovery.common.rc:84)
[   24.947903] init: Command 'loglevel 7' action=init (/init.recovery.common.rc:104) took 0ms and succeeded
[   24.947932] init: Command 'chown system root /proc/mdbg/assert' action=init (/init.recovery.common.rc:106) took 0ms and failed: lchown() failed: No such file or directory
[   24.947950] init: Command 'chown system root /proc/mdbg/wdtirq' action=init (/init.recovery.common.rc:107) took 0ms and failed: lchown() failed: No such file or directory
[   24.947966] init: Command 'chown system root /proc/mdbg/at_cmd' action=init (/init.recovery.common.rc:108) took 0ms and failed: lchown() failed: No such file or directory
[   24.947982] init: Command 'chown system root /proc/mdbg/loopcheck' action=init (/init.recovery.common.rc:109) took 0ms and failed: lchown() failed: No such file or directory
[   24.947998] init: Command 'chmod 760 /proc/mdbg/assert' action=init (/init.recovery.common.rc:111) took 0ms and failed: fchmodat() failed: No such file or directory
[   24.948053] init: Command 'chmod 760 /proc/mdbg/wdtirq' action=init (/init.recovery.common.rc:112) took 0ms and failed: fchmodat() failed: No such file or directory
[   24.948101] init: Command 'chmod 760 /proc/mdbg/at_cmd' action=init (/init.recovery.common.rc:113) took 0ms and failed: fchmodat() failed: No such file or directory
[   24.948128] init: Command 'chmod 760 /proc/mdbg/loopcheck' action=init (/init.recovery.common.rc:114) took 0ms and failed: fchmodat() failed: No such file or directory
[   24.948148] init: Command 'chown system root /proc/cpwcn/wdtirq' action=init (/init.recovery.common.rc:116) took 0ms and failed: lchown() failed: No such file or directory
[   24.948162] init: Command 'chmod 766 /proc/cpwcn/wdtirq' action=init (/init.recovery.common.rc:117) took 0ms and failed: fchmodat() failed: No such file or directory
[   24.948230] init: Command 'mount configfs none /config' action=init (/init.recovery.common.rc:121) took 0ms and failed: mount() failed: Device or resource busy
[   24.948282] init: Command 'mkdir /config/usb_gadget/g1 0770 shell shell' action=init (/init.recovery.common.rc:122) took 0ms and succeeded
[   24.948439] init: Command 'write /config/usb_gadget/g1/idVendor 0x1782' action=init (/init.recovery.common.rc:123) took 0ms and succeeded
[   24.948573] init: Command 'write /config/usb_gadget/g1/idProduct 0x4d00' action=init (/init.recovery.common.rc:124) took 0ms and succeeded
[   24.948631] init: Command 'mkdir /config/usb_gadget/g1/strings/0x409 0770 shell shell' action=init (/init.recovery.common.rc:125) took 0ms and succeeded
[   24.948772] init: Command 'write /config/usb_gadget/g1/strings/0x409/serialnumber ${ro.serialno}' action=init (/init.recovery.common.rc:126) took 0ms and succeeded
[   24.948893] init: Command 'write /config/usb_gadget/g1/strings/0x409/manufacturer Unisoc' action=init (/init.recovery.common.rc:127) took 0ms and succeeded
[   24.949004] init: Command 'write /config/usb_gadget/g1/strings/0x409/product Unisoc Phone' action=init (/init.recovery.common.rc:128) took 0ms and succeeded
[   24.949156] init: Command 'mkdir /config/usb_gadget/g1/configs/b.1 0770 shell shell' action=init (/init.recovery.common.rc:129) took 0ms and succeeded
[   24.949303] init: Command 'mkdir /config/usb_gadget/g1/configs/b.1/strings/0x409 0770 shell shell' action=init (/init.recovery.common.rc:130) took 0ms and succeeded
[   24.949438] init: Command 'write /config/usb_gadget/g1/configs/b.1/strings/0x409/configuration Conf 1' action=init (/init.recovery.common.rc:131) took 0ms and succeeded
[   24.949551] init: Command 'write /config/usb_gadget/g1/configs/b.1/MaxPower 120' action=init (/init.recovery.common.rc:132) took 0ms and succeeded
[   24.949597] init: Command 'mkdir /config/usb_gadget/g1/functions/ffs.adb 0770 shell shell' action=init (/init.recovery.common.rc:135) took 0ms and succeeded
[   24.949740] init: Command 'mkdir /config/usb_gadget/g1/functions/ffs.fastboot 0770 shell shell' action=init (/init.recovery.common.rc:136) took 0ms and succeeded
[   24.949964] init: Command 'mkdir /dev/usb-ffs 0770 shell shell' action=init (/init.recovery.common.rc:137) took 0ms and succeeded
[   24.950134] init: Command 'mkdir /dev/usb-ffs/adb 0770 shell shell' action=init (/init.recovery.common.rc:138) took 0ms and succeeded
[   24.950313] init: Command 'mount functionfs adb /dev/usb-ffs/adb uid=2000,gid=2000' action=init (/init.recovery.common.rc:139) took 0ms and succeeded
[   24.950367] selinux: avc:  received setenforce notice (enforcing=0)
[   24.950373] selinux: 
[   24.950676] init: Command 'mkdir /dev/usb-ffs/fastboot 0770 system system' action=init (/init.recovery.common.rc:140) took 0ms and succeeded
[   24.950807] init: Command 'mount functionfs fastboot /dev/usb-ffs/fastboot rmode=0770,fmode=0660,uid=1000,gid=1000' action=init (/init.recovery.common.rc:141) took 0ms and succeeded
[   24.951132] init: Command 'mkdir /config/usb_gadget/g1/functions/mtp.gs0 0770 shell shell' action=init (/init.recovery.common.rc:144) took 0ms and failed: mkdir() failed on /config/usb_gadget/g1/functions/mtp.gs0: No such file or directory
[   24.951261] init: Command 'mkdir /config/usb_gadget/g1/functions/ptp.gs1 0770 shell shell' action=init (/init.recovery.common.rc:145) took 0ms and failed: mkdir() failed on /config/usb_gadget/g1/functions/ptp.gs1: No such file or directory
[   24.951334] logd: libprocessgroup: Controller freezer is not found
[   24.951357] logd: libprocessgroup: SetAttribute: unknown attribute: FreezerState
[   24.951366] logd: libprocessgroup: SetAttribute: unknown attribute: FreezerState
[   24.951374] init: Command 'mkdir /config/usb_gadget/g1/functions/rndis.gs4 0770 shell shell' action=init (/init.recovery.common.rc:146) took 0ms and failed: mkdir() failed on /config/usb_gadget/g1/functions/rndis.gs4: No such file or directory
[   24.952221] ueventd (300): highest shadow stack usage: 192 bytes
[   24.952354] init: Command 'mkdir /config/usb_gadget/g1/functions/vser.gs7 0770 shell shell' action=init (/init.recovery.common.rc:147) took 0ms and succeeded
[   24.952682] init: Command 'mkdir /config/usb_gadget/g1/functions/accessory.gs2 0770 shell shell' action=init (/init.recovery.common.rc:148) took 0ms and succeeded
[   24.952988] init: Command 'mkdir /config/usb_gadget/g1/functions/audio_source.gs3 0770 shell shell' action=init (/init.recovery.common.rc:149) took 0ms and succeeded
[   24.953225] init: Command 'mkdir /config/usb_gadget/g1/functions/midi.gs5 0770 shell shell' action=init (/init.recovery.common.rc:150) took 0ms and succeeded
[   24.953440] init: Command 'mkdir /config/usb_gadget/g1/functions/gser.gs0 0770 shell shell' action=init (/init.recovery.common.rc:151) took 0ms and succeeded
[   24.953568] logd.auditd: start
[   24.953574] logd.klogd: 24953571251
[   24.958761] init: Command 'mkdir /config/usb_gadget/g1/functions/gser.gs1 0770 shell shell' action=init (/init.recovery.common.rc:152) took 0ms and succeeded
[   24.959355] init: Command 'mkdir /config/usb_gadget/g1/functions/gser.gs2 0770 shell shell' action=init (/init.recovery.common.rc:153) took 0ms and succeeded
[   24.959576] init: Command 'mkdir /config/usb_gadget/g1/functions/gser.gs3 0770 shell shell' action=init (/init.recovery.common.rc:154) took 0ms and succeeded
[   24.959747] init: Command 'mkdir /config/usb_gadget/g1/functions/gser.gs4 0770 shell shell' action=init (/init.recovery.common.rc:155) took 0ms and succeeded
[   24.959916] init: Command 'mkdir /config/usb_gadget/g1/functions/gser.gs5 0770 shell shell' action=init (/init.recovery.common.rc:156) took 0ms and succeeded
[   24.960106] init: Command 'mkdir /config/usb_gadget/g1/functions/gser.gs6 0770 shell shell' action=init (/init.recovery.common.rc:157) took 0ms and succeeded
[   24.960284] init: Command 'mkdir /config/usb_gadget/g1/functions/gser.gs7 0770 shell shell' action=init (/init.recovery.common.rc:158) took 0ms and succeeded
[   24.960298] init: processing action (init) from (/system/etc/init/hwservicemanager.rc:1)
[   24.960323] init: starting service 'hwservicemanager'...
[   24.963002] init: Command 'start hwservicemanager' action=init (/system/etc/init/hwservicemanager.rc:2) took 2ms and succeeded
[   24.963038] init: processing action (init) from (/system/etc/init/servicemanager.rc:1)
[   24.963067] init: starting service 'servicemanager'...
[   24.965808] init: Command 'start servicemanager' action=init (/system/etc/init/servicemanager.rc:2) took 2ms and succeeded
[   24.965837] init: processing action (init) from (/system/etc/init/vndservicemanager.rc:1)
[   24.965861] init: starting service 'vndservicemanager'...
[   24.967720] init: failed to write pid to files: couldn't write 310 to /dev/cpuset/system-background/tasks: No such file or directory
[   24.968578] init: Command 'start vndservicemanager' action=init (/system/etc/init/vndservicemanager.rc:2) took 2ms and succeeded
[   24.968641] init: processing action (late-init) from (/system/etc/init/hw/init.rc:82)
[   24.968656] init: Command 'trigger early-fs' action=late-init (/system/etc/init/hw/init.rc:83) took 0ms and succeeded
[   24.968665] init: Command 'trigger fs' action=late-init (/system/etc/init/hw/init.rc:84) took 0ms and succeeded
[   24.968675] init: Command 'trigger post-fs' action=late-init (/system/etc/init/hw/init.rc:85) took 0ms and succeeded
[   24.968684] init: Command 'trigger post-fs-data' action=late-init (/system/etc/init/hw/init.rc:86) took 0ms and succeeded
[   24.968695] init: Command 'trigger firmware_mounts_complete' action=late-init (/system/etc/init/hw/init.rc:89) took 0ms and succeeded
[   24.968703] init: Command 'trigger early-boot' action=late-init (/system/etc/init/hw/init.rc:91) took 0ms and succeeded
[   24.968711] init: Command 'trigger boot' action=late-init (/system/etc/init/hw/init.rc:92) took 0ms and succeeded
[   24.968717] init: processing action (late-init) from (/system/etc/init/keystore2.rc:9)
[   24.968739] init: starting service 'keystore2'...
[   24.970910] init: failed to write pid to files: couldn't write 311 to /dev/cpuset/foreground/tasks: No such file or directory
[   24.971715] init: Command 'start keystore2' action=late-init (/system/etc/init/keystore2.rc:10) took 2ms and succeeded
[   24.971764] init: processing action (queue_property_triggers) from (<Builtin Action>:0)
[   24.971796] init: Command 'queue_property_triggers' action=queue_property_triggers (<Builtin Action>:0) took 0ms and succeeded
[   24.971843] init: processing action (ro.debuggable=1 && fs) from (/system/etc/init/hw/init.rc:115)
[   24.972118] init: Command 'setprop sys.usb.config adb' action=ro.debuggable=1 && fs (/system/etc/init/hw/init.rc:116) took 0ms and succeeded
[   24.972132] init: processing action (sys.usb.configfs=1 && fs) from (/system/etc/init/hw/init.rc:127)
[   24.972227] init: Command 'mount configfs none /config' action=sys.usb.configfs=1 && fs (/system/etc/init/hw/init.rc:128) took 0ms and failed: mount() failed: Device or resource busy
[   24.972277] init: Command 'mkdir /config/usb_gadget/g1 0770 shell shell' action=sys.usb.configfs=1 && fs (/system/etc/init/hw/init.rc:129) took 0ms and succeeded
[   24.972618] init: Command 'write /config/usb_gadget/g1/idVendor 0x18D1' action=sys.usb.configfs=1 && fs (/system/etc/init/hw/init.rc:130) took 0ms and succeeded
[   24.972651] init: Command 'mkdir /config/usb_gadget/g1/strings/0x409 0770' action=sys.usb.configfs=1 && fs (/system/etc/init/hw/init.rc:131) took 0ms and succeeded
[   24.972822] init: Command 'write /config/usb_gadget/g1/strings/0x409/serialnumber ${ro.serialno}' action=sys.usb.configfs=1 && fs (/system/etc/init/hw/init.rc:132) took 0ms and succeeded
[   24.972965] init: Command 'write /config/usb_gadget/g1/strings/0x409/manufacturer ${ro.product.manufacturer}' action=sys.usb.configfs=1 && fs (/system/etc/init/hw/init.rc:133) took 0ms and succeeded
[   24.973090] init: Command 'write /config/usb_gadget/g1/strings/0x409/product ${ro.product.model}' action=sys.usb.configfs=1 && fs (/system/etc/init/hw/init.rc:134) took 0ms and succeeded
[   24.973147] init: Command 'mkdir /config/usb_gadget/g1/functions/ffs.adb' action=sys.usb.configfs=1 && fs (/system/etc/init/hw/init.rc:135) took 0ms and succeeded
[   24.973176] init: Command 'mkdir /config/usb_gadget/g1/functions/ffs.fastboot' action=sys.usb.configfs=1 && fs (/system/etc/init/hw/init.rc:136) took 0ms and succeeded
[   24.973214] init: Command 'mkdir /config/usb_gadget/g1/configs/b.1 0777 shell shell' action=sys.usb.configfs=1 && fs (/system/etc/init/hw/init.rc:137) took 0ms and succeeded
[   24.973235] init: Command 'mkdir /config/usb_gadget/g1/configs/b.1/strings/0x409 0770 shell shell' action=sys.usb.configfs=1 && fs (/system/etc/init/hw/init.rc:138) took 0ms and succeeded
[   24.973244] init: processing action (fs) from (/system/etc/init/hw/init.rc:147)
[   24.973370] init: Command 'mount pstore pstore /sys/fs/pstore' action=fs (/system/etc/init/hw/init.rc:148) took 0ms and succeeded
[   24.973571] init: Command 'mkdir /dev/usb-ffs 0770 shell shell' action=fs (/system/etc/init/hw/init.rc:149) took 0ms and succeeded
[   24.973640] init: Command 'mkdir /dev/usb-ffs/adb 0770 shell shell' action=fs (/system/etc/init/hw/init.rc:150) took 0ms and succeeded
[   24.973738] ffs_data_put(): freeing
[   24.973779] init: Command 'mount functionfs adb /dev/usb-ffs/adb uid=2000,gid=2000' action=fs (/system/etc/init/hw/init.rc:151) took 0ms and failed: mount() failed: Device or resource busy
[   24.973817] init: Command 'mkdir /dev/usb-ffs/fastboot 0770 system system' action=fs (/system/etc/init/hw/init.rc:152) took 0ms and succeeded
[   24.973859] ffs_data_put(): freeing
[   24.973877] init: Command 'mount functionfs fastboot /dev/usb-ffs/fastboot rmode=0770,fmode=0660,uid=1000,gid=1000' action=fs (/system/etc/init/hw/init.rc:153) took 0ms and failed: mount() failed: Device or resource busy
[   24.973886] init: processing action (fs) from (/init.recovery.ldconfig.rc:1)
[   24.973901] init: Command 'export LD_CONFIG_FILE /system/etc/ld.config.txt' action=fs (/init.recovery.ldconfig.rc:2) took 0ms and succeeded
[   24.973907] init: processing action (fs) from (/init.recovery.common.rc:170)
[   24.974537] init: Command 'mkdir /data/misc/bluetooth 0770 system system' action=fs (/init.recovery.common.rc:172) took 0ms and failed: mkdir() failed on /data/misc/bluetooth: No such file or directory
[   24.974551] init: processing action (fs) from (/system/etc/init/nano.rc:1)
[   24.974566] init: Command 'export TERMINFO /system/etc/terminfo' action=fs (/system/etc/init/nano.rc:2) took 0ms and succeeded
[   24.974575] init: Command 'export TERM bg1.25' action=fs (/system/etc/init/nano.rc:3) took 0ms and succeeded
[   24.974598] init: processing action (post-fs-data) from (/system/etc/init/hw/init.rc:94)
[   24.974625] init: Command 'chown root system /dev/fscklogs/log' action=post-fs-data (/system/etc/init/hw/init.rc:96) took 0ms and failed: lchown() failed: No such file or directory
[   24.974644] init: Command 'chmod 0770 /dev/fscklogs/log' action=post-fs-data (/system/etc/init/hw/init.rc:97) took 0ms and failed: fchmodat() failed: No such file or directory
[   24.974651] init: processing action (post-fs-data) from (/init.recovery.ums9230_1h10.rc:12)
[   24.975416] init: Command 'mkdir /data/vendor/sprd_ss 0770 system system' action=post-fs-data (/init.recovery.ums9230_1h10.rc:13) took 0ms and failed: mkdir() failed on /data/vendor/sprd_ss: No such file or directory
[   24.975430] init: processing action (post-fs-data) from (/init.recovery.common.rc:174)
[   24.975456] init: Command 'chown system system /data' action=post-fs-data (/init.recovery.common.rc:176) took 0ms and succeeded
[   24.975486] init: Command 'chmod 0771 /data' action=post-fs-data (/init.recovery.common.rc:177) took 0ms and succeeded
[   24.975642] init: Command 'restorecon /data' action=post-fs-data (/init.recovery.common.rc:179) took 0ms and succeeded
[   24.975662] init: Top-level directory needs encryption action, eg mkdir /data/misc <mode> <uid> <gid> encryption=Require
[   24.976001] init: Command 'mkdir /data/misc 01771 system misc' action=post-fs-data (/init.recovery.common.rc:181) took 0ms and succeeded
[   24.976315] init: Command 'mkdir /data/misc/bluetooth 0770 system system' action=post-fs-data (/init.recovery.common.rc:183) took 0ms and succeeded
[   24.976569] init: Command 'copy /system/etc/bluetooth/bt_stack.conf /data/misc/bluedroid/bt_stack.conf' action=post-fs-data (/init.recovery.common.rc:184) took 0ms and failed: Could not read input file '/system/etc/bluetooth/bt_stack.conf': open() failed: Too many symbolic links encountered
[   24.976633] init: Command 'chown bluetooth system /data/misc/bluedroid/bt_stack.conf' action=post-fs-data (/init.recovery.common.rc:185) took 0ms and failed: lchown() failed: No such file or directory
[   24.976677] init: Command 'chmod 0640 /data/misc/bluedroid/bt_stack.conf' action=post-fs-data (/init.recovery.common.rc:186) took 0ms and failed: fchmodat() failed: No such file or directory
[   24.977194] init: Command 'mkdir /data/vendor/wifi 0770 wifi wifi' action=post-fs-data (/init.recovery.common.rc:189) took 0ms and failed: mkdir() failed on /data/vendor/wifi: No such file or directory
[   24.977426] init: Command 'mkdir /data/vendor/wifi/wpa 0770 wifi wifi' action=post-fs-data (/init.recovery.common.rc:190) took 0ms and failed: mkdir() failed on /data/vendor/wifi/wpa: No such file or directory
[   24.977626] init: Command 'mkdir /data/vendor/wifi/wpa/sockets 0770 wifi wifi' action=post-fs-data (/init.recovery.common.rc:191) took 0ms and failed: mkdir() failed on /data/vendor/wifi/wpa/sockets: No such file or directory
[   24.977665] init: Top-level directory needs encryption action, eg mkdir /data/system <mode> <uid> <gid> encryption=Require
[   24.978280] init: Command 'mkdir /data/system 0770 system system' action=post-fs-data (/init.recovery.common.rc:192) took 0ms and succeeded
[   24.978795] init: Command 'mkdir /etc/wifi 0770 wifi wifi' action=post-fs-data (/init.recovery.common.rc:193) took 0ms and succeeded
[   24.979346] init: Command 'write /data/vendor/wifi/fwpath sta_mode' action=post-fs-data (/init.recovery.common.rc:194) took 0ms and failed: Unable to write to file '/data/vendor/wifi/fwpath': open() failed: No such file or directory
[   24.979404] init: Command 'chmod 660 /data/vendor/wifi/fwpath' action=post-fs-data (/init.recovery.common.rc:195) took 0ms and failed: fchmodat() failed: No such file or directory
[   24.979451] init: Command 'chown wifi wifi /data/vendor/wifi/fwpath' action=post-fs-data (/init.recovery.common.rc:196) took 0ms and failed: lchown() failed: No such file or directory
[   24.979494] init: Command 'rmdir /data/system/wpa_supplicant' action=post-fs-data (/init.recovery.common.rc:197) took 0ms and failed: rmdir() failed: No such file or directory
[   24.980050] init: Command 'mkdir /data/misc/dhcp 0770 dhcp dhcp' action=post-fs-data (/init.recovery.common.rc:198) took 0ms and succeeded
[   24.980115] init: Command 'chown dhcp system /data/misc/dhcp' action=post-fs-data (/init.recovery.common.rc:201) took 0ms and succeeded
[   24.981215] init: Command 'setprop wifi.interface wlan0' action=post-fs-data (/init.recovery.common.rc:202) took 1ms and succeeded
[   24.981996] init: Command 'mkdir /data/misc/dhcp6c 0770 dhcp dhcp' action=post-fs-data (/init.recovery.common.rc:203) took 0ms and succeeded
[   24.982056] init: Command 'chown dhcp system /data/misc/dhcp6c' action=post-fs-data (/init.recovery.common.rc:204) took 0ms and succeeded
[   24.982091] init: Top-level directory needs encryption action, eg mkdir /data/vendor <mode> <uid> <gid> encryption=Require
[   24.982625] init: Command 'mkdir /data/vendor 0751 root root' action=post-fs-data (/init.recovery.common.rc:207) took 0ms and succeeded
[   24.982989] init: Command 'mkdir /data/vendor/local 0751 root root' action=post-fs-data (/init.recovery.common.rc:208) took 0ms and succeeded
[   24.983326] init: Command 'mkdir /data/vendor/ylog 0770 shell system' action=post-fs-data (/init.recovery.common.rc:211) took 0ms and succeeded
[   24.983714] init: Command 'mkdir /data/vendor/local/slogmodem 0770 shell system' action=post-fs-data (/init.recovery.common.rc:212) took 0ms and succeeded
[   24.985674] init: Command 'mkdir /data/vendor/local/mlogservice 0770 shell system' action=post-fs-data (/init.recovery.common.rc:213) took 1ms and succeeded
[   24.985994] init: Command 'mkdir /mnt/vendor/productinfo 0771 system root' action=post-fs-data (/init.recovery.common.rc:214) took 0ms and succeeded
[   24.986247] init: Command 'mkdir /data/vendor/local/otpdata 0777 system root' action=post-fs-data (/init.recovery.common.rc:215) took 0ms and succeeded
[   24.986260] init: processing action (post-fs-data) from (/vendor/etc/init/storageproxyd_androidr_gp.rc:3)
[   24.991776] init: Command 'mkdir /data/vendor/sprd_ss 0770 system system' action=post-fs-data (/vendor/etc/init/storageproxyd_androidr_gp.rc:4) took 5ms and succeeded
[   24.993157] init: Command 'mkdir /data/vendor/sprd_tee_ss 0770 system system' action=post-fs-data (/vendor/etc/init/storageproxyd_androidr_gp.rc:5) took 1ms and succeeded
[   24.993216] init: processing action (firmware_mounts_complete) from (/system/etc/init/hw/init.rc:78)
[   24.993318] init: Command 'rm /dev/.booting' action=firmware_mounts_complete (/system/etc/init/hw/init.rc:79) took 0ms and succeeded
[   24.993352] init: processing action (boot) from (/system/etc/init/hw/init.rc:71)
[   24.993803] init: Command 'ifup lo' action=boot (/system/etc/init/hw/init.rc:72) took 0ms and succeeded
[   24.994351] init: Command 'hostname localhost' action=boot (/system/etc/init/hw/init.rc:73) took 0ms and succeeded
[   24.994611] init: Command 'domainname localdomain' action=boot (/system/etc/init/hw/init.rc:74) took 0ms and succeeded
[   24.994676] init: starting service 'recovery'...
[   24.995126] init: Created socket '/dev/socket/recovery', mode 422, user 1000, group 1000
[   25.000089] init: Command 'class_start default' action=boot (/system/etc/init/hw/init.rc:76) took 5ms and succeeded
[   25.000127] init: processing action (boot) from (/init.recovery.usb.rc:48)
[   25.001123] init: Command 'setprop sys.usb.mtp.device_type 3' action=boot (/init.recovery.usb.rc:49) took 0ms and succeeded
[   25.001161] init: processing action (boot) from (/init.recovery.ums9230_1h10.rc:8)
[   25.001196] init: starting service 'boot-hal-1-2'...
[   25.005163] init: Command 'start boot-hal-1-2' action=boot (/init.recovery.ums9230_1h10.rc:9) took 3ms and succeeded
[   25.005209] init: starting service 'health-hal-2-1'...
[   25.005230] init: Opened file '/dev/kmsg', flags 1
[   25.008552] init: Command 'start health-hal-2-1' action=boot (/init.recovery.ums9230_1h10.rc:10) took 3ms and succeeded
[   25.008599] init: processing action (boot) from (/init.recovery.common.rc:160)
[   25.009568] init: Command 'setprop sys.usb.configfs 1' action=boot (/init.recovery.common.rc:161) took 0ms and succeeded
[   25.010217] init: Command 'write /sys/block/mmcblk0boot0/force_ro 0' action=boot (/init.recovery.common.rc:162) took 0ms and failed: Unable to write to file '/sys/block/mmcblk0boot0/force_ro': open() failed: No such file or directory
[   25.010794] init: Command 'write /sys/block/mmcblk0boot1/force_ro 0' action=boot (/init.recovery.common.rc:163) took 0ms and failed: Unable to write to file '/sys/block/mmcblk0boot1/force_ro': open() failed: No such file or directory
[   25.011348] init: Command 'chmod 660 /sys/class/power_supply/battery/charger.0/stop_charge' action=boot (/init.recovery.common.rc:165) took 0ms and succeeded
[   25.011583] init: Command 'chmod 660 /sys/class/power_supply/battery/charger.0/jeita_control' action=boot (/init.recovery.common.rc:166) took 0ms and succeeded
[   25.011726] init: Command 'chmod 660 /sys/class/power_supply/battery/input_current_limit' action=boot (/init.recovery.common.rc:167) took 0ms and succeeded
[   25.011837] init: Command 'chmod 660 /sys/class/power_supply/battery/constant_charge_current' action=boot (/init.recovery.common.rc:168) took 0ms and succeeded
[   25.011874] init: processing action (enable_property_trigger) from (<Builtin Action>:0)
[   25.011901] init: Command 'enable_property_trigger' action=enable_property_trigger (<Builtin Action>:0) took 0ms and succeeded
[   25.012110] init: processing action (ro.debuggable=1) from (/system/etc/init/hw/init.rc:109)
[   25.013046] init: Command 'setprop service.adb.root 1' action=ro.debuggable=1 (/system/etc/init/hw/init.rc:112) took 0ms and succeeded
[   25.013120] init: processing action (sys.usb.config=adb) from (/system/etc/init/hw/init.rc:155)
[   25.013175] init: starting service 'adbd'...
[   25.013806] init: Created socket '/dev/socket/adbd', mode 660, user 1000, group 1000
[   25.018515] init: Command 'start adbd' action=sys.usb.config=adb (/system/etc/init/hw/init.rc:156) took 5ms and succeeded
[   25.018605] init: processing action (ro.debuggable=1) from (/init.recovery.common.rc:217)
[   25.019299] init: Command 'write /sys/module/smsg/parameters/debug_enable 1' action=ro.debuggable=1 (/init.recovery.common.rc:218) took 0ms and failed: Unable to write to file '/sys/module/smsg/parameters/debug_enable': open() failed: No such file or directory
[   25.019355] init: processing action (ro.bootmode=recovery) from (/init.recovery.common.rc:220)
[   25.019416] init: Command 'class_start recovery' action=ro.bootmode=recovery (/init.recovery.common.rc:221) took 0ms and succeeded
[   25.019449] init: processing action (hwservicemanager.ready=true) from (/init.recovery.unisoc_decrypt.rc:43)
[   25.019498] init: starting service 'vendor.gatekeeper-1-0'...
[   25.021767] android.hardwar (313) used greatest stack depth: 13104 bytes left
[   25.023401] healthd: battery l=34 v=3808 t=29.6 h=2 st=2 c=121000 fc=4950000 cc=-1 chg=u
[   25.025242] init: Command 'start vendor.gatekeeper-1-0' action=hwservicemanager.ready=true (/init.recovery.unisoc_decrypt.rc:46) took 5ms and succeeded
[   25.025310] init: Service 'boot-hal-1-2' (pid 313) exited with status 1
[   25.025328] init: Sending signal 9 to service 'boot-hal-1-2' (pid 313) process group...
[   25.025462] libprocessgroup: Successfully killed process cgroup uid 0 pid 313 in 0ms
[   25.026497] init: starting service 'vendor.unisoc.keymint-1-0'...
[   25.030778] init: Command 'start vendor.unisoc.keymint-1-0' action=hwservicemanager.ready=true (/init.recovery.unisoc_decrypt.rc:50) took 4ms and succeeded
[   25.031122] init: Command 'setprop vendor.sprd.storageproxyd.enabled 1' action=hwservicemanager.ready=true (/init.recovery.unisoc_decrypt.rc:51) took 0ms and succeeded
[   25.031215] init: processing action (service.adb.root=1) from (/system/etc/init/hw/init.rc:124)
[   25.031246] init: Sending signal 9 to service 'adbd' (pid 315) process group...
[   25.036666] libprocessgroup: Successfully killed process cgroup uid 0 pid 315 in 5ms
[   25.037502] init: Command 'restart adbd' action=service.adb.root=1 (/system/etc/init/hw/init.rc:125) took 6ms and succeeded
[   25.037559] init: Service 'adbd' (pid 315) received signal 9
[   25.038199] init: processing action (vendor.sprd.storageproxyd.enabled=1) from (/init.recovery.unisoc_decrypt.rc:38)
[   25.038255] init: Command 'mkdir /data/vendor/sprd_ss 0770 system system' action=vendor.sprd.storageproxyd.enabled=1 (/init.recovery.unisoc_decrypt.rc:39) took 0ms and succeeded
[   25.038283] init: starting service 'vendor.rpmbproxy'...
[   25.041783] init: Command 'start vendor.rpmbproxy' action=vendor.sprd.storageproxyd.enabled=1 (/init.recovery.unisoc_decrypt.rc:40) took 3ms and succeeded
[   25.041893] init: starting service 'vendor.nsproxy'...
[   25.045241] init: Command 'start vendor.nsproxy' action=vendor.sprd.storageproxyd.enabled=1 (/init.recovery.unisoc_decrypt.rc:41) took 3ms and succeeded
[   25.045335] init: processing action (vendor.sprd.storageproxyd.enabled=1) from (/vendor/etc/init/storageproxyd_androidr_gp.rc:12)
[   25.045608] init: Command 'mkdir /data/vendor/sprd_ss 0770 system system' action=vendor.sprd.storageproxyd.enabled=1 (/vendor/etc/init/storageproxyd_androidr_gp.rc:13) took 0ms and succeeded
[   25.045774] init: Command 'mkdir /data/vendor/sprd_tee_ss 0770 system system' action=vendor.sprd.storageproxyd.enabled=1 (/vendor/etc/init/storageproxyd_androidr_gp.rc:14) took 0ms and succeeded
[   25.045908] init: Command 'start vendor.rpmbproxy' action=vendor.sprd.storageproxyd.enabled=1 (/vendor/etc/init/storageproxyd_androidr_gp.rc:16) took 0ms and succeeded
[   25.046011] init: Command 'start vendor.nsproxy' action=vendor.sprd.storageproxyd.enabled=1 (/vendor/etc/init/storageproxyd_androidr_gp.rc:17) took 0ms and succeeded
[   25.046126] init: starting service 'vendor.teensproxy'...
[   25.051281] init: Command 'start vendor.teensproxy' action=vendor.sprd.storageproxyd.enabled=1 (/vendor/etc/init/storageproxyd_androidr_gp.rc:18) took 5ms and succeeded
[   25.052161] sprd-trusty-log: trusty: <   25.051956> ss: block_device_tipc_ns_init: ns device's block size 4040 block count 1048576
[   25.053188] sprd-trusty-log: trusty: <   25.053039> fs_init_from_super:395: clear requested, create empty
[   25.053194] sprd-trusty-log: trusty: <   25.053069> ss: block_device_tipc_ns_init: create port com.android.trusty.storage.client.td success
[   25.053413] sprd-trusty-log: trusty: <   25.053349> crypto-ipc : handle_request : hwkey : RPMB_STORAGE_AUTH_KEY_ID_FK 
[   25.069408] scsi 0:0:0:49476: Power-on or device reset occurred
[   25.070882] type=1400 audit(7300.523:19): avc: denied { mounton } for comm="init" path="/dev/usb-ffs/adb" dev="functionfs" ino=24122 scontext=u:r:init:s0 tcontext=u:object_r:functionfs:s0 tclass=dir permissive=1
[   25.071019] type=1400 audit(7300.531:20): avc: denied { create } for comm="servicemanager" scontext=u:r:recovery:s0 tcontext=u:r:recovery:s0 tclass=netlink_selinux_socket permissive=1
[   25.071244] sprd-trusty-log: trusty: <   25.071125> ss: cal_rpmb_block_size: rpmb write data-size 512 to addr (65530) sucessfull
[   25.071247] sprd-trusty-log: trusty: <   25.071141> ss: cal_rpmb_block_size: set rpmb block size 512
[   25.071378] type=1400 audit(7300.531:21): avc: denied { bind } for comm="servicemanager" scontext=u:r:recovery:s0 tcontext=u:r:recovery:s0 tclass=netlink_selinux_socket permissive=1
[   25.071625] sprd-trusty-log: trusty: <   25.071499> ss: block_device_tipc_rpmb_init: rpmb device's block size 512 block count 32754
[   25.071801] type=1400 audit(7300.531:22): avc: denied { read } for comm="servicemanager" name="perms" dev="selinuxfs" ino=67112490 scontext=u:r:recovery:s0 tcontext=u:object_r:selinuxfs:s0 tclass=dir permissive=1
[   25.072183] type=1400 audit(7300.531:23): avc: denied { open } for comm="servicemanager" path="/sys/fs/selinux/class/service_manager/perms" dev="selinuxfs" ino=67112490 scontext=u:r:recovery:s0 tcontext=u:object_r:selinuxfs:s0 tclass=dir permissive=1
[   25.072864] type=1400 audit(7300.531:24): avc: denied { write } for comm="servicemanager" name="access" dev="selinuxfs" ino=6 scontext=u:r:recovery:s0 tcontext=u:object_r:selinuxfs:s0 tclass=file permissive=1
[   25.073335] type=1400 audit(7300.531:25): avc: denied { compute_av } for comm="servicemanager" scontext=u:r:recovery:s0 tcontext=u:object_r:kernel:s0 tclass=security permissive=1
[   25.073462] type=1400 audit(7300.531:26): avc: denied { set_context_mgr } for comm="servicemanager" scontext=u:r:recovery:s0 tcontext=u:r:recovery:s0 tclass=binder permissive=1
[   25.073757] sprd-trusty-log: trusty: <   25.073619> fs_init_from_super:358: loaded super block: files at 60 free at 61
[   25.073882] type=1400 audit(7300.535:27): avc: denied { read } for comm="vndservicemanag" name="vndbinder" dev="binder" ino=6 scontext=u:r:recovery:s0 tcontext=u:object_r:vndbinder_device:s0 tclass=chr_file permissive=1
[   25.074026] type=1400 audit(7300.535:28): avc: denied { write } for comm="vndservicemanag" name="vndbinder" dev="binder" ino=6 scontext=u:r:recovery:s0 tcontext=u:object_r:vndbinder_device:s0 tclass=chr_file permissive=1
[   25.074514] type=1400 audit(7300.535:29): avc: denied { open } for comm="vndservicemanag" path="/dev/binderfs/vndbinder" dev="binder" ino=6 scontext=u:r:recovery:s0 tcontext=u:object_r:vndbinder_device:s0 tclass=chr_file permissive=1
[   25.074626] type=1400 audit(7300.535:30): avc: denied { ioctl } for comm="vndservicemanag" path="/dev/binderfs/vndbinder" dev="binder" ino=6 ioctlcmd=0x6209 scontext=u:r:recovery:s0 tcontext=u:object_r:vndbinder_device:s0 tclass=chr_file permissive=1
[   25.074740] type=1400 audit(7300.535:31): avc: denied { map } for comm="vndservicemanag" path="/dev/binderfs/vndbinder" dev="binder" ino=6 scontext=u:r:recovery:s0 tcontext=u:object_r:vndbinder_device:s0 tclass=chr_file permissive=1
[   25.074936] type=1400 audit(7300.535:32): avc: denied { set_context_mgr } for comm="vndservicemanag" scontext=u:r:recovery:s0 tcontext=u:r:recovery:s0 tclass=binder permissive=1
[   25.075049] type=1400 audit(7300.539:33): avc: denied { write } for comm="init" name="vendor" dev="rootfs" ino=26707 scontext=u:r:vendor_init:s0 tcontext=u:object_r:rootfs:s0 tclass=dir permissive=1
[   25.075149] type=1400 audit(7300.539:34): avc: denied { add_name } for comm="init" name="sprd_ss" scontext=u:r:vendor_init:s0 tcontext=u:object_r:rootfs:s0 tclass=dir permissive=1
[   25.075332] type=1400 audit(7300.539:35): avc: denied { setattr } for comm="init" name="sprd_ss" dev="rootfs" ino=26713 scontext=u:r:vendor_init:s0 tcontext=u:object_r:rootfs:s0 tclass=dir permissive=1
[   25.075482] type=1107 audit(7300.555:36): uid=0 auid=4294967295 ses=4294967295 subj=u:r:init:s0 msg='avc: denied { set } for property=hwservicemanager.ready pid=308 uid=0 gid=0 scontext=u:r:recovery:s0 tcontext=u:object_r:hwservicemanager_prop:s0 tclass=property_service permissive=1'
[   25.075600] type=1400 audit(7300.559:37): avc: denied { write } for comm="android.hardwar" path="/dev/kmsg" dev="tmpfs" ino=15315 scontext=u:r:recovery:s0 tcontext=u:object_r:kmsg_device:s0 tclass=chr_file permissive=1
[   25.075831] type=1400 audit(7300.559:38): avc: denied { setattr } for comm="init" name="stop_charge" dev="sysfs" ino=42276 scontext=u:r:init:s0 tcontext=u:object_r:sysfs:s0 tclass=file permissive=1
[   25.075958] type=1400 audit(7300.563:39): avc: denied { call } for comm="android.hardwar" scontext=u:r:recovery:s0 tcontext=u:r:recovery:s0 tclass=binder permissive=1
[   25.076192] type=1400 audit(7300.567:40): avc: denied { read } for comm="android.hardwar" name="type" dev="sysfs" ino=42270 scontext=u:r:recovery:s0 tcontext=u:object_r:sysfs:s0 tclass=file permissive=1
[   25.076358] type=1400 audit(7300.567:41): avc: denied { open } for comm="android.hardwar" path="/sys/devices/platform/charger-manager/power_supply/battery/type" dev="sysfs" ino=42270 scontext=u:r:recovery:s0 tcontext=u:object_r:sysfs:s0 tclass=file permissive=1
[   25.076563] type=1400 audit(7300.567:42): avc: denied { getattr } for comm="android.hardwar" path="/sys/devices/platform/charger-manager/power_supply/battery/type" dev="sysfs" ino=42270 scontext=u:r:recovery:s0 tcontext=u:object_r:sysfs:s0 tclass=file permissive=1
[   25.076665] type=1400 audit(7300.571:43): avc: denied { transfer } for comm="android.hardwar" scontext=u:r:recovery:s0 tcontext=u:r:recovery:s0 tclass=binder permissive=1
[   25.076767] type=1400 audit(7300.571:44): avc: denied { wake_alarm } for comm="health@2.1-serv" capability=35 scontext=u:r:recovery:s0 tcontext=u:r:recovery:s0 tclass=capability2 permissive=1
[   25.076844] sprd-trusty-log: trusty: <   25.076699> fs_init_from_super:392: loaded super block version 3
[   25.076847] sprd-trusty-log: trusty: <   25.076730> ss: block_device_tipc_rpmb_init: create port com.android.trusty.storage.client.tp success
[   25.076849] sprd-trusty-log: trusty: <   25.076741> ss: block_device_tipc_rpmb_init: create port com.android.trusty.storage.client.tdea success
[   25.076852] sprd-trusty-log: trusty: <   25.076747> ss: block_device_tipc_rpmb_init: rb device's block size 4040 block count 1048576
[   25.076992] type=1400 audit(7300.571:45): avc: denied { create } for comm="health@2.1-serv" scontext=u:r:recovery:s0 tcontext=u:r:recovery:s0 tclass=netlink_kobject_uevent_socket permissive=1
[   25.077095] type=1400 audit(7300.571:46): avc: denied { setopt } for comm="health@2.1-serv" scontext=u:r:recovery:s0 tcontext=u:r:recovery:s0 tclass=netlink_kobject_uevent_socket permissive=1
[   25.077196] type=1400 audit(7300.571:47): avc: denied { getopt } for comm="health@2.1-serv" scontext=u:r:recovery:s0 tcontext=u:r:recovery:s0 tclass=netlink_kobject_uevent_socket permissive=1
[   25.077336] type=1400 audit(7300.571:48): avc: denied { bind } for comm="health@2.1-serv" scontext=u:r:recovery:s0 tcontext=u:r:recovery:s0 tclass=netlink_kobject_uevent_socket permissive=1
[   25.077573] sprd-trusty-log: trusty: <   25.077446> fs_init_from_super:395: clear requested, create empty
[   25.077576] sprd-trusty-log: trusty: <   25.077474> ss: block_device_tipc_rpmb_init: create port com.android.trusty.storage.client.tr success
[   25.077615] type=1400 audit(7300.571:49): avc: denied { getattr } for comm="health@2.1-serv" path="/dev/kmsg" dev="tmpfs" ino=15315 scontext=u:r:recovery:s0 tcontext=u:object_r:kmsg_device:s0 tclass=chr_file permissive=1
[   25.077727] type=1400 audit(7300.587:50): avc: denied { read write } for comm="android.hardwar" name="trusty-ipc-dev0" dev="tmpfs" ino=24042 scontext=u:r:recovery:s0 tcontext=u:object_r:device:s0 tclass=chr_file permissive=1
[   25.077845] type=1400 audit(7300.587:51): avc: denied { open } for comm="android.hardwar" path="/dev/trusty-ipc-dev0" dev="tmpfs" ino=24042 scontext=u:r:recovery:s0 tcontext=u:object_r:device:s0 tclass=chr_file permissive=1
[   25.077960] type=1400 audit(7300.587:52): avc: denied { ioctl } for comm="android.hardwar" path="/dev/trusty-ipc-dev0" dev="tmpfs" ino=24042 ioctlcmd=0x7280 scontext=u:r:recovery:s0 tcontext=u:object_r:device:s0 tclass=chr_file permissive=1
[   25.078151] type=1400 audit(7300.591:53): avc: denied { entrypoint } for comm="init" path="/vendor/bin/sprdstorageproxyd" dev="rootfs" ino=15213 scontext=u:r:tee:s0 tcontext=u:object_r:rootfs:s0 tclass=file permissive=1
[   25.078179] sprd-trusty-log: trusty: <   25.078118> sprdimgversion: sprdimgverion_create_port: rpmb read image/mode image version blk (65534,65532) successful.
[   25.078182] sprd-trusty-log: trusty: <   25.078143> ss: rpmb_proxy_connect: create port com.spreadtrum.sprdimgversion success
[   25.078301] type=1400 audit(7300.591:54): avc: denied { map } for comm="sprdstorageprox" path="/vendor/bin/sprdstorageproxyd" dev="rootfs" ino=15213 scontext=u:r:tee:s0 tcontext=u:object_r:rootfs:s0 tclass=file permissive=1
[   25.078518] type=1400 audit(7300.591:55): avc: denied { read } for comm="sprdstorageprox" path="/vendor/bin/sprdstorageproxyd" dev="rootfs" ino=15213 scontext=u:r:tee:s0 tcontext=u:object_r:rootfs:s0 tclass=file permissive=1
[   25.078651] type=1400 audit(7300.591:56): avc: denied { execute } for comm="sprdstorageprox" path="/vendor/bin/sprdstorageproxyd" dev="rootfs" ino=15213 scontext=u:r:tee:s0 tcontext=u:object_r:rootfs:s0 tclass=file permissive=1
[   25.078808] type=1400 audit(7300.591:57): avc: denied { read } for comm="keystore2" name="u:object_r:keystore_crash_prop:s0" dev="tmpfs" ino=25182 scontext=u:r:recovery:s0 tcontext=u:object_r:keystore_crash_prop:s0 tclass=file permissive=1
[   25.078914] type=1400 audit(7300.591:58): avc: denied { open } for comm="keystore2" path="/dev/__properties__/u:object_r:keystore_crash_prop:s0" dev="tmpfs" ino=25182 scontext=u:r:recovery:s0 tcontext=u:object_r:keystore_crash_prop:s0 tclass=file permissive=1
[   25.079105] type=1400 audit(7300.591:59): avc: denied { getattr } for comm="keystore2" path="/dev/__properties__/u:object_r:keystore_crash_prop:s0" dev="tmpfs" ino=25182 scontext=u:r:recovery:s0 tcontext=u:object_r:keystore_crash_prop:s0 tclass=file permissive=1
[   25.079281] type=1400 audit(7300.591:60): avc: denied { map } for comm="keystore2" path="/dev/__properties__/u:object_r:keystore_crash_prop:s0" dev="tmpfs" ino=25182 scontext=u:r:recovery:s0 tcontext=u:object_r:keystore_crash_prop:s0 tclass=file permissive=1
[   25.079489] type=1400 audit(7300.591:61): avc: denied { getattr } for comm="sprdstorageprox" path="/vendor/bin/sprdstorageproxyd" dev="rootfs" ino=15213 scontext=u:r:tee:s0 tcontext=u:object_r:rootfs:s0 tclass=file permissive=1
[   25.079642] type=1107 audit(7300.595:62): uid=0 auid=4294967295 ses=4294967295 subj=u:r:init:s0 msg='avc: denied { set } for property=keystore.crash_count pid=311 uid=0 gid=1017 scontext=u:r:recovery:s0 tcontext=u:object_r:keystore_crash_prop:s0 tclass=property_service permissive=1'
[   25.080166] type=1400 audit(7300.595:63): avc: denied { open } for comm="sprdstorageprox" path="/system/etc/ld.config.txt" dev="rootfs" ino=10306 scontext=u:r:tee:s0 tcontext=u:object_r:rootfs:s0 tclass=file permissive=1
[   25.080357] type=1400 audit(7300.595:64): avc: denied { read } for comm="sprdstorageprox" name="bin" dev="rootfs" ino=10027 scontext=u:r:tee:s0 tcontext=u:object_r:rootfs:s0 tclass=dir permissive=1
[   25.080553] type=1400 audit(7300.599:65): avc: denied { setgid } for comm="sprdstorageprox" capability=6 scontext=u:r:tee:s0 tcontext=u:r:tee:s0 tclass=capability permissive=1
[   25.080746] type=1400 audit(7300.599:66): avc: denied { setuid } for comm="sprdstorageprox" capability=7 scontext=u:r:tee:s0 tcontext=u:r:tee:s0 tclass=capability permissive=1
[   25.080978] type=1400 audit(7300.599:67): avc: denied { search } for comm="sprdstorageprox" name="block" dev="tmpfs" ino=25341 scontext=u:r:tee:s0 tcontext=u:object_r:block_device:s0 tclass=dir permissive=1
[   25.081265] type=1400 audit(7300.599:68): avc: denied { open } for comm="sprdstorageprox" path="/data/vendor/sprd_ss" dev="rootfs" ino=26713 scontext=u:r:tee:s0 tcontext=u:object_r:rootfs:s0 tclass=dir permissive=1
[   25.081557] type=1400 audit(7300.599:69): avc: denied { read write } for comm="sprdstorageprox" name="trusty-ipc-dev0" dev="tmpfs" ino=24042 scontext=u:r:tee:s0 tcontext=u:object_r:device:s0 tclass=chr_file permissive=1
[   25.081744] type=1400 audit(7300.599:70): avc: denied { open } for comm="sprdstorageprox" path="/dev/trusty-ipc-dev0" dev="tmpfs" ino=24042 scontext=u:r:tee:s0 tcontext=u:object_r:device:s0 tclass=chr_file permissive=1
[   25.081938] type=1400 audit(7300.599:71): avc: denied { ioctl } for comm="sprdstorageprox" path="/dev/trusty-ipc-dev0" dev="tmpfs" ino=24042 ioctlcmd=0x7280 scontext=u:r:tee:s0 tcontext=u:object_r:device:s0 tclass=chr_file permissive=1
[   25.082036] type=1400 audit(7300.603:72): avc: denied { write } for comm="sprdstorageprox" name="sprd_ss" dev="rootfs" ino=26713 scontext=u:r:tee:s0 tcontext=u:object_r:rootfs:s0 tclass=dir permissive=1
[   25.082127] type=1400 audit(7300.603:73): avc: denied { add_name } for comm="sprdstorageprox" name="0" scontext=u:r:tee:s0 tcontext=u:object_r:rootfs:s0 tclass=dir permissive=1
[   25.082223] type=1400 audit(7300.603:74): avc: denied { create } for comm="sprdstorageprox" name="0" scontext=u:r:tee:s0 tcontext=u:object_r:rootfs:s0 tclass=file permissive=1
[   25.082339] type=1400 audit(7300.603:75): avc: denied { write } for comm="sprdstorageprox" path="/data/vendor/sprd_ss/0" dev="rootfs" ino=16691 scontext=u:r:tee:s0 tcontext=u:object_r:rootfs:s0 tclass=file permissive=1
[   25.082434] type=1400 audit(7300.603:76): avc: denied { sys_rawio } for comm="sprdstorageprox" capability=17 scontext=u:r:tee:s0 tcontext=u:r:tee:s0 tclass=capability permissive=1
[   25.082531] type=1107 audit(7300.611:77): uid=0 auid=4294967295 ses=4294967295 subj=u:r:init:s0 msg='avc: denied { set } for property=tw_is_vendor_boot pid=312 uid=0 gid=0 scontext=u:r:recovery:s0 tcontext=u:object_r:default_prop:s0 tclass=property_service permissive=1'
[   25.082644] type=1400 audit(7300.619:78): avc: denied { read } for comm="health@2.1-serv" scontext=u:r:recovery:s0 tcontext=u:r:recovery:s0 tclass=netlink_kobject_uevent_socket permissive=1
[   25.082867] type=1400 audit(7300.623:79): avc: denied { write } for comm="recovery" name="brightness" dev="sysfs" ino=40904 scontext=u:r:recovery:s0 tcontext=u:object_r:sysfs:s0 tclass=file permissive=1
[   25.114267] type=1400 audit(7300.663:80): avc: denied { setattr } for comm="chmod" name="bash" dev="rootfs" ino=10003 scontext=u:r:recovery:s0 tcontext=u:object_r:rootfs:s0 tclass=file permissive=1
[   25.120702] init: Unable to set property 'ro.product.device' from uid:0 gid:0 pid:312: Read-only property was already set
[   25.120939] type=1107 audit(7300.671:81): uid=0 auid=4294967295 ses=4294967295 subj=u:r:init:s0 msg='avc: denied { set } for property=ro.product.device pid=312 uid=0 gid=0 scontext=u:r:recovery:s0 tcontext=u:object_r:build_prop:s0 tclass=property_service permissive=1'
[   25.130473] init: Unable to set property 'ro.fastbootd.available' from uid:0 gid:0 pid:312: Read-only property was already set
[   25.155513] type=1400 audit(7300.703:82): avc: denied { write } for comm="recovery" name="etc" dev="rootfs" ino=10287 scontext=u:r:recovery:s0 tcontext=u:object_r:rootfs:s0 tclass=dir permissive=1
[   25.155968] keystore2 (320) used greatest stack depth: 12824 bytes left
[   25.156075] type=1400 audit(7300.703:83): avc: denied { add_name } for comm="recovery" name="mtab" scontext=u:r:recovery:s0 tcontext=u:object_r:rootfs:s0 tclass=dir permissive=1
[   25.156263] type=1400 audit(7300.703:84): avc: denied { create } for comm="recovery" name="mtab" scontext=u:r:recovery:s0 tcontext=u:object_r:rootfs:s0 tclass=lnk_file permissive=1
[   25.171655] type=1400 audit(7300.719:85): avc: denied { create } for comm="recovery" name="system_root" scontext=u:r:recovery:s0 tcontext=u:object_r:rootfs:s0 tclass=dir permissive=1
[   25.171920] type=1400 audit(7300.719:86): avc: denied { ioctl } for comm="recovery" path="/dev/block/dm-0" dev="tmpfs" ino=25580 ioctlcmd=0x5331 scontext=u:r:recovery:s0 tcontext=u:object_r:dm_device:s0 tclass=blk_file permissive=1
[   25.176042] keystore2 (320): highest shadow stack usage: 208 bytes
[   25.185243] erofs: (device dm-0): mounted with opts: , root inode @ nid 58.
[   25.185973] type=1400 audit(7300.735:87): avc: denied { write } for comm="recovery" name="by-name" dev="tmpfs" ino=25349 scontext=u:r:recovery:s0 tcontext=u:object_r:block_device:s0 tclass=dir permissive=1
[   25.186150] type=1400 audit(7300.735:88): avc: denied { add_name } for comm="recovery" name="system" scontext=u:r:recovery:s0 tcontext=u:object_r:block_device:s0 tclass=dir permissive=1
[   25.186275] type=1400 audit(7300.735:89): avc: denied { create } for comm="recovery" name="system" scontext=u:r:recovery:s0 tcontext=u:object_r:block_device:s0 tclass=lnk_file permissive=1
[   25.186636] type=1400 audit(7300.735:90): avc: denied { ioctl } for comm="recovery" path="/dev/block/dm-1" dev="tmpfs" ino=25585 ioctlcmd=0x5331 scontext=u:r:recovery:s0 tcontext=u:object_r:dm_device:s0 tclass=blk_file permissive=1
[   25.193204] erofs: (device dm-1): mounted with opts: , root inode @ nid 41.
[   25.194684] type=1400 audit(7300.743:91): avc: denied { ioctl } for comm="recovery" path="/dev/block/dm-2" dev="tmpfs" ino=25588 ioctlcmd=0x5331 scontext=u:r:recovery:s0 tcontext=u:object_r:dm_device:s0 tclass=blk_file permissive=1
[   25.202876] erofs: (device dm-2): mounted with opts: , root inode @ nid 45.
[   25.204348] type=1400 audit(7300.751:92): avc: denied { ioctl } for comm="recovery" path="/dev/block/dm-3" dev="tmpfs" ino=25591 ioctlcmd=0x5331 scontext=u:r:recovery:s0 tcontext=u:object_r:dm_device:s0 tclass=blk_file permissive=1
[   25.217033] erofs: (device dm-3): mounted with opts: , root inode @ nid 39.
[   25.218576] ufshcd-sprd 20200000.ufs: ufshcd_sprd_ioctl: user buffer is NULL
[   25.218915] type=1400 audit(7300.767:93): avc: denied { ioctl } for comm="recovery" path="/dev/block/dm-4" dev="tmpfs" ino=25594 ioctlcmd=0x5331 scontext=u:r:recovery:s0 tcontext=u:object_r:dm_device:s0 tclass=blk_file permissive=1
[   25.219085] type=1400 audit(7300.767:94): avc: denied { sys_rawio } for comm="recovery" capability=17 scontext=u:r:recovery:s0 tcontext=u:r:recovery:s0 tclass=capability permissive=1
[   25.226646] EXT4-fs (dm-4): mounted filesystem without journal. Opts: 
[   25.231084] type=1400 audit(7300.779:95): avc: denied { ioctl } for comm="recovery" path="/dev/block/dm-2" dev="tmpfs" ino=25588 ioctlcmd=0x5331 scontext=u:r:recovery:s0 tcontext=u:object_r:dm_device:s0 tclass=blk_file permissive=1
[   25.239357] erofs: (device dm-2): mounted with opts: , root inode @ nid 45.
[   25.243264] type=1400 audit(7300.791:96): avc: denied { write } for comm="recovery" name="properties_serial" dev="tmpfs" ino=25297 scontext=u:r:recovery:s0 tcontext=u:object_r:properties_serial:s0 tclass=file permissive=1
[   25.243406] type=1400 audit(7300.791:97): avc: denied { write } for comm="recovery" name="u:object_r:storage_config_prop:s0" dev="tmpfs" ino=25245 scontext=u:r:recovery:s0 tcontext=u:object_r:storage_config_prop:s0 tclass=file permissive=1
[   25.245611] type=1400 audit(7300.795:98): avc: denied { create } for comm="recovery" name="additional.fstab" scontext=u:r:recovery:s0 tcontext=u:object_r:rootfs:s0 tclass=file permissive=1
[   25.245746] type=1400 audit(7300.795:99): avc: denied { write } for comm="recovery" path="/system/etc/additional.fstab" dev="rootfs" ino=25778 scontext=u:r:recovery:s0 tcontext=u:object_r:rootfs:s0 tclass=file permissive=1
[   25.383155] find (344) used greatest stack depth: 12064 bytes left
[   25.385921] [drm] sprd_dsi_connector_detect()
[   25.386033] [drm] sprd_dsi_connector_get_modes()
[   25.386037] [drm] sprd_panel_get_modes()
[   25.386057] [drm] sprd_dsi_connector_mode_valid() mode: "720x1600": 60 135000 720 780 784 848 1600 2620 2624 2656 0x48 0x0
[   25.386064] [drm] sprd_dpu_mode_valid() mode: "720x1600": 60 135000 720 780 784 848 1600 2620 2624 2656 0x48 0x0
[   25.386079] [drm] sprd_dsi_connector_mode_valid() mode: "720x1600": 90 135000 720 764 768 832 1600 1768 1772 1804 0x40 0x0
[   25.386084] [drm] sprd_dpu_mode_valid() mode: "720x1600": 90 135000 720 764 768 832 1600 1768 1772 1804 0x40 0x0
[   25.386120] [drm] sprd_dsi_connector_detect()
[   25.386122] [drm] sprd_dsi_connector_get_modes()
[   25.386124] [drm] sprd_panel_get_modes()
[   25.386133] [drm] sprd_dsi_connector_mode_valid() mode: "720x1600": 60 135000 720 780 784 848 1600 2620 2624 2656 0x48 0x0
[   25.386137] [drm] sprd_dpu_mode_valid() mode: "720x1600": 60 135000 720 780 784 848 1600 2620 2624 2656 0x48 0x0
[   25.386149] [drm] sprd_dsi_connector_mode_valid() mode: "720x1600": 90 135000 720 764 768 832 1600 1768 1772 1804 0x40 0x0
[   25.386153] [drm] sprd_dpu_mode_valid() mode: "720x1600": 90 135000 720 764 768 832 1600 1768 1772 1804 0x40 0x0
[   25.386174] [drm] sprd_dsi_connector_detect()
[   25.386175] [drm] sprd_dsi_connector_get_modes()
[   25.386177] [drm] sprd_panel_get_modes()
[   25.386185] [drm] sprd_dsi_connector_mode_valid() mode: "720x1600": 60 135000 720 780 784 848 1600 2620 2624 2656 0x48 0x0
[   25.386189] [drm] sprd_dpu_mode_valid() mode: "720x1600": 60 135000 720 780 784 848 1600 2620 2624 2656 0x48 0x0
[   25.386201] [drm] sprd_dsi_connector_mode_valid() mode: "720x1600": 90 135000 720 764 768 832 1600 1768 1772 1804 0x40 0x0
[   25.386205] [drm] sprd_dpu_mode_valid() mode: "720x1600": 90 135000 720 764 768 832 1600 1768 1772 1804 0x40 0x0
[   25.386225] [drm] sprd_dsi_connector_detect()
[   25.386226] [drm] sprd_dsi_connector_get_modes()
[   25.386228] [drm] sprd_panel_get_modes()
[   25.386236] [drm] sprd_dsi_connector_mode_valid() mode: "720x1600": 60 135000 720 780 784 848 1600 2620 2624 2656 0x48 0x0
[   25.386240] [drm] sprd_dpu_mode_valid() mode: "720x1600": 60 135000 720 780 784 848 1600 2620 2624 2656 0x48 0x0
[   25.386252] [drm] sprd_dsi_connector_mode_valid() mode: "720x1600": 90 135000 720 764 768 832 1600 1768 1772 1804 0x40 0x0
[   25.386256] [drm] sprd_dpu_mode_valid() mode: "720x1600": 90 135000 720 764 768 832 1600 1768 1772 1804 0x40 0x0
[   25.386284] [drm] sprd_dsi_connector_detect()
[   25.386286] [drm] sprd_dsi_connector_get_modes()
[   25.386287] [drm] sprd_panel_get_modes()
[   25.386295] [drm] sprd_dsi_connector_mode_valid() mode: "720x1600": 60 135000 720 780 784 848 1600 2620 2624 2656 0x48 0x0
[   25.386300] [drm] sprd_dpu_mode_valid() mode: "720x1600": 60 135000 720 780 784 848 1600 2620 2624 2656 0x48 0x0
[   25.386312] [drm] sprd_dsi_connector_mode_valid() mode: "720x1600": 90 135000 720 764 768 832 1600 1768 1772 1804 0x40 0x0
[   25.386316] [drm] sprd_dpu_mode_valid() mode: "720x1600": 90 135000 720 764 768 832 1600 1768 1772 1804 0x40 0x0
[   25.388361] type=1400 audit(7300.935:100): avc: denied { map } for comm="recovery" path="/dev/dri/card0" dev="tmpfs" ino=25338 scontext=u:r:recovery:s0 tcontext=u:object_r:device:s0 tclass=chr_file permissive=1
[   25.389489] [drm] sprd_dsi_connector_best_encoder()
[   25.389497] [drm] sprd_dsi_connector_best_encoder()
[   25.389500] [drm] sprd_dsi_connector_best_encoder()
[   25.389509] [drm] sprd_dpu_mode_valid() mode: "720x1600": 60 135000 720 780 784 848 1600 2620 2624 2656 0x48 0x0
[   25.389512] [drm] sprd_dsi_encoder_atomic_check()
[   25.389524] [drm] dpu has already powered off
[   25.389536] [drm] sprd_dpu_mode_set_nofb() mode: "720x1600": 60 135000 720 780 784 848 1600 2620 2624 2656 0x48 0x0
[   25.389542] [drm][         dpu_modeset] begin switch to 720 x 1600
[   25.389548] [drm] sprd_dsi_encoder_mode_set() mode: "720x1600": 60 135000 720 780 784 848 1600 2620 2624 2656 0x48 0x0
[   25.389552] [drm] sprd_dpu_atomic_enable()
[   25.389568] [drm][        dpu_clk_init] DPU_CORE_CLK = 384000000, DPI_CLK_DIV = 6
[   25.389862] [drm][  dpu_enhance_reload] enhance slp lut reload
[   25.389866] [drm][dpu_write_back_config] use cma memory for writeback, size:0x476980
[   25.391008] [drm] sprd_dsi_encoder_enable()
[   25.391011] [drm] dsi is initialized
[   25.400351] sh (343): highest shadow stack usage: 304 bytes
[   25.410183] [drm] free logo memory addr:0x9e000000 size:0xab0000
[   25.411018] [drm][sprd_free_reserved_area] Freeing logo memory: 10944K
[   25.431908] type=1400 audit(7300.979:101): avc: denied { execmem } for comm="recovery" scontext=u:r:recovery:s0 tcontext=u:r:recovery:s0 tclass=process permissive=1
[   25.432127] type=1400 audit(7300.979:102): avc: denied { execute } for comm="recovery" path="/dev/ashmemca127434-62d1-40d0-a5e8-b30214300120" dev="tmpfs" ino=23979 scontext=u:r:recovery:s0 tcontext=u:object_r:ashmem_libcutils_device:s0 tclass=chr_file permissive=1
[   25.584830] F2FS-fs (sda72): Magic Mismatch, valid(0xf2f52010) - read(0x5dbef82e)
[   25.584834] F2FS-fs (sda72): Can't find valid F2FS filesystem in 1th superblock
[   25.584880] type=1400 audit(7301.135:103): avc: denied { mounton } for comm="recovery" path="/data" dev="rootfs" ino=9780 scontext=u:r:recovery:s0 tcontext=u:object_r:system_data_root_file:s0 tclass=dir permissive=1
[   25.585230] F2FS-fs (sda72): Magic Mismatch, valid(0xf2f52010) - read(0xd04cdf7a)
[   25.585233] F2FS-fs (sda72): Can't find valid F2FS filesystem in 2th superblock
[   25.585643] F2FS-fs (sda72): Magic Mismatch, valid(0xf2f52010) - read(0x5dbef82e)
[   25.585644] F2FS-fs (sda72): Can't find valid F2FS filesystem in 1th superblock
[   25.585732] F2FS-fs (sda72): Magic Mismatch, valid(0xf2f52010) - read(0xd04cdf7a)
[   25.585734] F2FS-fs (sda72): Can't find valid F2FS filesystem in 2th superblock
[   25.587912] F2FS-fs (sda72): Magic Mismatch, valid(0xf2f52010) - read(0x5dbef82e)
[   25.587914] F2FS-fs (sda72): Can't find valid F2FS filesystem in 1th superblock
[   25.588015] F2FS-fs (sda72): Magic Mismatch, valid(0xf2f52010) - read(0xd04cdf7a)
[   25.588017] F2FS-fs (sda72): Can't find valid F2FS filesystem in 2th superblock
[   25.588174] F2FS-fs (sda72): Magic Mismatch, valid(0xf2f52010) - read(0x5dbef82e)
[   25.588175] F2FS-fs (sda72): Can't find valid F2FS filesystem in 1th superblock
[   25.588263] F2FS-fs (sda72): Magic Mismatch, valid(0xf2f52010) - read(0xd04cdf7a)
[   25.588265] F2FS-fs (sda72): Can't find valid F2FS filesystem in 2th superblock
[   25.590223] F2FS-fs (sda72): Magic Mismatch, valid(0xf2f52010) - read(0x5dbef82e)
[   25.590224] F2FS-fs (sda72): Can't find valid F2FS filesystem in 1th superblock
[   25.590315] F2FS-fs (sda72): Magic Mismatch, valid(0xf2f52010) - read(0xd04cdf7a)
[   25.590316] F2FS-fs (sda72): Can't find valid F2FS filesystem in 2th superblock
[   25.590444] F2FS-fs (sda72): Magic Mismatch, valid(0xf2f52010) - read(0x5dbef82e)
[   25.590446] F2FS-fs (sda72): Can't find valid F2FS filesystem in 1th superblock
[   25.590535] F2FS-fs (sda72): Magic Mismatch, valid(0xf2f52010) - read(0xd04cdf7a)
[   25.590536] F2FS-fs (sda72): Can't find valid F2FS filesystem in 2th superblock
[   25.592396] type=1400 audit(7301.139:104): avc: denied { ioctl } for comm="recovery" path="/dev/block/dm-0" dev="tmpfs" ino=25580 ioctlcmd=0x5331 scontext=u:r:recovery:s0 tcontext=u:object_r:dm_device:s0 tclass=blk_file permissive=1
[   25.599030] erofs: (device dm-0): mounted with opts: , root inode @ nid 58.
[   25.599669] type=1400 audit(7301.147:105): avc: denied { ioctl } for comm="recovery" path="/dev/block/dm-2" dev="tmpfs" ino=25588 ioctlcmd=0x5331 scontext=u:r:recovery:s0 tcontext=u:object_r:dm_device:s0 tclass=blk_file permissive=1
[   25.604952] erofs: (device dm-2): mounted with opts: , root inode @ nid 45.
[   25.605650] type=1400 audit(7301.155:106): avc: denied { read write } for comm="recovery" name="loop-control" dev="tmpfs" ino=25461 scontext=u:r:recovery:s0 tcontext=u:object_r:loop_control_device:s0 tclass=chr_file permissive=1
[   25.605794] type=1400 audit(7301.155:107): avc: denied { open } for comm="recovery" path="/dev/loop-control" dev="tmpfs" ino=25461 scontext=u:r:recovery:s0 tcontext=u:object_r:loop_control_device:s0 tclass=chr_file permissive=1
[   25.605899] type=1400 audit(7301.155:108): avc: denied { ioctl } for comm="recovery" path="/dev/loop-control" dev="tmpfs" ino=25461 ioctlcmd=0x4c82 scontext=u:r:recovery:s0 tcontext=u:object_r:loop_control_device:s0 tclass=chr_file permissive=1
[   25.608729] type=1400 audit(7301.159:109): avc: denied { ioctl } for comm="recovery" path="/dev/block/loop0" dev="tmpfs" ino=25495 ioctlcmd=0x4c00 scontext=u:r:recovery:s0 tcontext=u:object_r:loop_device:s0 tclass=blk_file permissive=1
[   25.609342] type=1400 audit(7301.159:110): avc: denied { ioctl } for comm="recovery" path="/dev/block/loop0" dev="tmpfs" ino=25495 ioctlcmd=0x4c04 scontext=u:r:recovery:s0 tcontext=u:object_r:loop_device:s0 tclass=blk_file permissive=1
[   25.624411] type=1400 audit(7301.175:111): avc: denied { ioctl } for comm="recovery" path="/dev/block/loop0" dev="tmpfs" ino=25495 ioctlcmd=0x1261 scontext=u:r:recovery:s0 tcontext=u:object_r:loop_device:s0 tclass=blk_file permissive=1
[   25.624541] type=1400 audit(7301.175:112): avc: denied { ioctl } for comm="recovery" path="/dev/block/loop0" dev="tmpfs" ino=25495 ioctlcmd=0x4c09 scontext=u:r:recovery:s0 tcontext=u:object_r:loop_device:s0 tclass=blk_file permissive=1
[   25.676726] type=1400 audit(7301.227:113): avc: denied { write } for comm="recovery" name="/" dev="tmpfs" ino=23877 scontext=u:r:recovery:s0 tcontext=u:object_r:apex_mnt_dir:s0 tclass=dir permissive=1
[   25.676863] type=1400 audit(7301.227:114): avc: denied { add_name } for comm="recovery" name="com.android.cts.shim" scontext=u:r:recovery:s0 tcontext=u:object_r:apex_mnt_dir:s0 tclass=dir permissive=1
[   25.676971] type=1400 audit(7301.227:115): avc: denied { create } for comm="recovery" name="com.android.cts.shim" scontext=u:r:recovery:s0 tcontext=u:object_r:apex_mnt_dir:s0 tclass=dir permissive=1
[   25.677075] type=1400 audit(7301.227:116): avc: denied { mounton } for comm="recovery" path="/apex/com.android.cts.shim" dev="tmpfs" ino=28703 scontext=u:r:recovery:s0 tcontext=u:object_r:apex_mnt_dir:s0 tclass=dir permissive=1
[   25.677890] EXT4-fs (loop0): mounted filesystem without journal. Opts: (null)
[   25.813896] type=1400 audit(7301.363:117): avc: denied { ioctl } for comm="recovery" path="/dev/block/loop1" dev="tmpfs" ino=25475 ioctlcmd=0x4c00 scontext=u:r:recovery:s0 tcontext=u:object_r:loop_device:s0 tclass=blk_file permissive=1
[   25.814493] type=1400 audit(7301.363:118): avc: denied { ioctl } for comm="recovery" path="/dev/block/loop1" dev="tmpfs" ino=25475 ioctlcmd=0x4c04 scontext=u:r:recovery:s0 tcontext=u:object_r:loop_device:s0 tclass=blk_file permissive=1
[   25.828358] type=1400 audit(7301.379:119): avc: denied { ioctl } for comm="recovery" path="/dev/block/loop1" dev="tmpfs" ino=25475 ioctlcmd=0x4c09 scontext=u:r:recovery:s0 tcontext=u:object_r:loop_device:s0 tclass=blk_file permissive=1
[   25.886109] EXT4-fs (loop1): mounted filesystem without journal. Opts: (null)
[   25.896383] type=1107 audit(7301.443:120): uid=0 auid=4294967295 ses=4294967295 subj=u:r:init:s0 msg='avc: denied { set } for property=ro.crypto.state pid=312 uid=0 gid=0 scontext=u:r:recovery:s0 tcontext=u:object_r:vold_status_prop:s0 tclass=property_service permissive=1'
[   25.921277] EXT4-fs (sda54): recovery complete
[   25.921468] EXT4-fs (sda54): mounted filesystem with ordered data mode. Opts: 
[   25.923165] init: processing action (ro.crypto.state=encrypted && ro.crypto.type=file) from (/init.recovery.unisoc_decrypt.rc:35)
[   25.923210] init: Keyring created with id 862121982 in process 1
[   25.923229] init: Command 'install_keyring' action=ro.crypto.state=encrypted && ro.crypto.type=file (/init.recovery.unisoc_decrypt.rc:36) took 0ms and succeeded
[   26.140611] <I>CTS-Core ESD protection work
[   26.942628] type=1400 audit(7302.491:121): avc: denied { search } for comm="recovery" name="vold" dev="sda54" ino=12 scontext=u:r:recovery:s0 tcontext=u:object_r:vold_metadata_file:s0 tclass=dir permissive=1
[   26.943180] type=1400 audit(7302.491:122): avc: denied { read } for comm="recovery" name="version" dev="sda54" ino=28 scontext=u:r:recovery:s0 tcontext=u:object_r:vold_metadata_file:s0 tclass=file permissive=1
[   26.943307] type=1400 audit(7302.491:123): avc: denied { open } for comm="recovery" path="/metadata/vold/metadata_encryption/key/version" dev="sda54" ino=28 scontext=u:r:recovery:s0 tcontext=u:object_r:vold_metadata_file:s0 tclass=file permissive=1
[   26.943460] type=1400 audit(7302.491:124): avc: denied { getattr } for comm="recovery" path="/metadata/vold/metadata_encryption/key/version" dev="sda54" ino=28 scontext=u:r:recovery:s0 tcontext=u:object_r:vold_metadata_file:s0 tclass=file permissive=1
[   26.947190] type=1400 audit(7302.495:125): avc: denied { read } for comm="Binder:311_2" name="perms" dev="selinuxfs" ino=67112498 scontext=u:r:recovery:s0 tcontext=u:object_r:selinuxfs:s0 tclass=dir permissive=1
[   26.947387] type=1400 audit(7302.495:126): avc: denied { open } for comm="Binder:311_2" path="/sys/fs/selinux/class/keystore2_key/perms" dev="selinuxfs" ino=67112498 scontext=u:r:recovery:s0 tcontext=u:object_r:selinuxfs:s0 tclass=dir permissive=1
[   26.951545] random: recovery: uninitialized urandom read (16 bytes read)
[   26.974025] type=1400 audit(7302.523:127): avc: denied { setexec } for comm="recovery" scontext=u:r:recovery:s0 tcontext=u:r:recovery:s0 tclass=process permissive=1
[   26.975445] random: recovery: uninitialized urandom read (40 bytes read)
[   26.975834] type=1107 audit(7302.523:128): uid=0 auid=4294967295 ses=4294967295 subj=u:r:init:s0 msg='avc: denied { set } for property=ctl.interface_start$android.hardware.boot@1.0::IBootControl/default pid=308 uid=0 gid=0 scontext=u:r:recovery:s0 tcontext=u:object_r:ctl_interface_start_prop:s0 tclass=property_service permissive=1'
[   26.975970] init: starting service 'boot-hal-1-2'...
[   26.978524] init: Control message: Processed ctl.interface_start for 'android.hardware.boot@1.0::IBootControl/default' from pid: 308 (/system/bin/hwservicemanager)
[   26.978657] init: Control message: Processed ctl.interface_start for 'android.hardware.boot@1.0::IBootControl/default' from pid: 308 (/system/bin/hwservicemanager)
[   26.978982] random: android.hardwar: uninitialized urandom read (40 bytes read)
[   26.985877] init: Service 'boot-hal-1-2' (pid 356) exited with status 1
[   26.985891] init: Sending signal 9 to service 'boot-hal-1-2' (pid 356) process group...
[   26.985986] libprocessgroup: Successfully killed process cgroup uid 0 pid 356 in 0ms
[   27.977917] init: starting service 'boot-hal-1-2'...
[   27.980091] init: Control message: Processed ctl.interface_start for 'android.hardware.boot@1.0::IBootControl/default' from pid: 308 (/system/bin/hwservicemanager)
[   27.982269] random: android.hardwar: uninitialized urandom read (40 bytes read)
[   27.992603] init: Service 'boot-hal-1-2' (pid 358) exited with status 1
[   27.992618] init: Sending signal 9 to service 'boot-hal-1-2' (pid 358) process group...
[   27.992713] libprocessgroup: Successfully killed process cgroup uid 0 pid 358 in 0ms
[   28.156393] <I>CTS-Core ESD protection work
[   28.979451] init: starting service 'boot-hal-1-2'...
[   28.981872] init: Control message: Processed ctl.interface_start for 'android.hardware.boot@1.0::IBootControl/default' from pid: 308 (/system/bin/hwservicemanager)
[   28.988931] init: Service 'boot-hal-1-2' (pid 360) exited with status 1
[   28.988946] init: Sending signal 9 to service 'boot-hal-1-2' (pid 360) process group...
[   28.989046] libprocessgroup: Successfully killed process cgroup uid 0 pid 360 in 0ms
[   29.980762] init: starting service 'boot-hal-1-2'...
[   29.983353] init: Control message: Processed ctl.interface_start for 'android.hardware.boot@1.0::IBootControl/default' from pid: 308 (/system/bin/hwservicemanager)
[   29.991352] init: Service 'boot-hal-1-2' (pid 362) exited with status 1
[   29.991380] init: Sending signal 9 to service 'boot-hal-1-2' (pid 362) process group...
[   29.991530] libprocessgroup: Successfully killed process cgroup uid 0 pid 362 in 0ms
[   30.016908] init: starting service 'adbd'...
[   30.017428] init: Created socket '/dev/socket/adbd', mode 660, user 1000, group 1000
[   30.053899] read descriptors
[   30.053913] read strings
[   30.055183] init: processing action (sys.usb.config=adb && sys.usb.configfs=1 && sys.usb.ffs.ready=1) from (/system/etc/init/hw/init.rc:201)
[   30.055810] init: Command 'write /config/usb_gadget/g1/idProduct 0xD001' action=sys.usb.config=adb && sys.usb.configfs=1 && sys.usb.ffs.ready=1 (/system/etc/init/hw/init.rc:202) took 0ms and succeeded
[   30.056396] init: Command 'write /config/usb_gadget/g1/configs/b.1/strings/0x409/configuration adb' action=sys.usb.config=adb && sys.usb.configfs=1 && sys.usb.ffs.ready=1 (/system/etc/init/hw/init.rc:203) took 0ms and succeeded
[   30.056840] init: Command 'symlink /config/usb_gadget/g1/functions/ffs.adb /config/usb_gadget/g1/configs/b.1/f1' action=sys.usb.config=adb && sys.usb.configfs=1 && sys.usb.ffs.ready=1 (/system/etc/init/hw/init.rc:204) took 0ms and succeeded
[   30.057237] musb-sprd 64900000.usb: sprd_musb_enable:SOFTCONN
[   30.057411] init: Command 'write /config/usb_gadget/g1/UDC ${sys.usb.controller}' action=sys.usb.config=adb && sys.usb.configfs=1 && sys.usb.ffs.ready=1 (/system/etc/init/hw/init.rc:205) took 0ms and succeeded
[   30.057998] init: Command 'setprop sys.usb.state ${sys.usb.config}' action=sys.usb.config=adb && sys.usb.configfs=1 && sys.usb.ffs.ready=1 (/system/etc/init/hw/init.rc:206) took 0ms and succeeded
[   30.058057] init: processing action (sys.usb.ffs.ready=1) from (/init.recovery.usb.rc:63)
[   30.058178] init: Command 'mkdir /config/usb_gadget/g1/configs/b.1' action=sys.usb.ffs.ready=1 (/init.recovery.usb.rc:64) took 0ms and succeeded
[   30.058234] init: Command 'mkdir /config/usb_gadget/g1/configs/b.1/strings/0x409 0770' action=sys.usb.ffs.ready=1 (/init.recovery.usb.rc:65) took 0ms and succeeded
[   30.058630] init: Command 'write /config/usb_gadget/g1/configs/b.1/MaxPower 900' action=sys.usb.ffs.ready=1 (/init.recovery.usb.rc:66) took 0ms and succeeded
[   30.058966] init: Command 'symlink /config/usb_gadget/g1/configs/b.1 /config/usb_gadget/g1/os_desc/b.1' action=sys.usb.ffs.ready=1 (/init.recovery.usb.rc:67) took 0ms and succeeded
[   30.172414] <I>CTS-Core ESD protection work
[   30.241695] sgm41510_chg 5-006b: sgm41510_charger_usb_change limit 8, info->pd_hard_reset 0 ,info->usb_phy->chg_state 1, info->typec_online 0
[   30.241827] sgm41510_chg 5-006b: battery present = 1, charger type = 1
[   30.241848] charger-manager charger-manager: cm_update_charge_info, chgr type = 1, fchg_en = 0, cp_running = 0, cp_recovery = 0 max chg_lmt_cur = 500000uA, max inpt_lmt_cur = 500000uA, max chg_volt = 6000000uV, chg_volt_drop = 700000, adapter_chg_volt = 5000mV, thm_cur = -22, chg_info_cmd = 0xb, jeita_size = 4
[   30.241855] vote_gov:VOTE_TYPE_IBAT vote the same vote_client[1].value = 500000, value = 500000; vote_client[1].enable = 1, enable = 1
[   30.241858] vote_gov:VOTE_TYPE_IBUS vote the same vote_client[2].value = 500000, value = 500000; vote_client[2].enable = 1, enable = 1
[   30.241864] charger-manager charger-manager: cm_manager_get_jeita_status: jeita status:(2) 2 2, temperature:296, jeita_size:4
[   30.241869] charger-manager charger-manager: target terminate voltage = 4432000, target current = 500000
[   30.241872] vote_gov:VOTE_TYPE_IBAT vote the same vote_client[0].value = 500000, value = 500000; vote_client[0].enable = 1, enable = 1
[   30.241874] vote_gov:VOTE_TYPE_CCCV vote the same vote_client[0].value = 4432000, value = 4432000; vote_client[0].enable = 1, enable = 1
[   30.241881] charger-manager charger-manager: cm_manager_get_jeita_status: jeita status:(2) 2 2, temperature:296, jeita_size:4
[   30.241885] charger-manager charger-manager: current-last jeita status: 2-2, current temperature: 296
[   30.242709] charger-manager charger-manager: battery_status 1, charging_status 0
[   30.246324] type=1400 audit(7305.795:129): avc: denied { read } for comm="health@2.1-serv" name="present" dev="sysfs" ino=42247 scontext=u:r:recovery:s0 tcontext=u:object_r:sysfs:s0 tclass=file permissive=1
[   30.246469] type=1400 audit(7305.795:130): avc: denied { open } for comm="health@2.1-serv" path="/sys/devices/platform/charger-manager/power_supply/battery/present" dev="sysfs" ino=42247 scontext=u:r:recovery:s0 tcontext=u:object_r:sysfs:s0 tclass=file permissive=1
[   30.246582] type=1400 audit(7305.795:131): avc: denied { getattr } for comm="health@2.1-serv" path="/sys/devices/platform/charger-manager/power_supply/battery/present" dev="sysfs" ino=42247 scontext=u:r:recovery:s0 tcontext=u:object_r:sysfs:s0 tclass=file permissive=1
[   30.247558] healthd: battery l=34 v=3844 t=29.6 h=2 st=2 c=314000 fc=4950000 cc=-1 chg=u
[   30.248084] type=1400 audit(7305.795:132): avc: denied { write } for comm="health@2.1-serv" path="/dev/kmsg" dev="tmpfs" ino=15315 scontext=u:r:recovery:s0 tcontext=u:object_r:kmsg_device:s0 tclass=chr_file permissive=1
[   30.327724] android_work: sent uevent USB_STATE=CONNECTED
[   30.572675] configfs-gadget gadget: high-speed config #1: b
[   30.572794] sgm41510_chg 5-006b: sgm41510_charger_usb_change limit 500, info->pd_hard_reset 0 ,info->usb_phy->chg_state 1, info->typec_online 0
[   30.572921] android_work: sent uevent USB_STATE=CONFIGURED
[   30.572937] sgm41510_chg 5-006b: battery present = 1, charger type = 1
[   30.572953] charger-manager charger-manager: cm_update_charge_info, chgr type = 1, fchg_en = 0, cp_running = 0, cp_recovery = 0 max chg_lmt_cur = 500000uA, max inpt_lmt_cur = 500000uA, max chg_volt = 6000000uV, chg_volt_drop = 700000, adapter_chg_volt = 5000mV, thm_cur = -22, chg_info_cmd = 0xb, jeita_size = 4
[   30.572959] vote_gov:VOTE_TYPE_IBAT vote the same vote_client[1].value = 500000, value = 500000; vote_client[1].enable = 1, enable = 1
[   30.572968] vote_gov:VOTE_TYPE_IBUS vote the same vote_client[2].value = 500000, value = 500000; vote_client[2].enable = 1, enable = 1
[   30.572978] charger-manager charger-manager: cm_manager_get_jeita_status: jeita status:(2) 2 2, temperature:296, jeita_size:4
[   30.572985] charger-manager charger-manager: target terminate voltage = 4432000, target current = 500000
[   30.572992] vote_gov:VOTE_TYPE_IBAT vote the same vote_client[0].value = 500000, value = 500000; vote_client[0].enable = 1, enable = 1
[   30.572999] vote_gov:VOTE_TYPE_CCCV vote the same vote_client[0].value = 4432000, value = 4432000; vote_client[0].enable = 1, enable = 1
[   30.573008] charger-manager charger-manager: cm_manager_get_jeita_status: jeita status:(2) 2 2, temperature:296, jeita_size:4
[   30.573011] charger-manager charger-manager: current-last jeita status: 2-2, current temperature: 296
[   30.573782] charger-manager charger-manager: battery_status 1, charging_status 0
[   30.577134] healthd: battery l=34 v=3844 t=29.6 h=2 st=2 c=314000 fc=4950000 cc=-1 chg=u
[   30.982504] init: starting service 'boot-hal-1-2'...
[   30.986469] init: Control message: Processed ctl.interface_start for 'android.hardware.boot@1.0::IBootControl/default' from pid: 308 (/system/bin/hwservicemanager)
[   30.993635] init: Service 'boot-hal-1-2' (pid 372) exited with status 1
[   30.993664] init: Sending signal 9 to service 'boot-hal-1-2' (pid 372) process group...
[   30.993850] libprocessgroup: Successfully killed process cgroup uid 0 pid 372 in 0ms
[   31.260436] sc2730-fast-charger 64200000.spi:pmic@0:fchg@400: pd_enable = 0, pps_enable = 0, sfcp_enable = 0
[   31.708620] vddldo2: disabling
[   31.983395] init: starting service 'boot-hal-1-2'...
[   31.986870] init: Control message: Processed ctl.interface_start for 'android.hardware.boot@1.0::IBootControl/default' from pid: 308 (/system/bin/hwservicemanager)
[   31.993890] init: Service 'boot-hal-1-2' (pid 374) exited with status 1
[   31.993917] init: Sending signal 9 to service 'boot-hal-1-2' (pid 374) process group...
[   31.994063] libprocessgroup: Successfully killed process cgroup uid 0 pid 374 in 0ms
[   32.188400] <I>CTS-Core ESD protection work
[   32.477031] sc27xx-fgu 64200000.spi:pmic@0:fgu@c00: UUSOC: cur_avg_ma = 326, resistance_moh = 0, ocv_pzero_uv = 3400000, ocv_pzero_cap = 0, ocv_pzero_mah = 0
[   32.477083] charger-manager charger-manager: cm_manager_get_jeita_status: jeita status:(2) 2 2, temperature:296, jeita_size:4
[   32.477087] charger-manager charger-manager: current-last jeita status: 2-2, current temperature: 296
[   32.479158] charger-manager charger-manager: cant not get input_cur.
[   32.481334] charger-manager charger-manager: battery_status 1, charging_status 0
[   32.481361] charger-manager charger-manager: vbat: 3847000, vbat_avg: 3846000, OCV: 3802012, ibat: 326000, ibat_avg: 326000, ibus: 0, vbus: 4778000, msoc: 333, chg_sts: 1, frce_full: 0, chg_lmt_cur: 448000, inpt_lmt_cur: 500000, chgr_type: 1, Tboard: 296, Tbatt: 296, thm_cur: -22, thm_pwr: 0, is_fchg: 0, fchg_en: 0, tflush: 30, tperiod: 15
[   32.481384] charger-manager charger-manager: new_uisoc = 342, old_uisoc = 342
[   32.482884] sgm41510_chg 5-006b: sgm41510_charger_dump_register: [REG_0x00]=0x04; [REG_0x01]=0x06; [REG_0x02]=0x11; [REG_0x03]=0x1a; [REG_0x04]=0x07; [REG_0x05]=0x12; [REG_0x06]=0x96; [REG_0x07]=0x9f; [REG_0x08]=0x03; [REG_0x09]=0x44; [REG_0x0a]=0x70; [REG_0x0b]=0x56; [REG_0x0c]=0x00; [REG_0x0d]=0x8d; [REG_0x0e]=0x00; [REG_0x0f]=0x00; [REG_0x10]=0x00; [REG_0x11]=0x80; [REG_0x12]=0x00; [REG_0x13]=0x40; [REG_0x14]=0x00; [REG_0x15]=0x0c; 
[   32.984839] init: starting service 'boot-hal-1-2'...
[   32.988155] charger-manager charger-manager: cm_ir_compensation, us = 4432000, rc = 20, upper_limit = 4500000, lower_limit = 4432000, target_cccv = 4436480, ibat_avg = 224600, offset = 100000
[   32.988167] charger-manager charger-manager: cm_sprd_vote_callback, VOTE_TYPE_CCCV[4436480]
[   32.988909] init: Control message: Processed ctl.interface_start for 'android.hardware.boot@1.0::IBootControl/default' from pid: 308 (/system/bin/hwservicemanager)
[   32.994955] init: Service 'boot-hal-1-2' (pid 376) exited with status 1
[   32.994983] init: Sending signal 9 to service 'boot-hal-1-2' (pid 376) process group...
[   32.995131] libprocessgroup: Successfully killed process cgroup uid 0 pid 376 in 0ms
[   33.986410] init: starting service 'boot-hal-1-2'...
[   33.990250] init: Control message: Processed ctl.interface_start for 'android.hardware.boot@1.0::IBootControl/default' from pid: 308 (/system/bin/hwservicemanager)
[   33.996513] init: Service 'boot-hal-1-2' (pid 378) exited with status 1
[   33.996541] init: Sending signal 9 to service 'boot-hal-1-2' (pid 378) process group...
[   33.996690] libprocessgroup: Successfully killed process cgroup uid 0 pid 378 in 0ms
[   34.204119] <I>CTS-Core ESD protection work
[   34.987069] init: starting service 'boot-hal-1-2'...
[   34.990578] init: Control message: Processed ctl.interface_start for 'android.hardware.boot@1.0::IBootControl/default' from pid: 308 (/system/bin/hwservicemanager)
[   34.997515] init: Service 'boot-hal-1-2' (pid 380) exited with status 1
[   34.997541] init: Sending signal 9 to service 'boot-hal-1-2' (pid 380) process group...
[   34.997688] libprocessgroup: Successfully killed process cgroup uid 0 pid 380 in 0ms
[   35.988995] init: starting service 'boot-hal-1-2'...
[   35.992876] init: Control message: Processed ctl.interface_start for 'android.hardware.boot@1.0::IBootControl/default' from pid: 308 (/system/bin/hwservicemanager)
[   35.999192] init: Service 'boot-hal-1-2' (pid 382) exited with status 1
[   35.999219] init: Sending signal 9 to service 'boot-hal-1-2' (pid 382) process group...
[   35.999367] libprocessgroup: Successfully killed process cgroup uid 0 pid 382 in 0ms
[   36.060482] charger-manager charger-manager: cm_ir_compensation, us = 4432000, rc = 20, upper_limit = 4500000, lower_limit = 4432000, target_cccv = 4437200, ibat_avg = 260000, offset = 100000
[   36.060493] charger-manager charger-manager: cm_sprd_vote_callback, VOTE_TYPE_CCCV[4437200]
[   36.220262] <I>CTS-Core ESD protection work
[   36.990468] init: starting service 'boot-hal-1-2'...
[   36.994261] init: Control message: Processed ctl.interface_start for 'android.hardware.boot@1.0::IBootControl/default' from pid: 308 (/system/bin/hwservicemanager)
[   37.000485] init: Service 'boot-hal-1-2' (pid 385) exited with status 1
[   37.000511] init: Sending signal 9 to service 'boot-hal-1-2' (pid 385) process group...
[   37.000665] libprocessgroup: Successfully killed process cgroup uid 0 pid 385 in 0ms
[   37.991439] init: starting service 'boot-hal-1-2'...
[   37.995221] init: Control message: Processed ctl.interface_start for 'android.hardware.boot@1.0::IBootControl/default' from pid: 308 (/system/bin/hwservicemanager)
[   38.001720] init: Service 'boot-hal-1-2' (pid 387) exited with status 1
[   38.001748] init: Sending signal 9 to service 'boot-hal-1-2' (pid 387) process group...
[   38.001894] libprocessgroup: Successfully killed process cgroup uid 0 pid 387 in 0ms
[   38.236254] <I>CTS-Core ESD protection work
[   38.620361] sc27xx-fgu 64200000.spi:pmic@0:fgu@c00: not satisfy power on start condition.
[   38.620368] sc27xx-fgu 64200000.spi:pmic@0:fgu@c00: init_cap = 342, init_mah = 1693, init_clbcnt = 16870406, cur_clbcnt = 16885152, normal_cap = 342, data->cc_mah = 1, Tbat = 296, uusoc_vbat = 0, uusoc_mah = 0, cur_1000ma_adc = 1384, track_sts = 1
[   38.992387] init: starting service 'boot-hal-1-2'...
[   38.995757] init: Control message: Processed ctl.interface_start for 'android.hardware.boot@1.0::IBootControl/default' from pid: 308 (/system/bin/hwservicemanager)
[   39.003003] init: Service 'boot-hal-1-2' (pid 389) exited with status 1
[   39.003029] init: Sending signal 9 to service 'boot-hal-1-2' (pid 389) process group...
[   39.003181] libprocessgroup: Successfully killed process cgroup uid 0 pid 389 in 0ms
[   39.994031] init: starting service 'boot-hal-1-2'...
[   39.997763] init: Control message: Processed ctl.interface_start for 'android.hardware.boot@1.0::IBootControl/default' from pid: 308 (/system/bin/hwservicemanager)
[   40.004318] init: Service 'boot-hal-1-2' (pid 391) exited with status 1
[   40.004345] init: Sending signal 9 to service 'boot-hal-1-2' (pid 391) process group...
[   40.004492] libprocessgroup: Successfully killed process cgroup uid 0 pid 391 in 0ms
[   40.252241] <I>CTS-Core ESD protection work
[   40.994981] init: starting service 'boot-hal-1-2'...
[   40.998863] init: Control message: Processed ctl.interface_start for 'android.hardware.boot@1.0::IBootControl/default' from pid: 308 (/system/bin/hwservicemanager)
[   41.005949] init: Service 'boot-hal-1-2' (pid 393) exited with status 1
[   41.005975] init: Sending signal 9 to service 'boot-hal-1-2' (pid 393) process group...
[   41.006124] libprocessgroup: Successfully killed process cgroup uid 0 pid 393 in 0ms
[   41.996235] init: starting service 'boot-hal-1-2'...
[   41.999683] init: Control message: Processed ctl.interface_start for 'android.hardware.boot@1.0::IBootControl/default' from pid: 308 (/system/bin/hwservicemanager)
[   42.007087] init: Service 'boot-hal-1-2' (pid 395) exited with status 1
[   42.007114] init: Sending signal 9 to service 'boot-hal-1-2' (pid 395) process group...
[   42.007261] libprocessgroup: Successfully killed process cgroup uid 0 pid 395 in 0ms
[   42.204284] charger-manager charger-manager: cm_ir_compensation, us = 4432000, rc = 20, upper_limit = 4500000, lower_limit = 4432000, target_cccv = 4438580, ibat_avg = 329400, offset = 100000
[   42.204292] charger-manager charger-manager: cm_sprd_vote_callback, VOTE_TYPE_CCCV[4438580]
[   42.268446] <I>CTS-Core ESD protection work
[   42.997686] init: starting service 'boot-hal-1-2'...
[   43.001240] init: Control message: Processed ctl.interface_start for 'android.hardware.boot@1.0::IBootControl/default' from pid: 308 (/system/bin/hwservicemanager)
[   43.008782] init: Service 'boot-hal-1-2' (pid 397) exited with status 1
[   43.008809] init: Sending signal 9 to service 'boot-hal-1-2' (pid 397) process group...
[   43.008960] libprocessgroup: Successfully killed process cgroup uid 0 pid 397 in 0ms
[   43.999249] init: starting service 'boot-hal-1-2'...
[   44.002789] init: Control message: Processed ctl.interface_start for 'android.hardware.boot@1.0::IBootControl/default' from pid: 308 (/system/bin/hwservicemanager)
[   44.010298] init: Service 'boot-hal-1-2' (pid 399) exited with status 1
[   44.010327] init: Sending signal 9 to service 'boot-hal-1-2' (pid 399) process group...
[   44.010476] libprocessgroup: Successfully killed process cgroup uid 0 pid 399 in 0ms
[   44.284443] <I>CTS-Core ESD protection work
[   45.000595] init: starting service 'boot-hal-1-2'...
[   45.004066] init: Control message: Processed ctl.interface_start for 'android.hardware.boot@1.0::IBootControl/default' from pid: 308 (/system/bin/hwservicemanager)
[   45.011559] init: Service 'boot-hal-1-2' (pid 401) exited with status 1
[   45.011586] init: Sending signal 9 to service 'boot-hal-1-2' (pid 401) process group...
[   45.011732] libprocessgroup: Successfully killed process cgroup uid 0 pid 401 in 0ms
