[    0.000000] Booting Linux on physical CPU 0x0000000000 [0x412fd050]
[    0.000000] Linux version 5.4.254-ab181 (jks@62jks) (DEFAULT, ) #1 SMP PREEMPT PREEMPT_RT Tue Jun 4 13:41:46 CST 2024
[    0.000000] Machine model: Spreadtrum UMS9230 1H10 SoC
[    0.000000] earlycon: sprd_serial0 at MMIO 0x00000000200b0000 (options '115200n8')
[    0.000000] printk: bootconsole [sprd_serial0] enabled
[    0.000000] efi: Getting EFI parameters from FDT:
[    0.000000] efi: UEFI not found.
[    0.000000] OF: fdt: Reserved memory: failed to reserve memory for node 'sysdump-uboot@9f000000': base 0x000000009f000000, size 0 MiB
[    0.000000] memblock overlap! base:[0x000000f0000000 - 0x000000f2ffffff], overlap:[0x000000f0000000 - 0x000000f2ffffff]
[    0.000000] Reserved memory: created CMA memory pool at 0x00000000f0000000, size 48 MiB
[    0.000000] OF: reserved mem: initialized node cma_share@f00000000, compatible id shared-dma-pool
[    0.000000] On node 0 totalpages: 1572847
[    0.000000] DMA32 zone: 8192 pages used for memmap
[    0.000000] DMA32 zone: 0 pages reserved
[    0.000000] DMA32 zone: 524272 pages, LIFO batch:63
[    0.000000] Normal zone: 16384 pages used for memmap
[    0.000000] Normal zone: 1048575 pages, LIFO batch:63
[    0.000000] psci: probing for conduit method from DT.
[    0.000000] psci: PSCIv1.0 detected in firmware.
[    0.000000] psci: Using standard PSCI v0.2 function IDs
[    0.000000] psci: MIGRATE_INFO_TYPE not supported.
[    0.000000] psci: SMC Calling Convention v1.0
[    0.000000] percpu: Embedded 32 pages/cpu s93592 r8192 d29288 u131072
[    0.000000] pcpu-alloc: s93592 r8192 d29288 u131072 alloc=32*4096
[    0.000000] pcpu-alloc: [0] 0 [0] 1 [0] 2 [0] 3 [0] 4 [0] 5 [0] 6 [0] 7 
[    0.000000] Detected VIPT I-cache on CPU0
[    0.000000] CPU features: detected: GIC system register CPU interface
[    0.000000] CPU features: detected: Speculative Store Bypassing Safe (SSBS)
[    0.000000] Built 1 zonelists, mobility grouping on.  Total pages: 1548271
[    0.000000] Kernel command line: earlycon console=ttySPRD1,115200n8 loop.max_part=7 loglevel=1 init=/init root=/dev/ram0 rw printk.devkmsg=on swiotlb=1 dummy_hcd.num=0 initcall_debug=1 androidboot.hardware=ums9230_1h10 androidboot.dtbo_idx=1 lcd_id=ID41 lcd_name=lcd_icnl9911c_mdt_mipi_hdp lcd_base=9e000000 lcd_size=1600x720 logo_bpix=8 androidboot.ddrsize=6144M androidboot.ddrsize.range=[6144,) androidboot.lwfq.type=0 androidboot.auto.efuse=T616 androidboot.auto.chipid=UMS9230-AC  sysdump_magic=80001000 sysdump_re_flag=1  androidboot.wdten=e551  androidboot.dswdten=enable modem=shutdown androidboot.mode=recovery ltemode=lcsfb rfboard.id=0 rfhw.id=32816 crystal=6 32k.less=1 marlin.clktype=1 androidboot.pmic.chipid=2730 cpcmdline=end  androidboot.verifiedbootstate=orange androidboot.flash.locked=0  androidboot.serialno=Z60plusBD2309059028 buildvariant=user androidboot.vbmeta.device=PARTUUID=1.0 androidboot.vbmeta.avb_version=1.1 androidboot.vbmeta.device_state=unlocked and
[    0.000000] sprd-sysdump: [sysdump_magic_setup]SYSDUMP paddr from uboot: 0x80001000
[    0.000000] sprd-sysdump: [sysdump_reflag_setup]sysdump reserve flag from uboot: 1
[    0.000000] Dentry cache hash table entries: 1048576 (order: 11, 8388608 bytes, linear)
[    0.000000] Inode-cache hash table entries: 524288 (order: 10, 4194304 bytes, linear)
[    0.000000] mem auto-init: stack:all(zero), heap alloc:on, heap free:off
[    0.000000] software IO TLB: mapped [mem 0xffa30000-0xffa70000] (0MB)
[    0.000000] Memory: 5807184K/6291388K available (22716K kernel code, 1742K rwdata, 10488K rodata, 2112K init, 2788K bss, 435052K reserved, 49152K cma-reserved)
[    0.000000] SLUB: HWalign=64, Order=0-3, MinObjects=0, CPUs=8, Nodes=1
[    0.000000] rcu: Preemptible hierarchical RCU implementation.
[    0.000000] rcu: \x09RCU dyntick-idle grace-period acceleration is enabled.
[    0.000000] rcu: \x09RCU restricting CPUs from NR_CPUS=32 to nr_cpu_ids=8.
[    0.000000] \x09Tasks RCU enabled.
[    0.000000] rcu: RCU calculated value of scheduler-enlistment delay is 25 jiffies.
[    0.000000] rcu: Adjusting geometry for rcu_fanout_leaf=16, nr_cpu_ids=8
[    0.000000] NR_IRQS: 64, nr_irqs: 64, preallocated irqs: 0
[    0.000000] GICv3: GIC: Using split EOI/Deactivate mode
[    0.000000] GICv3: 192 SPIs implemented
[    0.000000] GICv3: 0 Extended SPIs implemented
[    0.000000] GICv3: Distributor has no Range Selector support
[    0.000000] GICv3: 16 PPIs implemented
[    0.000000] GICv3: no VLPI support, no direct LPI support
[    0.000000] GICv3: CPU0: found redistributor 0 region 0:0x0000000010040000
[    0.000000] rcu: \x09Offload RCU callbacks from CPUs: (none).
[    0.000000] kfence: initialized - using 2097152 bytes for 255 objects at 0x(____ptrval____)-0x(____ptrval____)
[    0.000000] clocksource: sprd_suspend_timer: mask: 0xffffffff max_cycles: 0xffffffff, max_idle_ns: 58327039986419 ns
[    0.000000] arch_timer: cp15 timer(s) running at 26.00MHz (phys).
[    0.000000] clocksource: arch_sys_counter: mask: 0xffffffffffffff max_cycles: 0x5ff13d5a9, max_idle_ns: 440795202370 ns
[    0.000000] sched_clock: 56 bits at 26MHz, resolution 38ns, wraps every 4398046511088ns
[    0.000000] calling  __typeid__ZTSFivE_global_addr+0x770/0xec8 @ 0
[    0.000000] initcall __typeid__ZTSFivE_global_addr+0x770/0xec8 returned 0 after 0 usecs
[    0.000000] calling  __typeid__ZTSFivE_global_addr+0x778/0xec8 @ 0
[    0.000000] initcall __typeid__ZTSFivE_global_addr+0x778/0xec8 returned 0 after 0 usecs
[    0.000000] calling  __typeid__ZTSFivE_global_addr+0x78c/0xec8 @ 0
[    0.000000] serial port 1 not yet initialized
[    0.000000] initcall __typeid__ZTSFivE_global_addr+0x78c/0xec8 returned 0 after 0 usecs
[    0.000000] Calibrating delay loop (skipped), value calculated using timer frequency.. 52.00 BogoMIPS (lpj=104000)
[    0.000000] pid_max: default: 32768 minimum: 301
[    0.000000] LSM: Security Framework initializing
[    0.000000] SELinux:  Initializing.
[    0.000000] Mount-cache hash table entries: 16384 (order: 5, 131072 bytes, linear)
[    0.000000] Mountpoint-cache hash table entries: 16384 (order: 5, 131072 bytes, linear)
[    0.000000] calling  __typeid__ZTSFivE_global_addr+0x40/0xec8 @ 1
[    0.000000] initcall __typeid__ZTSFivE_global_addr+0x40/0xec8 returned 0 after 0 usecs
[    0.000000] calling  __typeid__ZTSFivE_global_addr+0x3c/0xec8 @ 1
[    0.000000] initcall __typeid__ZTSFivE_global_addr+0x3c/0xec8 returned 0 after 0 usecs
[    0.000000] calling  __typeid__ZTSFivE_global_addr+0x74/0xec8 @ 1
[    0.000000] initcall __typeid__ZTSFivE_global_addr+0x74/0xec8 returned 0 after 0 usecs
[    0.000000] calling  __typeid__ZTSFivE_global_addr+0x8c/0xec8 @ 1
[    0.000000] ASID allocator initialised with 32768 entries
[    0.000000] initcall __typeid__ZTSFivE_global_addr+0x8c/0xec8 returned 0 after 0 usecs
[    0.000000] calling  __typeid__ZTSFivE_global_addr+0xec/0xec8 @ 1
[    0.000000] initcall __typeid__ZTSFivE_global_addr+0xec/0xec8 returned 0 after 0 usecs
[    0.000000] calling  __typeid__ZTSFivE_global_addr+0x10c/0xec8 @ 1
[    0.000000] initcall __typeid__ZTSFivE_global_addr+0x10c/0xec8 returned 0 after 0 usecs
[    0.000000] calling  __typeid__ZTSFivE_global_addr+0x17c/0xec8 @ 1
[    0.000000] rcu: Hierarchical SRCU implementation.
[    0.000000] initcall __typeid__ZTSFivE_global_addr+0x17c/0xec8 returned 0 after 0 usecs
[    0.000000] calling  __typeid__ZTSFivE_global_addr+0x190/0xec8 @ 1
[    0.000000] initcall __typeid__ZTSFivE_global_addr+0x190/0xec8 returned 0 after 0 usecs
[    0.000000] calling  __typeid__ZTSFivE_global_addr+0x18c/0xec8 @ 1
[    0.000000] initcall __typeid__ZTSFivE_global_addr+0x18c/0xec8 returned 0 after 0 usecs
[    0.000000] calling  __typeid__ZTSFivE_global_addr+0x188/0xec8 @ 1
[    0.000000] initcall __typeid__ZTSFivE_global_addr+0x188/0xec8 returned 0 after 0 usecs
[    0.000000] calling  __typeid__ZTSFivE_global_addr+0x1fc/0xec8 @ 1
[    0.000000] initcall __typeid__ZTSFivE_global_addr+0x1fc/0xec8 returned 0 after 0 usecs
[    0.000000] calling  __typeid__ZTSFivE_global_addr+0x244/0xec8 @ 1
[    0.000000] initcall __typeid__ZTSFivE_global_addr+0x244/0xec8 returned 0 after 0 usecs
[    0.000000] calling  __typeid__ZTSFivE_global_addr+0x24c/0xec8 @ 1
[    0.000000] initcall __typeid__ZTSFivE_global_addr+0x24c/0xec8 returned 0 after 0 usecs
[    0.000000] calling  __typeid__ZTSFivE_global_addr+0x294/0xec8 @ 1
[    0.000000] initcall __typeid__ZTSFivE_global_addr+0x294/0xec8 returned 0 after 0 usecs
[    0.000000] calling  __typeid__ZTSFivE_global_addr+0x2d8/0xec8 @ 1
[    0.000000] initcall __typeid__ZTSFivE_global_addr+0x2d8/0xec8 returned 0 after 0 usecs
[    0.000000] calling  __typeid__ZTSFivE_global_addr+0x674/0xec8 @ 1
[    0.004000] initcall __typeid__ZTSFivE_global_addr+0x674/0xec8 returned 0 after 3906 usecs
[    0.004000] calling  __typeid__ZTSFivE_global_addr+0x680/0xec8 @ 1
[    0.004000] initcall __typeid__ZTSFivE_global_addr+0x680/0xec8 returned 0 after 0 usecs
[    0.004000] calling  __typeid__ZTSFivE_global_addr+0x684/0xec8 @ 1
[    0.004000] initcall __typeid__ZTSFivE_global_addr+0x684/0xec8 returned 0 after 0 usecs
[    0.004000] calling  __typeid__ZTSFivE_global_addr+0x728/0xec8 @ 1
[    0.004000] sprd-sysdump: [sysdump_info_init]vmcore info init end!
[    0.100000] sprd-sysdump: section_info_log_buf in. vaddr : 0xffffffc0124ecca8  len :0x100000
[    0.100000] sprd-sysdump: log_buf added successfully in minidump section:paddr_start=824ecca8,paddr_end=825ecca8
[    0.100000] sprd-sysdump: add log_buf to minidump section ok!!
[    0.100000] sprd-sysdump: per_cpu added successfully in minidump section:paddr_start=1ff244000,paddr_end=1ff344000
[    0.100000] sprd-sysdump: per_cpu added to minidump section ok!!
[    0.100000] sprd-sysdump: etb_data added successfully in minidump section:paddr_start=0,paddr_end=0
[    0.100000] initcall __typeid__ZTSFivE_global_addr+0x728/0xec8 returned 0 after 93750 usecs
[    0.100000] calling  __typeid__ZTSFivE_global_addr+0x730/0xec8 @ 1
[    0.100000] sprd-sysdump: vmcoreinfo added successfully in minidump section:paddr_start=1f7d85000,paddr_end=1f7d87000
[    0.100000] add vmcoreinfo to minidump ok!!
[    0.100000] initcall __typeid__ZTSFivE_global_addr+0x730/0xec8 returned 0 after 0 usecs
[    0.100000] calling  __typeid__ZTSFivE_global_addr+0x824/0xec8 @ 1
[    0.100000] initcall __typeid__ZTSFivE_global_addr+0x824/0xec8 returned 0 after 0 usecs
[    0.100000] calling  __typeid__ZTSFivE_global_addr+0xa74/0xec8 @ 1
[    0.100000] initcall __typeid__ZTSFivE_global_addr+0xa74/0xec8 returned 0 after 0 usecs
[    0.100000] calling  __typeid__ZTSFivE_global_addr+0xa94/0xec8 @ 1
[    0.100000] EFI services will not be available.
[    0.100000] initcall __typeid__ZTSFivE_global_addr+0xa94/0xec8 returned 0 after 0 usecs
[    0.100000] calling  __typeid__ZTSFivE_global_addr+0xa9c/0xec8 @ 1
[    0.100000] initcall __typeid__ZTSFivE_global_addr+0xa9c/0xec8 returned 0 after 0 usecs
[    0.100000] calling  __typeid__ZTSFivE_global_addr+0xaa0/0xec8 @ 1
[    0.100000] initcall __typeid__ZTSFivE_global_addr+0xaa0/0xec8 returned 0 after 0 usecs
[    0.100000] calling  __typeid__ZTSFivE_global_addr+0xec4/0xec8 @ 1
[    0.100000] initcall __typeid__ZTSFivE_global_addr+0xec4/0xec8 returned 0 after 0 usecs
[    0.100000] smp: Bringing up secondary CPUs ...
[    0.104000] Detected VIPT I-cache on CPU1
[    0.104000] GICv3: CPU1: found redistributor 100 region 0:0x0000000010060000
[    0.104000] CPU1: Booted secondary processor 0x0000000100 [0x412fd050]
[    0.104000] Detected VIPT I-cache on CPU2
[    0.104000] GICv3: CPU2: found redistributor 200 region 0:0x0000000010080000
[    0.104000] CPU2: Booted secondary processor 0x0000000200 [0x412fd050]
[    0.104000] Detected VIPT I-cache on CPU3
[    0.104000] GICv3: CPU3: found redistributor 300 region 0:0x00000000100a0000
[    0.104000] CPU3: Booted secondary processor 0x0000000300 [0x412fd050]
[    0.104000] Detected VIPT I-cache on CPU4
[    0.104000] GICv3: CPU4: found redistributor 400 region 0:0x00000000100c0000
[    0.104000] CPU4: Booted secondary processor 0x0000000400 [0x412fd050]
[    0.108000] Detected VIPT I-cache on CPU5
[    0.108000] GICv3: CPU5: found redistributor 500 region 0:0x00000000100e0000
[    0.108000] CPU5: Booted secondary processor 0x0000000500 [0x412fd050]
[    5.344000] CPU6: failed to come online
[    5.344000] CPU6: failed in unknown state : 0x0
[   10.464000] CPU7: failed to come online
[   10.464000] CPU7: failed in unknown state : 0x0
[   10.464000] smp: Brought up 1 node, 6 CPUs
[   10.464000] SMP: Total of 6 processors activated.
[   10.464000] CPU features: detected: Privileged Access Never
[   10.464000] CPU features: detected: LSE atomic instructions
[   10.464000] CPU features: detected: User Access Override
[   10.464000] CPU features: detected: 32-bit EL0 Support
[   10.464000] CPU features: detected: Common not Private translations
[   10.464000] CPU features: detected: RAS Extension Support
[   10.464000] CPU features: detected: Data cache clean to the PoU not required for I/D coherence
[   10.464000] CPU features: detected: CRC32 instructions
[   10.556000] CPU: All CPU(s) started at EL2
[   10.556000] alternatives: patching kernel code
[   10.556000] CPU5: update max cpu_capacity 544
[   10.564000] CPU2: update max cpu_capacity 544
[   10.580000] calling  __typeid__ZTSFivE_global_addr+0x27c/0xec8 @ 1
[   10.580000] initcall __typeid__ZTSFivE_global_addr+0x27c/0xec8 returned 0 after 0 usecs
[   10.580000] calling  __typeid__ZTSFivE_global_addr+0x500/0xec8 @ 1
[   10.580000] initcall __typeid__ZTSFivE_global_addr+0x500/0xec8 returned 0 after 0 usecs
[   10.580000] calling  __typeid__ZTSFivE_global_addr+0x6b4/0xec8 @ 1
[   10.580000] initcall __typeid__ZTSFivE_global_addr+0x6b4/0xec8 returned 0 after 0 usecs
[   10.580000] calling  __typeid__ZTSFivE_global_addr+0x724/0xec8 @ 1
[   10.580000] initcall __typeid__ZTSFivE_global_addr+0x724/0xec8 returned 0 after 0 usecs
[   10.580000] calling  __typeid__ZTSFivE_global_addr+0xc08/0xec8 @ 1
[   10.580000] initcall __typeid__ZTSFivE_global_addr+0xc08/0xec8 returned 0 after 0 usecs
[   10.580000] calling  __typeid__ZTSFivE_global_addr+0x34/0xec8 @ 1
[   10.580000] initcall __typeid__ZTSFivE_global_addr+0x34/0xec8 returned 0 after 0 usecs
[   10.580000] calling  __typeid__ZTSFivE_global_addr+0x38/0xec8 @ 1
[   10.580000] initcall __typeid__ZTSFivE_global_addr+0x38/0xec8 returned 0 after 0 usecs
[   10.580000] calling  __typeid__ZTSFivE_global_addr+0x60/0xec8 @ 1
[   10.580000] initcall __typeid__ZTSFivE_global_addr+0x60/0xec8 returned 0 after 0 usecs
[   10.580000] calling  __typeid__ZTSFivE_global_addr+0x78/0xec8 @ 1
[   10.580000] initcall __typeid__ZTSFivE_global_addr+0x78/0xec8 returned 0 after 0 usecs
[   10.580000] calling  __typeid__ZTSFivE_global_addr+0x7c/0xec8 @ 1
[   10.580000] Registered cp15_barrier emulation handler
[   10.580000] Registered setend emulation handler
[   10.580000] initcall __typeid__ZTSFivE_global_addr+0x7c/0xec8 returned 0 after 0 usecs
[   10.580000] calling  __typeid__ZTSFivE_global_addr+0x88/0xec8 @ 1
[   10.580000] initcall __typeid__ZTSFivE_global_addr+0x88/0xec8 returned 0 after 0 usecs
[   10.580000] calling  __typeid__ZTSFivE_global_addr+0xe0/0xec8 @ 1
[   10.580000] initcall __typeid__ZTSFivE_global_addr+0xe0/0xec8 returned 0 after 0 usecs
[   10.580000] calling  __typeid__ZTSFivE_global_addr+0xdc/0xec8 @ 1
[   10.580000] initcall __typeid__ZTSFivE_global_addr+0xdc/0xec8 returned 0 after 0 usecs
[   10.580000] calling  __typeid__ZTSFivE_global_addr+0xfc/0xec8 @ 1
[   10.580000] initcall __typeid__ZTSFivE_global_addr+0xfc/0xec8 returned 0 after 0 usecs
[   10.580000] calling  __typeid__ZTSFivE_global_addr+0x104/0xec8 @ 1
[   10.580000] initcall __typeid__ZTSFivE_global_addr+0x104/0xec8 returned 0 after 0 usecs
[   10.580000] calling  __typeid__ZTSFivE_global_addr+0x124/0xec8 @ 1
[   10.580000] initcall __typeid__ZTSFivE_global_addr+0x124/0xec8 returned 0 after 0 usecs
[   10.580000] calling  __typeid__ZTSFivE_global_addr+0x140/0xec8 @ 1
[   10.580000] initcall __typeid__ZTSFivE_global_addr+0x140/0xec8 returned 0 after 0 usecs
[   10.580000] calling  __typeid__ZTSFivE_global_addr+0x174/0xec8 @ 1
[   10.580000] initcall __typeid__ZTSFivE_global_addr+0x174/0xec8 returned 0 after 0 usecs
[   10.580000] calling  __typeid__ZTSFivE_global_addr+0x170/0xec8 @ 1
[   10.580000] initcall __typeid__ZTSFivE_global_addr+0x170/0xec8 returned 0 after 0 usecs
[   10.580000] calling  __typeid__ZTSFivE_global_addr+0x194/0xec8 @ 1
[   10.580000] initcall __typeid__ZTSFivE_global_addr+0x194/0xec8 returned -12 after 0 usecs
[   10.580000] calling  __typeid__ZTSFivE_global_addr+0x1b4/0xec8 @ 1
[   10.580000] clocksource: jiffies: mask: 0xffffffff max_cycles: 0xffffffff, max_idle_ns: 7645041785100000 ns
[   10.580000] initcall __typeid__ZTSFivE_global_addr+0x1b4/0xec8 returned 0 after 0 usecs
[   10.580000] calling  __typeid__ZTSFivE_global_addr+0x1d4/0xec8 @ 1
[   10.580000] futex hash table entries: 2048 (order: 5, 131072 bytes, linear)
[   10.580000] initcall __typeid__ZTSFivE_global_addr+0x1d4/0xec8 returned 0 after 0 usecs
[   10.580000] calling  __typeid__ZTSFivE_global_addr+0x1e4/0xec8 @ 1
[   10.580000] initcall __typeid__ZTSFivE_global_addr+0x1e4/0xec8 returned 0 after 0 usecs
[   10.580000] calling  __typeid__ZTSFivE_global_addr+0x1ec/0xec8 @ 1
[   10.580000] initcall __typeid__ZTSFivE_global_addr+0x1ec/0xec8 returned 0 after 0 usecs
[   10.580000] calling  __typeid__ZTSFivE_global_addr+0x274/0xec8 @ 1
[   10.580000] initcall __typeid__ZTSFivE_global_addr+0x274/0xec8 returned 0 after 0 usecs
[   10.580000] calling  __typeid__ZTSFivE_global_addr+0x328/0xec8 @ 1
[   10.580000] initcall __typeid__ZTSFivE_global_addr+0x328/0xec8 returned 0 after 0 usecs
[   10.580000] calling  __typeid__ZTSFivE_global_addr+0x358/0xec8 @ 1
[   10.580000] initcall __typeid__ZTSFivE_global_addr+0x358/0xec8 returned 0 after 0 usecs
[   10.580000] calling  __typeid__ZTSFivE_global_addr+0x37c/0xec8 @ 1
[   10.580000] initcall __typeid__ZTSFivE_global_addr+0x37c/0xec8 returned 0 after 0 usecs
[   10.580000] calling  __typeid__ZTSFivE_global_addr+0x388/0xec8 @ 1
[   10.580000] initcall __typeid__ZTSFivE_global_addr+0x388/0xec8 returned 0 after 0 usecs
[   10.580000] calling  __typeid__ZTSFivE_global_addr+0x38c/0xec8 @ 1
[   10.580000] initcall __typeid__ZTSFivE_global_addr+0x38c/0xec8 returned 0 after 0 usecs
[   10.580000] calling  __typeid__ZTSFivE_global_addr+0x390/0xec8 @ 1
[   10.580000] initcall __typeid__ZTSFivE_global_addr+0x390/0xec8 returned 0 after 0 usecs
[   10.580000] calling  __typeid__ZTSFivE_global_addr+0x394/0xec8 @ 1
[   10.580000] initcall __typeid__ZTSFivE_global_addr+0x394/0xec8 returned 0 after 0 usecs
[   10.580000] calling  __typeid__ZTSFivE_global_addr+0x3dc/0xec8 @ 1
[   10.580000] initcall __typeid__ZTSFivE_global_addr+0x3dc/0xec8 returned 0 after 0 usecs
[   10.580000] calling  __typeid__ZTSFivE_global_addr+0x4dc/0xec8 @ 1
[   10.580000] initcall __typeid__ZTSFivE_global_addr+0x4dc/0xec8 returned 0 after 0 usecs
[   10.584000] calling  __typeid__ZTSFivE_global_addr+0x4e0/0xec8 @ 1
[   10.584000] initcall __typeid__ZTSFivE_global_addr+0x4e0/0xec8 returned 0 after 0 usecs
[   10.584000] calling  __typeid__ZTSFivE_global_addr+0x508/0xec8 @ 1
[   10.584000] initcall __typeid__ZTSFivE_global_addr+0x508/0xec8 returned 0 after 0 usecs
[   10.584000] calling  __typeid__ZTSFivE_global_addr+0x5ec/0xec8 @ 1
[   10.584000] xor: measuring software checksum speed
[   10.624000] 8regs     :  3255.000 MB/sec
[   10.664000] 32regs    :  3624.000 MB/sec
[   10.704000] arm64_neon:  3149.000 MB/sec
[   10.704000] xor: using function: 32regs (3624.000 MB/sec)
[   10.704000] initcall __typeid__ZTSFivE_global_addr+0x5ec/0xec8 returned 0 after 117187 usecs
[   10.704000] calling  __typeid__ZTSFivE_global_addr+0x63c/0xec8 @ 1
[   10.704000] initcall __typeid__ZTSFivE_global_addr+0x63c/0xec8 returned 0 after 0 usecs
[   10.704000] calling  __typeid__ZTSFivE_global_addr+0x68c/0xec8 @ 1
[   10.704000] pinctrl core: initialized pinctrl subsystem
[   10.704000] initcall __typeid__ZTSFivE_global_addr+0x68c/0xec8 returned 0 after 0 usecs
[   10.704000] calling  __typeid__ZTSFivE_global_addr+0x69c/0xec8 @ 1
[   10.704000] initcall __typeid__ZTSFivE_global_addr+0x69c/0xec8 returned 0 after 0 usecs
[   10.704000] calling  __typeid__ZTSFivE_global_addr+0x74c/0xec8 @ 1
[   10.704000] initcall __typeid__ZTSFivE_global_addr+0x74c/0xec8 returned 0 after 0 usecs
[   10.704000] calling  __typeid__ZTSFivE_global_addr+0x754/0xec8 @ 1
[   10.704000] probe of reg-dummy returned 1 after 0 usecs
[   10.704000] initcall __typeid__ZTSFivE_global_addr+0x754/0xec8 returned 0 after 0 usecs
[   10.704000] calling  __typeid__ZTSFivE_global_addr+0x7a4/0xec8 @ 1
[   10.704000] initcall __typeid__ZTSFivE_global_addr+0x7a4/0xec8 returned 0 after 0 usecs
[   10.704000] calling  __typeid__ZTSFivE_global_addr+0x7c8/0xec8 @ 1
[   10.704000] initcall __typeid__ZTSFivE_global_addr+0x7c8/0xec8 returned 0 after 0 usecs
[   10.704000] calling  __typeid__ZTSFivE_global_addr+0x7fc/0xec8 @ 1
[   10.704000] initcall __typeid__ZTSFivE_global_addr+0x7fc/0xec8 returned 0 after 0 usecs
[   10.704000] calling  __typeid__ZTSFivE_global_addr+0x810/0xec8 @ 1
[   10.704000] initcall __typeid__ZTSFivE_global_addr+0x810/0xec8 returned 0 after 0 usecs
[   10.704000] calling  __typeid__ZTSFivE_global_addr+0x814/0xec8 @ 1
[   10.704000] initcall __typeid__ZTSFivE_global_addr+0x814/0xec8 returned 0 after 0 usecs
[   10.704000] calling  __typeid__ZTSFivE_global_addr+0xa04/0xec8 @ 1
[   10.704000] initcall __typeid__ZTSFivE_global_addr+0xa04/0xec8 returned 0 after 0 usecs
[   10.704000] calling  __typeid__ZTSFivE_global_addr+0xa10/0xec8 @ 1
[   10.704000] initcall __typeid__ZTSFivE_global_addr+0xa10/0xec8 returned 0 after 0 usecs
[   10.704000] calling  __typeid__ZTSFivE_global_addr+0xa14/0xec8 @ 1
[   10.704000] initcall __typeid__ZTSFivE_global_addr+0xa14/0xec8 returned 0 after 0 usecs
[   10.704000] calling  __typeid__ZTSFivE_global_addr+0xa28/0xec8 @ 1
[   10.704000] initcall __typeid__ZTSFivE_global_addr+0xa28/0xec8 returned 0 after 0 usecs
[   10.704000] calling  __typeid__ZTSFivE_global_addr+0xa84/0xec8 @ 1
[   10.704000] initcall __typeid__ZTSFivE_global_addr+0xa84/0xec8 returned 0 after 0 usecs
[   10.704000] calling  __typeid__ZTSFivE_global_addr+0xa90/0xec8 @ 1
[   10.704000] initcall __typeid__ZTSFivE_global_addr+0xa90/0xec8 returned 0 after 0 usecs
[   10.704000] calling  __typeid__ZTSFivE_global_addr+0xbfc/0xec8 @ 1
[   10.704000] initcall __typeid__ZTSFivE_global_addr+0xbfc/0xec8 returned 0 after 0 usecs
[   10.704000] calling  __typeid__ZTSFivE_global_addr+0xc04/0xec8 @ 1
[   10.704000] initcall __typeid__ZTSFivE_global_addr+0xc04/0xec8 returned 0 after 0 usecs
[   10.704000] calling  __typeid__ZTSFivE_global_addr+0xc0c/0xec8 @ 1
[   10.704000] initcall __typeid__ZTSFivE_global_addr+0xc0c/0xec8 returned 0 after 0 usecs
[   10.704000] calling  __typeid__ZTSFivE_global_addr+0xc10/0xec8 @ 1
[   10.704000] initcall __typeid__ZTSFivE_global_addr+0xc10/0xec8 returned 0 after 0 usecs
[   10.704000] calling  __typeid__ZTSFivE_global_addr+0xc90/0xec8 @ 1
[   10.704000] NET: Registered protocol family 16
[   10.704000] initcall __typeid__ZTSFivE_global_addr+0xc90/0xec8 returned 0 after 0 usecs
[   10.704000] calling  __typeid__ZTSFivE_global_addr+0x2c/0xec8 @ 1
[   10.704000] initcall __typeid__ZTSFivE_global_addr+0x2c/0xec8 returned 0 after 0 usecs
[   10.704000] calling  __typeid__ZTSFivE_global_addr+0x160/0xec8 @ 1
[   10.704000] initcall __typeid__ZTSFivE_global_addr+0x160/0xec8 returned 0 after 0 usecs
[   10.704000] calling  __typeid__ZTSFivE_global_addr+0x19c/0xec8 @ 1
[   10.704000] DMA: preallocated 256 KiB pool for atomic allocations
[   10.704000] initcall __typeid__ZTSFivE_global_addr+0x19c/0xec8 returned 0 after 0 usecs
[   10.704000] calling  __typeid__ZTSFivE_global_addr+0x200/0xec8 @ 1
[   10.704000] audit: initializing netlink subsys (disabled)
[   10.704000] initcall __typeid__ZTSFivE_global_addr+0x200/0xec8 returned 0 after 0 usecs
[   10.704000] calling  __typeid__ZTSFivE_global_addr+0x22c/0xec8 @ 1
[   10.704000] audit: type=2000 audit(10.704:1): state=initialized audit_enabled=0 res=1
[   10.704000] initcall __typeid__ZTSFivE_global_addr+0x22c/0xec8 returned 0 after 0 usecs
[   10.704000] calling  __typeid__ZTSFivE_global_addr+0x2b4/0xec8 @ 1
[   10.704000] initcall __typeid__ZTSFivE_global_addr+0x2b4/0xec8 returned 0 after 0 usecs
[   10.704000] calling  __typeid__ZTSFivE_global_addr+0x2b8/0xec8 @ 1
[   10.704000] initcall __typeid__ZTSFivE_global_addr+0x2b8/0xec8 returned 0 after 0 usecs
[   10.704000] calling  __typeid__ZTSFivE_global_addr+0x2f0/0xec8 @ 1
[   10.704000] initcall __typeid__ZTSFivE_global_addr+0x2f0/0xec8 returned 0 after 0 usecs
[   10.704000] calling  __typeid__ZTSFivE_global_addr+0x4ec/0xec8 @ 1
[   10.704000] initcall __typeid__ZTSFivE_global_addr+0x4ec/0xec8 returned 0 after 0 usecs
[   10.704000] calling  __typeid__ZTSFivE_global_addr+0x6b0/0xec8 @ 1
[   10.704000] initcall __typeid__ZTSFivE_global_addr+0x6b0/0xec8 returned 0 after 0 usecs
[   10.704000] calling  __typeid__ZTSFivE_global_addr+0x6bc/0xec8 @ 1
[   10.704000] initcall __typeid__ZTSFivE_global_addr+0x6bc/0xec8 returned 0 after 0 usecs
[   10.704000] calling  __typeid__ZTSFivE_global_addr+0x6ec/0xec8 @ 1
[   10.704000] initcall __typeid__ZTSFivE_global_addr+0x6ec/0xec8 returned 0 after 0 usecs
[   10.704000] calling  __typeid__ZTSFivE_global_addr+0x6f8/0xec8 @ 1
[   10.704000] initcall __typeid__ZTSFivE_global_addr+0x6f8/0xec8 returned 0 after 0 usecs
[   10.704000] calling  __typeid__ZTSFivE_global_addr+0x760/0xec8 @ 1
[   10.704000] initcall __typeid__ZTSFivE_global_addr+0x760/0xec8 returned 0 after 0 usecs
[   10.704000] calling  __typeid__ZTSFivE_global_addr+0x790/0xec8 @ 1
[   10.704000] initcall __typeid__ZTSFivE_global_addr+0x790/0xec8 returned 0 after 0 usecs
[   10.704000] calling  __typeid__ZTSFivE_global_addr+0x7ac/0xec8 @ 1
[   10.704000] initcall __typeid__ZTSFivE_global_addr+0x7ac/0xec8 returned 0 after 0 usecs
[   10.704000] calling  __typeid__ZTSFivE_global_addr+0x7c0/0xec8 @ 1
[   10.704000] initcall __typeid__ZTSFivE_global_addr+0x7c0/0xec8 returned 0 after 0 usecs
[   10.704000] calling  __typeid__ZTSFivE_global_addr+0x7d0/0xec8 @ 1
[   10.704000] initcall __typeid__ZTSFivE_global_addr+0x7d0/0xec8 returned 0 after 0 usecs
[   10.704000] calling  __typeid__ZTSFivE_global_addr+0x7ec/0xec8 @ 1
[   10.704000] initcall __typeid__ZTSFivE_global_addr+0x7ec/0xec8 returned 0 after 0 usecs
[   10.704000] calling  __typeid__ZTSFivE_global_addr+0x7f0/0xec8 @ 1
[   10.704000] initcall __typeid__ZTSFivE_global_addr+0x7f0/0xec8 returned 0 after 0 usecs
[   10.704000] calling  __typeid__ZTSFivE_global_addr+0x7f4/0xec8 @ 1
[   10.704000] initcall __typeid__ZTSFivE_global_addr+0x7f4/0xec8 returned 0 after 0 usecs
[   10.704000] calling  __typeid__ZTSFivE_global_addr+0x808/0xec8 @ 1
[   10.704000] initcall __typeid__ZTSFivE_global_addr+0x808/0xec8 returned 0 after 0 usecs
[   10.704000] calling  __typeid__ZTSFivE_global_addr+0x80c/0xec8 @ 1
[   10.704000] initcall __typeid__ZTSFivE_global_addr+0x80c/0xec8 returned 0 after 0 usecs
[   10.704000] calling  __typeid__ZTSFivE_global_addr+0x82c/0xec8 @ 1
[   10.704000] initcall __typeid__ZTSFivE_global_addr+0x82c/0xec8 returned 0 after 0 usecs
[   10.704000] calling  __typeid__ZTSFivE_global_addr+0x860/0xec8 @ 1
[   10.704000] initcall __typeid__ZTSFivE_global_addr+0x860/0xec8 returned 0 after 0 usecs
[   10.704000] calling  __typeid__ZTSFivE_global_addr+0x864/0xec8 @ 1
[   10.704000] initcall __typeid__ZTSFivE_global_addr+0x864/0xec8 returned 0 after 0 usecs
[   10.704000] calling  __typeid__ZTSFivE_global_addr+0x96c/0xec8 @ 1
[   10.704000] initcall __typeid__ZTSFivE_global_addr+0x96c/0xec8 returned 0 after 0 usecs
[   10.704000] calling  __typeid__ZTSFivE_global_addr+0xa2c/0xec8 @ 1
[   10.704000] cpuidle: using governor menu
[   10.704000] initcall __typeid__ZTSFivE_global_addr+0xa2c/0xec8 returned 0 after 0 usecs
[   10.704000] calling  __typeid__ZTSFivE_global_addr+0xb50/0xec8 @ 1
[   10.704000] initcall __typeid__ZTSFivE_global_addr+0xb50/0xec8 returned 0 after 0 usecs
[   10.704000] calling  __typeid__ZTSFivE_global_addr+0xb54/0xec8 @ 1
[   10.704000] initcall __typeid__ZTSFivE_global_addr+0xb54/0xec8 returned 0 after 0 usecs
[   10.704000] calling  __typeid__ZTSFivE_global_addr+0xb8c/0xec8 @ 1
[   10.704000] initcall __typeid__ZTSFivE_global_addr+0xb8c/0xec8 returned 0 after 0 usecs
[   10.704000] calling  __typeid__ZTSFivE_global_addr+0xec0/0xec8 @ 1
[   10.704000] initcall __typeid__ZTSFivE_global_addr+0xec0/0xec8 returned 0 after 0 usecs
[   10.704000] calling  __typeid__ZTSFivE_global_addr+0x28/0xec8 @ 1
[   10.704000] initcall __typeid__ZTSFivE_global_addr+0x28/0xec8 returned 0 after 0 usecs
[   10.704000] calling  __typeid__ZTSFivE_global_addr+0x4c/0xec8 @ 1
[   10.704000] memblock overlap! base:[0x00000080000000 - 0x00000080001fff], overlap:[0x00000080000000 - 0x000000fff6ffff]
[   10.704000] memblock overlap! base:[0x000000fff80000 - 0x000000fffbffff], overlap:[0x000000fff80000 - 0x000001ffffefff]
[   10.704000] initcall __typeid__ZTSFivE_global_addr+0x4c/0xec8 returned 0 after 0 usecs
[   10.704000] calling  __typeid__ZTSFivE_global_addr+0x54/0xec8 @ 1
[   10.704000] initcall __typeid__ZTSFivE_global_addr+0x54/0xec8 returned 0 after 0 usecs
[   10.704000] calling  __typeid__ZTSFivE_global_addr+0x50/0xec8 @ 1
[   10.704000] initcall __typeid__ZTSFivE_global_addr+0x50/0xec8 returned 0 after 0 usecs
[   10.704000] calling  __typeid__ZTSFivE_global_addr+0x70/0xec8 @ 1
[   10.704000] hw-breakpoint: found 6 breakpoint and 4 watchpoint registers.
[   10.704000] initcall __typeid__ZTSFivE_global_addr+0x70/0xec8 returned 0 after 0 usecs
[   10.704000] calling  __typeid__ZTSFivE_global_addr+0x54c/0xec8 @ 1
[   10.704000] initcall __typeid__ZTSFivE_global_addr+0x54c/0xec8 returned 0 after 0 usecs
[   10.704000] calling  __typeid__ZTSFivE_global_addr+0x71c/0xec8 @ 1
[   10.704000] initcall __typeid__ZTSFivE_global_addr+0x71c/0xec8 returned 0 after 0 usecs
[   10.704000] calling  __typeid__ZTSFivE_global_addr+0x718/0xec8 @ 1
[   10.704000] initcall __typeid__ZTSFivE_global_addr+0x718/0xec8 returned 0 after 0 usecs
[   10.704000] calling  __typeid__ZTSFivE_global_addr+0x784/0xec8 @ 1
[   10.704000] Serial: AMBA PL011 UART driver
[   10.704000] initcall __typeid__ZTSFivE_global_addr+0x784/0xec8 returned 0 after 0 usecs
[   10.704000] calling  __typeid__ZTSFivE_global_addr+0x7b0/0xec8 @ 1
[   10.704000] initcall __typeid__ZTSFivE_global_addr+0x7b0/0xec8 returned 0 after 0 usecs
[   10.704000] calling  __typeid__ZTSFivE_global_addr+0xb2c/0xec8 @ 1
[   10.708000] printk: console [ramoops-1] enabled
[   10.708000] pstore: Registered ramoops as persistent store backend
[   10.708000] ramoops: using 0x40000@0xfff80000, ecc: 0
[   10.708000] probe of fff80000.ramoops returned 1 after 0 usecs
[   10.744000] initcall __typeid__ZTSFivE_global_addr+0xb2c/0xec8 returned 0 after 39062 usecs
[   10.744000] calling  __typeid__ZTSFivE_global_addr+0x48/0xec8 @ 1
[   10.744000] initcall __typeid__ZTSFivE_global_addr+0x48/0xec8 returned 0 after 0 usecs
[   10.744000] calling  __typeid__ZTSFivE_global_addr+0xf4/0xec8 @ 1
[   10.744000] initcall __typeid__ZTSFivE_global_addr+0xf4/0xec8 returned 0 after 0 usecs
[   10.744000] calling  __typeid__ZTSFivE_global_addr+0x100/0xec8 @ 1
[   10.752000] initcall __typeid__ZTSFivE_global_addr+0x100/0xec8 returned 0 after 7812 usecs
[   10.752000] calling  __typeid__ZTSFivE_global_addr+0x108/0xec8 @ 1
[   10.752000] initcall __typeid__ZTSFivE_global_addr+0x108/0xec8 returned 0 after 0 usecs
[   10.752000] calling  __typeid__ZTSFivE_global_addr+0x118/0xec8 @ 1
[   10.752000] initcall __typeid__ZTSFivE_global_addr+0x118/0xec8 returned 0 after 0 usecs
[   10.752000] calling  __typeid__ZTSFivE_global_addr+0x148/0xec8 @ 1
[   10.752000] initcall __typeid__ZTSFivE_global_addr+0x148/0xec8 returned 0 after 0 usecs
[   10.752000] calling  __typeid__ZTSFivE_global_addr+0x1a0/0xec8 @ 1
[   10.752000] initcall __typeid__ZTSFivE_global_addr+0x1a0/0xec8 returned 0 after 0 usecs
[   10.752000] calling  __typeid__ZTSFivE_global_addr+0x1e0/0xec8 @ 1
[   10.752000] initcall __typeid__ZTSFivE_global_addr+0x1e0/0xec8 returned 0 after 0 usecs
[   10.752000] calling  __typeid__ZTSFivE_global_addr+0x1e8/0xec8 @ 1
[   10.752000] initcall __typeid__ZTSFivE_global_addr+0x1e8/0xec8 returned 0 after 0 usecs
[   10.752000] calling  __typeid__ZTSFivE_global_addr+0x218/0xec8 @ 1
[   10.752000] initcall __typeid__ZTSFivE_global_addr+0x218/0xec8 returned 0 after 0 usecs
[   10.752000] calling  __typeid__ZTSFivE_global_addr+0x254/0xec8 @ 1
[   10.752000] initcall __typeid__ZTSFivE_global_addr+0x254/0xec8 returned 0 after 0 usecs
[   10.752000] calling  __typeid__ZTSFivE_global_addr+0x284/0xec8 @ 1
[   10.752000] initcall __typeid__ZTSFivE_global_addr+0x284/0xec8 returned 0 after 0 usecs
[   10.752000] calling  __typeid__ZTSFivE_global_addr+0x288/0xec8 @ 1
[   10.752000] initcall __typeid__ZTSFivE_global_addr+0x288/0xec8 returned 0 after 0 usecs
[   10.752000] calling  __typeid__ZTSFivE_global_addr+0x2a0/0xec8 @ 1
[   10.752000] initcall __typeid__ZTSFivE_global_addr+0x2a0/0xec8 returned 0 after 0 usecs
[   10.752000] calling  __typeid__ZTSFivE_global_addr+0x2b0/0xec8 @ 1
[   10.752000] initcall __typeid__ZTSFivE_global_addr+0x2b0/0xec8 returned 0 after 0 usecs
[   10.752000] calling  __typeid__ZTSFivE_global_addr+0x2ac/0xec8 @ 1
[   10.752000] initcall __typeid__ZTSFivE_global_addr+0x2ac/0xec8 returned 0 after 0 usecs
[   10.752000] calling  __typeid__ZTSFivE_global_addr+0x2c0/0xec8 @ 1
[   10.752000] initcall __typeid__ZTSFivE_global_addr+0x2c0/0xec8 returned 0 after 0 usecs
[   10.752000] calling  __typeid__ZTSFivE_global_addr+0x2cc/0xec8 @ 1
[   10.752000] initcall __typeid__ZTSFivE_global_addr+0x2cc/0xec8 returned 0 after 0 usecs
[   10.752000] calling  __typeid__ZTSFivE_global_addr+0x2e4/0xec8 @ 1
[   10.752000] initcall __typeid__ZTSFivE_global_addr+0x2e4/0xec8 returned 0 after 0 usecs
[   10.752000] calling  __typeid__ZTSFivE_global_addr+0x2e0/0xec8 @ 1
[   10.752000] initcall __typeid__ZTSFivE_global_addr+0x2e0/0xec8 returned 0 after 0 usecs
[   10.752000] calling  __typeid__ZTSFivE_global_addr+0x2dc/0xec8 @ 1
[   10.752000] initcall __typeid__ZTSFivE_global_addr+0x2dc/0xec8 returned 0 after 0 usecs
[   10.752000] calling  __typeid__ZTSFivE_global_addr+0x2f8/0xec8 @ 1
[   10.752000] initcall __typeid__ZTSFivE_global_addr+0x2f8/0xec8 returned 0 after 0 usecs
[   10.752000] calling  __typeid__ZTSFivE_global_addr+0x2fc/0xec8 @ 1
[   10.752000] initcall __typeid__ZTSFivE_global_addr+0x2fc/0xec8 returned 0 after 0 usecs
[   10.752000] calling  __typeid__ZTSFivE_global_addr+0x314/0xec8 @ 1
[   10.752000] initcall __typeid__ZTSFivE_global_addr+0x314/0xec8 returned 0 after 0 usecs
[   10.752000] calling  __typeid__ZTSFivE_global_addr+0x31c/0xec8 @ 1
[   10.752000] initcall __typeid__ZTSFivE_global_addr+0x31c/0xec8 returned 0 after 0 usecs
[   10.752000] calling  __typeid__ZTSFivE_global_addr+0x318/0xec8 @ 1
[   10.752000] initcall __typeid__ZTSFivE_global_addr+0x318/0xec8 returned 0 after 0 usecs
[   10.752000] calling  __typeid__ZTSFivE_global_addr+0x52c/0xec8 @ 1
[   10.752000] initcall __typeid__ZTSFivE_global_addr+0x52c/0xec8 returned 0 after 0 usecs
[   10.752000] calling  __typeid__ZTSFivE_global_addr+0x540/0xec8 @ 1
[   10.752000] initcall __typeid__ZTSFivE_global_addr+0x540/0xec8 returned 0 after 0 usecs
[   10.752000] calling  __typeid__ZTSFivE_global_addr+0x544/0xec8 @ 1
[   10.752000] initcall __typeid__ZTSFivE_global_addr+0x544/0xec8 returned 0 after 0 usecs
[   10.752000] calling  __typeid__ZTSFivE_global_addr+0x548/0xec8 @ 1
[   10.752000] initcall __typeid__ZTSFivE_global_addr+0x548/0xec8 returned 0 after 0 usecs
[   10.752000] calling  __typeid__ZTSFivE_global_addr+0x550/0xec8 @ 1
[   10.752000] initcall __typeid__ZTSFivE_global_addr+0x550/0xec8 returned 0 after 0 usecs
[   10.752000] calling  __typeid__ZTSFivE_global_addr+0x554/0xec8 @ 1
[   10.752000] initcall __typeid__ZTSFivE_global_addr+0x554/0xec8 returned 0 after 0 usecs
[   10.752000] calling  __typeid__ZTSFivE_global_addr+0x558/0xec8 @ 1
[   10.752000] initcall __typeid__ZTSFivE_global_addr+0x558/0xec8 returned 0 after 0 usecs
[   10.752000] calling  __typeid__ZTSFivE_global_addr+0x55c/0xec8 @ 1
[   10.752000] cryptomgr_test (58) used greatest stack depth: 14360 bytes left
[   10.752000] initcall __typeid__ZTSFivE_global_addr+0x55c/0xec8 returned 0 after 0 usecs
[   10.752000] calling  __typeid__ZTSFivE_global_addr+0x560/0xec8 @ 1
[   10.752000] initcall __typeid__ZTSFivE_global_addr+0x560/0xec8 returned 0 after 0 usecs
[   10.752000] calling  __typeid__ZTSFivE_global_addr+0x564/0xec8 @ 1
[   10.752000] initcall __typeid__ZTSFivE_global_addr+0x564/0xec8 returned 0 after 0 usecs
[   10.752000] calling  __typeid__ZTSFivE_global_addr+0x568/0xec8 @ 1
[   10.752000] initcall __typeid__ZTSFivE_global_addr+0x568/0xec8 returned 0 after 0 usecs
[   10.752000] calling  __typeid__ZTSFivE_global_addr+0x56c/0xec8 @ 1
[   10.752000] initcall __typeid__ZTSFivE_global_addr+0x56c/0xec8 returned 0 after 0 usecs
[   10.752000] calling  __typeid__ZTSFivE_global_addr+0x570/0xec8 @ 1
[   10.752000] cryptomgr_test (70) used greatest stack depth: 14352 bytes left
[   10.752000] initcall __typeid__ZTSFivE_global_addr+0x570/0xec8 returned 0 after 0 usecs
[   10.752000] calling  __typeid__ZTSFivE_global_addr+0x574/0xec8 @ 1
[   10.752000] initcall __typeid__ZTSFivE_global_addr+0x574/0xec8 returned 0 after 0 usecs
[   10.752000] calling  __typeid__ZTSFivE_global_addr+0x578/0xec8 @ 1
[   10.752000] initcall __typeid__ZTSFivE_global_addr+0x578/0xec8 returned 0 after 0 usecs
[   10.752000] calling  __typeid__ZTSFivE_global_addr+0x57c/0xec8 @ 1
[   10.752000] initcall __typeid__ZTSFivE_global_addr+0x57c/0xec8 returned 0 after 0 usecs
[   10.752000] calling  __typeid__ZTSFivE_global_addr+0x580/0xec8 @ 1
[   10.752000] initcall __typeid__ZTSFivE_global_addr+0x580/0xec8 returned 0 after 0 usecs
[   10.752000] calling  __typeid__ZTSFivE_global_addr+0x584/0xec8 @ 1
[   10.752000] initcall __typeid__ZTSFivE_global_addr+0x584/0xec8 returned 0 after 0 usecs
[   10.752000] calling  __typeid__ZTSFivE_global_addr+0x588/0xec8 @ 1
[   10.752000] initcall __typeid__ZTSFivE_global_addr+0x588/0xec8 returned 0 after 0 usecs
[   10.752000] calling  __typeid__ZTSFivE_global_addr+0x58c/0xec8 @ 1
[   10.752000] initcall __typeid__ZTSFivE_global_addr+0x58c/0xec8 returned 0 after 0 usecs
[   10.752000] calling  __typeid__ZTSFivE_global_addr+0x590/0xec8 @ 1
[   10.752000] initcall __typeid__ZTSFivE_global_addr+0x590/0xec8 returned 0 after 0 usecs
[   10.752000] calling  __typeid__ZTSFivE_global_addr+0x594/0xec8 @ 1
[   10.752000] initcall __typeid__ZTSFivE_global_addr+0x594/0xec8 returned 0 after 0 usecs
[   10.752000] calling  __typeid__ZTSFivE_global_addr+0x598/0xec8 @ 1
[   10.752000] initcall __typeid__ZTSFivE_global_addr+0x598/0xec8 returned 0 after 0 usecs
[   10.752000] calling  __typeid__ZTSFivE_global_addr+0x59c/0xec8 @ 1
[   10.756000] cryptd: max_cpu_qlen set to 1000
[   10.756000] initcall __typeid__ZTSFivE_global_addr+0x59c/0xec8 returned 0 after 3906 usecs
[   10.756000] calling  __typeid__ZTSFivE_global_addr+0x5a0/0xec8 @ 1
[   10.756000] initcall __typeid__ZTSFivE_global_addr+0x5a0/0xec8 returned 0 after 0 usecs
[   10.756000] calling  __typeid__ZTSFivE_global_addr+0x5a4/0xec8 @ 1
[   10.756000] initcall __typeid__ZTSFivE_global_addr+0x5a4/0xec8 returned 0 after 0 usecs
[   10.756000] calling  __typeid__ZTSFivE_global_addr+0x5a8/0xec8 @ 1
[   10.756000] initcall __typeid__ZTSFivE_global_addr+0x5a8/0xec8 returned 0 after 0 usecs
[   10.756000] calling  __typeid__ZTSFivE_global_addr+0x5ac/0xec8 @ 1
[   10.756000] initcall __typeid__ZTSFivE_global_addr+0x5ac/0xec8 returned 0 after 0 usecs
[   10.756000] calling  __typeid__ZTSFivE_global_addr+0x5b0/0xec8 @ 1
[   10.756000] initcall __typeid__ZTSFivE_global_addr+0x5b0/0xec8 returned 0 after 0 usecs
[   10.756000] calling  __typeid__ZTSFivE_global_addr+0x5b4/0xec8 @ 1
[   10.756000] initcall __typeid__ZTSFivE_global_addr+0x5b4/0xec8 returned 0 after 0 usecs
[   10.756000] calling  __typeid__ZTSFivE_global_addr+0x5b8/0xec8 @ 1
[   10.756000] initcall __typeid__ZTSFivE_global_addr+0x5b8/0xec8 returned 0 after 0 usecs
[   10.756000] calling  __typeid__ZTSFivE_global_addr+0x5bc/0xec8 @ 1
[   10.756000] initcall __typeid__ZTSFivE_global_addr+0x5bc/0xec8 returned 0 after 0 usecs
[   10.756000] calling  __typeid__ZTSFivE_global_addr+0x5c0/0xec8 @ 1
[   10.756000] initcall __typeid__ZTSFivE_global_addr+0x5c0/0xec8 returned 0 after 0 usecs
[   10.756000] calling  __typeid__ZTSFivE_global_addr+0x5c4/0xec8 @ 1
[   10.756000] initcall __typeid__ZTSFivE_global_addr+0x5c4/0xec8 returned 0 after 0 usecs
[   10.756000] calling  __typeid__ZTSFivE_global_addr+0x5d0/0xec8 @ 1
[   10.756000] initcall __typeid__ZTSFivE_global_addr+0x5d0/0xec8 returned 0 after 0 usecs
[   10.756000] calling  __typeid__ZTSFivE_global_addr+0x5d4/0xec8 @ 1
[   10.756000] initcall __typeid__ZTSFivE_global_addr+0x5d4/0xec8 returned 0 after 0 usecs
[   10.756000] calling  __typeid__ZTSFivE_global_addr+0x5dc/0xec8 @ 1
[   10.756000] initcall __typeid__ZTSFivE_global_addr+0x5dc/0xec8 returned 0 after 0 usecs
[   10.756000] calling  __typeid__ZTSFivE_global_addr+0x5e0/0xec8 @ 1
[   10.756000] initcall __typeid__ZTSFivE_global_addr+0x5e0/0xec8 returned 0 after 0 usecs
[   10.756000] calling  __typeid__ZTSFivE_global_addr+0x5e4/0xec8 @ 1
[   10.756000] initcall __typeid__ZTSFivE_global_addr+0x5e4/0xec8 returned 0 after 0 usecs
[   10.756000] calling  __typeid__ZTSFivE_global_addr+0x5e8/0xec8 @ 1
[   10.756000] initcall __typeid__ZTSFivE_global_addr+0x5e8/0xec8 returned 0 after 0 usecs
[   10.756000] calling  __typeid__ZTSFivE_global_addr+0x5f8/0xec8 @ 1
[   10.756000] initcall __typeid__ZTSFivE_global_addr+0x5f8/0xec8 returned 0 after 0 usecs
[   10.756000] calling  __typeid__ZTSFivE_global_addr+0x5fc/0xec8 @ 1
[   10.756000] initcall __typeid__ZTSFivE_global_addr+0x5fc/0xec8 returned 0 after 0 usecs
[   10.756000] calling  __typeid__ZTSFivE_global_addr+0x600/0xec8 @ 1
[   10.756000] initcall __typeid__ZTSFivE_global_addr+0x600/0xec8 returned 0 after 0 usecs
[   10.756000] calling  __typeid__ZTSFivE_global_addr+0x604/0xec8 @ 1
[   10.756000] initcall __typeid__ZTSFivE_global_addr+0x604/0xec8 returned 0 after 0 usecs
[   10.756000] calling  __typeid__ZTSFivE_global_addr+0x608/0xec8 @ 1
[   10.756000] initcall __typeid__ZTSFivE_global_addr+0x608/0xec8 returned 0 after 0 usecs
[   10.756000] calling  __typeid__ZTSFivE_global_addr+0x610/0xec8 @ 1
[   10.756000] initcall __typeid__ZTSFivE_global_addr+0x610/0xec8 returned 0 after 0 usecs
[   10.756000] calling  __typeid__ZTSFivE_global_addr+0x61c/0xec8 @ 1
[   10.756000] initcall __typeid__ZTSFivE_global_addr+0x61c/0xec8 returned 0 after 0 usecs
[   10.756000] calling  __typeid__ZTSFivE_global_addr+0x630/0xec8 @ 1
[   10.756000] initcall __typeid__ZTSFivE_global_addr+0x630/0xec8 returned 0 after 0 usecs
[   10.756000] calling  __typeid__ZTSFivE_global_addr+0x698/0xec8 @ 1
[   10.756000] initcall __typeid__ZTSFivE_global_addr+0x698/0xec8 returned 0 after 0 usecs
[   10.756000] calling  __typeid__ZTSFivE_global_addr+0x6a4/0xec8 @ 1
[   10.756000] initcall __typeid__ZTSFivE_global_addr+0x6a4/0xec8 returned 0 after 0 usecs
[   10.756000] calling  __typeid__ZTSFivE_global_addr+0x6a8/0xec8 @ 1
[   10.756000] initcall __typeid__ZTSFivE_global_addr+0x6a8/0xec8 returned 0 after 0 usecs
[   10.756000] calling  __typeid__ZTSFivE_global_addr+0x6c8/0xec8 @ 1
[   10.756000] initcall __typeid__ZTSFivE_global_addr+0x6c8/0xec8 returned 0 after 0 usecs
[   10.756000] calling  __typeid__ZTSFivE_global_addr+0x72c/0xec8 @ 1
[   10.756000] initcall __typeid__ZTSFivE_global_addr+0x72c/0xec8 returned 0 after 0 usecs
[   10.756000] calling  __typeid__ZTSFivE_global_addr+0x758/0xec8 @ 1
[   10.760000] initcall __typeid__ZTSFivE_global_addr+0x758/0xec8 returned 0 after 3906 usecs
[   10.760000] calling  __typeid__ZTSFivE_global_addr+0x79c/0xec8 @ 1
[   10.760000] initcall __typeid__ZTSFivE_global_addr+0x79c/0xec8 returned 0 after 0 usecs
[   10.760000] calling  __typeid__ZTSFivE_global_addr+0x7a8/0xec8 @ 1
[   10.760000] iommu: Default domain type: Translated 
[   10.760000] initcall __typeid__ZTSFivE_global_addr+0x7a8/0xec8 returned 0 after 0 usecs
[   10.760000] calling  __typeid__ZTSFivE_global_addr+0x818/0xec8 @ 1
[   10.760000] initcall __typeid__ZTSFivE_global_addr+0x818/0xec8 returned 0 after 0 usecs
[   10.760000] calling  __typeid__ZTSFivE_global_addr+0x828/0xec8 @ 1
[   10.760000] initcall __typeid__ZTSFivE_global_addr+0x828/0xec8 returned 0 after 0 usecs
[   10.760000] calling  __typeid__ZTSFivE_global_addr+0x830/0xec8 @ 1
[   10.760000] initcall __typeid__ZTSFivE_global_addr+0x830/0xec8 returned 0 after 0 usecs
[   10.760000] calling  __typeid__ZTSFivE_global_addr+0x844/0xec8 @ 1
[   10.760000] initcall __typeid__ZTSFivE_global_addr+0x844/0xec8 returned 0 after 0 usecs
[   10.760000] calling  __typeid__ZTSFivE_global_addr+0x848/0xec8 @ 1
[   10.760000] initcall __typeid__ZTSFivE_global_addr+0x848/0xec8 returned 0 after 0 usecs
[   10.760000] calling  __typeid__ZTSFivE_global_addr+0x84c/0xec8 @ 1
[   10.760000] initcall __typeid__ZTSFivE_global_addr+0x84c/0xec8 returned 0 after 0 usecs
[   10.760000] calling  __typeid__ZTSFivE_global_addr+0x850/0xec8 @ 1
[   10.760000] SCSI subsystem initialized
[   10.760000] initcall __typeid__ZTSFivE_global_addr+0x850/0xec8 returned 0 after 0 usecs
[   10.760000] calling  __typeid__ZTSFivE_global_addr+0x87c/0xec8 @ 1
[   10.760000] initcall __typeid__ZTSFivE_global_addr+0x87c/0xec8 returned 0 after 0 usecs
[   10.760000] calling  __typeid__ZTSFivE_global_addr+0x8c0/0xec8 @ 1
[   10.760000] initcall __typeid__ZTSFivE_global_addr+0x8c0/0xec8 returned 0 after 0 usecs
[   10.760000] calling  __typeid__ZTSFivE_global_addr+0x8c8/0xec8 @ 1
[   10.760000] usbcore: registered new interface driver usbfs
[   10.760000] usbcore: registered new interface driver hub
[   10.760000] usbcore: registered new device driver usb
[   10.760000] initcall __typeid__ZTSFivE_global_addr+0x8c8/0xec8 returned 0 after 0 usecs
[   10.760000] calling  __typeid__ZTSFivE_global_addr+0x900/0xec8 @ 1
[   10.760000] initcall __typeid__ZTSFivE_global_addr+0x900/0xec8 returned 0 after 0 usecs
[   10.760000] calling  __typeid__ZTSFivE_global_addr+0x928/0xec8 @ 1
[   10.760000] initcall __typeid__ZTSFivE_global_addr+0x928/0xec8 returned 0 after 0 usecs
[   10.760000] calling  __typeid__ZTSFivE_global_addr+0x92c/0xec8 @ 1
[   10.760000] initcall __typeid__ZTSFivE_global_addr+0x92c/0xec8 returned 0 after 0 usecs
[   10.760000] calling  __typeid__ZTSFivE_global_addr+0x930/0xec8 @ 1
[   10.760000] initcall __typeid__ZTSFivE_global_addr+0x930/0xec8 returned 0 after 0 usecs
[   10.760000] calling  __typeid__ZTSFivE_global_addr+0x938/0xec8 @ 1
[   10.760000] initcall __typeid__ZTSFivE_global_addr+0x938/0xec8 returned 0 after 0 usecs
[   10.760000] calling  __typeid__ZTSFivE_global_addr+0x95c/0xec8 @ 1
[   10.760000] initcall __typeid__ZTSFivE_global_addr+0x95c/0xec8 returned 0 after 0 usecs
[   10.760000] calling  __typeid__ZTSFivE_global_addr+0x970/0xec8 @ 1
[   10.760000] mc: Linux media interface: v0.10
[   10.760000] initcall __typeid__ZTSFivE_global_addr+0x970/0xec8 returned 0 after 0 usecs
[   10.760000] calling  __typeid__ZTSFivE_global_addr+0x974/0xec8 @ 1
[   10.760000] videodev: Linux video capture interface: v2.00
[   10.760000] initcall __typeid__ZTSFivE_global_addr+0x974/0xec8 returned 0 after 0 usecs
[   10.760000] calling  __typeid__ZTSFivE_global_addr+0x978/0xec8 @ 1
[   10.760000] initcall __typeid__ZTSFivE_global_addr+0x978/0xec8 returned 0 after 0 usecs
[   10.760000] calling  __typeid__ZTSFivE_global_addr+0x97c/0xec8 @ 1
[   10.760000] initcall __typeid__ZTSFivE_global_addr+0x97c/0xec8 returned 0 after 0 usecs
[   10.760000] calling  __typeid__ZTSFivE_global_addr+0x98c/0xec8 @ 1
[   10.760000] initcall __typeid__ZTSFivE_global_addr+0x98c/0xec8 returned 0 after 0 usecs
[   10.760000] calling  __typeid__ZTSFivE_global_addr+0x9fc/0xec8 @ 1
[   10.760000] EDAC MC: Ver: 3.0.0
[   10.760000] initcall __typeid__ZTSFivE_global_addr+0x9fc/0xec8 returned 0 after 0 usecs
[   10.760000] calling  __typeid__ZTSFivE_global_addr+0xa38/0xec8 @ 1
[   10.760000] initcall __typeid__ZTSFivE_global_addr+0xa38/0xec8 returned 0 after 0 usecs
[   10.760000] calling  __typeid__ZTSFivE_global_addr+0xa48/0xec8 @ 1
[   10.760000] initcall __typeid__ZTSFivE_global_addr+0xa48/0xec8 returned 0 after 0 usecs
[   10.760000] calling  __typeid__ZTSFivE_global_addr+0xa54/0xec8 @ 1
[   10.760000] initcall __typeid__ZTSFivE_global_addr+0xa54/0xec8 returned 0 after 0 usecs
[   10.760000] calling  __typeid__ZTSFivE_global_addr+0xa5c/0xec8 @ 1
[   10.760000] initcall __typeid__ZTSFivE_global_addr+0xa5c/0xec8 returned 20 after 0 usecs
[   10.760000] calling  __typeid__ZTSFivE_global_addr+0xa60/0xec8 @ 1
[   10.760000] initcall __typeid__ZTSFivE_global_addr+0xa60/0xec8 returned 19 after 0 usecs
[   10.760000] calling  __typeid__ZTSFivE_global_addr+0xa64/0xec8 @ 1
[   10.760000] initcall __typeid__ZTSFivE_global_addr+0xa64/0xec8 returned 17 after 0 usecs
[   10.760000] calling  __typeid__ZTSFivE_global_addr+0xa68/0xec8 @ 1
[   10.760000] initcall __typeid__ZTSFivE_global_addr+0xa68/0xec8 returned 22 after 0 usecs
[   10.760000] calling  __typeid__ZTSFivE_global_addr+0xa6c/0xec8 @ 1
[   10.760000] initcall __typeid__ZTSFivE_global_addr+0xa6c/0xec8 returned 21 after 0 usecs
[   10.760000] calling  __typeid__ZTSFivE_global_addr+0xa78/0xec8 @ 1
[   10.760000] initcall __typeid__ZTSFivE_global_addr+0xa78/0xec8 returned 0 after 0 usecs
[   10.760000] calling  __typeid__ZTSFivE_global_addr+0xa8c/0xec8 @ 1
[   10.760000] initcall __typeid__ZTSFivE_global_addr+0xa8c/0xec8 returned 0 after 0 usecs
[   10.760000] calling  __typeid__ZTSFivE_global_addr+0xb3c/0xec8 @ 1
[   10.760000] initcall __typeid__ZTSFivE_global_addr+0xb3c/0xec8 returned 0 after 0 usecs
[   10.760000] calling  __typeid__ZTSFivE_global_addr+0xb40/0xec8 @ 1
[   10.760000] initcall __typeid__ZTSFivE_global_addr+0xb40/0xec8 returned 0 after 0 usecs
[   10.760000] calling  __typeid__ZTSFivE_global_addr+0xb4c/0xec8 @ 1
[   10.760000] initcall __typeid__ZTSFivE_global_addr+0xb4c/0xec8 returned 0 after 0 usecs
[   10.760000] calling  __typeid__ZTSFivE_global_addr+0xb58/0xec8 @ 1
[   10.760000] initcall __typeid__ZTSFivE_global_addr+0xb58/0xec8 returned 0 after 0 usecs
[   10.760000] calling  __typeid__ZTSFivE_global_addr+0xb5c/0xec8 @ 1
[   10.760000] initcall __typeid__ZTSFivE_global_addr+0xb5c/0xec8 returned 0 after 0 usecs
[   10.760000] calling  __typeid__ZTSFivE_global_addr+0xb60/0xec8 @ 1
[   10.760000] initcall __typeid__ZTSFivE_global_addr+0xb60/0xec8 returned 0 after 0 usecs
[   10.760000] calling  __typeid__ZTSFivE_global_addr+0xb64/0xec8 @ 1
[   10.760000] initcall __typeid__ZTSFivE_global_addr+0xb64/0xec8 returned 0 after 0 usecs
[   10.760000] calling  __typeid__ZTSFivE_global_addr+0xb68/0xec8 @ 1
[   10.760000] initcall __typeid__ZTSFivE_global_addr+0xb68/0xec8 returned 0 after 0 usecs
[   10.760000] calling  __typeid__ZTSFivE_global_addr+0xb6c/0xec8 @ 1
[   10.760000] initcall __typeid__ZTSFivE_global_addr+0xb6c/0xec8 returned 0 after 0 usecs
[   10.760000] calling  __typeid__ZTSFivE_global_addr+0xb70/0xec8 @ 1
[   10.760000] initcall __typeid__ZTSFivE_global_addr+0xb70/0xec8 returned 0 after 0 usecs
[   10.760000] calling  __typeid__ZTSFivE_global_addr+0xb78/0xec8 @ 1
[   10.760000] initcall __typeid__ZTSFivE_global_addr+0xb78/0xec8 returned 0 after 0 usecs
[   10.760000] calling  __typeid__ZTSFivE_global_addr+0xb80/0xec8 @ 1
[   10.760000] initcall __typeid__ZTSFivE_global_addr+0xb80/0xec8 returned 0 after 0 usecs
[   10.760000] calling  __typeid__ZTSFivE_global_addr+0xb84/0xec8 @ 1
[   10.760000] initcall __typeid__ZTSFivE_global_addr+0xb84/0xec8 returned 0 after 0 usecs
[   10.760000] calling  __typeid__ZTSFivE_global_addr+0xbc0/0xec8 @ 1
[   10.760000] initcall __typeid__ZTSFivE_global_addr+0xbc0/0xec8 returned 0 after 0 usecs
[   10.760000] calling  __typeid__ZTSFivE_global_addr+0xbd0/0xec8 @ 1
[   10.760000] initcall __typeid__ZTSFivE_global_addr+0xbd0/0xec8 returned 0 after 0 usecs
[   10.760000] calling  __typeid__ZTSFivE_global_addr+0xbd4/0xec8 @ 1
[   10.760000] Advanced Linux Sound Architecture Driver Initialized.
[   10.760000] initcall __typeid__ZTSFivE_global_addr+0xbd4/0xec8 returned 0 after 0 usecs
[   10.760000] calling  __typeid__ZTSFivE_global_addr+0xc00/0xec8 @ 1
[   10.760000] initcall __typeid__ZTSFivE_global_addr+0xc00/0xec8 returned 0 after 0 usecs
[   10.760000] calling  __typeid__ZTSFivE_global_addr+0xc1c/0xec8 @ 1
[   10.760000] initcall __typeid__ZTSFivE_global_addr+0xc1c/0xec8 returned 0 after 0 usecs
[   10.760000] calling  __typeid__ZTSFivE_global_addr+0xc20/0xec8 @ 1
[   10.760000] initcall __typeid__ZTSFivE_global_addr+0xc20/0xec8 returned 0 after 0 usecs
[   10.760000] calling  __typeid__ZTSFivE_global_addr+0xc38/0xec8 @ 1
[   10.760000] initcall __typeid__ZTSFivE_global_addr+0xc38/0xec8 returned 0 after 0 usecs
[   10.760000] calling  __typeid__ZTSFivE_global_addr+0xc3c/0xec8 @ 1
[   10.760000] initcall __typeid__ZTSFivE_global_addr+0xc3c/0xec8 returned 0 after 0 usecs
[   10.760000] calling  __typeid__ZTSFivE_global_addr+0xc40/0xec8 @ 1
[   10.760000] initcall __typeid__ZTSFivE_global_addr+0xc40/0xec8 returned 0 after 0 usecs
[   10.760000] calling  __typeid__ZTSFivE_global_addr+0xc50/0xec8 @ 1
[   10.760000] initcall __typeid__ZTSFivE_global_addr+0xc50/0xec8 returned 0 after 0 usecs
[   10.760000] calling  __typeid__ZTSFivE_global_addr+0xc58/0xec8 @ 1
[   10.760000] initcall __typeid__ZTSFivE_global_addr+0xc58/0xec8 returned 0 after 0 usecs
[   10.760000] calling  __typeid__ZTSFivE_global_addr+0xc5c/0xec8 @ 1
[   10.760000] initcall __typeid__ZTSFivE_global_addr+0xc5c/0xec8 returned 0 after 0 usecs
[   10.760000] calling  __typeid__ZTSFivE_global_addr+0xc94/0xec8 @ 1
[   10.760000] initcall __typeid__ZTSFivE_global_addr+0xc94/0xec8 returned 0 after 0 usecs
[   10.760000] calling  __typeid__ZTSFivE_global_addr+0xda4/0xec8 @ 1
[   10.760000] initcall __typeid__ZTSFivE_global_addr+0xda4/0xec8 returned 0 after 0 usecs
[   10.760000] calling  __typeid__ZTSFivE_global_addr+0xe84/0xec8 @ 1
[   10.760000] Bluetooth: Core ver 2.22
[   10.760000] NET: Registered protocol family 31
[   10.760000] Bluetooth: HCI device and connection manager initialized
[   10.760000] Bluetooth: HCI socket layer initialized
[   10.760000] Bluetooth: L2CAP socket layer initialized
[   10.760000] Bluetooth: SCO socket layer initialized
[   10.760000] initcall __typeid__ZTSFivE_global_addr+0xe84/0xec8 returned 0 after 0 usecs
[   10.760000] calling  __typeid__ZTSFivE_global_addr+0xea0/0xec8 @ 1
[   10.760000] initcall __typeid__ZTSFivE_global_addr+0xea0/0xec8 returned 0 after 0 usecs
[   10.760000] calling  __typeid__ZTSFivE_global_addr+0xea4/0xec8 @ 1
[   10.760000] initcall __typeid__ZTSFivE_global_addr+0xea4/0xec8 returned 0 after 0 usecs
[   10.760000] calling  __typeid__ZTSFivE_global_addr+0xeb0/0xec8 @ 1
[   10.760000] initcall __typeid__ZTSFivE_global_addr+0xeb0/0xec8 returned 0 after 0 usecs
[   10.760000] calling  __typeid__ZTSFivE_global_addr+0x998/0xec8 @ 1
[   10.760000] initcall __typeid__ZTSFivE_global_addr+0x998/0xec8 returned 0 after 0 usecs
[   10.760000] calling  __typeid__ZTSFivE_global_addr+0x30/0xec8 @ 1
[   10.760000] initcall __typeid__ZTSFivE_global_addr+0x30/0xec8 returned 0 after 0 usecs
[   10.760000] calling  __typeid__ZTSFivE_global_addr+0x150/0xec8 @ 1
[   10.760000] initcall __typeid__ZTSFivE_global_addr+0x150/0xec8 returned 0 after 0 usecs
[   10.760000] calling  __typeid__ZTSFivE_global_addr+0x1b0/0xec8 @ 1
[   10.760013] clocksource: Switched to clocksource arch_sys_counter
[   10.760019] initcall __typeid__ZTSFivE_global_addr+0x1b0/0xec8 returned 0 after 14 usecs
[   10.760023] calling  __typeid__ZTSFivE_global_addr+0x240/0xec8 @ 1
[   10.762818] cryptomgr_test (60): highest shadow stack usage: 96 bytes
[   10.764052] cryptomgr_test (58): highest shadow stack usage: 104 bytes
[   10.780073] cryptomgr_test (70): highest shadow stack usage: 120 bytes
[   10.816152] initcall __typeid__ZTSFivE_global_addr+0x240/0xec8 returned 0 after 54797 usecs
[   10.816164] calling  __typeid__ZTSFivE_global_addr+0x248/0xec8 @ 1
[   10.816175] initcall __typeid__ZTSFivE_global_addr+0x248/0xec8 returned 0 after 5 usecs
[   10.816180] calling  __typeid__ZTSFivE_global_addr+0x250/0xec8 @ 1
[   10.816185] initcall __typeid__ZTSFivE_global_addr+0x250/0xec8 returned 0 after 0 usecs
[   10.816190] calling  __typeid__ZTSFivE_global_addr+0x258/0xec8 @ 1
[   10.816205] initcall __typeid__ZTSFivE_global_addr+0x258/0xec8 returned 0 after 10 usecs
[   10.816209] calling  __typeid__ZTSFivE_global_addr+0x25c/0xec8 @ 1
[   10.816218] initcall __typeid__ZTSFivE_global_addr+0x25c/0xec8 returned 0 after 4 usecs
[   10.816222] calling  __typeid__ZTSFivE_global_addr+0x260/0xec8 @ 1
[   10.816251] initcall __typeid__ZTSFivE_global_addr+0x260/0xec8 returned 0 after 23 usecs
[   10.816257] calling  __typeid__ZTSFivE_global_addr+0x280/0xec8 @ 1
[   10.816283] initcall __typeid__ZTSFivE_global_addr+0x280/0xec8 returned 0 after 20 usecs
[   10.816287] calling  __typeid__ZTSFivE_global_addr+0x334/0xec8 @ 1
[   10.816351] initcall __typeid__ZTSFivE_global_addr+0x334/0xec8 returned 0 after 57 usecs
[   10.816356] calling  __typeid__ZTSFivE_global_addr+0x344/0xec8 @ 1
[   10.816375] initcall __typeid__ZTSFivE_global_addr+0x344/0xec8 returned 0 after 13 usecs
[   10.816379] calling  __typeid__ZTSFivE_global_addr+0x35c/0xec8 @ 1
[   10.816449] initcall __typeid__ZTSFivE_global_addr+0x35c/0xec8 returned 0 after 61 usecs
[   10.816454] calling  __typeid__ZTSFivE_global_addr+0x360/0xec8 @ 1
[   10.816479] initcall __typeid__ZTSFivE_global_addr+0x360/0xec8 returned 0 after 18 usecs
[   10.816484] calling  __typeid__ZTSFivE_global_addr+0x364/0xec8 @ 1
[   10.816521] initcall __typeid__ZTSFivE_global_addr+0x364/0xec8 returned 0 after 30 usecs
[   10.816527] calling  __typeid__ZTSFivE_global_addr+0x380/0xec8 @ 1
[   10.816546] initcall __typeid__ZTSFivE_global_addr+0x380/0xec8 returned 0 after 14 usecs
[   10.816552] calling  __typeid__ZTSFivE_global_addr+0x39c/0xec8 @ 1
[   10.816555] VFS: Disk quotas dquot_6.6.0
[   10.816608] VFS: Dquot-cache hash table entries: 512 (order 0, 4096 bytes)
[   10.816614] initcall __typeid__ZTSFivE_global_addr+0x39c/0xec8 returned 0 after 56 usecs
[   10.816620] calling  __typeid__ZTSFivE_global_addr+0x3a4/0xec8 @ 1
[   10.816628] initcall __typeid__ZTSFivE_global_addr+0x3a4/0xec8 returned 0 after 3 usecs
[   10.816632] calling  __typeid__ZTSFivE_global_addr+0x3a8/0xec8 @ 1
[   10.816639] initcall __typeid__ZTSFivE_global_addr+0x3a8/0xec8 returned 0 after 1 usecs
[   10.816643] calling  __typeid__ZTSFivE_global_addr+0x3ac/0xec8 @ 1
[   10.816649] initcall __typeid__ZTSFivE_global_addr+0x3ac/0xec8 returned 0 after 2 usecs
[   10.816654] calling  __typeid__ZTSFivE_global_addr+0x3b0/0xec8 @ 1
[   10.816660] initcall __typeid__ZTSFivE_global_addr+0x3b0/0xec8 returned 0 after 1 usecs
[   10.816664] calling  __typeid__ZTSFivE_global_addr+0x3b4/0xec8 @ 1
[   10.816671] initcall __typeid__ZTSFivE_global_addr+0x3b4/0xec8 returned 0 after 2 usecs
[   10.816675] calling  __typeid__ZTSFivE_global_addr+0x3b8/0xec8 @ 1
[   10.816681] initcall __typeid__ZTSFivE_global_addr+0x3b8/0xec8 returned 0 after 2 usecs
[   10.816685] calling  __typeid__ZTSFivE_global_addr+0x3bc/0xec8 @ 1
[   10.816690] initcall __typeid__ZTSFivE_global_addr+0x3bc/0xec8 returned 0 after 1 usecs
[   10.816694] calling  __typeid__ZTSFivE_global_addr+0x3c0/0xec8 @ 1
[   10.816703] initcall __typeid__ZTSFivE_global_addr+0x3c0/0xec8 returned 0 after 5 usecs
[   10.816707] calling  __typeid__ZTSFivE_global_addr+0x3c4/0xec8 @ 1
[   10.816716] initcall __typeid__ZTSFivE_global_addr+0x3c4/0xec8 returned 0 after 5 usecs
[   10.816721] calling  __typeid__ZTSFivE_global_addr+0x3c8/0xec8 @ 1
[   10.816727] initcall __typeid__ZTSFivE_global_addr+0x3c8/0xec8 returned 0 after 1 usecs
[   10.816731] calling  __typeid__ZTSFivE_global_addr+0x3cc/0xec8 @ 1
[   10.816736] initcall __typeid__ZTSFivE_global_addr+0x3cc/0xec8 returned 0 after 1 usecs
[   10.816740] calling  __typeid__ZTSFivE_global_addr+0x3d0/0xec8 @ 1
[   10.816746] initcall __typeid__ZTSFivE_global_addr+0x3d0/0xec8 returned 0 after 2 usecs
[   10.816751] calling  __typeid__ZTSFivE_global_addr+0x3d4/0xec8 @ 1
[   10.816759] initcall __typeid__ZTSFivE_global_addr+0x3d4/0xec8 returned 0 after 4 usecs
[   10.816763] calling  __typeid__ZTSFivE_global_addr+0x3d8/0xec8 @ 1
[   10.816771] initcall __typeid__ZTSFivE_global_addr+0x3d8/0xec8 returned 0 after 3 usecs
[   10.816775] calling  __typeid__ZTSFivE_global_addr+0x3ec/0xec8 @ 1
[   10.816782] initcall __typeid__ZTSFivE_global_addr+0x3ec/0xec8 returned 0 after 2 usecs
[   10.816786] calling  __typeid__ZTSFivE_global_addr+0x614/0xec8 @ 1
[   10.816791] initcall __typeid__ZTSFivE_global_addr+0x614/0xec8 returned 0 after 0 usecs
[   10.816796] calling  __typeid__ZTSFivE_global_addr+0x670/0xec8 @ 1
[   10.816823] initcall __typeid__ZTSFivE_global_addr+0x670/0xec8 returned 0 after 20 usecs
[   10.816827] calling  __typeid__ZTSFivE_global_addr+0x794/0xec8 @ 1
[   10.817178] initcall __typeid__ZTSFivE_global_addr+0x794/0xec8 returned 0 after 336 usecs
[   10.817185] calling  __typeid__ZTSFivE_global_addr+0x804/0xec8 @ 1
[   10.817203] initcall __typeid__ZTSFivE_global_addr+0x804/0xec8 returned 0 after 11 usecs
[   10.817207] calling  __typeid__ZTSFivE_global_addr+0x990/0xec8 @ 1
[   10.817213] thermal_sys: Registered thermal governor 'step_wise'
[   10.817215] thermal_sys: Registered thermal governor 'user_space'
[   10.817217] thermal_sys: Registered thermal governor 'power_allocator'
[   10.818732] initcall __typeid__ZTSFivE_global_addr+0x990/0xec8 returned 0 after 1480 usecs
[   10.818740] calling  __typeid__ZTSFivE_global_addr+0xbac/0xec8 @ 1
[   10.818754] initcall __typeid__ZTSFivE_global_addr+0xbac/0xec8 returned 0 after 9 usecs
[   10.818759] calling  __typeid__ZTSFivE_global_addr+0xc14/0xec8 @ 1
[   10.818800] initcall __typeid__ZTSFivE_global_addr+0xc14/0xec8 returned 0 after 35 usecs
[   10.818805] calling  __typeid__ZTSFivE_global_addr+0xc48/0xec8 @ 1
[   10.818811] initcall __typeid__ZTSFivE_global_addr+0xc48/0xec8 returned 0 after 1 usecs
[   10.818815] calling  __typeid__ZTSFivE_global_addr+0xd9c/0xec8 @ 1
[   10.818822] initcall __typeid__ZTSFivE_global_addr+0xd9c/0xec8 returned 0 after 2 usecs
[   10.818826] calling  __typeid__ZTSFivE_global_addr+0xd98/0xec8 @ 1
[   10.818924] NET: Registered protocol family 2
[   10.819216] IP idents hash table entries: 131072 (order: 8, 1048576 bytes, linear)
[   10.821101] tcp_listen_portaddr_hash hash table entries: 4096 (order: 4, 65536 bytes, linear)
[   10.821297] TCP established hash table entries: 65536 (order: 7, 524288 bytes, linear)
[   10.821773] TCP bind hash table entries: 65536 (order: 8, 1048576 bytes, linear)
[   10.822413] TCP: Hash tables configured (established 65536 bind 65536)
[   10.822560] UDP hash table entries: 4096 (order: 5, 131072 bytes, linear)
[   10.822668] UDP-Lite hash table entries: 4096 (order: 5, 131072 bytes, linear)
[   10.822876] initcall __typeid__ZTSFivE_global_addr+0xd98/0xec8 returned 0 after 3941 usecs
[   10.822885] calling  __typeid__ZTSFivE_global_addr+0xe1c/0xec8 @ 1
[   10.822907] NET: Registered protocol family 1
[   10.822922] initcall __typeid__ZTSFivE_global_addr+0xe1c/0xec8 returned 0 after 31 usecs
[   10.822928] calling  __typeid__ZTSFivE_global_addr+0xe64/0xec8 @ 1
[   10.822936] initcall __typeid__ZTSFivE_global_addr+0xe64/0xec8 returned 0 after 2 usecs
[   10.822940] calling  __typeid__ZTSFivE_global_addr+0xe98/0xec8 @ 1
[   10.823329] initcall __typeid__ZTSFivE_global_addr+0xe98/0xec8 returned 0 after 372 usecs
[   10.823335] calling  __typeid__ZTSFivE_global_addr+0xebc/0xec8 @ 1
[   10.823339] NET: Registered protocol family 44
[   10.823346] initcall __typeid__ZTSFivE_global_addr+0xebc/0xec8 returned 0 after 6 usecs
[   10.823351] calling  __typeid__ZTSFivE_global_addr+0x6cc/0xec8 @ 1
[   10.823356] PCI: CLS 0 bytes, default 64
[   10.823361] initcall __typeid__ZTSFivE_global_addr+0x6cc/0xec8 returned 0 after 5 usecs
[   10.823365] calling  __typeid__ZTSFivE_global_addr+0x0/0xec8 @ 1
[   10.823556] Trying to unpack rootfs image as initramfs...
[   11.323246] Freeing initrd memory: 56344K
[   11.323269] initcall __typeid__ZTSFivE_global_addr+0x0/0xec8 returned 0 after 488173 usecs
[   11.323561] calling  __typeid__ZTSFivE_global_addr+0x44/0xec8 @ 1
[   11.323569] initcall __typeid__ZTSFivE_global_addr+0x44/0xec8 returned 0 after 2 usecs
[   11.323573] calling  __typeid__ZTSFivE_global_addr+0x58/0xec8 @ 1
[   11.323926] initcall __typeid__ZTSFivE_global_addr+0x58/0xec8 returned 0 after 336 usecs
[   11.323934] calling  __typeid__ZTSFivE_global_addr+0x64/0xec8 @ 1
[   11.323940] initcall __typeid__ZTSFivE_global_addr+0x64/0xec8 returned 0 after 1 usecs
[   11.323944] calling  __typeid__ZTSFivE_global_addr+0x6c/0xec8 @ 1
[   11.324929] hw perfevents: no interrupt-affinity property for /pmu, guessing.
[   11.325341] hw perfevents: enabled with armv8_pmuv3 PMU driver, 7 counters available
[   11.325393] probe of pmu returned 1 after 571 usecs
[   11.325538] initcall __typeid__ZTSFivE_global_addr+0x6c/0xec8 returned 0 after 1547 usecs
[   11.325548] calling  __typeid__ZTSFivE_global_addr+0x80/0xec8 @ 1
[   11.325555] initcall __typeid__ZTSFivE_global_addr+0x80/0xec8 returned 0 after 2 usecs
[   11.325560] calling  __typeid__ZTSFivE_global_addr+0x84/0xec8 @ 1
[   11.325566] initcall __typeid__ZTSFivE_global_addr+0x84/0xec8 returned 0 after 1 usecs
[   11.325570] calling  __typeid__ZTSFivE_global_addr+0x94/0xec8 @ 1
[   11.325609] kvm [1]: IPA Size Limit: 40 bits
[   11.326445] kvm [1]: GICv3: no GICV resource entry
[   11.326448] kvm [1]: disabling GICv2 emulation
[   11.326464] kvm [1]: GIC system register CPU interface enabled
[   11.326665] kvm [1]: vgic interrupt IRQ9
[   11.326870] kvm [1]: Hyp mode initialized successfully
[   11.327113] initcall __typeid__ZTSFivE_global_addr+0x94/0xec8 returned 0 after 1497 usecs
[   11.327121] calling  __typeid__ZTSFivE_global_addr+0xa4/0xec8 @ 1
[   11.327415] initcall __typeid__ZTSFivE_global_addr+0xa4/0xec8 returned 0 after 280 usecs
[   11.327421] calling  __typeid__ZTSFivE_global_addr+0xa8/0xec8 @ 1
[   11.327534] initcall __typeid__ZTSFivE_global_addr+0xa8/0xec8 returned 0 after 105 usecs
[   11.327539] calling  __typeid__ZTSFivE_global_addr+0xac/0xec8 @ 1
[   11.329308] initcall __typeid__ZTSFivE_global_addr+0xac/0xec8 returned 0 after 1720 usecs
[   11.329314] calling  __typeid__ZTSFivE_global_addr+0xb0/0xec8 @ 1
[   11.329782] initcall __typeid__ZTSFivE_global_addr+0xb0/0xec8 returned 0 after 450 usecs
[   11.329788] calling  __typeid__ZTSFivE_global_addr+0xb4/0xec8 @ 1
[   11.330130] initcall __typeid__ZTSFivE_global_addr+0xb4/0xec8 returned 0 after 326 usecs
[   11.330135] calling  __typeid__ZTSFivE_global_addr+0xb8/0xec8 @ 1
[   11.330255] initcall __typeid__ZTSFivE_global_addr+0xb8/0xec8 returned 0 after 110 usecs
[   11.330260] calling  __typeid__ZTSFivE_global_addr+0xbc/0xec8 @ 1
[   11.330379] initcall __typeid__ZTSFivE_global_addr+0xbc/0xec8 returned 0 after 110 usecs
[   11.330384] calling  __typeid__ZTSFivE_global_addr+0xc0/0xec8 @ 1
[   11.330398] initcall __typeid__ZTSFivE_global_addr+0xc0/0xec8 returned 0 after 9 usecs
[   11.330403] calling  __typeid__ZTSFivE_global_addr+0xc4/0xec8 @ 1
[   11.330434] initcall __typeid__ZTSFivE_global_addr+0xc4/0xec8 returned 0 after 25 usecs
[   11.330438] calling  __typeid__ZTSFivE_global_addr+0xd8/0xec8 @ 1
[   11.330532] initcall __typeid__ZTSFivE_global_addr+0xd8/0xec8 returned 0 after 85 usecs
[   11.330537] calling  __typeid__ZTSFivE_global_addr+0xf0/0xec8 @ 1
[   11.330549] initcall __typeid__ZTSFivE_global_addr+0xf0/0xec8 returned 0 after 6 usecs
[   11.330553] calling  __typeid__ZTSFivE_global_addr+0x110/0xec8 @ 1
[   11.330596] initcall __typeid__ZTSFivE_global_addr+0x110/0xec8 returned 0 after 36 usecs
[   11.330600] calling  __typeid__ZTSFivE_global_addr+0x11c/0xec8 @ 1
[   11.330608] initcall __typeid__ZTSFivE_global_addr+0x11c/0xec8 returned 0 after 2 usecs
[   11.330612] calling  __typeid__ZTSFivE_global_addr+0x128/0xec8 @ 1
[   11.330624] initcall __typeid__ZTSFivE_global_addr+0x128/0xec8 returned 0 after 7 usecs
[   11.330629] calling  __typeid__ZTSFivE_global_addr+0x12c/0xec8 @ 1
[   11.330633] sprd_corectl: sprd_core_ctl feature start init
[   11.330644] sprd_corectl: Creating CPU group 0
[   11.330791] sprd_corectl_error: ctrl_max_min_core_api, set fail
[   11.330795] sprd_corectl_error: ctrl_max_min_core_api, set fail
[   11.330837] initcall __typeid__ZTSFivE_global_addr+0x12c/0xec8 returned 0 after 197 usecs
[   11.330843] calling  __typeid__ZTSFivE_global_addr+0x164/0xec8 @ 1
[   11.330849] initcall __typeid__ZTSFivE_global_addr+0x164/0xec8 returned 0 after 1 usecs
[   11.330853] calling  __typeid__ZTSFivE_global_addr+0x16c/0xec8 @ 1
[   11.330858] initcall __typeid__ZTSFivE_global_addr+0x16c/0xec8 returned 0 after 0 usecs
[   11.330861] calling  __typeid__ZTSFivE_global_addr+0x1a4/0xec8 @ 1
[   11.330866] initcall __typeid__ZTSFivE_global_addr+0x1a4/0xec8 returned 0 after 0 usecs
[   11.330869] calling  __typeid__ZTSFivE_global_addr+0x1ac/0xec8 @ 1
[   11.330996] initcall __typeid__ZTSFivE_global_addr+0x1ac/0xec8 returned 0 after 118 usecs
[   11.331002] calling  __typeid__ZTSFivE_global_addr+0x1b8/0xec8 @ 1
[   11.331011] initcall __typeid__ZTSFivE_global_addr+0x1b8/0xec8 returned 0 after 4 usecs
[   11.331015] calling  __typeid__ZTSFivE_global_addr+0x1bc/0xec8 @ 1
[   11.331255] initcall __typeid__ZTSFivE_global_addr+0x1bc/0xec8 returned 0 after 228 usecs
[   11.331260] calling  __typeid__ZTSFivE_global_addr+0x1c0/0xec8 @ 1
[   11.331316] initcall __typeid__ZTSFivE_global_addr+0x1c0/0xec8 returned 0 after 49 usecs
[   11.331322] calling  __typeid__ZTSFivE_global_addr+0x1c4/0xec8 @ 1
[   11.331655] initcall __typeid__ZTSFivE_global_addr+0x1c4/0xec8 returned 0 after 318 usecs
[   11.331661] calling  __typeid__ZTSFivE_global_addr+0x1c8/0xec8 @ 1
[   11.331667] initcall __typeid__ZTSFivE_global_addr+0x1c8/0xec8 returned 0 after 1 usecs
[   11.331671] calling  __typeid__ZTSFivE_global_addr+0x1d8/0xec8 @ 1
[   11.331680] initcall __typeid__ZTSFivE_global_addr+0x1d8/0xec8 returned 0 after 4 usecs
[   11.331685] calling  __typeid__ZTSFivE_global_addr+0x1dc/0xec8 @ 1
[   11.331693] initcall __typeid__ZTSFivE_global_addr+0x1dc/0xec8 returned 0 after 3 usecs
[   11.331697] calling  __typeid__ZTSFivE_global_addr+0x1f4/0xec8 @ 1
[   11.331705] initcall __typeid__ZTSFivE_global_addr+0x1f4/0xec8 returned 0 after 2 usecs
[   11.331709] calling  __typeid__ZTSFivE_global_addr+0x1f8/0xec8 @ 1
[   11.331719] initcall __typeid__ZTSFivE_global_addr+0x1f8/0xec8 returned 0 after 5 usecs
[   11.331723] calling  __typeid__ZTSFivE_global_addr+0x208/0xec8 @ 1
[   11.331730] initcall __typeid__ZTSFivE_global_addr+0x208/0xec8 returned 0 after 2 usecs
[   11.331734] calling  __typeid__ZTSFivE_global_addr+0x20c/0xec8 @ 1
[   11.331740] initcall __typeid__ZTSFivE_global_addr+0x20c/0xec8 returned 0 after 1 usecs
[   11.331745] calling  __typeid__ZTSFivE_global_addr+0x210/0xec8 @ 1
[   11.331758] initcall __typeid__ZTSFivE_global_addr+0x210/0xec8 returned 0 after 9 usecs
[   11.331763] calling  __typeid__ZTSFivE_global_addr+0x21c/0xec8 @ 1
[   11.331784] initcall __typeid__ZTSFivE_global_addr+0x21c/0xec8 returned 0 after 15 usecs
[   11.331787] calling  __typeid__ZTSFivE_global_addr+0x220/0xec8 @ 1
[   11.331807] initcall __typeid__ZTSFivE_global_addr+0x220/0xec8 returned 0 after 14 usecs
[   11.331811] calling  __typeid__ZTSFivE_global_addr+0x228/0xec8 @ 1
[   11.331817] initcall __typeid__ZTSFivE_global_addr+0x228/0xec8 returned 0 after 2 usecs
[   11.331821] calling  __typeid__ZTSFivE_global_addr+0x290/0xec8 @ 1
[   11.332178] initcall __typeid__ZTSFivE_global_addr+0x290/0xec8 returned 0 after 341 usecs
[   11.332185] calling  __typeid__ZTSFivE_global_addr+0x29c/0xec8 @ 1
[   11.332188] Initialise system trusted keyrings
[   11.332212] initcall __typeid__ZTSFivE_global_addr+0x29c/0xec8 returned 0 after 21 usecs
[   11.332217] calling  __typeid__ZTSFivE_global_addr+0x2a4/0xec8 @ 1
[   11.332315] initcall __typeid__ZTSFivE_global_addr+0x2a4/0xec8 returned 0 after 88 usecs
[   11.332320] calling  __typeid__ZTSFivE_global_addr+0x2a8/0xec8 @ 1
[   11.332361] initcall __typeid__ZTSFivE_global_addr+0x2a8/0xec8 returned 0 after 35 usecs
[   11.332366] calling  __typeid__ZTSFivE_global_addr+0x2bc/0xec8 @ 1
[   11.332373] initcall __typeid__ZTSFivE_global_addr+0x2bc/0xec8 returned 0 after 2 usecs
[   11.332377] calling  __typeid__ZTSFivE_global_addr+0x2c8/0xec8 @ 1
[   11.332386] initcall __typeid__ZTSFivE_global_addr+0x2c8/0xec8 returned 0 after 3 usecs
[   11.332390] calling  __typeid__ZTSFivE_global_addr+0x2d0/0xec8 @ 1
[   11.332393] workingset: timestamp_bits=46 max_order=21 bucket_order=0
[   11.332404] initcall __typeid__ZTSFivE_global_addr+0x2d0/0xec8 returned 0 after 9 usecs
[   11.332409] calling  __typeid__ZTSFivE_global_addr+0x2e8/0xec8 @ 1
[   11.332417] initcall __typeid__ZTSFivE_global_addr+0x2e8/0xec8 returned 0 after 3 usecs
[   11.332421] calling  __typeid__ZTSFivE_global_addr+0x2f4/0xec8 @ 1
[   11.332444] initcall __typeid__ZTSFivE_global_addr+0x2f4/0xec8 returned 0 after 17 usecs
[   11.332448] calling  __typeid__ZTSFivE_global_addr+0x304/0xec8 @ 1
[   11.332467] initcall __typeid__ZTSFivE_global_addr+0x304/0xec8 returned 0 after 13 usecs
[   11.332472] calling  __typeid__ZTSFivE_global_addr+0x308/0xec8 @ 1
[   11.336743] initcall __typeid__ZTSFivE_global_addr+0x308/0xec8 returned 0 after 4162 usecs
[   11.336750] calling  __typeid__ZTSFivE_global_addr+0x320/0xec8 @ 1
[   11.336799] initcall __typeid__ZTSFivE_global_addr+0x320/0xec8 returned 0 after 42 usecs
[   11.336804] calling  __typeid__ZTSFivE_global_addr+0x330/0xec8 @ 1
[   11.336809] initcall __typeid__ZTSFivE_global_addr+0x330/0xec8 returned 0 after 1 usecs
[   11.336814] calling  __typeid__ZTSFivE_global_addr+0x338/0xec8 @ 1
[   11.336826] initcall __typeid__ZTSFivE_global_addr+0x338/0xec8 returned 0 after 7 usecs
[   11.336830] calling  __typeid__ZTSFivE_global_addr+0x33c/0xec8 @ 1
[   11.336840] initcall __typeid__ZTSFivE_global_addr+0x33c/0xec8 returned 0 after 5 usecs
[   11.336844] calling  __typeid__ZTSFivE_global_addr+0x340/0xec8 @ 1
[   11.336851] initcall __typeid__ZTSFivE_global_addr+0x340/0xec8 returned 0 after 3 usecs
[   11.336855] calling  __typeid__ZTSFivE_global_addr+0x350/0xec8 @ 1
[   11.336886] initcall __typeid__ZTSFivE_global_addr+0x350/0xec8 returned 0 after 25 usecs
[   11.336892] calling  __typeid__ZTSFivE_global_addr+0x354/0xec8 @ 1
[   11.336994] initcall __typeid__ZTSFivE_global_addr+0x354/0xec8 returned 0 after 95 usecs
[   11.337000] calling  __typeid__ZTSFivE_global_addr+0x368/0xec8 @ 1
[   11.337069] initcall __typeid__ZTSFivE_global_addr+0x368/0xec8 returned 0 after 61 usecs
[   11.337074] calling  __typeid__ZTSFivE_global_addr+0x36c/0xec8 @ 1
[   11.337216] initcall __typeid__ZTSFivE_global_addr+0x36c/0xec8 returned 0 after 132 usecs
[   11.337223] calling  __typeid__ZTSFivE_global_addr+0x370/0xec8 @ 1
[   11.337235] initcall __typeid__ZTSFivE_global_addr+0x370/0xec8 returned 0 after 7 usecs
[   11.337239] calling  __typeid__ZTSFivE_global_addr+0x384/0xec8 @ 1
[   11.337335] initcall __typeid__ZTSFivE_global_addr+0x384/0xec8 returned 0 after 88 usecs
[   11.337339] calling  __typeid__ZTSFivE_global_addr+0x398/0xec8 @ 1
[   11.337426] initcall __typeid__ZTSFivE_global_addr+0x398/0xec8 returned 0 after 79 usecs
[   11.337433] calling  __typeid__ZTSFivE_global_addr+0x3a0/0xec8 @ 1
[   11.337439] initcall __typeid__ZTSFivE_global_addr+0x3a0/0xec8 returned 0 after 1 usecs
[   11.337443] calling  __typeid__ZTSFivE_global_addr+0x3e0/0xec8 @ 1
[   11.337484] initcall __typeid__ZTSFivE_global_addr+0x3e0/0xec8 returned 0 after 35 usecs
[   11.337489] calling  __typeid__ZTSFivE_global_addr+0x3e4/0xec8 @ 1
[   11.337953] initcall __typeid__ZTSFivE_global_addr+0x3e4/0xec8 returned 0 after 446 usecs
[   11.337960] calling  __typeid__ZTSFivE_global_addr+0x3e8/0xec8 @ 1
[   11.338203] initcall __typeid__ZTSFivE_global_addr+0x3e8/0xec8 returned 0 after 231 usecs
[   11.338210] calling  __typeid__ZTSFivE_global_addr+0x3f0/0xec8 @ 1
[   11.338359] initcall __typeid__ZTSFivE_global_addr+0x3f0/0xec8 returned 0 after 139 usecs
[   11.338366] calling  __typeid__ZTSFivE_global_addr+0x3f4/0xec8 @ 1
[   11.338376] initcall __typeid__ZTSFivE_global_addr+0x3f4/0xec8 returned 0 after 4 usecs
[   11.338380] calling  __typeid__ZTSFivE_global_addr+0x3f8/0xec8 @ 1
[   11.338386] initcall __typeid__ZTSFivE_global_addr+0x3f8/0xec8 returned 0 after 1 usecs
[   11.338390] calling  __typeid__ZTSFivE_global_addr+0x3fc/0xec8 @ 1
[   11.338396] initcall __typeid__ZTSFivE_global_addr+0x3fc/0xec8 returned 0 after 1 usecs
[   11.338400] calling  __typeid__ZTSFivE_global_addr+0x400/0xec8 @ 1
[   11.338404] initcall __typeid__ZTSFivE_global_addr+0x400/0xec8 returned 0 after 0 usecs
[   11.338408] calling  __typeid__ZTSFivE_global_addr+0x404/0xec8 @ 1
[   11.338412] initcall __typeid__ZTSFivE_global_addr+0x404/0xec8 returned 0 after 0 usecs
[   11.338416] calling  __typeid__ZTSFivE_global_addr+0x408/0xec8 @ 1
[   11.338420] initcall __typeid__ZTSFivE_global_addr+0x408/0xec8 returned 0 after 0 usecs
[   11.338424] calling  __typeid__ZTSFivE_global_addr+0x40c/0xec8 @ 1
[   11.338428] initcall __typeid__ZTSFivE_global_addr+0x40c/0xec8 returned 0 after 0 usecs
[   11.338432] calling  __typeid__ZTSFivE_global_addr+0x410/0xec8 @ 1
[   11.338439] initcall __typeid__ZTSFivE_global_addr+0x410/0xec8 returned 0 after 3 usecs
[   11.338445] calling  __typeid__ZTSFivE_global_addr+0x414/0xec8 @ 1
[   11.338449] initcall __typeid__ZTSFivE_global_addr+0x414/0xec8 returned 0 after 0 usecs
[   11.338453] calling  __typeid__ZTSFivE_global_addr+0x418/0xec8 @ 1
[   11.338460] initcall __typeid__ZTSFivE_global_addr+0x418/0xec8 returned 0 after 3 usecs
[   11.338464] calling  __typeid__ZTSFivE_global_addr+0x41c/0xec8 @ 1
[   11.338471] initcall __typeid__ZTSFivE_global_addr+0x41c/0xec8 returned 0 after 3 usecs
[   11.338476] calling  __typeid__ZTSFivE_global_addr+0x420/0xec8 @ 1
[   11.338481] initcall __typeid__ZTSFivE_global_addr+0x420/0xec8 returned 0 after 1 usecs
[   11.338485] calling  __typeid__ZTSFivE_global_addr+0x424/0xec8 @ 1
[   11.338490] initcall __typeid__ZTSFivE_global_addr+0x424/0xec8 returned 0 after 0 usecs
[   11.338494] calling  __typeid__ZTSFivE_global_addr+0x428/0xec8 @ 1
[   11.338499] initcall __typeid__ZTSFivE_global_addr+0x428/0xec8 returned 0 after 0 usecs
[   11.338502] calling  __typeid__ZTSFivE_global_addr+0x42c/0xec8 @ 1
[   11.338507] initcall __typeid__ZTSFivE_global_addr+0x42c/0xec8 returned 0 after 1 usecs
[   11.338511] calling  __typeid__ZTSFivE_global_addr+0x430/0xec8 @ 1
[   11.338516] initcall __typeid__ZTSFivE_global_addr+0x430/0xec8 returned 0 after 0 usecs
[   11.338521] calling  __typeid__ZTSFivE_global_addr+0x434/0xec8 @ 1
[   11.338526] initcall __typeid__ZTSFivE_global_addr+0x434/0xec8 returned 0 after 0 usecs
[   11.338530] calling  __typeid__ZTSFivE_global_addr+0x438/0xec8 @ 1
[   11.338535] initcall __typeid__ZTSFivE_global_addr+0x438/0xec8 returned 0 after 0 usecs
[   11.338539] calling  __typeid__ZTSFivE_global_addr+0x43c/0xec8 @ 1
[   11.338543] initcall __typeid__ZTSFivE_global_addr+0x43c/0xec8 returned 0 after 0 usecs
[   11.338547] calling  __typeid__ZTSFivE_global_addr+0x440/0xec8 @ 1
[   11.338556] initcall __typeid__ZTSFivE_global_addr+0x440/0xec8 returned 0 after 5 usecs
[   11.338560] calling  __typeid__ZTSFivE_global_addr+0x444/0xec8 @ 1
[   11.338568] initcall __typeid__ZTSFivE_global_addr+0x444/0xec8 returned 0 after 3 usecs
[   11.338571] calling  __typeid__ZTSFivE_global_addr+0x448/0xec8 @ 1
[   11.338576] initcall __typeid__ZTSFivE_global_addr+0x448/0xec8 returned 0 after 0 usecs
[   11.338580] calling  __typeid__ZTSFivE_global_addr+0x44c/0xec8 @ 1
[   11.338584] initcall __typeid__ZTSFivE_global_addr+0x44c/0xec8 returned 0 after 0 usecs
[   11.338588] calling  __typeid__ZTSFivE_global_addr+0x450/0xec8 @ 1
[   11.338595] initcall __typeid__ZTSFivE_global_addr+0x450/0xec8 returned 0 after 3 usecs
[   11.338600] calling  __typeid__ZTSFivE_global_addr+0x454/0xec8 @ 1
[   11.338605] initcall __typeid__ZTSFivE_global_addr+0x454/0xec8 returned 0 after 1 usecs
[   11.338609] calling  __typeid__ZTSFivE_global_addr+0x458/0xec8 @ 1
[   11.338614] initcall __typeid__ZTSFivE_global_addr+0x458/0xec8 returned 0 after 0 usecs
[   11.338617] calling  __typeid__ZTSFivE_global_addr+0x45c/0xec8 @ 1
[   11.338622] initcall __typeid__ZTSFivE_global_addr+0x45c/0xec8 returned 0 after 0 usecs
[   11.338626] calling  __typeid__ZTSFivE_global_addr+0x460/0xec8 @ 1
[   11.338630] initcall __typeid__ZTSFivE_global_addr+0x460/0xec8 returned 0 after 0 usecs
[   11.338634] calling  __typeid__ZTSFivE_global_addr+0x464/0xec8 @ 1
[   11.338638] initcall __typeid__ZTSFivE_global_addr+0x464/0xec8 returned 0 after 0 usecs
[   11.338642] calling  __typeid__ZTSFivE_global_addr+0x468/0xec8 @ 1
[   11.338649] initcall __typeid__ZTSFivE_global_addr+0x468/0xec8 returned 0 after 3 usecs
[   11.338653] calling  __typeid__ZTSFivE_global_addr+0x46c/0xec8 @ 1
[   11.338660] initcall __typeid__ZTSFivE_global_addr+0x46c/0xec8 returned 0 after 3 usecs
[   11.338664] calling  __typeid__ZTSFivE_global_addr+0x470/0xec8 @ 1
[   11.338668] initcall __typeid__ZTSFivE_global_addr+0x470/0xec8 returned 0 after 0 usecs
[   11.338673] calling  __typeid__ZTSFivE_global_addr+0x474/0xec8 @ 1
[   11.338678] initcall __typeid__ZTSFivE_global_addr+0x474/0xec8 returned 0 after 0 usecs
[   11.338681] calling  __typeid__ZTSFivE_global_addr+0x478/0xec8 @ 1
[   11.338686] initcall __typeid__ZTSFivE_global_addr+0x478/0xec8 returned 0 after 1 usecs
[   11.338690] calling  __typeid__ZTSFivE_global_addr+0x47c/0xec8 @ 1
[   11.338694] initcall __typeid__ZTSFivE_global_addr+0x47c/0xec8 returned 0 after 0 usecs
[   11.338698] calling  __typeid__ZTSFivE_global_addr+0x480/0xec8 @ 1
[   11.338703] initcall __typeid__ZTSFivE_global_addr+0x480/0xec8 returned 0 after 1 usecs
[   11.338706] calling  __typeid__ZTSFivE_global_addr+0x484/0xec8 @ 1
[   11.338711] initcall __typeid__ZTSFivE_global_addr+0x484/0xec8 returned 0 after 0 usecs
[   11.338715] calling  __typeid__ZTSFivE_global_addr+0x488/0xec8 @ 1
[   11.338722] initcall __typeid__ZTSFivE_global_addr+0x488/0xec8 returned 0 after 4 usecs
[   11.338726] calling  __typeid__ZTSFivE_global_addr+0x48c/0xec8 @ 1
[   11.338731] initcall __typeid__ZTSFivE_global_addr+0x48c/0xec8 returned 0 after 0 usecs
[   11.338735] calling  __typeid__ZTSFivE_global_addr+0x490/0xec8 @ 1
[   11.338740] initcall __typeid__ZTSFivE_global_addr+0x490/0xec8 returned 0 after 0 usecs
[   11.338745] calling  __typeid__ZTSFivE_global_addr+0x494/0xec8 @ 1
[   11.338751] initcall __typeid__ZTSFivE_global_addr+0x494/0xec8 returned 0 after 1 usecs
[   11.338755] calling  __typeid__ZTSFivE_global_addr+0x498/0xec8 @ 1
[   11.338760] initcall __typeid__ZTSFivE_global_addr+0x498/0xec8 returned 0 after 0 usecs
[   11.338763] calling  __typeid__ZTSFivE_global_addr+0x49c/0xec8 @ 1
[   11.338768] initcall __typeid__ZTSFivE_global_addr+0x49c/0xec8 returned 0 after 1 usecs
[   11.338772] calling  __typeid__ZTSFivE_global_addr+0x4a0/0xec8 @ 1
[   11.338780] initcall __typeid__ZTSFivE_global_addr+0x4a0/0xec8 returned 0 after 3 usecs
[   11.338783] calling  __typeid__ZTSFivE_global_addr+0x4a4/0xec8 @ 1
[   11.338791] initcall __typeid__ZTSFivE_global_addr+0x4a4/0xec8 returned 0 after 3 usecs
[   11.338795] calling  __typeid__ZTSFivE_global_addr+0x4a8/0xec8 @ 1
[   11.338802] initcall __typeid__ZTSFivE_global_addr+0x4a8/0xec8 returned 0 after 3 usecs
[   11.338806] calling  __typeid__ZTSFivE_global_addr+0x4ac/0xec8 @ 1
[   11.338811] initcall __typeid__ZTSFivE_global_addr+0x4ac/0xec8 returned 0 after 0 usecs
[   11.338815] calling  __typeid__ZTSFivE_global_addr+0x4b0/0xec8 @ 1
[   11.338821] initcall __typeid__ZTSFivE_global_addr+0x4b0/0xec8 returned 0 after 0 usecs
[   11.338826] calling  __typeid__ZTSFivE_global_addr+0x4b4/0xec8 @ 1
[   11.338831] initcall __typeid__ZTSFivE_global_addr+0x4b4/0xec8 returned 0 after 0 usecs
[   11.338835] calling  __typeid__ZTSFivE_global_addr+0x4b8/0xec8 @ 1
[   11.338840] initcall __typeid__ZTSFivE_global_addr+0x4b8/0xec8 returned 0 after 0 usecs
[   11.338843] calling  __typeid__ZTSFivE_global_addr+0x4bc/0xec8 @ 1
[   11.338848] initcall __typeid__ZTSFivE_global_addr+0x4bc/0xec8 returned 0 after 0 usecs
[   11.338851] calling  __typeid__ZTSFivE_global_addr+0x4c0/0xec8 @ 1
[   11.338859] initcall __typeid__ZTSFivE_global_addr+0x4c0/0xec8 returned 0 after 4 usecs
[   11.338863] calling  __typeid__ZTSFivE_global_addr+0x4c4/0xec8 @ 1
[   11.338868] initcall __typeid__ZTSFivE_global_addr+0x4c4/0xec8 returned 0 after 0 usecs
[   11.338872] calling  __typeid__ZTSFivE_global_addr+0x4cc/0xec8 @ 1
[   11.338875] fuse: init (API version 7.31)
[   11.339084] initcall __typeid__ZTSFivE_global_addr+0x4cc/0xec8 returned 0 after 200 usecs
[   11.339091] calling  __typeid__ZTSFivE_global_addr+0x4d0/0xec8 @ 1
[   11.339116] initcall __typeid__ZTSFivE_global_addr+0x4d0/0xec8 returned 0 after 20 usecs
[   11.339121] calling  __typeid__ZTSFivE_global_addr+0x4d4/0xec8 @ 1
[   11.339191] initcall __typeid__ZTSFivE_global_addr+0x4d4/0xec8 returned 0 after 63 usecs
[   11.339197] calling  __typeid__ZTSFivE_global_addr+0x4d8/0xec8 @ 1
[   11.339219] initcall __typeid__ZTSFivE_global_addr+0x4d8/0xec8 returned 0 after 16 usecs
[   11.339224] calling  __typeid__ZTSFivE_global_addr+0x4e4/0xec8 @ 1
[   11.340515] initcall __typeid__ZTSFivE_global_addr+0x4e4/0xec8 returned 0 after 1252 usecs
[   11.340523] calling  __typeid__ZTSFivE_global_addr+0x4f0/0xec8 @ 1
[   11.340784] initcall __typeid__ZTSFivE_global_addr+0x4f0/0xec8 returned 0 after 247 usecs
[   11.340790] calling  __typeid__ZTSFivE_global_addr+0x4f8/0xec8 @ 1
[   11.340800] initcall __typeid__ZTSFivE_global_addr+0x4f8/0xec8 returned 0 after 5 usecs
[   11.340805] calling  __typeid__ZTSFivE_global_addr+0x514/0xec8 @ 1
[   11.340851] initcall __typeid__ZTSFivE_global_addr+0x514/0xec8 returned 0 after 39 usecs
[   11.340855] calling  __typeid__ZTSFivE_global_addr+0x518/0xec8 @ 1
[   11.341146] initcall __typeid__ZTSFivE_global_addr+0x518/0xec8 returned 0 after 276 usecs
[   11.341153] calling  __typeid__ZTSFivE_global_addr+0x51c/0xec8 @ 1
[   11.341179] initcall __typeid__ZTSFivE_global_addr+0x51c/0xec8 returned 0 after 20 usecs
[   11.341184] calling  __typeid__ZTSFivE_global_addr+0x520/0xec8 @ 1
[   11.341195] initcall __typeid__ZTSFivE_global_addr+0x520/0xec8 returned 0 after 6 usecs
[   11.341200] calling  __typeid__ZTSFivE_global_addr+0x524/0xec8 @ 1
[   11.341208] initcall __typeid__ZTSFivE_global_addr+0x524/0xec8 returned 0 after 3 usecs
[   11.341213] calling  __typeid__ZTSFivE_global_addr+0x528/0xec8 @ 1
[   11.341221] initcall __typeid__ZTSFivE_global_addr+0x528/0xec8 returned 0 after 3 usecs
[   11.341225] calling  __typeid__ZTSFivE_global_addr+0x530/0xec8 @ 1
[   11.341230] initcall __typeid__ZTSFivE_global_addr+0x530/0xec8 returned 0 after 1 usecs
[   11.341234] calling  __typeid__ZTSFivE_global_addr+0x53c/0xec8 @ 1
[   11.341245] initcall __typeid__ZTSFivE_global_addr+0x53c/0xec8 returned 0 after 6 usecs
[   11.341249] calling  __typeid__ZTSFivE_global_addr+0x5d8/0xec8 @ 1
[   11.369227] initcall __typeid__ZTSFivE_global_addr+0x5d8/0xec8 returned 0 after 27315 usecs
[   11.369233] calling  __typeid__ZTSFivE_global_addr+0x5f0/0xec8 @ 1
[   11.369238] Key type asymmetric registered
[   11.369242] initcall __typeid__ZTSFivE_global_addr+0x5f0/0xec8 returned 0 after 4 usecs
[   11.369246] calling  __typeid__ZTSFivE_global_addr+0x5f4/0xec8 @ 1
[   11.369249] Asymmetric key parser 'x509' registered
[   11.369253] initcall __typeid__ZTSFivE_global_addr+0x5f4/0xec8 returned 0 after 3 usecs
[   11.369257] calling  __typeid__ZTSFivE_global_addr+0x60c/0xec8 @ 1
[   11.369268] initcall __typeid__ZTSFivE_global_addr+0x60c/0xec8 returned 0 after 6 usecs
[   11.369272] calling  __typeid__ZTSFivE_global_addr+0x618/0xec8 @ 1
[   11.369297] Block layer SCSI generic (bsg) driver version 0.4 loaded (major 241)
[   11.369302] initcall __typeid__ZTSFivE_global_addr+0x618/0xec8 returned 0 after 24 usecs
[   11.369306] calling  __typeid__ZTSFivE_global_addr+0x620/0xec8 @ 1
[   11.369428] initcall __typeid__ZTSFivE_global_addr+0x620/0xec8 returned 0 after 114 usecs
[   11.369433] calling  __typeid__ZTSFivE_global_addr+0x624/0xec8 @ 1
[   11.369451] initcall __typeid__ZTSFivE_global_addr+0x624/0xec8 returned 0 after 12 usecs
[   11.369455] calling  __typeid__ZTSFivE_global_addr+0x628/0xec8 @ 1
[   11.369458] io scheduler mq-deadline registered
[   11.369462] initcall __typeid__ZTSFivE_global_addr+0x628/0xec8 returned 0 after 3 usecs
[   11.369466] calling  __typeid__ZTSFivE_global_addr+0x62c/0xec8 @ 1
[   11.369469] io scheduler kyber registered
[   11.369473] initcall __typeid__ZTSFivE_global_addr+0x62c/0xec8 returned 0 after 2 usecs
[   11.369477] calling  __typeid__ZTSFivE_global_addr+0x640/0xec8 @ 1
[   11.369481] initcall __typeid__ZTSFivE_global_addr+0x640/0xec8 returned 0 after 0 usecs
[   11.369484] calling  __typeid__ZTSFivE_global_addr+0x644/0xec8 @ 1
[   11.369488] initcall __typeid__ZTSFivE_global_addr+0x644/0xec8 returned 0 after 0 usecs
[   11.369492] calling  __typeid__ZTSFivE_global_addr+0x648/0xec8 @ 1
[   11.369496] initcall __typeid__ZTSFivE_global_addr+0x648/0xec8 returned 0 after 0 usecs
[   11.369500] calling  __typeid__ZTSFivE_global_addr+0x64c/0xec8 @ 1
[   11.369515] initcall __typeid__ZTSFivE_global_addr+0x64c/0xec8 returned 0 after 10 usecs
[   11.369521] calling  __typeid__ZTSFivE_global_addr+0x658/0xec8 @ 1
[   11.369527] initcall __typeid__ZTSFivE_global_addr+0x658/0xec8 returned 0 after 2 usecs
[   11.369531] calling  __typeid__ZTSFivE_global_addr+0x65c/0xec8 @ 1
[   11.369536] initcall __typeid__ZTSFivE_global_addr+0x65c/0xec8 returned 0 after 1 usecs
[   11.369540] calling  __typeid__ZTSFivE_global_addr+0x660/0xec8 @ 1
[   11.369545] initcall __typeid__ZTSFivE_global_addr+0x660/0xec8 returned 0 after 0 usecs
[   11.369549] calling  __typeid__ZTSFivE_global_addr+0x664/0xec8 @ 1
[   11.369734] initcall __typeid__ZTSFivE_global_addr+0x664/0xec8 returned 0 after 174 usecs
[   11.369739] calling  __typeid__ZTSFivE_global_addr+0x668/0xec8 @ 1
[   11.369749] initcall __typeid__ZTSFivE_global_addr+0x668/0xec8 returned 0 after 5 usecs
[   11.369754] calling  __typeid__ZTSFivE_global_addr+0x678/0xec8 @ 1
[   11.369840] initcall __typeid__ZTSFivE_global_addr+0x678/0xec8 returned 0 after 78 usecs
[   11.369846] calling  __typeid__ZTSFivE_global_addr+0x688/0xec8 @ 1
[   11.369872] initcall __typeid__ZTSFivE_global_addr+0x688/0xec8 returned 0 after 19 usecs
[   11.369878] calling  __typeid__ZTSFivE_global_addr+0x690/0xec8 @ 1
[   11.370114] initcall __typeid__ZTSFivE_global_addr+0x690/0xec8 returned 0 after 224 usecs
[   11.370118] calling  __typeid__ZTSFivE_global_addr+0x694/0xec8 @ 1
[   11.370689] initcall __typeid__ZTSFivE_global_addr+0x694/0xec8 returned 0 after 551 usecs
[   11.370694] calling  __typeid__ZTSFivE_global_addr+0x6a0/0xec8 @ 1
[   11.370729] initcall __typeid__ZTSFivE_global_addr+0x6a0/0xec8 returned 0 after 30 usecs
[   11.370734] calling  __typeid__ZTSFivE_global_addr+0x6c4/0xec8 @ 1
[   11.370746] initcall __typeid__ZTSFivE_global_addr+0x6c4/0xec8 returned 0 after 7 usecs
[   11.370751] calling  __typeid__ZTSFivE_global_addr+0x6d0/0xec8 @ 1
[   11.370832] initcall __typeid__ZTSFivE_global_addr+0x6d0/0xec8 returned 0 after 74 usecs
[   11.370836] calling  __typeid__ZTSFivE_global_addr+0x6d8/0xec8 @ 1
[   11.370850] initcall __typeid__ZTSFivE_global_addr+0x6d8/0xec8 returned 0 after 8 usecs
[   11.370854] calling  __typeid__ZTSFivE_global_addr+0x6dc/0xec8 @ 1
[   11.370887] initcall __typeid__ZTSFivE_global_addr+0x6dc/0xec8 returned 0 after 27 usecs
[   11.370893] calling  __typeid__ZTSFivE_global_addr+0x6e0/0xec8 @ 1
[   11.371303] initcall __typeid__ZTSFivE_global_addr+0x6e0/0xec8 returned 0 after 394 usecs
[   11.371310] calling  __typeid__ZTSFivE_global_addr+0x6e4/0xec8 @ 1
[   11.371536] initcall __typeid__ZTSFivE_global_addr+0x6e4/0xec8 returned 0 after 214 usecs
[   11.371543] calling  __typeid__ZTSFivE_global_addr+0x6e8/0xec8 @ 1
[   11.371702] initcall __typeid__ZTSFivE_global_addr+0x6e8/0xec8 returned 0 after 150 usecs
[   11.371708] calling  __typeid__ZTSFivE_global_addr+0x6f0/0xec8 @ 1
[   11.371793] initcall __typeid__ZTSFivE_global_addr+0x6f0/0xec8 returned 0 after 77 usecs
[   11.371798] calling  __typeid__ZTSFivE_global_addr+0x708/0xec8 @ 1
[   11.371945] initcall __typeid__ZTSFivE_global_addr+0x708/0xec8 returned 0 after 138 usecs
[   11.371950] calling  __typeid__ZTSFivE_global_addr+0x70c/0xec8 @ 1
[   11.372123] initcall __typeid__ZTSFivE_global_addr+0x70c/0xec8 returned 0 after 162 usecs
[   11.372129] calling  __typeid__ZTSFivE_global_addr+0x710/0xec8 @ 1
[   11.372303] initcall __typeid__ZTSFivE_global_addr+0x710/0xec8 returned 0 after 163 usecs
[   11.372308] calling  __typeid__ZTSFivE_global_addr+0x714/0xec8 @ 1
[   11.372446] initcall __typeid__ZTSFivE_global_addr+0x714/0xec8 returned 0 after 129 usecs
[   11.372451] calling  __typeid__ZTSFivE_global_addr+0x73c/0xec8 @ 1
[   11.372524] initcall __typeid__ZTSFivE_global_addr+0x73c/0xec8 returned 0 after 65 usecs
[   11.372531] calling  __typeid__ZTSFivE_global_addr+0x744/0xec8 @ 1
[   11.372544] initcall __typeid__ZTSFivE_global_addr+0x744/0xec8 returned 0 after 8 usecs
[   11.372549] calling  __typeid__ZTSFivE_global_addr+0x748/0xec8 @ 1
[   11.372785] probe of 65002000.dmc-controller returned 1 after 147 usecs
[   11.372907] initcall __typeid__ZTSFivE_global_addr+0x748/0xec8 returned 0 after 343 usecs
[   11.372914] calling  __typeid__ZTSFivE_global_addr+0x75c/0xec8 @ 1
[   11.372971] initcall __typeid__ZTSFivE_global_addr+0x75c/0xec8 returned 0 after 50 usecs
[   11.372975] calling  __typeid__ZTSFivE_global_addr+0x764/0xec8 @ 1
[   11.372982] initcall __typeid__ZTSFivE_global_addr+0x764/0xec8 returned 0 after 1 usecs
[   11.372986] calling  __typeid__ZTSFivE_global_addr+0x768/0xec8 @ 1
[   11.373058] initcall __typeid__ZTSFivE_global_addr+0x768/0xec8 returned 0 after 64 usecs
[   11.373064] calling  __typeid__ZTSFivE_global_addr+0x76c/0xec8 @ 1
[   11.373107] initcall __typeid__ZTSFivE_global_addr+0x76c/0xec8 returned 0 after 37 usecs
[   11.373111] calling  __typeid__ZTSFivE_global_addr+0x774/0xec8 @ 1
[   11.373116] Serial: 8250/16550 driver, 4 ports, IRQ sharing disabled
[   11.373845] probe of serial8250 returned 1 after 31 usecs
[   11.373870] initcall __typeid__ZTSFivE_global_addr+0x774/0xec8 returned 0 after 734 usecs
[   11.373877] calling  __typeid__ZTSFivE_global_addr+0x77c/0xec8 @ 1
[   11.373930] initcall __typeid__ZTSFivE_global_addr+0x77c/0xec8 returned 0 after 47 usecs
[   11.373935] calling  __typeid__ZTSFivE_global_addr+0x780/0xec8 @ 1
[   11.374497] initcall __typeid__ZTSFivE_global_addr+0x780/0xec8 returned 0 after 542 usecs
[   11.374502] calling  __typeid__ZTSFivE_global_addr+0x788/0xec8 @ 1
[   11.374648] 200a0000.serial: ttySPRD0 at MMIO 0x200a0000 (irq = 15, base_baud = 1625000) is a SPX
[   11.374741] serial port 1 not yet initialized
[   11.374928] probe of 200a0000.serial returned 1 after 394 usecs
[   11.374994] 200b0000.serial: ttySPRD1 at MMIO 0x200b0000 (irq = 16, base_baud = 1625000) is a SPX
[   11.375041] printk: console [ttySPRD1] enabled
[   11.375044] printk: bootconsole [sprd_serial0] disabled
[   11.375221] probe of 200b0000.serial returned 1 after 281 usecs
[   11.375281] 200c0000.serial: ttySPRD2 at MMIO 0x200c0000 (irq = 17, base_baud = 1625000) is a SPX
[   11.375448] probe of 200c0000.serial returned 1 after 218 usecs
[   11.375587] initcall __typeid__ZTSFivE_global_addr+0x788/0xec8 returned 0 after 1052 usecs
[   11.375594] calling  __typeid__ZTSFivE_global_addr+0x7a0/0xec8 @ 1
[   11.375656] initcall __typeid__ZTSFivE_global_addr+0x7a0/0xec8 returned 0 after 54 usecs
[   11.375662] calling  __typeid__ZTSFivE_global_addr+0x7b8/0xec8 @ 1
[   11.375667] initcall __typeid__ZTSFivE_global_addr+0x7b8/0xec8 returned 0 after 0 usecs
[   11.375671] calling  __typeid__ZTSFivE_global_addr+0x7bc/0xec8 @ 1
[   11.375723] initcall __typeid__ZTSFivE_global_addr+0x7bc/0xec8 returned 0 after 45 usecs
[   11.375729] calling  __typeid__ZTSFivE_global_addr+0x7c4/0xec8 @ 1
[   11.375763] initcall __typeid__ZTSFivE_global_addr+0x7c4/0xec8 returned 0 after 27 usecs
[   11.375768] calling  __typeid__ZTSFivE_global_addr+0x7e4/0xec8 @ 1
[   11.375932] initcall __typeid__ZTSFivE_global_addr+0x7e4/0xec8 returned 0 after 154 usecs
[   11.375938] calling  __typeid__ZTSFivE_global_addr+0x7e8/0xec8 @ 1
[   11.375973] cacheinfo: Unable to detect cache hierarchy for CPU 0
[   11.376001] initcall __typeid__ZTSFivE_global_addr+0x7e8/0xec8 returned -2 after 55 usecs
[   11.376024] calling  __typeid__ZTSFivE_global_addr+0x81c/0xec8 @ 1
[   11.381171] brd: module loaded
[   11.381180] initcall __typeid__ZTSFivE_global_addr+0x81c/0xec8 returned 0 after 5027 usecs
[   11.381188] calling  __typeid__ZTSFivE_global_addr+0x820/0xec8 @ 1
[   11.391737] loop: module loaded
[   11.391751] initcall __typeid__ZTSFivE_global_addr+0x820/0xec8 returned 0 after 10304 usecs
[   11.391759] calling  __typeid__ZTSFivE_global_addr+0x834/0xec8 @ 1
[   11.391834] initcall __typeid__ZTSFivE_global_addr+0x834/0xec8 returned 0 after 66 usecs
[   11.391839] calling  __typeid__ZTSFivE_global_addr+0x838/0xec8 @ 1
[   11.391853] initcall __typeid__ZTSFivE_global_addr+0x838/0xec8 returned 0 after 8 usecs
[   11.391857] calling  __typeid__ZTSFivE_global_addr+0x83c/0xec8 @ 1
[   11.392495] probe of ndbus0 returned 1 after 73 usecs
[   11.392546] probe of fff70000.rebootescrow returned 1 after 229 usecs
[   11.392595] initcall __typeid__ZTSFivE_global_addr+0x83c/0xec8 returned 0 after 712 usecs
[   11.392603] calling  __typeid__ZTSFivE_global_addr+0x854/0xec8 @ 1
[   11.392700] probe of region0 returned 1 after 60 usecs
[   11.392842] nd_pmem namespace0.0: unable to guarantee persistence of writes
[   11.392903] probe of btt0.0 returned 0 after 16 usecs
[   11.392995] initcall __typeid__ZTSFivE_global_addr+0x854/0xec8 returned 0 after 375 usecs
[   11.393003] calling  __typeid__ZTSFivE_global_addr+0x858/0xec8 @ 1
[   11.393058] initcall __typeid__ZTSFivE_global_addr+0x858/0xec8 returned 0 after 48 usecs
[   11.393064] calling  __typeid__ZTSFivE_global_addr+0x85c/0xec8 @ 1
[   11.393147] initcall __typeid__ZTSFivE_global_addr+0x85c/0xec8 returned 0 after 75 usecs
[   11.393154] calling  __typeid__ZTSFivE_global_addr+0x868/0xec8 @ 1
[   11.393391] pmem0: detected capacity change from 0 to 65536
[   11.393414] probe of namespace0.0 returned 1 after 643 usecs
[   11.393497] initcall __typeid__ZTSFivE_global_addr+0x868/0xec8 returned 0 after 327 usecs
[   11.393503] calling  __typeid__ZTSFivE_global_addr+0x86c/0xec8 @ 1
[   11.393673] wireguard: WireGuard 1.0.0 loaded. See www.wireguard.com for information.
[   11.393675] wireguard: Copyright (C) 2015-2019 Jason A. Donenfeld <Jason@zx2c4.com>. All Rights Reserved.
[   11.393681] initcall __typeid__ZTSFivE_global_addr+0x86c/0xec8 returned 0 after 168 usecs
[   11.393688] calling  __typeid__ZTSFivE_global_addr+0x870/0xec8 @ 1
[   11.394222] initcall __typeid__ZTSFivE_global_addr+0x870/0xec8 returned 0 after 512 usecs
[   11.394227] calling  __typeid__ZTSFivE_global_addr+0x874/0xec8 @ 1
[   11.394242] initcall __typeid__ZTSFivE_global_addr+0x874/0xec8 returned 0 after 10 usecs
[   11.394247] calling  __typeid__ZTSFivE_global_addr+0x878/0xec8 @ 1
[   11.394263] initcall __typeid__ZTSFivE_global_addr+0x878/0xec8 returned 0 after 10 usecs
[   11.394267] calling  __typeid__ZTSFivE_global_addr+0x880/0xec8 @ 1
[   11.394394] initcall __typeid__ZTSFivE_global_addr+0x880/0xec8 returned 0 after 117 usecs
[   11.394400] calling  __typeid__ZTSFivE_global_addr+0x884/0xec8 @ 1
[   11.394404] tun: Universal TUN/TAP device driver, 1.6
[   11.394454] initcall __typeid__ZTSFivE_global_addr+0x884/0xec8 returned 0 after 46 usecs
[   11.394459] calling  __typeid__ZTSFivE_global_addr+0x888/0xec8 @ 1
[   11.394465] initcall __typeid__ZTSFivE_global_addr+0x888/0xec8 returned 0 after 1 usecs
[   11.394470] calling  __typeid__ZTSFivE_global_addr+0x88c/0xec8 @ 1
[   11.394473] CAN device driver interface
[   11.394477] initcall __typeid__ZTSFivE_global_addr+0x88c/0xec8 returned 0 after 2 usecs
[   11.394481] calling  __typeid__ZTSFivE_global_addr+0x890/0xec8 @ 1
[   11.394483] PPP generic driver version 2.4.2
[   11.394555] initcall __typeid__ZTSFivE_global_addr+0x890/0xec8 returned 0 after 67 usecs
[   11.394561] calling  __typeid__ZTSFivE_global_addr+0x894/0xec8 @ 1
[   11.394565] PPP BSD Compression module registered
[   11.394569] initcall __typeid__ZTSFivE_global_addr+0x894/0xec8 returned 0 after 3 usecs
[   11.394574] calling  __typeid__ZTSFivE_global_addr+0x898/0xec8 @ 1
[   11.394577] PPP Deflate Compression module registered
[   11.394581] initcall __typeid__ZTSFivE_global_addr+0x898/0xec8 returned 0 after 2 usecs
[   11.394584] calling  __typeid__ZTSFivE_global_addr+0x89c/0xec8 @ 1
[   11.394603] PPP MPPE Compression module registered
[   11.394607] initcall __typeid__ZTSFivE_global_addr+0x89c/0xec8 returned 0 after 18 usecs
[   11.394611] calling  __typeid__ZTSFivE_global_addr+0x8a0/0xec8 @ 1
[   11.394615] NET: Registered protocol family 24
[   11.394619] initcall __typeid__ZTSFivE_global_addr+0x8a0/0xec8 returned 0 after 3 usecs
[   11.394623] calling  __typeid__ZTSFivE_global_addr+0x8a4/0xec8 @ 1
[   11.394626] PPTP driver version 0.8.5
[   11.394783] initcall __typeid__ZTSFivE_global_addr+0x8a4/0xec8 returned 0 after 149 usecs
[   11.394787] calling  __typeid__ZTSFivE_global_addr+0x8a8/0xec8 @ 1
[   11.394830] usbcore: registered new interface driver r8152
[   11.394835] initcall __typeid__ZTSFivE_global_addr+0x8a8/0xec8 returned 0 after 41 usecs
[   11.394840] calling  __typeid__ZTSFivE_global_addr+0x8ac/0xec8 @ 1
[   11.394895] usbcore: registered new interface driver cdc_ether
[   11.394900] initcall __typeid__ZTSFivE_global_addr+0x8ac/0xec8 returned 0 after 54 usecs
[   11.394905] calling  __typeid__ZTSFivE_global_addr+0x8b0/0xec8 @ 1
[   11.394915] initcall __typeid__ZTSFivE_global_addr+0x8b0/0xec8 returned 0 after 5 usecs
[   11.394920] calling  __typeid__ZTSFivE_global_addr+0x8b4/0xec8 @ 1
[   11.394948] usbcore: registered new interface driver cdc_ncm
[   11.394953] initcall __typeid__ZTSFivE_global_addr+0x8b4/0xec8 returned 0 after 27 usecs
[   11.394958] calling  __typeid__ZTSFivE_global_addr+0x8b8/0xec8 @ 1
[   11.394985] usbcore: registered new interface driver aqc111
[   11.394991] initcall __typeid__ZTSFivE_global_addr+0x8b8/0xec8 returned 0 after 27 usecs
[   11.394996] calling  __typeid__ZTSFivE_global_addr+0x8bc/0xec8 @ 1
[   11.395015] initcall __typeid__ZTSFivE_global_addr+0x8bc/0xec8 returned 0 after 13 usecs
[   11.395020] calling  __typeid__ZTSFivE_global_addr+0x8cc/0xec8 @ 1
[   11.395439] initcall __typeid__ZTSFivE_global_addr+0x8cc/0xec8 returned 0 after 403 usecs
[   11.395444] calling  __typeid__ZTSFivE_global_addr+0x8d0/0xec8 @ 1
[   11.395485] initcall __typeid__ZTSFivE_global_addr+0x8d0/0xec8 returned 0 after 34 usecs
[   11.395489] calling  __typeid__ZTSFivE_global_addr+0x8d4/0xec8 @ 1
[   11.395944] initcall __typeid__ZTSFivE_global_addr+0x8d4/0xec8 returned 0 after 438 usecs
[   11.395949] calling  __typeid__ZTSFivE_global_addr+0x8d8/0xec8 @ 1
[   11.395952] ehci_hcd: USB 2.0 'Enhanced' Host Controller (EHCI) Driver
[   11.395969] initcall __typeid__ZTSFivE_global_addr+0x8d8/0xec8 returned 0 after 14 usecs
[   11.395974] calling  __typeid__ZTSFivE_global_addr+0x8dc/0xec8 @ 1
[   11.395977] ehci-pci: EHCI PCI platform driver
[   11.396039] initcall __typeid__ZTSFivE_global_addr+0x8dc/0xec8 returned 0 after 57 usecs
[   11.396044] calling  __typeid__ZTSFivE_global_addr+0x8e0/0xec8 @ 1
[   11.396046] ehci-platform: EHCI generic platform driver
[   11.396366] initcall __typeid__ZTSFivE_global_addr+0x8e0/0xec8 returned 0 after 309 usecs
[   11.396373] calling  __typeid__ZTSFivE_global_addr+0x8e4/0xec8 @ 1
[   11.396389] initcall __typeid__ZTSFivE_global_addr+0x8e4/0xec8 returned 0 after 10 usecs
[   11.396393] calling  __typeid__ZTSFivE_global_addr+0x8e8/0xec8 @ 1
[   11.396431] initcall __typeid__ZTSFivE_global_addr+0x8e8/0xec8 returned 0 after 31 usecs
[   11.396436] calling  __typeid__ZTSFivE_global_addr+0x8ec/0xec8 @ 1
[   11.396932] initcall __typeid__ZTSFivE_global_addr+0x8ec/0xec8 returned 0 after 478 usecs
[   11.396937] calling  __typeid__ZTSFivE_global_addr+0x8f0/0xec8 @ 1
[   11.396992] usbcore: registered new interface driver cdc_acm
[   11.396994] cdc_acm: USB Abstract Control Model driver for USB modems and ISDN adapters
[   11.396999] initcall __typeid__ZTSFivE_global_addr+0x8f0/0xec8 returned 0 after 54 usecs
[   11.397005] calling  __typeid__ZTSFivE_global_addr+0x8f4/0xec8 @ 1
[   11.397159] usbcore: registered new interface driver uas
[   11.397165] initcall __typeid__ZTSFivE_global_addr+0x8f4/0xec8 returned 0 after 151 usecs
[   11.397170] calling  __typeid__ZTSFivE_global_addr+0x8f8/0xec8 @ 1
[   11.397210] usbcore: registered new interface driver usb-storage
[   11.397216] initcall __typeid__ZTSFivE_global_addr+0x8f8/0xec8 returned 0 after 39 usecs
[   11.397221] calling  __typeid__ZTSFivE_global_addr+0x8fc/0xec8 @ 1
[   11.397305] initcall __typeid__ZTSFivE_global_addr+0x8fc/0xec8 returned 0 after 75 usecs
[   11.397311] calling  __typeid__ZTSFivE_global_addr+0x904/0xec8 @ 1
[   11.397314] Number of emulated UDC must be in range of 1...32
[   11.397319] initcall __typeid__ZTSFivE_global_addr+0x904/0xec8 returned -22 after 3 usecs
[   11.397323] calling  __typeid__ZTSFivE_global_addr+0x908/0xec8 @ 1
[   11.397333] initcall __typeid__ZTSFivE_global_addr+0x908/0xec8 returned 0 after 5 usecs
[   11.397337] calling  __typeid__ZTSFivE_global_addr+0x90c/0xec8 @ 1
[   11.397343] initcall __typeid__ZTSFivE_global_addr+0x90c/0xec8 returned 0 after 1 usecs
[   11.397347] calling  __typeid__ZTSFivE_global_addr+0x910/0xec8 @ 1
[   11.397352] initcall __typeid__ZTSFivE_global_addr+0x910/0xec8 returned 0 after 0 usecs
[   11.397356] calling  __typeid__ZTSFivE_global_addr+0x914/0xec8 @ 1
[   11.397361] initcall __typeid__ZTSFivE_global_addr+0x914/0xec8 returned 0 after 0 usecs
[   11.397364] calling  __typeid__ZTSFivE_global_addr+0x918/0xec8 @ 1
[   11.397369] initcall __typeid__ZTSFivE_global_addr+0x918/0xec8 returned 0 after 1 usecs
[   11.397373] calling  __typeid__ZTSFivE_global_addr+0x91c/0xec8 @ 1
[   11.397378] initcall __typeid__ZTSFivE_global_addr+0x91c/0xec8 returned 0 after 0 usecs
[   11.397381] calling  __typeid__ZTSFivE_global_addr+0x920/0xec8 @ 1
[   11.397386] initcall __typeid__ZTSFivE_global_addr+0x920/0xec8 returned 0 after 0 usecs
[   11.397391] calling  __typeid__ZTSFivE_global_addr+0x924/0xec8 @ 1
[   11.397395] initcall __typeid__ZTSFivE_global_addr+0x924/0xec8 returned 0 after 0 usecs
[   11.397399] calling  __typeid__ZTSFivE_global_addr+0x934/0xec8 @ 1
[   11.397404] initcall __typeid__ZTSFivE_global_addr+0x934/0xec8 returned 0 after 1 usecs
[   11.397408] calling  __typeid__ZTSFivE_global_addr+0x93c/0xec8 @ 1
[   11.397414] initcall __typeid__ZTSFivE_global_addr+0x93c/0xec8 returned 0 after 2 usecs
[   11.397417] calling  __typeid__ZTSFivE_global_addr+0x940/0xec8 @ 1
[   11.397422] initcall __typeid__ZTSFivE_global_addr+0x940/0xec8 returned 0 after 0 usecs
[   11.397425] calling  __typeid__ZTSFivE_global_addr+0x944/0xec8 @ 1
[   11.397485] initcall __typeid__ZTSFivE_global_addr+0x944/0xec8 returned 0 after 53 usecs
[   11.397490] calling  __typeid__ZTSFivE_global_addr+0x94c/0xec8 @ 1
[   11.397532] usbcore: registered new interface driver xpad
[   11.397538] initcall __typeid__ZTSFivE_global_addr+0x94c/0xec8 returned 0 after 42 usecs
[   11.397544] calling  __typeid__ZTSFivE_global_addr+0x950/0xec8 @ 1
[   11.397608] initcall __typeid__ZTSFivE_global_addr+0x950/0xec8 returned 0 after 58 usecs
[   11.397614] calling  __typeid__ZTSFivE_global_addr+0x954/0xec8 @ 1
[   11.397627] mc34xx_i2c_init caikai called init
[   11.397649] initcall __typeid__ZTSFivE_global_addr+0x954/0xec8 returned 0 after 28 usecs
[   11.397653] calling  __typeid__ZTSFivE_global_addr+0x958/0xec8 @ 1
[   11.397669] initcall __typeid__ZTSFivE_global_addr+0x958/0xec8 returned 0 after 10 usecs
[   11.397673] calling  __typeid__ZTSFivE_global_addr+0x960/0xec8 @ 1
[   11.397710] initcall __typeid__ZTSFivE_global_addr+0x960/0xec8 returned 0 after 31 usecs
[   11.397715] calling  __typeid__ZTSFivE_global_addr+0x964/0xec8 @ 1
[   11.397735] initcall __typeid__ZTSFivE_global_addr+0x964/0xec8 returned 0 after 14 usecs
[   11.397739] calling  __typeid__ZTSFivE_global_addr+0x980/0xec8 @ 1
[   11.397784] usbcore: registered new interface driver uvcvideo
[   11.397785] USB Video Class driver (1.1.1)
[   11.397790] initcall __typeid__ZTSFivE_global_addr+0x980/0xec8 returned 0 after 44 usecs
[   11.397796] calling  __typeid__ZTSFivE_global_addr+0x984/0xec8 @ 1
[   11.397798] gspca_main: v2.14.0 registered
[   11.397802] initcall __typeid__ZTSFivE_global_addr+0x984/0xec8 returned 0 after 1 usecs
[   11.397806] calling  __typeid__ZTSFivE_global_addr+0x99c/0xec8 @ 1
[   11.397937] device-mapper: uevent: version 1.0.3
[   11.398079] device-mapper: ioctl: 4.41.0-ioctl (2019-09-16) initialised: dm-devel@redhat.com
[   11.398085] initcall __typeid__ZTSFivE_global_addr+0x99c/0xec8 returned 0 after 267 usecs
[   11.398092] calling  __typeid__ZTSFivE_global_addr+0x9c0/0xec8 @ 1
[   11.398226] initcall __typeid__ZTSFivE_global_addr+0x9c0/0xec8 returned 0 after 124 usecs
[   11.398231] calling  __typeid__ZTSFivE_global_addr+0x9c4/0xec8 @ 1
[   11.398237] initcall __typeid__ZTSFivE_global_addr+0x9c4/0xec8 returned 0 after 1 usecs
[   11.398241] calling  __typeid__ZTSFivE_global_addr+0x9c8/0xec8 @ 1
[   11.398246] initcall __typeid__ZTSFivE_global_addr+0x9c8/0xec8 returned 0 after 0 usecs
[   11.398251] calling  __typeid__ZTSFivE_global_addr+0x9cc/0xec8 @ 1
[   11.398282] initcall __typeid__ZTSFivE_global_addr+0x9cc/0xec8 returned 0 after 25 usecs
[   11.398287] calling  __typeid__ZTSFivE_global_addr+0x9d0/0xec8 @ 1
[   11.398293] initcall __typeid__ZTSFivE_global_addr+0x9d0/0xec8 returned 0 after 1 usecs
[   11.398297] calling  __typeid__ZTSFivE_global_addr+0x9d4/0xec8 @ 1
[   11.398303] initcall __typeid__ZTSFivE_global_addr+0x9d4/0xec8 returned 0 after 1 usecs
[   11.398307] calling  __typeid__ZTSFivE_global_addr+0x9d8/0xec8 @ 1
[   11.398313] initcall __typeid__ZTSFivE_global_addr+0x9d8/0xec8 returned 0 after 1 usecs
[   11.398317] calling  __typeid__ZTSFivE_global_addr+0x9dc/0xec8 @ 1
[   11.398320] Bluetooth: HCI UART driver ver 2.3
[   11.398323] Bluetooth: HCI UART protocol H4 registered
[   11.398364] Bluetooth: HCI UART protocol LL registered
[   11.398484] Bluetooth: HCI UART protocol Broadcom registered
[   11.398497] Bluetooth: HCI UART protocol QCA registered
[   11.398503] initcall __typeid__ZTSFivE_global_addr+0x9dc/0xec8 returned 0 after 176 usecs
[   11.398509] calling  __typeid__ZTSFivE_global_addr+0x9f0/0xec8 @ 1
[   11.398529] initcall __typeid__ZTSFivE_global_addr+0x9f0/0xec8 returned 0 after 13 usecs
[   11.398533] calling  __typeid__ZTSFivE_global_addr+0xa18/0xec8 @ 1
[   11.398540] initcall __typeid__ZTSFivE_global_addr+0xa18/0xec8 returned 0 after 1 usecs
[   11.398544] calling  __typeid__ZTSFivE_global_addr+0xa1c/0xec8 @ 1
[   11.398549] initcall __typeid__ZTSFivE_global_addr+0xa1c/0xec8 returned 0 after 0 usecs
[   11.398553] calling  __typeid__ZTSFivE_global_addr+0xa20/0xec8 @ 1
[   11.398584] initcall __typeid__ZTSFivE_global_addr+0xa20/0xec8 returned 0 after 25 usecs
[   11.398588] calling  __typeid__ZTSFivE_global_addr+0xa24/0xec8 @ 1
[   11.398677] initcall __typeid__ZTSFivE_global_addr+0xa24/0xec8 returned 0 after 81 usecs
[   11.398681] calling  __typeid__ZTSFivE_global_addr+0xa30/0xec8 @ 1
[   11.398704] initcall __typeid__ZTSFivE_global_addr+0xa30/0xec8 returned -95 after 18 usecs
[   11.398708] calling  __typeid__ZTSFivE_global_addr+0xa34/0xec8 @ 1
[   11.399259] initcall __typeid__ZTSFivE_global_addr+0xa34/0xec8 returned 0 after 531 usecs
[   11.399266] calling  __typeid__ZTSFivE_global_addr+0xa3c/0xec8 @ 1
[   11.399319] initcall __typeid__ZTSFivE_global_addr+0xa3c/0xec8 returned 0 after 46 usecs
[   11.399325] calling  __typeid__ZTSFivE_global_addr+0xa40/0xec8 @ 1
[   11.399328] sdhci: Secure Digital Host Controller Interface driver
[   11.399330] sdhci: Copyright(c) Pierre Ossman
[   11.399334] initcall __typeid__ZTSFivE_global_addr+0xa40/0xec8 returned 0 after 3 usecs
[   11.399338] calling  __typeid__ZTSFivE_global_addr+0xa44/0xec8 @ 1
[   11.399340] sdhci-pltfm: SDHCI platform and OF driver helper
[   11.399344] initcall __typeid__ZTSFivE_global_addr+0xa44/0xec8 returned 0 after 2 usecs
[   11.399348] calling  __typeid__ZTSFivE_global_addr+0xa4c/0xec8 @ 1
[   11.399358] initcall __typeid__ZTSFivE_global_addr+0xa4c/0xec8 returned 0 after 6 usecs
[   11.399362] calling  __typeid__ZTSFivE_global_addr+0xa50/0xec8 @ 1
[   11.399580] initcall __typeid__ZTSFivE_global_addr+0xa50/0xec8 returned 0 after 206 usecs
[   11.399585] calling  __typeid__ZTSFivE_global_addr+0xa58/0xec8 @ 1
[   11.399741] initcall __typeid__ZTSFivE_global_addr+0xa58/0xec8 returned 0 after 146 usecs
[   11.399746] calling  __typeid__ZTSFivE_global_addr+0xa88/0xec8 @ 1
[   11.399752] initcall __typeid__ZTSFivE_global_addr+0xa88/0xec8 returned -38 after 1 usecs
[   11.399756] calling  __typeid__ZTSFivE_global_addr+0xaa4/0xec8 @ 1
[   11.399793] hidraw: raw HID events driver (C) Jiri Kosina
[   11.399828] initcall __typeid__ZTSFivE_global_addr+0xaa4/0xec8 returned 0 after 64 usecs
[   11.399834] calling  __typeid__ZTSFivE_global_addr+0xaa8/0xec8 @ 1
[   11.399889] initcall __typeid__ZTSFivE_global_addr+0xaa8/0xec8 returned 0 after 48 usecs
[   11.399895] calling  __typeid__ZTSFivE_global_addr+0xaac/0xec8 @ 1
[   11.399928] initcall __typeid__ZTSFivE_global_addr+0xaac/0xec8 returned 0 after 26 usecs
[   11.399932] calling  __typeid__ZTSFivE_global_addr+0xab0/0xec8 @ 1
[   11.399961] initcall __typeid__ZTSFivE_global_addr+0xab0/0xec8 returned 0 after 23 usecs
[   11.399966] calling  __typeid__ZTSFivE_global_addr+0xab4/0xec8 @ 1
[   11.399988] initcall __typeid__ZTSFivE_global_addr+0xab4/0xec8 returned 0 after 16 usecs
[   11.399992] calling  __typeid__ZTSFivE_global_addr+0xab8/0xec8 @ 1
[   11.400066] initcall __typeid__ZTSFivE_global_addr+0xab8/0xec8 returned 0 after 66 usecs
[   11.400072] calling  __typeid__ZTSFivE_global_addr+0xabc/0xec8 @ 1
[   11.400099] initcall __typeid__ZTSFivE_global_addr+0xabc/0xec8 returned 0 after 21 usecs
[   11.400104] calling  __typeid__ZTSFivE_global_addr+0xac0/0xec8 @ 1
[   11.400144] initcall __typeid__ZTSFivE_global_addr+0xac0/0xec8 returned 0 after 34 usecs
[   11.400150] calling  __typeid__ZTSFivE_global_addr+0xac4/0xec8 @ 1
[   11.400181] initcall __typeid__ZTSFivE_global_addr+0xac4/0xec8 returned 0 after 25 usecs
[   11.400186] calling  __typeid__ZTSFivE_global_addr+0xac8/0xec8 @ 1
[   11.400217] initcall __typeid__ZTSFivE_global_addr+0xac8/0xec8 returned 0 after 25 usecs
[   11.400224] calling  __typeid__ZTSFivE_global_addr+0xacc/0xec8 @ 1
[   11.400258] initcall __typeid__ZTSFivE_global_addr+0xacc/0xec8 returned 0 after 27 usecs
[   11.400264] calling  __typeid__ZTSFivE_global_addr+0xad0/0xec8 @ 1
[   11.400289] initcall __typeid__ZTSFivE_global_addr+0xad0/0xec8 returned 0 after 19 usecs
[   11.400293] calling  __typeid__ZTSFivE_global_addr+0xad4/0xec8 @ 1
[   11.400323] initcall __typeid__ZTSFivE_global_addr+0xad4/0xec8 returned 0 after 23 usecs
[   11.400328] calling  __typeid__ZTSFivE_global_addr+0xad8/0xec8 @ 1
[   11.400351] initcall __typeid__ZTSFivE_global_addr+0xad8/0xec8 returned 0 after 17 usecs
[   11.400355] calling  __typeid__ZTSFivE_global_addr+0xadc/0xec8 @ 1
[   11.400387] initcall __typeid__ZTSFivE_global_addr+0xadc/0xec8 returned 0 after 25 usecs
[   11.400393] calling  __typeid__ZTSFivE_global_addr+0xae0/0xec8 @ 1
[   11.400416] initcall __typeid__ZTSFivE_global_addr+0xae0/0xec8 returned 0 after 17 usecs
[   11.400421] calling  __typeid__ZTSFivE_global_addr+0xae4/0xec8 @ 1
[   11.400429] initcall __typeid__ZTSFivE_global_addr+0xae4/0xec8 returned 0 after 3 usecs
[   11.400433] calling  __typeid__ZTSFivE_global_addr+0xae8/0xec8 @ 1
[   11.400465] initcall __typeid__ZTSFivE_global_addr+0xae8/0xec8 returned 0 after 26 usecs
[   11.400470] calling  __typeid__ZTSFivE_global_addr+0xaec/0xec8 @ 1
[   11.400502] initcall __typeid__ZTSFivE_global_addr+0xaec/0xec8 returned 0 after 26 usecs
[   11.400506] calling  __typeid__ZTSFivE_global_addr+0xaf0/0xec8 @ 1
[   11.400541] initcall __typeid__ZTSFivE_global_addr+0xaf0/0xec8 returned 0 after 28 usecs
[   11.400546] calling  __typeid__ZTSFivE_global_addr+0xaf4/0xec8 @ 1
[   11.400586] initcall __typeid__ZTSFivE_global_addr+0xaf4/0xec8 returned 0 after 33 usecs
[   11.400592] calling  __typeid__ZTSFivE_global_addr+0xaf8/0xec8 @ 1
[   11.400636] initcall __typeid__ZTSFivE_global_addr+0xaf8/0xec8 returned 0 after 37 usecs
[   11.400642] calling  __typeid__ZTSFivE_global_addr+0xafc/0xec8 @ 1
[   11.400675] initcall __typeid__ZTSFivE_global_addr+0xafc/0xec8 returned 0 after 26 usecs
[   11.400680] calling  __typeid__ZTSFivE_global_addr+0xb00/0xec8 @ 1
[   11.400704] initcall __typeid__ZTSFivE_global_addr+0xb00/0xec8 returned 0 after 19 usecs
[   11.400709] calling  __typeid__ZTSFivE_global_addr+0xb04/0xec8 @ 1
[   11.400741] initcall __typeid__ZTSFivE_global_addr+0xb04/0xec8 returned 0 after 26 usecs
[   11.400746] calling  __typeid__ZTSFivE_global_addr+0xb08/0xec8 @ 1
[   11.400806] initcall __typeid__ZTSFivE_global_addr+0xb08/0xec8 returned 0 after 53 usecs
[   11.400812] calling  __typeid__ZTSFivE_global_addr+0xb0c/0xec8 @ 1
[   11.400844] initcall __typeid__ZTSFivE_global_addr+0xb0c/0xec8 returned 0 after 26 usecs
[   11.400849] calling  __typeid__ZTSFivE_global_addr+0xb10/0xec8 @ 1
[   11.400874] initcall __typeid__ZTSFivE_global_addr+0xb10/0xec8 returned 0 after 19 usecs
[   11.400879] calling  __typeid__ZTSFivE_global_addr+0xb14/0xec8 @ 1
[   11.400910] initcall __typeid__ZTSFivE_global_addr+0xb14/0xec8 returned 0 after 25 usecs
[   11.400915] calling  __typeid__ZTSFivE_global_addr+0xb18/0xec8 @ 1
[   11.400950] initcall __typeid__ZTSFivE_global_addr+0xb18/0xec8 returned 0 after 28 usecs
[   11.400956] calling  __typeid__ZTSFivE_global_addr+0xb1c/0xec8 @ 1
[   11.400986] initcall __typeid__ZTSFivE_global_addr+0xb1c/0xec8 returned 0 after 24 usecs
[   11.400991] calling  __typeid__ZTSFivE_global_addr+0xb20/0xec8 @ 1
[   11.401016] initcall __typeid__ZTSFivE_global_addr+0xb20/0xec8 returned 0 after 20 usecs
[   11.401021] calling  __typeid__ZTSFivE_global_addr+0xb24/0xec8 @ 1
[   11.401052] usbcore: registered new interface driver usbhid
[   11.401054] usbhid: USB HID core driver
[   11.401058] initcall __typeid__ZTSFivE_global_addr+0xb24/0xec8 returned 0 after 31 usecs
[   11.401063] calling  __typeid__ZTSFivE_global_addr+0xb34/0xec8 @ 1
[   11.401113] initcall __typeid__ZTSFivE_global_addr+0xb34/0xec8 returned 0 after 43 usecs
[   11.401120] calling  __typeid__ZTSFivE_global_addr+0xb38/0xec8 @ 1
[   11.401124] initcall __typeid__ZTSFivE_global_addr+0xb38/0xec8 returned 0 after 0 usecs
[   11.401129] calling  __typeid__ZTSFivE_global_addr+0xb44/0xec8 @ 1
[   11.401286] ashmem: initialized
[   11.401292] initcall __typeid__ZTSFivE_global_addr+0xb44/0xec8 returned 0 after 153 usecs
[   11.401298] calling  __typeid__ZTSFivE_global_addr+0xb48/0xec8 @ 1
[   11.401338] initcall __typeid__ZTSFivE_global_addr+0xb48/0xec8 returned 0 after 33 usecs
[   11.401344] calling  __typeid__ZTSFivE_global_addr+0xb74/0xec8 @ 1
[   11.401357] initcall __typeid__ZTSFivE_global_addr+0xb74/0xec8 returned 0 after 8 usecs
[   11.401362] calling  __typeid__ZTSFivE_global_addr+0xb90/0xec8 @ 1
[   11.401426] initcall __typeid__ZTSFivE_global_addr+0xb90/0xec8 returned 0 after 57 usecs
[   11.401431] calling  __typeid__ZTSFivE_global_addr+0xb94/0xec8 @ 1
[   11.401705] probe of 7c003000.etb returned 1 after 248 usecs
[   11.401788] coresight-tmc 7e002000.etf: Uses obsolete Coresight DT bindings
[   11.402014] probe of 7e002000.etf returned 1 after 296 usecs
[   11.402281] probe of 7e003000.etf returned 1 after 259 usecs
[   11.402305] initcall __typeid__ZTSFivE_global_addr+0xb94/0xec8 returned 0 after 847 usecs
[   11.402313] calling  __typeid__ZTSFivE_global_addr+0xb9c/0xec8 @ 1
[   11.402482] initcall __typeid__ZTSFivE_global_addr+0xb9c/0xec8 returned 0 after 159 usecs
[   11.402488] calling  __typeid__ZTSFivE_global_addr+0xb98/0xec8 @ 1
[   11.402534] coresight-dynamic-funnel 7c002000.funnel: Uses OBSOLETE CoreSight funnel binding
[   11.402705] probe of 7c002000.funnel returned 1 after 203 usecs
[   11.402881] probe of 7e001000.funnel returned 1 after 166 usecs
[   11.403061] probe of 7e004000.funnel returned 1 after 170 usecs
[   11.403248] probe of 7e005000.funnel returned 1 after 179 usecs
[   11.403269] initcall __typeid__ZTSFivE_global_addr+0xb98/0xec8 returned 0 after 757 usecs
[   11.403277] calling  __typeid__ZTSFivE_global_addr+0xba4/0xec8 @ 1
[   11.403469] initcall __typeid__ZTSFivE_global_addr+0xba4/0xec8 returned 0 after 182 usecs
[   11.403475] calling  __typeid__ZTSFivE_global_addr+0xba0/0xec8 @ 1
[   11.403510] initcall __typeid__ZTSFivE_global_addr+0xba0/0xec8 returned 0 after 28 usecs
[   11.403516] calling  __typeid__ZTSFivE_global_addr+0xba8/0xec8 @ 1
[   11.403533] probe of 7f040000.etm returned -517 after 1 usecs
[   11.403541] probe of 7f140000.etm returned -517 after 0 usecs
[   11.403548] probe of 7f240000.etm returned -517 after 0 usecs
[   11.403554] probe of 7f340000.etm returned -517 after 0 usecs
[   11.403560] probe of 7f440000.etm returned -517 after 0 usecs
[   11.403566] probe of 7f540000.etm returned -517 after 0 usecs
[   11.403571] probe of 7f640000.etm returned -517 after 0 usecs
[   11.403577] probe of 7f740000.etm returned -517 after 0 usecs
[   11.403587] initcall __typeid__ZTSFivE_global_addr+0xba8/0xec8 returned 0 after 65 usecs
[   11.403592] calling  __typeid__ZTSFivE_global_addr+0xbb0/0xec8 @ 1
[   11.404225] probe of soc:apetb returned 1 after 518 usecs
[   11.404277] initcall __typeid__ZTSFivE_global_addr+0xbb0/0xec8 returned 0 after 663 usecs
[   11.404283] calling  __typeid__ZTSFivE_global_addr+0xbb4/0xec8 @ 1
[   11.404304] initcall __typeid__ZTSFivE_global_addr+0xbb4/0xec8 returned 0 after 15 usecs
[   11.404308] calling  __typeid__ZTSFivE_global_addr+0xbb8/0xec8 @ 1
[   11.404360] initcall __typeid__ZTSFivE_global_addr+0xbb8/0xec8 returned 0 after 45 usecs
[   11.404365] calling  __typeid__ZTSFivE_global_addr+0xbbc/0xec8 @ 1
[   11.404434] initcall __typeid__ZTSFivE_global_addr+0xbbc/0xec8 returned 0 after 62 usecs
[   11.404438] calling  __typeid__ZTSFivE_global_addr+0xbc4/0xec8 @ 1
[   11.404470] gnss: GNSS driver registered with major 511
[   11.404475] initcall __typeid__ZTSFivE_global_addr+0xbc4/0xec8 returned 0 after 30 usecs
[   11.404481] calling  __typeid__ZTSFivE_global_addr+0xbc8/0xec8 @ 1
[   11.404498] initcall __typeid__ZTSFivE_global_addr+0xbc8/0xec8 returned 0 after 11 usecs
[   11.404502] calling  __typeid__ZTSFivE_global_addr+0xbcc/0xec8 @ 1
[   11.404740] offset = 0x124, mask = 0x1 
[   11.404743] failed to find pm_aon_apb reg ch
[   11.404803] probe of cp_dump returned 1 after 150 usecs
[   11.404823] initcall __typeid__ZTSFivE_global_addr+0xbcc/0xec8 returned 0 after 307 usecs
[   11.404828] calling  __typeid__ZTSFivE_global_addr+0xbdc/0xec8 @ 1
[   11.404845] initcall __typeid__ZTSFivE_global_addr+0xbdc/0xec8 returned 0 after 11 usecs
[   11.404849] calling  __typeid__ZTSFivE_global_addr+0xbe0/0xec8 @ 1
[   11.404910] initcall __typeid__ZTSFivE_global_addr+0xbe0/0xec8 returned 0 after 53 usecs
[   11.404916] calling  __typeid__ZTSFivE_global_addr+0xbe4/0xec8 @ 1
[   11.404924] initcall __typeid__ZTSFivE_global_addr+0xbe4/0xec8 returned 0 after 3 usecs
[   11.404928] calling  __typeid__ZTSFivE_global_addr+0xbe8/0xec8 @ 1
[   11.404936] initcall __typeid__ZTSFivE_global_addr+0xbe8/0xec8 returned 0 after 3 usecs
[   11.404940] calling  __typeid__ZTSFivE_global_addr+0xbec/0xec8 @ 1
[   11.404945] initcall __typeid__ZTSFivE_global_addr+0xbec/0xec8 returned 0 after 1 usecs
[   11.404950] calling  __typeid__ZTSFivE_global_addr+0xbf0/0xec8 @ 1
[   11.404994] usbcore: registered new interface driver snd-usb-audio
[   11.404999] initcall __typeid__ZTSFivE_global_addr+0xbf0/0xec8 returned 0 after 43 usecs
[   11.405004] calling  __typeid__ZTSFivE_global_addr+0xbf4/0xec8 @ 1
[   11.405205] probe of snd-soc-dummy returned 1 after 41 usecs
[   11.405294] initcall __typeid__ZTSFivE_global_addr+0xbf4/0xec8 returned 0 after 277 usecs
[   11.405300] calling  __typeid__ZTSFivE_global_addr+0xc34/0xec8 @ 1
[   11.405349] initcall __typeid__ZTSFivE_global_addr+0xc34/0xec8 returned 0 after 41 usecs
[   11.405355] calling  __typeid__ZTSFivE_global_addr+0xc44/0xec8 @ 1
[   11.405361] initcall __typeid__ZTSFivE_global_addr+0xc44/0xec8 returned 0 after 1 usecs
[   11.405365] calling  __typeid__ZTSFivE_global_addr+0xc4c/0xec8 @ 1
[   11.405372] initcall __typeid__ZTSFivE_global_addr+0xc4c/0xec8 returned 0 after 2 usecs
[   11.405376] calling  __typeid__ZTSFivE_global_addr+0xc54/0xec8 @ 1
[   11.405383] initcall __typeid__ZTSFivE_global_addr+0xc54/0xec8 returned 0 after 2 usecs
[   11.405386] calling  __typeid__ZTSFivE_global_addr+0xc60/0xec8 @ 1
[   11.405396] initcall __typeid__ZTSFivE_global_addr+0xc60/0xec8 returned 0 after 5 usecs
[   11.405400] calling  __typeid__ZTSFivE_global_addr+0xc64/0xec8 @ 1
[   11.405405] GACT probability NOT on
[   11.405412] initcall __typeid__ZTSFivE_global_addr+0xc64/0xec8 returned 0 after 8 usecs
[   11.405415] calling  __typeid__ZTSFivE_global_addr+0xc68/0xec8 @ 1
[   11.405426] Mirror/redirect action on
[   11.405432] initcall __typeid__ZTSFivE_global_addr+0xc68/0xec8 returned 0 after 12 usecs
[   11.405436] calling  __typeid__ZTSFivE_global_addr+0xc6c/0xec8 @ 1
[   11.405442] initcall __typeid__ZTSFivE_global_addr+0xc6c/0xec8 returned 0 after 1 usecs
[   11.405447] calling  __typeid__ZTSFivE_global_addr+0xc70/0xec8 @ 1
[   11.405453] initcall __typeid__ZTSFivE_global_addr+0xc70/0xec8 returned 0 after 2 usecs
[   11.405458] calling  __typeid__ZTSFivE_global_addr+0xc74/0xec8 @ 1
[   11.405466] initcall __typeid__ZTSFivE_global_addr+0xc74/0xec8 returned 0 after 4 usecs
[   11.405469] calling  __typeid__ZTSFivE_global_addr+0xc78/0xec8 @ 1
[   11.405471] u32 classifier
[   11.405472] input device check on
[   11.405473] Actions configured
[   11.405484] initcall __typeid__ZTSFivE_global_addr+0xc78/0xec8 returned 0 after 11 usecs
[   11.405488] calling  __typeid__ZTSFivE_global_addr+0xc7c/0xec8 @ 1
[   11.405493] initcall __typeid__ZTSFivE_global_addr+0xc7c/0xec8 returned 0 after 1 usecs
[   11.405497] calling  __typeid__ZTSFivE_global_addr+0xc80/0xec8 @ 1
[   11.405502] initcall __typeid__ZTSFivE_global_addr+0xc80/0xec8 returned 0 after 0 usecs
[   11.405506] calling  __typeid__ZTSFivE_global_addr+0xc84/0xec8 @ 1
[   11.405511] initcall __typeid__ZTSFivE_global_addr+0xc84/0xec8 returned 0 after 0 usecs
[   11.405516] calling  __typeid__ZTSFivE_global_addr+0xc88/0xec8 @ 1
[   11.405520] initcall __typeid__ZTSFivE_global_addr+0xc88/0xec8 returned 0 after 0 usecs
[   11.405524] calling  __typeid__ZTSFivE_global_addr+0xc8c/0xec8 @ 1
[   11.405530] initcall __typeid__ZTSFivE_global_addr+0xc8c/0xec8 returned 0 after 1 usecs
[   11.405534] calling  __typeid__ZTSFivE_global_addr+0xc98/0xec8 @ 1
[   11.405548] initcall __typeid__ZTSFivE_global_addr+0xc98/0xec8 returned 0 after 8 usecs
[   11.405554] calling  __typeid__ZTSFivE_global_addr+0xc9c/0xec8 @ 1
[   11.405569] initcall __typeid__ZTSFivE_global_addr+0xc9c/0xec8 returned 0 after 9 usecs
[   11.405573] calling  __typeid__ZTSFivE_global_addr+0xca0/0xec8 @ 1
[   11.405584] initcall __typeid__ZTSFivE_global_addr+0xca0/0xec8 returned 0 after 6 usecs
[   11.405588] calling  __typeid__ZTSFivE_global_addr+0xca4/0xec8 @ 1
[   11.406065] initcall __typeid__ZTSFivE_global_addr+0xca4/0xec8 returned 0 after 457 usecs
[   11.406072] calling  __typeid__ZTSFivE_global_addr+0xca8/0xec8 @ 1
[   11.406080] initcall __typeid__ZTSFivE_global_addr+0xca8/0xec8 returned 0 after 3 usecs
[   11.406085] calling  __typeid__ZTSFivE_global_addr+0xcac/0xec8 @ 1
[   11.406101] initcall __typeid__ZTSFivE_global_addr+0xcac/0xec8 returned 0 after 11 usecs
[   11.406106] calling  __typeid__ZTSFivE_global_addr+0xcb0/0xec8 @ 1
[   11.406127] initcall __typeid__ZTSFivE_global_addr+0xcb0/0xec8 returned 0 after 15 usecs
[   11.406132] calling  __typeid__ZTSFivE_global_addr+0xcb4/0xec8 @ 1
[   11.406162] initcall __typeid__ZTSFivE_global_addr+0xcb4/0xec8 returned 0 after 24 usecs
[   11.406166] calling  __typeid__ZTSFivE_global_addr+0xcb8/0xec8 @ 1
[   11.406188] initcall __typeid__ZTSFivE_global_addr+0xcb8/0xec8 returned 0 after 16 usecs
[   11.406191] calling  __typeid__ZTSFivE_global_addr+0xcbc/0xec8 @ 1
[   11.406198] initcall __typeid__ZTSFivE_global_addr+0xcbc/0xec8 returned 0 after 2 usecs
[   11.406202] calling  __typeid__ZTSFivE_global_addr+0xcc0/0xec8 @ 1
[   11.406211] initcall __typeid__ZTSFivE_global_addr+0xcc0/0xec8 returned 0 after 4 usecs
[   11.406216] calling  __typeid__ZTSFivE_global_addr+0xcc4/0xec8 @ 1
[   11.406239] initcall __typeid__ZTSFivE_global_addr+0xcc4/0xec8 returned 0 after 17 usecs
[   11.406244] calling  __typeid__ZTSFivE_global_addr+0xcc8/0xec8 @ 1
[   11.406256] initcall __typeid__ZTSFivE_global_addr+0xcc8/0xec8 returned 0 after 7 usecs
[   11.406259] calling  __typeid__ZTSFivE_global_addr+0xccc/0xec8 @ 1
[   11.406379] initcall __typeid__ZTSFivE_global_addr+0xccc/0xec8 returned 0 after 112 usecs
[   11.406383] calling  __typeid__ZTSFivE_global_addr+0xcd4/0xec8 @ 1
[   11.406389] initcall __typeid__ZTSFivE_global_addr+0xcd4/0xec8 returned 0 after 1 usecs
[   11.406394] calling  __typeid__ZTSFivE_global_addr+0xcd8/0xec8 @ 1
[   11.406399] initcall __typeid__ZTSFivE_global_addr+0xcd8/0xec8 returned 0 after 0 usecs
[   11.406403] calling  __typeid__ZTSFivE_global_addr+0xcdc/0xec8 @ 1
[   11.406408] initcall __typeid__ZTSFivE_global_addr+0xcdc/0xec8 returned 0 after 1 usecs
[   11.406412] calling  __typeid__ZTSFivE_global_addr+0xce0/0xec8 @ 1
[   11.406416] initcall __typeid__ZTSFivE_global_addr+0xce0/0xec8 returned 0 after 0 usecs
[   11.406419] calling  __typeid__ZTSFivE_global_addr+0xce4/0xec8 @ 1
[   11.406539] initcall __typeid__ZTSFivE_global_addr+0xce4/0xec8 returned 0 after 111 usecs
[   11.406545] calling  __typeid__ZTSFivE_global_addr+0xce8/0xec8 @ 1
[   11.406555] initcall __typeid__ZTSFivE_global_addr+0xce8/0xec8 returned 0 after 4 usecs
[   11.406559] calling  __typeid__ZTSFivE_global_addr+0xcec/0xec8 @ 1
[   11.406567] initcall __typeid__ZTSFivE_global_addr+0xcec/0xec8 returned 0 after 2 usecs
[   11.406571] calling  __typeid__ZTSFivE_global_addr+0xcf0/0xec8 @ 1
[   11.406577] initcall __typeid__ZTSFivE_global_addr+0xcf0/0xec8 returned 0 after 1 usecs
[   11.406581] calling  __typeid__ZTSFivE_global_addr+0xcf4/0xec8 @ 1
[   11.406586] initcall __typeid__ZTSFivE_global_addr+0xcf4/0xec8 returned 0 after 1 usecs
[   11.406591] calling  __typeid__ZTSFivE_global_addr+0xcf8/0xec8 @ 1
[   11.406596] initcall __typeid__ZTSFivE_global_addr+0xcf8/0xec8 returned 0 after 1 usecs
[   11.406599] calling  __typeid__ZTSFivE_global_addr+0xcfc/0xec8 @ 1
[   11.406603] initcall __typeid__ZTSFivE_global_addr+0xcfc/0xec8 returned 0 after 0 usecs
[   11.406607] calling  __typeid__ZTSFivE_global_addr+0xd00/0xec8 @ 1
[   11.406611] initcall __typeid__ZTSFivE_global_addr+0xd00/0xec8 returned 0 after 0 usecs
[   11.406615] calling  __typeid__ZTSFivE_global_addr+0xd04/0xec8 @ 1
[   11.406619] initcall __typeid__ZTSFivE_global_addr+0xd04/0xec8 returned 0 after 0 usecs
[   11.406624] calling  __typeid__ZTSFivE_global_addr+0xd08/0xec8 @ 1
[   11.406629] initcall __typeid__ZTSFivE_global_addr+0xd08/0xec8 returned 0 after 0 usecs
[   11.406632] calling  __typeid__ZTSFivE_global_addr+0xd0c/0xec8 @ 1
[   11.406637] initcall __typeid__ZTSFivE_global_addr+0xd0c/0xec8 returned 0 after 0 usecs
[   11.406640] calling  __typeid__ZTSFivE_global_addr+0xd10/0xec8 @ 1
[   11.406648] initcall __typeid__ZTSFivE_global_addr+0xd10/0xec8 returned 0 after 3 usecs
[   11.406651] calling  __typeid__ZTSFivE_global_addr+0xd14/0xec8 @ 1
[   11.406656] initcall __typeid__ZTSFivE_global_addr+0xd14/0xec8 returned 0 after 0 usecs
[   11.406662] calling  __typeid__ZTSFivE_global_addr+0xd18/0xec8 @ 1
[   11.406674] initcall __typeid__ZTSFivE_global_addr+0xd18/0xec8 returned 0 after 7 usecs
[   11.406678] calling  __typeid__ZTSFivE_global_addr+0xd1c/0xec8 @ 1
[   11.406682] initcall __typeid__ZTSFivE_global_addr+0xd1c/0xec8 returned 0 after 0 usecs
[   11.406687] calling  __typeid__ZTSFivE_global_addr+0xd20/0xec8 @ 1
[   11.406692] initcall __typeid__ZTSFivE_global_addr+0xd20/0xec8 returned 0 after 1 usecs
[   11.406696] calling  __typeid__ZTSFivE_global_addr+0xd24/0xec8 @ 1
[   11.406701] initcall __typeid__ZTSFivE_global_addr+0xd24/0xec8 returned 0 after 0 usecs
[   11.406706] calling  __typeid__ZTSFivE_global_addr+0xd28/0xec8 @ 1
[   11.406716] initcall __typeid__ZTSFivE_global_addr+0xd28/0xec8 returned 0 after 6 usecs
[   11.406720] calling  __typeid__ZTSFivE_global_addr+0xd2c/0xec8 @ 1
[   11.406725] initcall __typeid__ZTSFivE_global_addr+0xd2c/0xec8 returned 0 after 0 usecs
[   11.406728] calling  __typeid__ZTSFivE_global_addr+0xd30/0xec8 @ 1
[   11.406794] initcall __typeid__ZTSFivE_global_addr+0xd30/0xec8 returned 0 after 58 usecs
[   11.406799] calling  __typeid__ZTSFivE_global_addr+0xd34/0xec8 @ 1
[   11.406805] initcall __typeid__ZTSFivE_global_addr+0xd34/0xec8 returned 0 after 1 usecs
[   11.406810] calling  __typeid__ZTSFivE_global_addr+0xd38/0xec8 @ 1
[   11.406815] initcall __typeid__ZTSFivE_global_addr+0xd38/0xec8 returned 0 after 0 usecs
[   11.406819] calling  __typeid__ZTSFivE_global_addr+0xd3c/0xec8 @ 1
[   11.406824] initcall __typeid__ZTSFivE_global_addr+0xd3c/0xec8 returned 0 after 1 usecs
[   11.406828] calling  __typeid__ZTSFivE_global_addr+0xd40/0xec8 @ 1
[   11.406834] initcall __typeid__ZTSFivE_global_addr+0xd40/0xec8 returned 0 after 1 usecs
[   11.406837] calling  __typeid__ZTSFivE_global_addr+0xd44/0xec8 @ 1
[   11.406846] initcall __typeid__ZTSFivE_global_addr+0xd44/0xec8 returned 0 after 4 usecs
[   11.406849] calling  __typeid__ZTSFivE_global_addr+0xd48/0xec8 @ 1
[   11.406877] initcall __typeid__ZTSFivE_global_addr+0xd48/0xec8 returned 0 after 22 usecs
[   11.406881] calling  __typeid__ZTSFivE_global_addr+0xd4c/0xec8 @ 1
[   11.406887] initcall __typeid__ZTSFivE_global_addr+0xd4c/0xec8 returned 0 after 1 usecs
[   11.406891] calling  __typeid__ZTSFivE_global_addr+0xd50/0xec8 @ 1
[   11.406896] initcall __typeid__ZTSFivE_global_addr+0xd50/0xec8 returned 0 after 0 usecs
[   11.406901] calling  __typeid__ZTSFivE_global_addr+0xd54/0xec8 @ 1
[   11.406907] initcall __typeid__ZTSFivE_global_addr+0xd54/0xec8 returned 0 after 0 usecs
[   11.406911] calling  __typeid__ZTSFivE_global_addr+0xd58/0xec8 @ 1
[   11.406915] initcall __typeid__ZTSFivE_global_addr+0xd58/0xec8 returned 0 after 0 usecs
[   11.406919] calling  __typeid__ZTSFivE_global_addr+0xd5c/0xec8 @ 1
[   11.406925] initcall __typeid__ZTSFivE_global_addr+0xd5c/0xec8 returned 0 after 2 usecs
[   11.406929] calling  __typeid__ZTSFivE_global_addr+0xd60/0xec8 @ 1
[   11.406936] initcall __typeid__ZTSFivE_global_addr+0xd60/0xec8 returned 0 after 3 usecs
[   11.406940] calling  __typeid__ZTSFivE_global_addr+0xd64/0xec8 @ 1
[   11.406945] initcall __typeid__ZTSFivE_global_addr+0xd64/0xec8 returned 0 after 0 usecs
[   11.406949] calling  __typeid__ZTSFivE_global_addr+0xd68/0xec8 @ 1
[   11.406954] initcall __typeid__ZTSFivE_global_addr+0xd68/0xec8 returned 0 after 0 usecs
[   11.406958] calling  __typeid__ZTSFivE_global_addr+0xd6c/0xec8 @ 1
[   11.406966] initcall __typeid__ZTSFivE_global_addr+0xd6c/0xec8 returned 0 after 3 usecs
[   11.406969] calling  __typeid__ZTSFivE_global_addr+0xd70/0xec8 @ 1
[   11.406974] initcall __typeid__ZTSFivE_global_addr+0xd70/0xec8 returned 0 after 0 usecs
[   11.406978] calling  __typeid__ZTSFivE_global_addr+0xd74/0xec8 @ 1
[   11.406985] initcall __typeid__ZTSFivE_global_addr+0xd74/0xec8 returned 0 after 3 usecs
[   11.406990] calling  __typeid__ZTSFivE_global_addr+0xd78/0xec8 @ 1
[   11.407012] initcall __typeid__ZTSFivE_global_addr+0xd78/0xec8 returned 0 after 17 usecs
[   11.407017] calling  __typeid__ZTSFivE_global_addr+0xd7c/0xec8 @ 1
[   11.407024] initcall __typeid__ZTSFivE_global_addr+0xd7c/0xec8 returned 0 after 2 usecs
[   11.407028] calling  __typeid__ZTSFivE_global_addr+0xd80/0xec8 @ 1
[   11.407034] initcall __typeid__ZTSFivE_global_addr+0xd80/0xec8 returned 0 after 1 usecs
[   11.407038] calling  __typeid__ZTSFivE_global_addr+0xd84/0xec8 @ 1
[   11.407043] initcall __typeid__ZTSFivE_global_addr+0xd84/0xec8 returned 0 after 0 usecs
[   11.407047] calling  __typeid__ZTSFivE_global_addr+0xd88/0xec8 @ 1
[   11.407051] initcall __typeid__ZTSFivE_global_addr+0xd88/0xec8 returned 0 after 0 usecs
[   11.407054] calling  __typeid__ZTSFivE_global_addr+0xd8c/0xec8 @ 1
[   11.407057] xt_time: kernel timezone is -0000
[   11.407061] initcall __typeid__ZTSFivE_global_addr+0xd8c/0xec8 returned 0 after 2 usecs
[   11.407065] calling  __typeid__ZTSFivE_global_addr+0xd90/0xec8 @ 1
[   11.407069] initcall __typeid__ZTSFivE_global_addr+0xd90/0xec8 returned 0 after 0 usecs
[   11.407074] calling  __typeid__ZTSFivE_global_addr+0xda0/0xec8 @ 1
[   11.407080] initcall __typeid__ZTSFivE_global_addr+0xda0/0xec8 returned 0 after 1 usecs
[   11.407084] calling  __typeid__ZTSFivE_global_addr+0xda8/0xec8 @ 1
[   11.407178] initcall __typeid__ZTSFivE_global_addr+0xda8/0xec8 returned 0 after 87 usecs
[   11.407183] calling  __typeid__ZTSFivE_global_addr+0xdac/0xec8 @ 1
[   11.407185] ipip: IPv4 and MPLS over IPv4 tunneling driver
[   11.407501] initcall __typeid__ZTSFivE_global_addr+0xdac/0xec8 returned 0 after 303 usecs
[   11.407506] calling  __typeid__ZTSFivE_global_addr+0xdb0/0xec8 @ 1
[   11.407508] gre: GRE over IPv4 demultiplexor driver
[   11.407513] initcall __typeid__ZTSFivE_global_addr+0xdb0/0xec8 returned 0 after 2 usecs
[   11.407517] calling  __typeid__ZTSFivE_global_addr+0xdb4/0xec8 @ 1
[   11.407519] ip_gre: GRE over IPv4 tunneling driver
[   11.408332] initcall __typeid__ZTSFivE_global_addr+0xdb4/0xec8 returned 0 after 788 usecs
[   11.408338] calling  __typeid__ZTSFivE_global_addr+0xdb8/0xec8 @ 1
[   11.408340] IPv4 over IPsec tunneling driver
[   11.408616] initcall __typeid__ZTSFivE_global_addr+0xdb8/0xec8 returned 0 after 263 usecs
[   11.408623] calling  __typeid__ZTSFivE_global_addr+0xdbc/0xec8 @ 1
[   11.408630] initcall __typeid__ZTSFivE_global_addr+0xdbc/0xec8 returned 0 after 1 usecs
[   11.408634] calling  __typeid__ZTSFivE_global_addr+0xdc0/0xec8 @ 1
[   11.408639] initcall __typeid__ZTSFivE_global_addr+0xdc0/0xec8 returned 0 after 1 usecs
[   11.408644] calling  __typeid__ZTSFivE_global_addr+0xdc8/0xec8 @ 1
[   11.408651] initcall __typeid__ZTSFivE_global_addr+0xdc8/0xec8 returned 0 after 2 usecs
[   11.408655] calling  __typeid__ZTSFivE_global_addr+0xdcc/0xec8 @ 1
[   11.408661] initcall __typeid__ZTSFivE_global_addr+0xdcc/0xec8 returned 0 after 1 usecs
[   11.408665] calling  __typeid__ZTSFivE_global_addr+0xdd0/0xec8 @ 1
[   11.408672] initcall __typeid__ZTSFivE_global_addr+0xdd0/0xec8 returned 0 after 3 usecs
[   11.408676] calling  __typeid__ZTSFivE_global_addr+0xdd4/0xec8 @ 1
[   11.408694] initcall __typeid__ZTSFivE_global_addr+0xdd4/0xec8 returned 0 after 13 usecs
[   11.408698] calling  __typeid__ZTSFivE_global_addr+0xdd8/0xec8 @ 1
[   11.408757] initcall __typeid__ZTSFivE_global_addr+0xdd8/0xec8 returned 0 after 52 usecs
[   11.408763] calling  __typeid__ZTSFivE_global_addr+0xddc/0xec8 @ 1
[   11.408885] initcall __typeid__ZTSFivE_global_addr+0xddc/0xec8 returned 0 after 112 usecs
[   11.408892] calling  __typeid__ZTSFivE_global_addr+0xde0/0xec8 @ 1
[   11.408927] initcall __typeid__ZTSFivE_global_addr+0xde0/0xec8 returned 0 after 29 usecs
[   11.408931] calling  __typeid__ZTSFivE_global_addr+0xde4/0xec8 @ 1
[   11.408960] initcall __typeid__ZTSFivE_global_addr+0xde4/0xec8 returned 0 after 22 usecs
[   11.408966] calling  __typeid__ZTSFivE_global_addr+0xde8/0xec8 @ 1
[   11.409035] initcall __typeid__ZTSFivE_global_addr+0xde8/0xec8 returned 0 after 60 usecs
[   11.409040] calling  __typeid__ZTSFivE_global_addr+0xdec/0xec8 @ 1
[   11.409046] initcall __typeid__ZTSFivE_global_addr+0xdec/0xec8 returned 0 after 1 usecs
[   11.409050] calling  __typeid__ZTSFivE_global_addr+0xdf0/0xec8 @ 1
[   11.409068] initcall __typeid__ZTSFivE_global_addr+0xdf0/0xec8 returned 0 after 13 usecs
[   11.409073] calling  __typeid__ZTSFivE_global_addr+0xdf4/0xec8 @ 1
[   11.409077] initcall __typeid__ZTSFivE_global_addr+0xdf4/0xec8 returned 0 after 0 usecs
[   11.409082] calling  __typeid__ZTSFivE_global_addr+0xdf8/0xec8 @ 1
[   11.409126] initcall __typeid__ZTSFivE_global_addr+0xdf8/0xec8 returned 0 after 37 usecs
[   11.409132] calling  __typeid__ZTSFivE_global_addr+0xdfc/0xec8 @ 1
[   11.409139] initcall __typeid__ZTSFivE_global_addr+0xdfc/0xec8 returned 0 after 2 usecs
[   11.409143] calling  __typeid__ZTSFivE_global_addr+0xe00/0xec8 @ 1
[   11.409149] initcall __typeid__ZTSFivE_global_addr+0xe00/0xec8 returned 0 after 1 usecs
[   11.409153] calling  __typeid__ZTSFivE_global_addr+0xe04/0xec8 @ 1
[   11.409159] initcall __typeid__ZTSFivE_global_addr+0xe04/0xec8 returned 0 after 1 usecs
[   11.409163] calling  __typeid__ZTSFivE_global_addr+0xe08/0xec8 @ 1
[   11.409169] initcall __typeid__ZTSFivE_global_addr+0xe08/0xec8 returned 0 after 1 usecs
[   11.409174] calling  __typeid__ZTSFivE_global_addr+0xe14/0xec8 @ 1
[   11.409177] Initializing XFRM netlink socket
[   11.409199] initcall __typeid__ZTSFivE_global_addr+0xe14/0xec8 returned 0 after 19 usecs
[   11.409203] calling  __typeid__ZTSFivE_global_addr+0xe18/0xec8 @ 1
[   11.409205] IPsec XFRM device driver
[   11.409219] initcall __typeid__ZTSFivE_global_addr+0xe18/0xec8 returned 0 after 11 usecs
[   11.409223] calling  __typeid__ZTSFivE_global_addr+0xe20/0xec8 @ 1
[   11.409689] NET: Registered protocol family 10
[   11.410881] Segment Routing with IPv6
[   11.410932] initcall __typeid__ZTSFivE_global_addr+0xe20/0xec8 returned 0 after 1660 usecs
[   11.410940] calling  __typeid__ZTSFivE_global_addr+0xe24/0xec8 @ 1
[   11.410948] initcall __typeid__ZTSFivE_global_addr+0xe24/0xec8 returned 0 after 2 usecs
[   11.410952] calling  __typeid__ZTSFivE_global_addr+0xe28/0xec8 @ 1
[   11.410958] initcall __typeid__ZTSFivE_global_addr+0xe28/0xec8 returned 0 after 1 usecs
[   11.410962] calling  __typeid__ZTSFivE_global_addr+0xe2c/0xec8 @ 1
[   11.410984] initcall __typeid__ZTSFivE_global_addr+0xe2c/0xec8 returned 0 after 15 usecs
[   11.410988] calling  __typeid__ZTSFivE_global_addr+0xe30/0xec8 @ 1
[   11.410993] initcall __typeid__ZTSFivE_global_addr+0xe30/0xec8 returned 0 after 0 usecs
[   11.410996] calling  __typeid__ZTSFivE_global_addr+0xe34/0xec8 @ 1
[   11.411001] mip6: Mobile IPv6
[   11.411006] initcall __typeid__ZTSFivE_global_addr+0xe34/0xec8 returned 0 after 5 usecs
[   11.411011] calling  __typeid__ZTSFivE_global_addr+0xe38/0xec8 @ 1
[   11.411028] initcall __typeid__ZTSFivE_global_addr+0xe38/0xec8 returned 0 after 12 usecs
[   11.411032] calling  __typeid__ZTSFivE_global_addr+0xe3c/0xec8 @ 1
[   11.411142] initcall __typeid__ZTSFivE_global_addr+0xe3c/0xec8 returned 0 after 100 usecs
[   11.411148] calling  __typeid__ZTSFivE_global_addr+0xe40/0xec8 @ 1
[   11.411194] initcall __typeid__ZTSFivE_global_addr+0xe40/0xec8 returned 0 after 39 usecs
[   11.411199] calling  __typeid__ZTSFivE_global_addr+0xe44/0xec8 @ 1
[   11.411219] initcall __typeid__ZTSFivE_global_addr+0xe44/0xec8 returned 0 after 14 usecs
[   11.411224] calling  __typeid__ZTSFivE_global_addr+0xe48/0xec8 @ 1
[   11.411272] initcall __typeid__ZTSFivE_global_addr+0xe48/0xec8 returned 0 after 41 usecs
[   11.411277] calling  __typeid__ZTSFivE_global_addr+0xe4c/0xec8 @ 1
[   11.411282] initcall __typeid__ZTSFivE_global_addr+0xe4c/0xec8 returned 0 after 0 usecs
[   11.411287] calling  __typeid__ZTSFivE_global_addr+0xe50/0xec8 @ 1
[   11.411292] initcall __typeid__ZTSFivE_global_addr+0xe50/0xec8 returned 0 after 0 usecs
[   11.411296] calling  __typeid__ZTSFivE_global_addr+0xe54/0xec8 @ 1
[   11.411655] initcall __typeid__ZTSFivE_global_addr+0xe54/0xec8 returned 0 after 342 usecs
[   11.411663] calling  __typeid__ZTSFivE_global_addr+0xe58/0xec8 @ 1
[   11.411665] sit: IPv6, IPv4 and MPLS over IPv4 tunneling driver
[   11.412002] initcall __typeid__ZTSFivE_global_addr+0xe58/0xec8 returned 0 after 324 usecs
[   11.412032] calling  __typeid__ZTSFivE_global_addr+0xe5c/0xec8 @ 1
[   11.412367] initcall __typeid__ZTSFivE_global_addr+0xe5c/0xec8 returned 0 after 319 usecs
[   11.412374] calling  __typeid__ZTSFivE_global_addr+0xe60/0xec8 @ 1
[   11.412376] ip6_gre: GRE over IPv6 tunneling driver
[   11.412764] initcall __typeid__ZTSFivE_global_addr+0xe60/0xec8 returned 0 after 373 usecs
[   11.412772] calling  __typeid__ZTSFivE_global_addr+0xe68/0xec8 @ 1
[   11.412777] NET: Registered protocol family 17
[   11.412791] initcall __typeid__ZTSFivE_global_addr+0xe68/0xec8 returned 0 after 13 usecs
[   11.412796] calling  __typeid__ZTSFivE_global_addr+0xe6c/0xec8 @ 1
[   11.412804] NET: Registered protocol family 15
[   11.412809] initcall __typeid__ZTSFivE_global_addr+0xe6c/0xec8 returned 0 after 8 usecs
[   11.412813] calling  __typeid__ZTSFivE_global_addr+0xe70/0xec8 @ 1
[   11.412841] initcall __typeid__ZTSFivE_global_addr+0xe70/0xec8 returned 0 after 21 usecs
[   11.412845] calling  __typeid__ZTSFivE_global_addr+0xe74/0xec8 @ 1
[   11.412848] can: controller area network core (rev 20170425 abi 9)
[   11.412887] NET: Registered protocol family 29
[   11.412894] initcall __typeid__ZTSFivE_global_addr+0xe74/0xec8 returned 0 after 42 usecs
[   11.412900] calling  __typeid__ZTSFivE_global_addr+0xe78/0xec8 @ 1
[   11.412902] can: raw protocol (rev 20170425)
[   11.412909] initcall __typeid__ZTSFivE_global_addr+0xe78/0xec8 returned 0 after 5 usecs
[   11.412914] calling  __typeid__ZTSFivE_global_addr+0xe7c/0xec8 @ 1
[   11.412916] can: broadcast manager protocol (rev 20170425 t)
[   11.412925] initcall __typeid__ZTSFivE_global_addr+0xe7c/0xec8 returned 0 after 6 usecs
[   11.412929] calling  __typeid__ZTSFivE_global_addr+0xe80/0xec8 @ 1
[   11.412931] can: netlink gateway (rev 20190810) max_hops=1
[   11.413048] initcall __typeid__ZTSFivE_global_addr+0xe80/0xec8 returned 0 after 109 usecs
[   11.413054] calling  __typeid__ZTSFivE_global_addr+0xe88/0xec8 @ 1
[   11.413439] Bluetooth: RFCOMM TTY layer initialized
[   11.413446] Bluetooth: RFCOMM socket layer initialized
[   11.413471] Bluetooth: RFCOMM ver 1.11
[   11.413481] initcall __typeid__ZTSFivE_global_addr+0xe88/0xec8 returned 0 after 411 usecs
[   11.413486] calling  __typeid__ZTSFivE_global_addr+0xe8c/0xec8 @ 1
[   11.413489] Bluetooth: HIDP (Human Interface Emulation) ver 1.2
[   11.413494] Bluetooth: HIDP socket layer initialized
[   11.413498] initcall __typeid__ZTSFivE_global_addr+0xe8c/0xec8 returned 0 after 7 usecs
[   11.413502] calling  __typeid__ZTSFivE_global_addr+0xe90/0xec8 @ 1
[   11.413519] l2tp_core: L2TP core driver, V2.0
[   11.413523] initcall __typeid__ZTSFivE_global_addr+0xe90/0xec8 returned 0 after 15 usecs
[   11.413528] calling  __typeid__ZTSFivE_global_addr+0xe94/0xec8 @ 1
[   11.413534] l2tp_ppp: PPPoL2TP kernel driver, V2.0
[   11.413538] initcall __typeid__ZTSFivE_global_addr+0xe94/0xec8 returned 0 after 5 usecs
[   11.413542] calling  __typeid__ZTSFivE_global_addr+0xea8/0xec8 @ 1
[   11.413545] tipc: Activated (version 2.0.0)
[   11.413616] NET: Registered protocol family 30
[   11.413682] tipc: Started in single node mode
[   11.413688] initcall __typeid__ZTSFivE_global_addr+0xea8/0xec8 returned 0 after 136 usecs
[   11.413694] calling  __typeid__ZTSFivE_global_addr+0xeac/0xec8 @ 1
[   11.413700] initcall __typeid__ZTSFivE_global_addr+0xeac/0xec8 returned 0 after 1 usecs
[   11.413704] calling  __typeid__ZTSFivE_global_addr+0xeb4/0xec8 @ 1
[   11.413842] NET: Registered protocol family 40
[   11.413848] initcall __typeid__ZTSFivE_global_addr+0xeb4/0xec8 returned 0 after 135 usecs
[   11.413853] calling  __typeid__ZTSFivE_global_addr+0xeb8/0xec8 @ 1
[   11.413859] initcall __typeid__ZTSFivE_global_addr+0xeb8/0xec8 returned 0 after 1 usecs
[   11.414142] calling  __typeid__ZTSFivE_global_addr+0x5c/0xec8 @ 1
[   11.414152] initcall __typeid__ZTSFivE_global_addr+0x5c/0xec8 returned 0 after 4 usecs
[   11.414156] calling  __typeid__ZTSFivE_global_addr+0xa0/0xec8 @ 1
[   11.414161] initcall __typeid__ZTSFivE_global_addr+0xa0/0xec8 returned 0 after 0 usecs
[   11.414166] calling  __typeid__ZTSFivE_global_addr+0xd0/0xec8 @ 1
[   11.414181] initcall __typeid__ZTSFivE_global_addr+0xd0/0xec8 returned 0 after 10 usecs
[   11.414185] calling  __typeid__ZTSFivE_global_addr+0xcc/0xec8 @ 1
[   11.414196] initcall __typeid__ZTSFivE_global_addr+0xcc/0xec8 returned 0 after 7 usecs
[   11.414200] calling  __typeid__ZTSFivE_global_addr+0xc8/0xec8 @ 1
[   11.414210] initcall __typeid__ZTSFivE_global_addr+0xc8/0xec8 returned 0 after 5 usecs
[   11.414215] calling  __typeid__ZTSFivE_global_addr+0xe8/0xec8 @ 1
[   11.414227] initcall __typeid__ZTSFivE_global_addr+0xe8/0xec8 returned 0 after 7 usecs
[   11.414232] calling  __typeid__ZTSFivE_global_addr+0xe4/0xec8 @ 1
[   11.414239] initcall __typeid__ZTSFivE_global_addr+0xe4/0xec8 returned 0 after 3 usecs
[   11.414244] calling  __typeid__ZTSFivE_global_addr+0x120/0xec8 @ 1
[   11.414282] initcall __typeid__ZTSFivE_global_addr+0x120/0xec8 returned 0 after 32 usecs
[   11.414288] calling  __typeid__ZTSFivE_global_addr+0x138/0xec8 @ 1
[   11.419171] sprd-rotask: rotation_task_init OK
[   11.419179] initcall __typeid__ZTSFivE_global_addr+0x138/0xec8 returned 0 after 4769 usecs
[   11.419186] calling  __typeid__ZTSFivE_global_addr+0x130/0xec8 @ 1
[   11.419192] initcall __typeid__ZTSFivE_global_addr+0x130/0xec8 returned 0 after 1 usecs
[   11.419196] calling  __typeid__ZTSFivE_global_addr+0x13c/0xec8 @ 1
[   11.419312] initcall __typeid__ZTSFivE_global_addr+0x13c/0xec8 returned 0 after 106 usecs
[   11.419318] calling  __typeid__ZTSFivE_global_addr+0x144/0xec8 @ 1
[   11.419330] initcall __typeid__ZTSFivE_global_addr+0x144/0xec8 returned 0 after 7 usecs
[   11.419335] calling  __typeid__ZTSFivE_global_addr+0x14c/0xec8 @ 1
[   11.419363] initcall __typeid__ZTSFivE_global_addr+0x14c/0xec8 returned 0 after 22 usecs
[   11.419367] calling  __typeid__ZTSFivE_global_addr+0x15c/0xec8 @ 1
[   11.419377] initcall __typeid__ZTSFivE_global_addr+0x15c/0xec8 returned 0 after 5 usecs
[   11.419381] calling  __typeid__ZTSFivE_global_addr+0x178/0xec8 @ 1
[   11.419389] initcall __typeid__ZTSFivE_global_addr+0x178/0xec8 returned 0 after 3 usecs
[   11.419393] calling  __typeid__ZTSFivE_global_addr+0x198/0xec8 @ 1
[   11.419415] initcall __typeid__ZTSFivE_global_addr+0x198/0xec8 returned 0 after 16 usecs
[   11.419419] calling  __typeid__ZTSFivE_global_addr+0x1d0/0xec8 @ 1
[   11.419429] initcall __typeid__ZTSFivE_global_addr+0x1d0/0xec8 returned 0 after 5 usecs
[   11.419434] calling  __typeid__ZTSFivE_global_addr+0x214/0xec8 @ 1
[   11.419455] initcall __typeid__ZTSFivE_global_addr+0x214/0xec8 returned 0 after 16 usecs
[   11.419460] calling  __typeid__ZTSFivE_global_addr+0x224/0xec8 @ 1
[   11.419479] registered taskstats version 1
[   11.419483] initcall __typeid__ZTSFivE_global_addr+0x224/0xec8 returned 0 after 18 usecs
[   11.419489] calling  __typeid__ZTSFivE_global_addr+0x298/0xec8 @ 1
[   11.419493] Loading compiled-in X.509 certificates
[   11.423193] Loaded X.509 cert 'Build time autogenerated kernel key: 2824651acf94b8e8d3c673204c5dda60b2455354'
[   11.423202] initcall __typeid__ZTSFivE_global_addr+0x298/0xec8 returned 0 after 3617 usecs
[   11.423208] calling  __typeid__ZTSFivE_global_addr+0x2c4/0xec8 @ 1
[   11.423228] initcall __typeid__ZTSFivE_global_addr+0x2c4/0xec8 returned 0 after 14 usecs
[   11.423232] calling  __typeid__ZTSFivE_global_addr+0x2d4/0xec8 @ 1
[   11.423243] initcall __typeid__ZTSFivE_global_addr+0x2d4/0xec8 returned 0 after 6 usecs
[   11.423248] calling  __typeid__ZTSFivE_global_addr+0x2ec/0xec8 @ 1
[   11.423253] initcall __typeid__ZTSFivE_global_addr+0x2ec/0xec8 returned 0 after 0 usecs
[   11.423257] calling  __typeid__ZTSFivE_global_addr+0x300/0xec8 @ 1
[   11.423262] initcall __typeid__ZTSFivE_global_addr+0x300/0xec8 returned 0 after 0 usecs
[   11.423265] calling  __typeid__ZTSFivE_global_addr+0x30c/0xec8 @ 1
[   11.423291] initcall __typeid__ZTSFivE_global_addr+0x30c/0xec8 returned 0 after 20 usecs
[   11.423295] calling  __typeid__ZTSFivE_global_addr+0x310/0xec8 @ 1
[   11.423308] initcall __typeid__ZTSFivE_global_addr+0x310/0xec8 returned 0 after 6 usecs
[   11.423312] calling  __typeid__ZTSFivE_global_addr+0x324/0xec8 @ 1
[   11.423318] initcall __typeid__ZTSFivE_global_addr+0x324/0xec8 returned 0 after 0 usecs
[   11.423322] calling  __typeid__ZTSFivE_global_addr+0x32c/0xec8 @ 1
[   11.423327] initcall __typeid__ZTSFivE_global_addr+0x32c/0xec8 returned 1 after 0 usecs
[   11.423332] calling  __typeid__ZTSFivE_global_addr+0x374/0xec8 @ 1
[   11.423457] Key type ._fscrypt registered
[   11.423459] Key type .fscrypt registered
[   11.423462] Key type fscrypt-provisioning registered
[   11.423468] initcall __typeid__ZTSFivE_global_addr+0x374/0xec8 returned 0 after 127 usecs
[   11.423473] calling  __typeid__ZTSFivE_global_addr+0x378/0xec8 @ 1
[   11.423588] initcall __typeid__ZTSFivE_global_addr+0x378/0xec8 returned 0 after 106 usecs
[   11.423594] calling  __typeid__ZTSFivE_global_addr+0x4e8/0xec8 @ 1
[   11.423751] pstore: Using crash dump compression: deflate
[   11.423780] initcall __typeid__ZTSFivE_global_addr+0x4e8/0xec8 returned 0 after 175 usecs
[   11.423785] calling  __typeid__ZTSFivE_global_addr+0x4f4/0xec8 @ 1
[   11.423838] initcall __typeid__ZTSFivE_global_addr+0x4f4/0xec8 returned 0 after 45 usecs
[   11.423844] calling  __typeid__ZTSFivE_global_addr+0x538/0xec8 @ 1
[   11.423864] initcall __typeid__ZTSFivE_global_addr+0x538/0xec8 returned 0 after 14 usecs
[   11.423869] calling  __typeid__ZTSFivE_global_addr+0x638/0xec8 @ 1
[   11.423875] initcall __typeid__ZTSFivE_global_addr+0x638/0xec8 returned 0 after 2 usecs
[   11.423880] calling  __typeid__ZTSFivE_global_addr+0x66c/0xec8 @ 1
[   11.424159] initcall __typeid__ZTSFivE_global_addr+0x66c/0xec8 returned 0 after 265 usecs
[   11.424165] calling  __typeid__ZTSFivE_global_addr+0x6b8/0xec8 @ 1
[   11.424177] initcall __typeid__ZTSFivE_global_addr+0x6b8/0xec8 returned 0 after 7 usecs
[   11.424182] calling  __typeid__ZTSFivE_global_addr+0x6c0/0xec8 @ 1
[   11.424189] initcall __typeid__ZTSFivE_global_addr+0x6c0/0xec8 returned 0 after 2 usecs
[   11.424193] calling  __typeid__ZTSFivE_global_addr+0x6f4/0xec8 @ 1
[   11.424198] initcall __typeid__ZTSFivE_global_addr+0x6f4/0xec8 returned 0 after 0 usecs
[   11.424202] calling  __typeid__ZTSFivE_global_addr+0x700/0xec8 @ 1
[   11.424496] initcall __typeid__ZTSFivE_global_addr+0x700/0xec8 returned 0 after 280 usecs
[   11.424503] calling  __typeid__ZTSFivE_global_addr+0x740/0xec8 @ 1
[   11.424560] sprd-sysdump: sprd_log_buf0 added successfully in minidump section:paddr_start=1edd48000,paddr_end=1edd50000
[   11.424564] sprd-sysdump: sprd_log_buf1 added successfully in minidump section:paddr_start=1edd50000,paddr_end=1edd58000
[   11.424568] sprd-sysdump: sprd_log_buf2 added successfully in minidump section:paddr_start=1edd58000,paddr_end=1edd60000
[   11.424572] sprd-sysdump: sprd_log_buf3 added successfully in minidump section:paddr_start=1edd60000,paddr_end=1edd68000
[   11.424576] sprd-sysdump: sprd_log_buf4 added successfully in minidump section:paddr_start=1edd68000,paddr_end=1edd70000
[   11.424580] sprd-sysdump: sprd_log_buf5 added successfully in minidump section:paddr_start=1edd70000,paddr_end=1edd78000
[   11.424584] sprd-sysdump: sprd_log_buf6 added successfully in minidump section:paddr_start=1edd78000,paddr_end=1edd80000
[   11.424588] sprd-sysdump: sprd_log_buf7 added successfully in minidump section:paddr_start=1edd80000,paddr_end=1edd88000
[   11.424593] initcall __typeid__ZTSFivE_global_addr+0x740/0xec8 returned 0 after 83 usecs
[   11.424597] calling  __typeid__ZTSFivE_global_addr+0x7cc/0xec8 @ 1
[   11.424603] initcall __typeid__ZTSFivE_global_addr+0x7cc/0xec8 returned 0 after 2 usecs
[   11.424608] calling  __typeid__ZTSFivE_global_addr+0x7d4/0xec8 @ 1
[   11.424670] probe of 7f040000.etm returned -517 after 1 usecs
[   11.424684] probe of 7f140000.etm returned -517 after 0 usecs
[   11.424695] probe of 7f240000.etm returned -517 after 0 usecs
[   11.424705] probe of 7f340000.etm returned -517 after 0 usecs
[   11.424715] probe of 7f440000.etm returned -517 after 0 usecs
[   11.424725] probe of 7f540000.etm returned -517 after 0 usecs
[   11.424736] probe of 7f640000.etm returned -517 after 0 usecs
[   11.424747] probe of 7f740000.etm returned -517 after 0 usecs
[   11.424774] probe of 7f040000.etm returned -517 after 0 usecs
[   11.424781] probe of 7f140000.etm returned -517 after 0 usecs
[   11.424786] probe of 7f240000.etm returned -517 after 0 usecs
[   11.424792] probe of 7f340000.etm returned -517 after 0 usecs
[   11.424798] probe of 7f440000.etm returned -517 after 0 usecs
[   11.424803] probe of 7f540000.etm returned -517 after 0 usecs
[   11.424809] probe of 7f640000.etm returned -517 after 0 usecs
[   11.424816] probe of 7f740000.etm returned -517 after 0 usecs
[   11.424828] initcall __typeid__ZTSFivE_global_addr+0x7d4/0xec8 returned 0 after 209 usecs
[   11.424833] calling  __typeid__ZTSFivE_global_addr+0x7e0/0xec8 @ 1
[   11.424839] initcall __typeid__ZTSFivE_global_addr+0x7e0/0xec8 returned 0 after 1 usecs
[   11.424844] calling  __typeid__ZTSFivE_global_addr+0x800/0xec8 @ 1
[   11.424849] initcall __typeid__ZTSFivE_global_addr+0x800/0xec8 returned 0 after 1 usecs
[   11.424854] calling  __typeid__ZTSFivE_global_addr+0x7f8/0xec8 @ 1
[   11.424871] initcall __typeid__ZTSFivE_global_addr+0x7f8/0xec8 returned 0 after 12 usecs
[   11.424875] calling  __typeid__ZTSFivE_global_addr+0x948/0xec8 @ 1
[   11.424937] probe of gpio-keys returned -517 after 0 usecs
[   11.425368] initcall __typeid__ZTSFivE_global_addr+0x948/0xec8 returned 0 after 476 usecs
[   11.425374] calling  __typeid__ZTSFivE_global_addr+0x994/0xec8 @ 1
[   11.425380] initcall __typeid__ZTSFivE_global_addr+0x994/0xec8 returned 0 after 2 usecs
[   11.425387] calling  __typeid__ZTSFivE_global_addr+0xa80/0xec8 @ 1
[   11.425392] initcall __typeid__ZTSFivE_global_addr+0xa80/0xec8 returned -19 after 0 usecs
[   11.425397] calling  __typeid__ZTSFivE_global_addr+0xa98/0xec8 @ 1
[   11.425402] initcall __typeid__ZTSFivE_global_addr+0xa98/0xec8 returned 0 after 0 usecs
[   11.425406] calling  __typeid__ZTSFivE_global_addr+0xb30/0xec8 @ 1
[   11.425995] initcall __typeid__ZTSFivE_global_addr+0xb30/0xec8 returned 0 after 569 usecs
[   11.426000] calling  __typeid__ZTSFivE_global_addr+0xd94/0xec8 @ 1
[   11.426006] initcall __typeid__ZTSFivE_global_addr+0xd94/0xec8 returned 0 after 2 usecs
[   11.426011] calling  __typeid__ZTSFivE_global_addr+0xdc4/0xec8 @ 1
[   11.426032] initcall __typeid__ZTSFivE_global_addr+0xdc4/0xec8 returned 0 after 16 usecs
[   11.426037] calling  __typeid__ZTSFivE_global_addr+0xe9c/0xec8 @ 1
[   11.426061] cfg80211: Loading compiled-in X.509 certificates for regulatory database
[   11.428878] cfg80211: Loaded X.509 cert 'sforshee: 00b28ddf47aef9cea7'
[   11.428900] initcall __typeid__ZTSFivE_global_addr+0xe9c/0xec8 returned 0 after 2787 usecs
[   11.428907] calling  __typeid__ZTSFivE_global_addr+0x23c/0xec8 @ 1
[   11.428914] initcall __typeid__ZTSFivE_global_addr+0x23c/0xec8 returned 0 after 1 usecs
[   11.428918] calling  __typeid__ZTSFivE_global_addr+0x704/0xec8 @ 1
[   11.428930] initcall __typeid__ZTSFivE_global_addr+0x704/0xec8 returned 0 after 7 usecs
[   11.428935] calling  __typeid__ZTSFivE_global_addr+0x720/0xec8 @ 1
[   11.429090] sprd-sysdump:  detect pmic is sc2730 ,offset = 0x1bac !!!
[   11.429223] sprd-sysdump: of_find_device_by_node failed!!!
[   11.429438] sprd-sysdump: ylog_buffer_init: ylog_buffer vaddr is (____ptrval____)
[   11.429521] sprd-sysdump: section_info_ylog_buf in. vaddr : 0xffffff816de00000  len :0x100000
[   11.429529] sprd-sysdump: ylog_buf added successfully in minidump section:paddr_start=1ede00000,paddr_end=1edf00000
[   11.429530] sprd-sysdump: ylog_buf added to minidump section ok!!
[   11.429534] sprd-sysdump: kernel_pt added successfully in minidump section:paddr_start=82110000,paddr_end=82111000
[   11.429537] sprd-sysdump: kernel pt added to minidump section ok!!
[   11.429539] sprd-sysdump: pgd vaddr start: 0xffffffc012110000  paddr start: 0x82110000  len :0x1000
[   11.429544] sprd-sysdump: nhang added successfully in minidump section:paddr_start=82674d48,paddr_end=82774d48
[   11.429545] sprd-sysdump: nhang added to minidump section ok!!
[   11.429945] sprd-sysdump: Not find scproc from dts 
[   11.429947] sprd-sysdump: minidump_init out.
[   11.429954] initcall __typeid__ZTSFivE_global_addr+0x720/0xec8 returned 0 after 988 usecs
[   11.429961] calling  __typeid__ZTSFivE_global_addr+0x734/0xec8 @ 1
[   11.430070] sprd-sysdump-msg: minidump_add_section in. vaddr : 0xffffff816df00000  len :0x75440
[   11.430077] sprd-sysdump: task_stats added successfully in minidump section:paddr_start=1edf00000,paddr_end=1edf75440
[   11.430079] sprd-sysdump-msg: task_stats added to minidump section ok!!
[   11.430086] sprd-sysdump-msg: minidump_add_section in. vaddr : 0xffffff816dd88000  len :0x3e80
[   11.430091] sprd-sysdump: runqueue added successfully in minidump section:paddr_start=1edd88000,paddr_end=1edd8be80
[   11.430092] sprd-sysdump-msg: runqueue added to minidump section ok!!
[   11.430098] sprd-sysdump-msg: minidump_add_section in. vaddr : 0xffffff816dd8c000  len :0x4000
[   11.430103] sprd-sysdump: stack_regs added successfully in minidump section:paddr_start=1edd8c000,paddr_end=1edd90000
[   11.430104] sprd-sysdump-msg: stack_regs added to minidump section ok!!
[   11.430110] sprd-sysdump-msg: minidump_add_section in. vaddr : 0xffffff816dd90000  len :0x3000
[   11.430115] sprd-sysdump: memstat added successfully in minidump section:paddr_start=1edd90000,paddr_end=1edd93000
[   11.430117] sprd-sysdump-msg: memstat added to minidump section ok!!
[   11.430122] sprd-sysdump-msg: minidump_add_section in. vaddr : 0xffffff816dd94000  len :0x3000
[   11.430127] sprd-sysdump: interruptes added successfully in minidump section:paddr_start=1edd94000,paddr_end=1edd97000
[   11.430128] sprd-sysdump-msg: interruptes added to minidump section ok!!
[   11.430135] sprd-sysdump: irqstack0_0 added successfully in minidump section:paddr_start=1f7c82000,paddr_end=1f7c83000
[   11.430139] sprd-sysdump: irqstack0_1 added successfully in minidump section:paddr_start=1f7c83000,paddr_end=1f7c84000
[   11.430143] sprd-sysdump: irqstack0_2 added successfully in minidump section:paddr_start=1f7c84000,paddr_end=1f7c85000
[   11.430147] sprd-sysdump: irqstack0_3 added successfully in minidump section:paddr_start=1f7c85000,paddr_end=1f7c86000
[   11.430154] sprd-sysdump: irqstack1_0 added successfully in minidump section:paddr_start=1f7c86000,paddr_end=1f7c87000
[   11.430158] sprd-sysdump: irqstack1_1 added successfully in minidump section:paddr_start=1f7c87000,paddr_end=1f7c88000
[   11.430162] sprd-sysdump: irqstack1_2 added successfully in minidump section:paddr_start=1f7c88000,paddr_end=1f7c89000
[   11.430167] sprd-sysdump: irqstack1_3 added successfully in minidump section:paddr_start=1f7c89000,paddr_end=1f7c8a000
[   11.430172] sprd-sysdump: irqstack2_0 added successfully in minidump section:paddr_start=1f7c8a000,paddr_end=1f7c8b000
[   11.430176] sprd-sysdump: irqstack2_1 added successfully in minidump section:paddr_start=1f7c8b000,paddr_end=1f7c8c000
[   11.430181] sprd-sysdump: irqstack2_2 added successfully in minidump section:paddr_start=1f7c8c000,paddr_end=1f7c8d000
[   11.430186] sprd-sysdump: irqstack2_3 added successfully in minidump section:paddr_start=1f7c8d000,paddr_end=1f7c8e000
[   11.430191] sprd-sysdump: irqstack3_0 added successfully in minidump section:paddr_start=1f7c8e000,paddr_end=1f7c8f000
[   11.430196] sprd-sysdump: irqstack3_1 added successfully in minidump section:paddr_start=1f7c8f000,paddr_end=1f7c90000
[   11.430201] sprd-sysdump: irqstack3_2 added successfully in minidump section:paddr_start=1f7c90000,paddr_end=1f7c91000
[   11.430206] sprd-sysdump: irqstack3_3 added successfully in minidump section:paddr_start=1f7c91000,paddr_end=1f7c92000
[   11.430211] sprd-sysdump: irqstack4_0 added successfully in minidump section:paddr_start=1f7c92000,paddr_end=1f7c93000
[   11.430216] sprd-sysdump: irqstack4_1 added successfully in minidump section:paddr_start=1f7c93000,paddr_end=1f7c94000
[   11.430221] sprd-sysdump: irqstack4_2 added successfully in minidump section:paddr_start=1f7c94000,paddr_end=1f7c95000
[   11.430226] sprd-sysdump: irqstack4_3 added successfully in minidump section:paddr_start=1f7c95000,paddr_end=1f7c96000
[   11.430231] sprd-sysdump: irqstack5_0 added successfully in minidump section:paddr_start=1f7c96000,paddr_end=1f7c97000
[   11.430236] sprd-sysdump: irqstack5_1 added successfully in minidump section:paddr_start=1f7c97000,paddr_end=1f7c98000
[   11.430241] sprd-sysdump: irqstack5_2 added successfully in minidump section:paddr_start=1f7c98000,paddr_end=1f7c99000
[   11.430248] sprd-sysdump: irqstack5_3 added successfully in minidump section:paddr_start=1f7c99000,paddr_end=1f7c9a000
[   11.430254] sprd-sysdump: irqstack6_0 added successfully in minidump section:paddr_start=1f7c9a000,paddr_end=1f7c9b000
[   11.430259] sprd-sysdump: irqstack6_1 added successfully in minidump section:paddr_start=1f7c9b000,paddr_end=1f7c9c000
[   11.430265] sprd-sysdump: irqstack6_2 added successfully in minidump section:paddr_start=1f7c9c000,paddr_end=1f7c9d000
[   11.430270] sprd-sysdump: irqstack6_3 added successfully in minidump section:paddr_start=1f7c9d000,paddr_end=1f7c9e000
[   11.430276] sprd-sysdump: irqstack7_0 added successfully in minidump section:paddr_start=1f7c9e000,paddr_end=1f7c9f000
[   11.430281] sprd-sysdump: irqstack7_1 added successfully in minidump section:paddr_start=1f7c9f000,paddr_end=1f7ca0000
[   11.430287] sprd-sysdump: irqstack7_2 added successfully in minidump section:paddr_start=1f7ca0000,paddr_end=1f7ca1000
[   11.430295] sprd-sysdump: irqstack7_3 added successfully in minidump section:paddr_start=1f7ca1000,paddr_end=1f7ca2000
[   11.430301] sprd-sysdump: cpustack0_0 added successfully in minidump section:paddr_start=0,paddr_end=1000
[   11.430306] sprd-sysdump: cpustack0_1 added successfully in minidump section:paddr_start=0,paddr_end=1000
[   11.430312] sprd-sysdump: cpustack0_2 added successfully in minidump section:paddr_start=0,paddr_end=1000
[   11.430318] sprd-sysdump: cpustack0_3 added successfully in minidump section:paddr_start=0,paddr_end=1000
[   11.430324] sprd-sysdump: cpustack1_0 added successfully in minidump section:paddr_start=0,paddr_end=1000
[   11.430329] sprd-sysdump: cpustack1_1 added successfully in minidump section:paddr_start=0,paddr_end=1000
[   11.430335] sprd-sysdump: cpustack1_2 added successfully in minidump section:paddr_start=0,paddr_end=1000
[   11.430340] sprd-sysdump: cpustack1_3 added successfully in minidump section:paddr_start=0,paddr_end=1000
[   11.430346] sprd-sysdump: cpustack2_0 added successfully in minidump section:paddr_start=0,paddr_end=1000
[   11.430351] sprd-sysdump: cpustack2_1 added successfully in minidump section:paddr_start=0,paddr_end=1000
[   11.430357] sprd-sysdump: cpustack2_2 added successfully in minidump section:paddr_start=0,paddr_end=1000
[   11.430363] sprd-sysdump: cpustack2_3 added successfully in minidump section:paddr_start=0,paddr_end=1000
[   11.430368] sprd-sysdump: cpustack3_0 added successfully in minidump section:paddr_start=0,paddr_end=1000
[   11.430374] sprd-sysdump: cpustack3_1 added successfully in minidump section:paddr_start=0,paddr_end=1000
[   11.430380] sprd-sysdump: cpustack3_2 added successfully in minidump section:paddr_start=0,paddr_end=1000
[   11.430386] sprd-sysdump: cpustack3_3 added successfully in minidump section:paddr_start=0,paddr_end=1000
[   11.430392] sprd-sysdump: cpustack4_0 added successfully in minidump section:paddr_start=0,paddr_end=1000
[   11.430398] sprd-sysdump: cpustack4_1 added successfully in minidump section:paddr_start=0,paddr_end=1000
[   11.430404] sprd-sysdump: cpustack4_2 added successfully in minidump section:paddr_start=0,paddr_end=1000
[   11.430411] sprd-sysdump: cpustack4_3 added successfully in minidump section:paddr_start=0,paddr_end=1000
[   11.430416] sprd-sysdump: cpustack5_0 added successfully in minidump section:paddr_start=0,paddr_end=1000
[   11.430422] sprd-sysdump: cpustack5_1 added successfully in minidump section:paddr_start=0,paddr_end=1000
[   11.430428] sprd-sysdump: cpustack5_2 added successfully in minidump section:paddr_start=0,paddr_end=1000
[   11.430434] sprd-sysdump: cpustack5_3 added successfully in minidump section:paddr_start=0,paddr_end=1000
[   11.430442] sprd-sysdump: cpustack6_0 added successfully in minidump section:paddr_start=0,paddr_end=1000
[   11.430449] sprd-sysdump: cpustack6_1 added successfully in minidump section:paddr_start=0,paddr_end=1000
[   11.430455] sprd-sysdump: cpustack6_2 added successfully in minidump section:paddr_start=0,paddr_end=1000
[   11.430462] sprd-sysdump: cpustack6_3 added successfully in minidump section:paddr_start=0,paddr_end=1000
[   11.430468] sprd-sysdump: cpustack7_0 added successfully in minidump section:paddr_start=0,paddr_end=1000
[   11.430474] sprd-sysdump: cpustack7_1 added successfully in minidump section:paddr_start=0,paddr_end=1000
[   11.430481] sprd-sysdump: cpustack7_2 added successfully in minidump section:paddr_start=0,paddr_end=1000
[   11.430487] sprd-sysdump: cpustack7_3 added successfully in minidump section:paddr_start=0,paddr_end=1000
[   11.430492] sprd-sysdump-msg: sprd_kmsg_panic_notifier_register success!
[   11.430497] initcall __typeid__ZTSFivE_global_addr+0x734/0xec8 returned 0 after 517 usecs
[   11.430501] calling  __typeid__ZTSFivE_global_addr+0x738/0xec8 @ 1
[   11.430512] sprd-sysdump-io: minidump_add_section in. vaddr : 0xffffff816dda0000  len :0x9000
[   11.430519] sprd-sysdump: io added successfully in minidump section:paddr_start=1edda0000,paddr_end=1edda9000
[   11.430521] sprd-sysdump-io: io added to minidump section ok!!
[   11.430523] sprd-sysdump-io: sprd: io_panic_nofifier_register success
[   11.430527] initcall __typeid__ZTSFivE_global_addr+0x738/0xec8 returned 0 after 20 usecs
[   11.430531] calling  __typeid__ZTSFivE_global_addr+0x750/0xec8 @ 1
[   11.430539] initcall __typeid__ZTSFivE_global_addr+0x750/0xec8 returned 0 after 3 usecs
[   11.430542] calling  __typeid__ZTSFivE_global_addr+0xb28/0xec8 @ 1
[   11.430549] initcall __typeid__ZTSFivE_global_addr+0xb28/0xec8 returned 0 after 2 usecs
[   11.430553] calling  __typeid__ZTSFivE_global_addr+0xbf8/0xec8 @ 1
[   11.430556] ALSA device list:
[   11.430563] No soundcards found.
[   11.430567] initcall __typeid__ZTSFivE_global_addr+0xbf8/0xec8 returned 0 after 10 usecs
[   11.430669] sprd_serial 200b0000.serial: request TX DMA channel failed, ret = -19
[   11.430673] sprd_serial 200b0000.serial: request RX DMA channel failed, ret = -19
[   11.431510] Freeing unused kernel memory: 2112K
[   11.452420] cryptomgr_probe (158): highest shadow stack usage: 144 bytes
[   11.484883] Run /init as init process
[   11.486196] magiskinit: Ramdisk is recovery, abort
[   11.688969] init: init first stage started!
[   11.692490] init: Loading module /lib/modules/sprd_wdt_fiq.ko with args ''
[   11.695995] calling  sprd_wdt_fiq_get_timeleft+0x30/0x6c [sprd_wdt_fiq] @ 1
[   11.696373] probe of 644e0000.watchdog returned -517 after 2 usecs
[   11.696629] initcall sprd_wdt_fiq_get_timeleft+0x30/0x6c [sprd_wdt_fiq] returned 0 after 601 usecs
[   11.696657] sprd wdt fiq syscore s2idle register done.
[   11.696770] init: Loaded kernel module /lib/modules/sprd_wdt_fiq.ko
[   11.696908] init: Loading module /lib/modules/sprd_sip_svc.ko with args ''
[   11.701008] calling  sprd_sip_svc_pwr_get_wakeup_source+0xc4/0x908 [sprd_sip_svc] @ 1
[   11.701016] sprd_sip: SPRD SIP SVC PERF:v0.1 detected in firmware.
[   11.701019] sprd_sip: SPRD SIP SVC DBG:v1.0 detected in firmware.
[   11.701022] sprd_sip: SPRD SIP SVC PWR:v0.1 detected in firmware.
[   11.701032] initcall sprd_sip_svc_pwr_get_wakeup_source+0xc4/0x908 [sprd_sip_svc] returned 0 after 13 usecs
[   11.701046] sprd_sip: hdl for sprd svc sip : func_addr = 0xffffffc01169b9b4, pdg = 0x0, level = 0x0
[   11.701050] sprd_wdh: func_addr = 0xffffffc01169b9b4 , pdg = 0x0 level = 0x0
[   11.708982] sprd_sip: hdl for sprd svc sip : func_addr = 0xffffffc01169b9b8, pdg = 0x4000082110001, level = 0x1
[   11.708985] sprd_wdh: func_addr = 0xffffffc01169b9b8 , pdg = 0x4000082110001 level = 0x1
[   11.717957] sprd_sip: hdl for sprd svc sip : func_addr = 0x8169b9bc, pdg = 0x0, level = 0x2
[   11.717959] sprd_wdh: func_addr = 0x8169b9bc , pdg = 0x0 level = 0x2
[   11.725327] init: Loaded kernel module /lib/modules/sprd_sip_svc.ko
[   11.725489] init: Loading module /lib/modules/sprd_systimer.ko with args ''
[   11.728430] calling  sync_cnter_boottime+0x100/0xd94 [sprd_systimer] @ 1
[   11.728762] initcall sync_cnter_boottime+0x100/0xd94 [sprd_systimer] returned 0 after 310 usecs
[   11.728847] init: Loaded kernel module /lib/modules/sprd_systimer.ko
[   11.728987] init: Loading module /lib/modules/sprd_time_sync.ko with args ''
[   11.732227] calling  _copy_to_user+0x12c/0x14c [sprd_time_sync] @ 1
[   11.732696] initcall _copy_to_user+0x12c/0x14c [sprd_time_sync] returned 0 after 447 usecs
[   11.732754] init: Loaded kernel module /lib/modules/sprd_time_sync.ko
[   11.732894] init: Loading module /lib/modules/sprd_time_sync_cp.ko with args ''
[   11.735560] device is not exist 
[   11.735562] sprd time sync cp notifier register done.
[   11.735605] init: Loaded kernel module /lib/modules/sprd_time_sync_cp.ko
[   11.735716] init: Loading module /lib/modules/clk-sprd.ko with args ''
[   11.738911] init: Loaded kernel module /lib/modules/clk-sprd.ko
[   11.739023] init: Loading module /lib/modules/ums9230-clk.ko with args ''
[   11.748738] calling  ums9230_clk_probe+0x60/0x6c [ums9230_clk] @ 1
[   11.751075] probe of 7f040000.etm returned -517 after 1 usecs
[   11.751090] probe of 7f140000.etm returned -517 after 0 usecs
[   11.751100] probe of 7f240000.etm returned -517 after 0 usecs
[   11.751109] probe of 7f340000.etm returned -517 after 0 usecs
[   11.751119] probe of 7f440000.etm returned -517 after 0 usecs
[   11.751129] probe of 7f540000.etm returned -517 after 0 usecs
[   11.751140] probe of 7f640000.etm returned -517 after 0 usecs
[   11.751149] probe of 7f740000.etm returned -517 after 0 usecs
[   11.751229] probe of gpio-keys returned -517 after 0 usecs
[   11.751262] probe of 644e0000.watchdog returned -517 after 0 usecs
[   11.751306] probe of soc:pmu-gate returned 1 after 1757 usecs
[   11.751589] probe of 7f040000.etm returned -517 after 0 usecs
[   11.751598] probe of 7f140000.etm returned -517 after 0 usecs
[   11.751605] probe of 7f240000.etm returned -517 after 0 usecs
[   11.751612] probe of 7f340000.etm returned -517 after 0 usecs
[   11.751619] probe of 7f440000.etm returned -517 after 0 usecs
[   11.751625] probe of 7f540000.etm returned -517 after 0 usecs
[   11.751632] probe of 7f640000.etm returned -517 after 0 usecs
[   11.751638] probe of 7f740000.etm returned -517 after 0 usecs
[   11.751678] probe of gpio-keys returned -517 after 0 usecs
[   11.751705] probe of 644e0000.watchdog returned -517 after 0 usecs
[   11.751731] probe of soc:dpll0 returned 1 after 411 usecs
[   11.751983] probe of 7f040000.etm returned -517 after 0 usecs
[   11.751991] probe of 7f140000.etm returned -517 after 0 usecs
[   11.751999] probe of 7f240000.etm returned -517 after 0 usecs
[   11.752038] probe of 7f340000.etm returned -517 after 0 usecs
[   11.752046] probe of 7f440000.etm returned -517 after 0 usecs
[   11.752052] probe of 7f540000.etm returned -517 after 0 usecs
[   11.752059] probe of 7f640000.etm returned -517 after 0 usecs
[   11.752066] probe of 7f740000.etm returned -517 after 0 usecs
[   11.752102] probe of gpio-keys returned -517 after 0 usecs
[   11.752128] probe of 644e0000.watchdog returned -517 after 0 usecs
[   11.752189] probe of soc:pll0 returned 1 after 442 usecs
[   11.752572] probe of 7f040000.etm returned -517 after 0 usecs
[   11.752580] probe of 7f140000.etm returned -517 after 0 usecs
[   11.752587] probe of 7f240000.etm returned -517 after 0 usecs
[   11.752593] probe of 7f340000.etm returned -517 after 0 usecs
[   11.752599] probe of 7f440000.etm returned -517 after 0 usecs
[   11.752606] probe of 7f540000.etm returned -517 after 0 usecs
[   11.752612] probe of 7f640000.etm returned -517 after 0 usecs
[   11.752618] probe of 7f740000.etm returned -517 after 0 usecs
[   11.752653] probe of gpio-keys returned -517 after 0 usecs
[   11.752680] probe of 644e0000.watchdog returned -517 after 0 usecs
[   11.752704] probe of soc:mpll1 returned 1 after 502 usecs
[   11.754985] probe of 7f040000.etm returned -517 after 0 usecs
[   11.754994] probe of 7f140000.etm returned -517 after 0 usecs
[   11.755000] probe of 7f240000.etm returned -517 after 0 usecs
[   11.755007] probe of 7f340000.etm returned -517 after 0 usecs
[   11.755013] probe of 7f440000.etm returned -517 after 0 usecs
[   11.755019] probe of 7f540000.etm returned -517 after 0 usecs
[   11.755025] probe of 7f640000.etm returned -517 after 0 usecs
[   11.755031] probe of 7f740000.etm returned -517 after 0 usecs
[   11.755070] probe of gpio-keys returned -517 after 0 usecs
[   11.755096] probe of 644e0000.watchdog returned -517 after 0 usecs
[   11.755540] probe of soc:pll1 returned 1 after 2823 usecs
[   11.757859] probe of 7f040000.etm returned -517 after 1 usecs
[   11.757868] probe of 7f140000.etm returned -517 after 0 usecs
[   11.757875] probe of 7f240000.etm returned -517 after 0 usecs
[   11.757881] probe of 7f340000.etm returned -517 after 0 usecs
[   11.757888] probe of 7f440000.etm returned -517 after 0 usecs
[   11.757894] probe of 7f540000.etm returned -517 after 0 usecs
[   11.757901] probe of 7f640000.etm returned -517 after 0 usecs
[   11.757907] probe of 7f740000.etm returned -517 after 0 usecs
[   11.757946] probe of gpio-keys returned -517 after 0 usecs
[   11.757973] probe of 644e0000.watchdog returned -517 after 0 usecs
[   11.758372] probe of soc:apapb-gate returned 1 after 2820 usecs
[   11.758867] probe of 7f040000.etm returned -517 after 0 usecs
[   11.758875] probe of 7f140000.etm returned -517 after 0 usecs
[   11.758882] probe of 7f240000.etm returned -517 after 0 usecs
[   11.758888] probe of 7f340000.etm returned -517 after 0 usecs
[   11.758894] probe of 7f440000.etm returned -517 after 0 usecs
[   11.758901] probe of 7f540000.etm returned -517 after 0 usecs
[   11.758907] probe of 7f640000.etm returned -517 after 0 usecs
[   11.758913] probe of 7f740000.etm returned -517 after 0 usecs
[   11.758950] probe of gpio-keys returned -517 after 0 usecs
[   11.758977] probe of 644e0000.watchdog returned -517 after 0 usecs
[   11.759150] probe of soc:apahb-gate returned 1 after 765 usecs
[   11.761803] probe of 7f040000.etm returned -517 after 1 usecs
[   11.761812] probe of 7f140000.etm returned -517 after 0 usecs
[   11.761818] probe of 7f240000.etm returned -517 after 0 usecs
[   11.761825] probe of 7f340000.etm returned -517 after 0 usecs
[   11.761831] probe of 7f440000.etm returned -517 after 0 usecs
[   11.761838] probe of 7f540000.etm returned -517 after 0 usecs
[   11.761844] probe of 7f640000.etm returned -517 after 0 usecs
[   11.761850] probe of 7f740000.etm returned -517 after 0 usecs
[   11.761889] probe of gpio-keys returned -517 after 0 usecs
[   11.761915] probe of 644e0000.watchdog returned -517 after 0 usecs
[   11.762417] probe of 20010000.clock-controller returned 1 after 3253 usecs
[   11.763005] probe of 7f040000.etm returned -517 after 0 usecs
[   11.763013] probe of 7f140000.etm returned -517 after 0 usecs
[   11.763019] probe of 7f240000.etm returned -517 after 0 usecs
[   11.763025] probe of 7f340000.etm returned -517 after 0 usecs
[   11.763031] probe of 7f440000.etm returned -517 after 0 usecs
[   11.763038] probe of 7f540000.etm returned -517 after 0 usecs
[   11.763044] probe of 7f640000.etm returned -517 after 0 usecs
[   11.763050] probe of 7f740000.etm returned -517 after 0 usecs
[   11.763086] probe of gpio-keys returned -517 after 0 usecs
[   11.763112] probe of 644e0000.watchdog returned -517 after 0 usecs
[   11.763163] probe of soc:gpu-clk returned 1 after 734 usecs
[   11.764389] probe of 7f040000.etm returned -517 after 0 usecs
[   11.764397] probe of 7f140000.etm returned -517 after 0 usecs
[   11.764404] probe of 7f240000.etm returned -517 after 0 usecs
[   11.764410] probe of 7f340000.etm returned -517 after 0 usecs
[   11.764416] probe of 7f440000.etm returned -517 after 0 usecs
[   11.764422] probe of 7f540000.etm returned -517 after 0 usecs
[   11.764428] probe of 7f640000.etm returned -517 after 0 usecs
[   11.764434] probe of 7f740000.etm returned -517 after 0 usecs
[   11.764472] probe of gpio-keys returned -517 after 0 usecs
[   11.764502] probe of 644e0000.watchdog returned -517 after 0 usecs
[   11.764746] probe of 30010000.clock-controller returned 1 after 1569 usecs
[   11.766210] probe of 7f040000.etm returned -517 after 0 usecs
[   11.766219] probe of 7f140000.etm returned -517 after 0 usecs
[   11.766225] probe of 7f240000.etm returned -517 after 0 usecs
[   11.766232] probe of 7f340000.etm returned -517 after 0 usecs
[   11.766238] probe of 7f440000.etm returned -517 after 0 usecs
[   11.766244] probe of 7f540000.etm returned -517 after 0 usecs
[   11.766250] probe of 7f640000.etm returned -517 after 0 usecs
[   11.766256] probe of 7f740000.etm returned -517 after 0 usecs
[   11.766292] probe of gpio-keys returned -517 after 0 usecs
[   11.766318] probe of 644e0000.watchdog returned -517 after 0 usecs
[   11.766553] probe of soc:mm-gate returned 1 after 1794 usecs
[   11.771655] coresight etm0: CPU0: ETM v4.2 initialized
[   11.771681] probe of 7f040000.etm returned 1 after 784 usecs
[   11.772312] coresight etm1: CPU1: ETM v4.2 initialized
[   11.772335] probe of 7f140000.etm returned 1 after 643 usecs
[   11.772558] probe of 64012000.clock-controller returned 1 after 5992 usecs
[   11.772915] coresight etm2: CPU2: ETM v4.2 initialized
[   11.772937] probe of 7f240000.etm returned 1 after 592 usecs
[   11.773131] probe of soc:audcpapb-gate returned 1 after 551 usecs
[   11.773292] coresight etm3: CPU3: ETM v4.2 initialized
[   11.773314] probe of 7f340000.etm returned 1 after 365 usecs
[   11.773911] coresight etm4: CPU4: ETM v4.2 initialized
[   11.773932] probe of 7f440000.etm returned 1 after 607 usecs
[   11.774493] coresight etm5: CPU5: ETM v4.2 initialized
[   11.774514] probe of 7f540000.etm returned 1 after 571 usecs
[   11.774612] coresight-etm4x 7f640000.etm: ETM arch init failed
[   11.774680] coresight-etm4x: probe of 7f640000.etm failed with error -22
[   11.774683] probe of 7f640000.etm returned 0 after 158 usecs
[   11.774731] coresight-etm4x 7f740000.etm: ETM arch init failed
[   11.774790] coresight-etm4x: probe of 7f740000.etm failed with error -22
[   11.774793] probe of 7f740000.etm returned 0 after 99 usecs
[   11.774855] probe of gpio-keys returned -517 after 1 usecs
[   11.774886] probe of 644e0000.watchdog returned -517 after 1 usecs
[   11.775120] probe of gpio-keys returned -517 after 0 usecs
[   11.775152] probe of 644e0000.watchdog returned -517 after 0 usecs
[   11.775219] probe of soc:audcpahb-gate returned 1 after 2074 usecs
[   11.786572] probe of gpio-keys returned -517 after 1 usecs
[   11.786807] probe of 644e0000.watchdog returned 1 after 193 usecs
[   11.787217] probe of gpio-keys returned -517 after 1 usecs
[   11.787254] probe of soc:aonapb-gate returned 1 after 12023 usecs
[   11.787674] initcall ums9230_clk_probe+0x60/0x6c [ums9230_clk] returned 0 after 37873 usecs
[   11.787855] init: Loaded kernel module /lib/modules/ums9230-clk.ko
[   11.788215] init: Loading module /lib/modules/core.ko with args ''
[   11.791280] calling  sprd_autotest_release+0x10/0x24 [core] @ 1
[   11.791383] initcall sprd_autotest_release+0x10/0x24 [core] returned 0 after 90 usecs
[   11.791467] init: Loaded kernel module /lib/modules/core.ko
[   11.791543] init: Loading module /lib/modules/gpio.ko with args ''
[   11.794588] calling  gpio_match_name_gpio+0x10/0x34 [gpio] @ 1
[   11.794601] initcall gpio_match_name_gpio+0x10/0x34 [gpio] returned 0 after 3 usecs
[   11.794672] init: Loaded kernel module /lib/modules/gpio.ko
[   11.794832] init: Loading module /lib/modules/pinctrl.ko with args ''
[   11.797788] calling  pinctrl_test+0x204/0x220 [pinctrl] @ 1
[   11.798246] initcall pinctrl_test+0x204/0x220 [pinctrl] returned 0 after 435 usecs
[   11.798318] init: Loaded kernel module /lib/modules/pinctrl.ko
[   11.798486] init: Loading module /lib/modules/pinctrl-sprd.ko with args ''
[   11.801720] init: Loaded kernel module /lib/modules/pinctrl-sprd.ko
[   11.801873] init: Loading module /lib/modules/pinctrl-sprd-qogirl6.ko with args ''
[   11.805096] calling  sprd_pinctrl_probe+0x30/0x44 [pinctrl_sprd_qogirl6] @ 1
[   11.806378] probe of gpio-keys returned 0 after 123 usecs
[   11.806467] probe of 64710000.pinctrl returned 1 after 1099 usecs
[   11.806683] initcall sprd_pinctrl_probe+0x30/0x44 [pinctrl_sprd_qogirl6] returned 0 after 1538 usecs
[   11.806753] init: Loaded kernel module /lib/modules/pinctrl-sprd-qogirl6.ko
[   11.806904] init: Loading module /lib/modules/phy-sprd-qogirl6.ko with args ''
[   11.810172] calling  sprd_hsphy_charger_detect_work+0x50/0x90 [phy_sprd_qogirl6] @ 1
[   11.810452] probe of 64570000.hsphy returned -517 after 1 usecs
[   11.810618] initcall sprd_hsphy_charger_detect_work+0x50/0x90 [phy_sprd_qogirl6] returned 0 after 425 usecs
[   11.810680] init: Loaded kernel module /lib/modules/phy-sprd-qogirl6.ko
[   11.810816] init: Loading module /lib/modules/spi-sprd-adi.ko with args ''
[   11.813820] calling  sprd_adi_restart_handler+0x2e0/0x2ec [spi_sprd_adi] @ 1
[   11.814164] sprd-adi 64200000.spi: no hardware spinlock supplied
[   11.820075] probe of 64200000.spi returned 1 after 5979 usecs
[   11.820334] initcall sprd_adi_restart_handler+0x2e0/0x2ec [spi_sprd_adi] returned 0 after 6349 usecs
[   11.820410] init: Loaded kernel module /lib/modules/spi-sprd-adi.ko
[   11.820571] init: Loading module /lib/modules/sprd-sc27xx-spi.ko with args ''
[   11.823713] probe of gpio-keys returned 0 after 147 usecs
[   11.823781] probe of 64570000.hsphy returned -517 after 1 usecs
[   11.824838] calling  sprd_pmic_spi_read+0x128/0x144 [sprd_sc27xx_spi] @ 1
[   11.882612] probe of gpio-keys returned 0 after 129 usecs
[   11.882674] probe of 64570000.hsphy returned -517 after 1 usecs
[   11.882958] probe of spi4.0 returned 1 after 58098 usecs
[   11.883004] initcall sprd_pmic_spi_read+0x128/0x144 [sprd_sc27xx_spi] returned 0 after 56789 usecs
[   11.883131] init: Loaded kernel module /lib/modules/sprd-sc27xx-spi.ko
[   11.883338] init: Loading module /lib/modules/sc2730-regulator.ko with args ''
[   11.886638] calling  debugfs_enable_set+0xc8/0xfc [sc2730_regulator] @ 1
[   11.894147] probe of gpio-keys returned 0 after 133 usecs
[   11.894221] probe of 64570000.hsphy returned -517 after 1 usecs
[   11.894614] probe of 64200000.spi:pmic@0:power-controller@1800 returned 1 after 7503 usecs
[   11.894672] initcall debugfs_enable_set+0xc8/0xfc [sc2730_regulator] returned 0 after 7831 usecs
[   11.894797] init: Loaded kernel module /lib/modules/sc2730-regulator.ko
[   11.894981] init: Loading module /lib/modules/rpmb.ko with args ''
[   11.898726] calling  rpmb_cdev_add+0x9c/0xbc [rpmb] @ 1
[   11.898763] initcall rpmb_cdev_add+0x9c/0xbc [rpmb] returned 0 after 22 usecs
[   11.898841] init: Loaded kernel module /lib/modules/rpmb.ko
[   11.899005] init: Loading module /lib/modules/sprd_soc_id.ko with args ''
[   11.901936] calling  open_socid_fs+0x2c/0x40 [sprd_soc_id] @ 1
[   11.902513] probe of gpio-keys returned 0 after 127 usecs
[   11.902588] probe of 64570000.hsphy returned -517 after 0 usecs
[   11.902621] probe of soc:aon:socid@402e00e0 returned 1 after 366 usecs
[   11.902872] initcall open_socid_fs+0x2c/0x40 [sprd_soc_id] returned 0 after 904 usecs
[   11.902951] init: Loaded kernel module /lib/modules/sprd_soc_id.ko
[   11.903117] init: Loading module /lib/modules/ufs-sprd_qogirl6.ko with args ''
[   11.906961] calling  ufshcd_sprd_ioctl+0x1c4/0x224 [ufs_sprd_qogirl6] @ 1
[   11.908394] ufshcd-sprd 20200000.ufs: ufshcd_populate_vreg: Unable to find vdd-hba-supply regulator, assuming enabled
[   11.908404] ufshcd-sprd 20200000.ufs: ufshcd_populate_vreg: unable to find vcc-max-microamp
[   11.908409] ufshcd-sprd 20200000.ufs: ufshcd_populate_vreg: Unable to find vccq-supply regulator, assuming enabled
[   11.908414] ufshcd-sprd 20200000.ufs: ufshcd_populate_vreg: Unable to find vccq2-supply regulator, assuming enabled
[   11.909068] fangkuiufs host->aon_apb_ufs_en.regmap = (____ptrval____)
[   11.910732] scsi host0: ufshcd
[   11.911329] ufshcd-sprd 20200000.ufs: ufs hardware reset!
[   11.934728] ufshcd-sprd 20200000.ufs: ufshcd_print_pwr_info:[RX, TX]: gear=[1, 1], lane[1, 1], pwr[SLOWAUTO_MODE, SLOWAUTO_MODE], rate = 0
[   12.033810] ufshcd-sprd 20200000.ufs: ufs_sprd_apply_dev_quirks: 13,6,12,6
[   12.061333] ufshcd-sprd 20200000.ufs: ufshcd_print_pwr_info:[RX, TX]: gear=[3, 3], lane[2, 2], pwr[FAST MODE, FAST MODE], rate = 2
[   12.061477] ufshcd-sprd 20200000.ufs: ufshcd_find_max_sup_active_icc_level: Regulator capability was not set, actvIccLevel=0
[   12.061547] ufshcd-sprd 20200000.ufs: ufshcd_wb_config: Write Booster Configured
[   12.068568] scsi 0:0:0:49476: Well-known LUN    SKhynix  H9QT0GECN6X145   A002 PQ: 0 ANSI: 6
[   12.070552] probe of 0:0:0:49476 returned 0 after 42 usecs
[   12.070858] scsi 0:0:0:49488: Well-known LUN    SKhynix  H9QT0GECN6X145   A002 PQ: 0 ANSI: 6
[   12.071197] probe of gpio-keys returned 0 after 135 usecs
[   12.071283] probe of 64570000.hsphy returned -517 after 0 usecs
[   12.071319] probe of 20200000.ufs returned 1 after 164249 usecs
[   12.071369] probe of 0:0:0:49488 returned 0 after 21 usecs
[   12.071388] scsi 0:0:0:49456: Well-known LUN    SKhynix  H9QT0GECN6X145   A002 PQ: 0 ANSI: 6
[   12.071799] initcall ufshcd_sprd_ioctl+0x1c4/0x224 [ufs_sprd_qogirl6] returned 0 after 160944 usecs
[   12.071884] probe of 0:0:0:49456 returned 0 after 19 usecs
[   12.072174] scsi 0:0:0:0: Direct-Access     SKhynix  H9QT0GECN6X145   A002 PQ: 0 ANSI: 6
[   12.072787] sd 0:0:0:0: Power-on or device reset occurred
[   12.072855] scsi 0:0:0:1: Direct-Access     SKhynix  H9QT0GECN6X145   A002 PQ: 0 ANSI: 6
[   12.073474] scsi 0:0:0:2: Direct-Access     SKhynix  H9QT0GECN6X145   A002 PQ: 0 ANSI: 6
[   12.073856] sd 0:0:0:1: Power-on or device reset occurred
[   12.074249] sd 0:0:0:2: Power-on or device reset occurred
[   12.074292] sd 0:0:0:1: [sdb] 1024 4096-byte logical blocks: (4.19 MB/4.00 MiB)
[   12.074354] sd 0:0:0:1: [sdb] Write Protect is off
[   12.074360] sd 0:0:0:1: [sdb] Mode Sense: 00 32 00 10
[   12.074456] sd 0:0:0:1: [sdb] Write cache: disabled, read cache: enabled, supports DPO and FUA
[   12.074511] sd 0:0:0:1: [sdb] Optimal transfer size 524288 bytes
[   12.074748] sd 0:0:0:2: [sdc] 1024 4096-byte logical blocks: (4.19 MB/4.00 MiB)
[   12.074804] sd 0:0:0:2: [sdc] Write Protect is off
[   12.074809] sd 0:0:0:2: [sdc] Mode Sense: 00 32 00 10
[   12.074853] sd 0:0:0:0: [sda] 31240192 4096-byte logical blocks: (128 GB/119 GiB)
[   12.074905] sd 0:0:0:0: [sda] Write Protect is off
[   12.074910] sd 0:0:0:0: [sda] Mode Sense: 00 32 00 10
[   12.074972] sd 0:0:0:2: [sdc] Write cache: disabled, read cache: enabled, supports DPO and FUA
[   12.075025] sd 0:0:0:0: [sda] Write cache: enabled, read cache: enabled, supports DPO and FUA
[   12.075027] sd 0:0:0:2: [sdc] Optimal transfer size 524288 bytes
[   12.075079] sd 0:0:0:0: [sda] Optimal transfer size 524288 bytes
[   12.091116] sd 0:0:0:2: [sdc] Attached SCSI disk
[   12.091178] probe of 0:0:0:2 returned 1 after 17137 usecs
[   12.091456] probe of gpio-keys returned 0 after 182 usecs
[   12.091577] probe of 64570000.hsphy returned -517 after 1 usecs
[   12.093308] sda: sda1 sda2 sda3 sda4 sda5 sda6 sda7 sda8 sda9 sda10 sda11 sda12 sda13 sda14 sda15 sda16 sda17 sda18 sda19 sda20 sda21 sda22 sda23 sda24 sda25 sda26 sda27 sda28 sda29 sda30 sda31 sda32 sda33 sda34 sda35 sda36 sda37 sda38 sda39 sda40 sda41 sda42 sda43 sda44 sda45 sda46 sda47 sda48 sda49 sda50 sda51 sda52 sda53 sda54 sda55 sda56 sda57 sda58 sda59 sda60 sda61 sda62 sda63 sda64 sda65 sda66 sda67 sda68 sda69 sda70 sda71 sda72
[   12.098523] sd 0:0:0:0: [sda] Attached SCSI disk
[   12.098778] probe of gpio-keys returned 0 after 142 usecs
[   12.098857] probe of 64570000.hsphy returned -517 after 1 usecs
[   12.098881] probe of 0:0:0:0 returned 1 after 26225 usecs
[   12.111157] sd 0:0:0:1: [sdb] Attached SCSI disk
[   12.111363] probe of gpio-keys returned 0 after 125 usecs
[   12.111431] probe of 64570000.hsphy returned -517 after 1 usecs
[   12.111455] probe of 0:0:0:1 returned 1 after 37753 usecs
[   12.111856] init: Loaded kernel module /lib/modules/ufs-sprd_qogirl6.ko
[   12.112132] init: Loading module /lib/modules/sprd_hwspinlock.ko with args ''
[   12.115746] calling  sprd_hwspinlock_relax+0x20/0x3c [sprd_hwspinlock] @ 1
[   12.116351] probe of gpio-keys returned 0 after 105 usecs
[   12.116418] probe of 64570000.hsphy returned -517 after 1 usecs
[   12.116595] probe of 64910000.hwspinlock returned 1 after 514 usecs
[   12.116863] initcall sprd_hwspinlock_relax+0x20/0x3c [sprd_hwspinlock] returned 0 after 1077 usecs
[   12.116968] init: Loaded kernel module /lib/modules/sprd_hwspinlock.ko
[   12.117209] init: Loading module /lib/modules/nvmem-sc27xx-efuse.ko with args ''
[   12.120266] calling  sc27xx_efuse_poll_status+0x118/0x130 [nvmem_sc27xx_efuse] @ 1
[   12.121288] probe of gpio-keys returned 0 after 105 usecs
[   12.121355] probe of 64570000.hsphy returned -517 after 1 usecs
[   12.121664] probe of 64200000.spi:pmic@0:efuse@300 returned 1 after 728 usecs
[   12.121743] initcall sc27xx_efuse_poll_status+0x118/0x130 [nvmem_sc27xx_efuse] returned 0 after 1429 usecs
[   12.121825] init: Loaded kernel module /lib/modules/nvmem-sc27xx-efuse.ko
[   12.122013] init: Loading module /lib/modules/nvmem_sprd_cache_efuse.ko with args ''
[   12.125287] calling  efuse_mem_ram_vmap+0x138/0x148 [nvmem_sprd_cache_efuse] @ 1
[   12.125857] probe of 65014c00.efuse returned 1 after 204 usecs
[   12.126002] initcall efuse_mem_ram_vmap+0x138/0x148 [nvmem_sprd_cache_efuse] returned 0 after 685 usecs
[   12.126083] init: Loaded kernel module /lib/modules/nvmem_sprd_cache_efuse.ko
[   12.126268] init: Loading module /lib/modules/nvmem_sprd_efuse.ko with args ''
[   12.128759] probe of gpio-keys returned 0 after 109 usecs
[   12.128834] probe of 64570000.hsphy returned -517 after 1 usecs
[   12.130280] calling  sprd_efuse_write+0x340/0x354 [nvmem_sprd_efuse] @ 1
[   12.131006] probe of gpio-keys returned 0 after 99 usecs
[   12.131074] probe of 64570000.hsphy returned -517 after 0 usecs
[   12.131105] probe of 643d0000.efuse returned 1 after 416 usecs
[   12.131497] initcall sprd_efuse_write+0x340/0x354 [nvmem_sprd_efuse] returned 0 after 1176 usecs
[   12.131571] init: Loaded kernel module /lib/modules/nvmem_sprd_efuse.ko
[   12.131748] init: Loading module /lib/modules/i2c-sprd.ko with args ''
[   12.135022] calling  sprd_i2c_handle_msg+0x1b4/0x1e4 [i2c_sprd] @ 1
[   12.140901] probe of 200d0000.i2c returned 1 after 5796 usecs
[   12.144001] probe of 200e0000.i2c returned 1 after 3082 usecs
[   12.145338] probe of gpio-keys returned 0 after 132 usecs
[   12.145430] probe of 64570000.hsphy returned -517 after 1 usecs
[   12.147731] probe of 200f0000.i2c returned 1 after 3689 usecs
[   12.148423] probe of 20100000.i2c returned 1 after 650 usecs
[   12.149060] probe of gpio-keys returned 0 after 114 usecs
[   12.149140] probe of 64570000.hsphy returned -517 after 1 usecs
[   12.153233] probe of gpio-keys returned 0 after 96 usecs
[   12.153310] probe of 64570000.hsphy returned -517 after 0 usecs
[   12.153338] probe of 20110000.i2c returned 1 after 4903 usecs
[   12.156833] probe of gpio-keys returned 0 after 95 usecs
[   12.156906] probe of 64570000.hsphy returned -517 after 1 usecs
[   12.156934] probe of 20210000.i2c returned 1 after 3582 usecs
[   12.157386] initcall sprd_i2c_handle_msg+0x1b4/0x1e4 [i2c_sprd] returned 0 after 21818 usecs
[   12.157516] init: Loaded kernel module /lib/modules/i2c-sprd.ko
[   12.157735] init: Loading module /lib/modules/i2c-sprd-hw-v2.ko with args ''
[   12.161037] calling  sprd_i2c_hw_dump_reg+0x248/0x260 [i2c_sprd_hw_v2] @ 1
[   12.161396] (null): i2c7 can't get the clk_hw clock
[   12.161673] probe of gpio-keys returned 0 after 99 usecs
[   12.161750] probe of 64570000.hsphy returned -517 after 1 usecs
[   12.161779] probe of 641a0000.i2c returned 1 after 495 usecs
[   12.162060] initcall sprd_i2c_hw_dump_reg+0x248/0x260 [i2c_sprd_hw_v2] returned 0 after 983 usecs
[   12.162164] init: Loaded kernel module /lib/modules/i2c-sprd-hw-v2.ko
[   12.162368] init: Loading module /lib/modules/sprd-hwdvfs-ums9230-arch.ko with args ''
[   12.166449] calling  __typeid__ZTSFjjjjjE_global_addr+0x4/0x38 [sprd_hwdvfs_ums9230_arch] @ 1
[   12.166975] sprd,hwdvfs-drv 64018000.cpudvfs-dev: finish to parse the cpu hardware dvfs device
[   12.167242] sprd,hwdvfs-drv 64018000.cpudvfs-dev: the dcdc0 does not need an i2c channel
[   12.167252] sprd,hwdvfs-drv 64018000.cpudvfs-dev: the dcdc1 use the i2c channel alone
[   12.167280] sprd,hwdvfs-drv 64018000.cpudvfs-dev: finish to probe the cpu hardware dvfs device
[   12.167455] probe of gpio-keys returned 0 after 102 usecs
[   12.167536] probe of 64570000.hsphy returned -517 after 1 usecs
[   12.167570] probe of 64018000.cpudvfs-dev returned 1 after 804 usecs
[   12.167878] initcall __typeid__ZTSFjjjjjE_global_addr+0x4/0x38 [sprd_hwdvfs_ums9230_arch] returned 0 after 1375 usecs
[   12.167981] init: Loaded kernel module /lib/modules/sprd-hwdvfs-ums9230-arch.ko
[   12.168198] init: Loading module /lib/modules/sprd-hwdvfs-policy.ko with args ''
[   12.172012] calling  sprd_cpufreq_debugfs_remove+0x5c/0xb0 [sprd_hwdvfs_policy] @ 1
[   12.172550] sprd-hw-cpufreq soc:aon:hardware-dvfs-platform: the cpu version: T616
[   12.173323] sprd,hwdvfs-drv 64018000.cpudvfs-dev: update dvfs index map table for host cluster0 host-tbl-name: lit_core_cluster_tbl_T616_tt
[   12.174870] sprd-hw-cpufreq soc:aon:hardware-dvfs-platform: Succeeded to register cpufreq driver
[   12.175032] probe of gpio-keys returned 0 after 98 usecs
[   12.175104] probe of 64570000.hsphy returned -517 after 1 usecs
[   12.175131] probe of soc:aon:hardware-dvfs-platform returned 1 after 2860 usecs
[   12.175356] initcall sprd_cpufreq_debugfs_remove+0x5c/0xb0 [sprd_hwdvfs_policy] returned 0 after 3232 usecs
[   12.175455] init: Loaded kernel module /lib/modules/sprd-hwdvfs-policy.ko
[   12.175618] init: Loading module /lib/modules/sprd-cpufreq-public.ko with args ''
[   12.207116] init: Loaded kernel module /lib/modules/sprd-cpufreq-public.ko
[   12.207304] init: Loading module /lib/modules/sprd_7sreset.ko with args ''
[   12.210082] calling  module_disable_store+0xb4/0xec [sprd_7sreset] @ 1
[   12.211028] probe of gpio-keys returned 0 after 131 usecs
[   12.211131] probe of 64570000.hsphy returned -517 after 1 usecs
[   12.211192] probe of 64200000.spi:pmic@0:hw-reset@1bc0 returned 1 after 466 usecs
[   12.211236] initcall module_disable_store+0xb4/0xec [sprd_7sreset] returned 0 after 1112 usecs
[   12.211324] init: Loaded kernel module /lib/modules/sprd_7sreset.ko
[   12.211503] init: Loading module /lib/modules/sprd_manufacturer_model.ko with args ''
[   12.214036] calling  soc_model_show+0x38/0x48 [sprd_manufacturer_model] @ 1
[   12.214053] Init manufacturer_model mudule successfully
[   12.214060] initcall soc_model_show+0x38/0x48 [sprd_manufacturer_model] returned 0 after 17 usecs
[   12.214124] init: Loaded kernel module /lib/modules/sprd_manufacturer_model.ko
[   12.214277] init: Loading module /lib/modules/trusty.ko with args ''
[   12.217862] calling  __typeid__ZTSFvPvmmmmE_global_addr+0xc/0x30 [trusty] @ 1
[   12.218399] sprd-trusty-core trusty: trusty version: Unisoc TEE v2.1, qogirl6, Built: 02:24:18 Jun 14 2022, 0927fe01 (builder@ceshhud0035)
[   12.218408] sprd-trusty-core trusty: selected api version: 2 (requested 3)
[   12.219034] probe of gpio-keys returned 0 after 112 usecs
[   12.219094] probe of 64570000.hsphy returned -517 after 1 usecs
[   12.219127] probe of trusty returned 1 after 857 usecs
[   12.219232] initcall __typeid__ZTSFvPvmmmmE_global_addr+0xc/0x30 [trusty] returned 0 after 1323 usecs
[   12.219316] init: Loaded kernel module /lib/modules/trusty.ko
[   12.219471] init: Loading module /lib/modules/trusty-pm.ko with args ''
[   12.221954] calling  trusty_pm_resume+0x1c/0x30 [trusty_pm] @ 1
[   12.221977] initcall trusty_pm_resume+0x1c/0x30 [trusty_pm] returned 0 after 16 usecs
[   12.222020] init: Loaded kernel module /lib/modules/trusty-pm.ko
[   12.222138] init: Loading module /lib/modules/trusty-log.ko with args ''
[   12.224789] calling  trusty_dump_logs+0x1c0/0x1f0 [trusty_log] @ 1
[   12.225515] probe of gpio-keys returned 0 after 108 usecs
[   12.225594] probe of 64570000.hsphy returned -517 after 0 usecs
[   12.225625] probe of trusty:log returned 1 after 395 usecs
[   12.225655] initcall trusty_dump_logs+0x1c0/0x1f0 [trusty_log] returned 0 after 837 usecs
[   12.225714] init: Loaded kernel module /lib/modules/trusty-log.ko
[   12.225837] init: Loading module /lib/modules/trusty-irq.ko with args ''
[   12.228707] calling  trusty_irq_enable_irqset+0xf0/0x110 [trusty_irq] @ 1
[   12.230778] probe of gpio-keys returned 0 after 113 usecs
[   12.230862] probe of 64570000.hsphy returned -517 after 0 usecs
[   12.230900] probe of trusty:irq returned 1 after 1807 usecs
[   12.230938] initcall trusty_irq_enable_irqset+0xf0/0x110 [trusty_irq] returned 0 after 2166 usecs
[   12.231010] init: Loaded kernel module /lib/modules/trusty-irq.ko
[   12.231144] init: Loading module /lib/modules/trusty-ipc.ko with args ''
[   12.234924] calling  __typeid__ZTSFvP4krefE_global_addr+0xc/0x14 [trusty_ipc] @ 1
[   12.234983] initcall __typeid__ZTSFvP4krefE_global_addr+0xc/0x14 [trusty_ipc] returned 0 after 44 usecs
[   12.235047] init: Loaded kernel module /lib/modules/trusty-ipc.ko
[   12.235176] init: Loading module /lib/modules/trusty-virtio.ko with args ''
[   12.237980] calling  trusty_virtio_notify+0x70/0xb8 [trusty_virtio] @ 1
[   12.238444] sprd-trusty-virtio trusty:virtio: initializing
[   12.238524] sprd-trusty-log: trusty: [   12.238482] c1 sm_decode_ns_memory_attr:89: raw=0xff0001ed20d713: pa=0x1ed20d000: mair=0xff, sharable=0x3
[   12.238648] sprd-trusty-ipc virtio0: vring0: va(pa)  (____ptrval____)(0) qsz 32 notifyid 1
[   12.238655] sprd-trusty-ipc virtio0: vring1: va(pa)  (____ptrval____)(0) qsz 32 notifyid 2
[   12.238895] probe of gpio-keys returned 0 after 113 usecs
[   12.238982] probe of 64570000.hsphy returned -517 after 1 usecs
[   12.239013] probe of virtio0 returned 1 after 393 usecs
[   12.239143] sprd-trusty-log: trusty: [   12.239029] c1 sm_decode_ns_memory_attr:89: raw=0xff0001ed20d713: pa=0x1ed20d000: mair=0xff, sharable=0x3
[   12.239161] sprd-trusty-virtio trusty:virtio: initializing done
[   12.239258] probe of gpio-keys returned 0 after 56 usecs
[   12.239317] probe of 64570000.hsphy returned -517 after 1 usecs
[   12.239343] probe of trusty:virtio returned 1 after 924 usecs
[   12.239381] initcall trusty_virtio_notify+0x70/0xb8 [trusty_virtio] returned 0 after 1357 usecs
[   12.239443] sprd-trusty-ipc virtio0: is online
[   12.239453] init: Loaded kernel module /lib/modules/trusty-virtio.ko
[   12.239596] init: Loading module /lib/modules/sprd_shm.ko with args ''
[   12.242408] calling  tshm_device_remove+0x80/0x90 [sprd_shm] @ 1
[   12.242946] tshm: user pool created: phys_addr 0xb6000000, size 0x100000
[   12.243093] probe of gpio-keys returned 0 after 79 usecs
[   12.243167] probe of 64570000.hsphy returned -517 after 0 usecs
[   12.243202] probe of trusty:sprd-tshm returned 1 after 367 usecs
[   12.243233] initcall tshm_device_remove+0x80/0x90 [sprd_shm] returned 0 after 794 usecs
[   12.243293] init: Loaded kernel module /lib/modules/sprd_shm.ko
[   12.243435] init: Loading module /lib/modules/gpio-eic-sprd.ko with args ''
[   12.246326] calling  sprd_eic_match_chip_by_type+0x48/0x68 [gpio_eic_sprd] @ 1
[   12.246889] probe of gpio-keys returned 0 after 77 usecs
[   12.246963] probe of 64570000.hsphy returned -517 after 1 usecs
[   12.246996] probe of 64100000.gpio returned 1 after 416 usecs
[   12.247227] probe of gpio-keys returned 0 after 57 usecs
[   12.247285] probe of 64570000.hsphy returned -517 after 0 usecs
[   12.247307] probe of 64100080.gpio returned 1 after 302 usecs
[   12.247525] probe of gpio-keys returned 0 after 69 usecs
[   12.247580] probe of 64570000.hsphy returned -517 after 0 usecs
[   12.247603] probe of 641000a0.gpio returned 1 after 287 usecs
[   12.247816] probe of gpio-keys returned 0 after 62 usecs
[   12.247871] probe of 64570000.hsphy returned -517 after 0 usecs
[   12.247931] probe of 641000c0.gpio returned 1 after 319 usecs
[   12.248278] initcall sprd_eic_match_chip_by_type+0x48/0x68 [gpio_eic_sprd] returned 0 after 1892 usecs
[   12.248346] init: Loaded kernel module /lib/modules/gpio-eic-sprd.ko
[   12.248496] init: Loading module /lib/modules/gpio-sprd.ko with args ''
[   12.251134] calling  sprd_gpio_irq_set_type+0x49c/0x4bc [gpio_sprd] @ 1
[   12.251610] probe of gpio-keys returned 0 after 75 usecs
[   12.251684] probe of 64570000.hsphy returned -517 after 0 usecs
[   12.252099] probe of 641b0000.gpio returned 1 after 774 usecs
[   12.252329] initcall sprd_gpio_irq_set_type+0x49c/0x4bc [gpio_sprd] returned 0 after 1155 usecs
[   12.252388] init: Loaded kernel module /lib/modules/gpio-sprd.ko
[   12.252540] init: Loading module /lib/modules/gpio-pmic-eic-sprd.ko with args ''
[   12.255114] calling  sprd_pmic_eic_bus_sync_unlock+0x1dc/0x218 [gpio_pmic_eic_sprd] @ 1
[   12.256320] input: gpio-keys as /devices/platform/gpio-keys/input/input32
[   12.256379] probe of 64200000.spi:pmic@0:gpio@280 returned 1 after 949 usecs
[   12.256445] initcall sprd_pmic_eic_bus_sync_unlock+0x1dc/0x218 [gpio_pmic_eic_sprd] returned 0 after 1290 usecs
[   12.256488] probe of gpio-keys returned 1 after 805 usecs
[   12.256510] init: Loaded kernel module /lib/modules/gpio-pmic-eic-sprd.ko
[   12.256540] probe of 64570000.hsphy returned -517 after 1 usecs
[   12.256736] init: Loading module /lib/modules/mmc_swcq.ko with args ''
[   12.260305] init: Loaded kernel module /lib/modules/mmc_swcq.ko
[   12.260441] init: Loading module /lib/modules/mmc_hsq.ko with args ''
[   12.263002] init: Loaded kernel module /lib/modules/mmc_hsq.ko
[   12.263044] init: Loading module /lib/modules/sdhci-sprd.ko with args ''
[   12.267319] calling  _sdhci_sprd_set_clock+0x1c0/0x1e4 [sdhci_sprd] @ 1
[   12.268093] [notice] swcq init finish.
[   12.292049] mmc0: SDHCI controller on 201d0000.sdio [201d0000.sdio] using ADMA 64-bit
[   12.292294] irq/26-mmc0 (203) used greatest stack depth: 14272 bytes left
[   12.292793] probe of 64570000.hsphy returned -517 after 1 usecs
[   12.292829] probe of 201d0000.sdio returned 1 after 25387 usecs
[   12.292985] sdhci_sprd_r11 201a0000.sdio: Got CD GPIO
[   12.293044] read sdio fast hotplug sd-hotplug-rmldo-en-syscon regmap fail
[   12.297887] mmc0: sprd-sdhci: CMD1 Error 0x00018001 0x0800f407 0x10000000 0x00000000
[   12.320894] mmc1: SDHCI controller on 201a0000.sdio [201a0000.sdio] using ADMA 64-bit
[   12.321014] probe of 64570000.hsphy returned -517 after 1 usecs
[   12.321045] probe of 201a0000.sdio returned 1 after 28189 usecs
[   12.321473] initcall _sdhci_sprd_set_clock+0x1c0/0x1e4 [sdhci_sprd] returned 0 after 52854 usecs
[   12.321603] init: Loaded kernel module /lib/modules/sdhci-sprd.ko
[   12.321778] init: Loading module /lib/modules/sec_nfc.ko with args ''
[   12.323781] sec_nfc: loading out-of-tree module taints kernel.
[   12.324851] calling  _copy_to_user+0x12c/0x164 [sec_nfc] @ 1
[   12.324919] __sec_nfc_probe : start
[   12.324948] sec_nfc_parse_dt: irq : 126, ven : 127, firm : 125
[   12.325117] sec-nfc 2-0027: __sec_nfc_probe: success info: (____ptrval____), pdata (____ptrval____)
[   12.325119] sec_nfc_i2c_probe: start: (____ptrval____)
[   12.325171] sec_nfc_i2c_probe: push interrupt no == 89
[   12.326156] sec_nfc_i2c_probe success read_irq 0
[   12.326280] probe of 64570000.hsphy returned -517 after 1 usecs
[   12.326313] probe of 2-0027 returned 1 after 1424 usecs
[   12.326376] initcall _copy_to_user+0x12c/0x164 [sec_nfc] returned 0 after 1478 usecs
[   12.326461] init: Loaded kernel module /lib/modules/sec_nfc.ko
[   12.326631] init: Loading module /lib/modules/sprd_pmic_syscon.ko with args ''
[   12.329201] calling  pmic_reg_store+0x68/0x88 [sprd_pmic_syscon] @ 1
[   12.329780] probe of 64570000.hsphy returned -517 after 1 usecs
[   12.329815] probe of 64200000.spi:pmic@0:syscon@1800 returned 1 after 160 usecs
[   12.329871] initcall pmic_reg_store+0x68/0x88 [sprd_pmic_syscon] returned 0 after 644 usecs
[   12.329928] init: Loaded kernel module /lib/modules/sprd_pmic_syscon.ko
[   12.330037] mmc0: sprd-sdhci: CMD1 Error 0x00018001 0x08004547 0x10000000 0x00000000
[   12.330082] init: Loading module /lib/modules/sprd_power_manager.ko with args ''
[   12.333197] calling  __typeid__ZTSFijE_global_addr+0x18/0x38 [sprd_power_manager] @ 1
[   12.333240] initcall __typeid__ZTSFijE_global_addr+0x18/0x38 [sprd_power_manager] returned 0 after 32 usecs
[   12.333301] init: Loaded kernel module /lib/modules/sprd_power_manager.ko
[   12.333448] init: Loading module /lib/modules/sprd-debugstat-core.ko with args ''
[   12.336190] calling  stat_print_irq_to_ap+0x110/0x128 [sprd_debugstat_core] @ 1
[   12.336206] initcall stat_print_irq_to_ap+0x110/0x128 [sprd_debugstat_core] returned 0 after 9 usecs
[   12.336258] init: Loaded kernel module /lib/modules/sprd-debugstat-core.ko
[   12.336404] init: Loading module /lib/modules/sprd-debugstat-sharkl6.ko with args ''
[   12.338849] calling  ap_sleep_info_get+0xd4/0xf0 [sprd_debugstat_sharkl6] @ 1
[   12.339214] sprd_debugstat_driver_probe: Init debug stat driver
[   12.339316] probe of 64570000.hsphy returned -517 after 1 usecs
[   12.339344] probe of debugstat returned 1 after 153 usecs
[   12.339483] initcall ap_sleep_info_get+0xd4/0xf0 [sprd_debugstat_sharkl6] returned 0 after 610 usecs
[   12.339528] init: Loaded kernel module /lib/modules/sprd-debugstat-sharkl6.ko
[   12.339679] init: Loading module /lib/modules/unisoc-mailbox.ko with args ''
[   12.342680] calling  sprd_mbox_process_rx_fifo+0x104/0x110 [unisoc_mailbox] @ 1
[   12.343826] unisoc-mailbox 641c0000.mailbox: probe done, version=0x200
[   12.343932] probe of 64570000.hsphy returned -517 after 1 usecs
[   12.344041] probe of 641c0000.mailbox returned 1 after 1159 usecs
[   12.344297] initcall sprd_mbox_process_rx_fifo+0x104/0x110 [unisoc_mailbox] returned 0 after 1560 usecs
[   12.344357] init: Loaded kernel module /lib/modules/unisoc-mailbox.ko
[   12.344497] init: Loading module /lib/modules/sprd-sipc-virt-bus.ko with args ''
[   12.346623] calling  sprd_sipc_virt_bus_probe+0x5c/0x68 [sprd_sipc_virt_bus] @ 1
[   12.348248] sprd_time_sync sipc-virt:time_sync: start parse sprd_time_sync
[   12.348332] sprd_time_sync sipc-virt:time_sync: success parse sprd_time_sync
[   12.348407] probe of 64570000.hsphy returned -517 after 1 usecs
[   12.348429] probe of sipc-virt:time_sync returned 1 after 213 usecs
[   12.348437] unisoc-sipc-virt-bus sipc-virt: Populate sub sipc-virt-bus success
[   12.348585] probe of 64570000.hsphy returned -517 after 0 usecs
[   12.348603] probe of sipc-virt returned 1 after 1698 usecs
[   12.348772] initcall sprd_sipc_virt_bus_probe+0x5c/0x68 [sprd_sipc_virt_bus] returned 0 after 2090 usecs
[   12.348829] init: Loaded kernel module /lib/modules/sprd-sipc-virt-bus.ko
[   12.348976] init: Loading module /lib/modules/sipc-core.ko with args ''
[   12.355025] calling  sprd_add_action_ex+0x108/0x214 [sipc_core] @ 1
[   12.355594] sprd-sipc sipc-virt:core@4: label  =sipc-gnss
[   12.355598] sprd-sipc sipc-virt:core@4: dst    =4
[   12.355603] sprd-sipc sipc-virt:core@4: smem count=0, base=0x8749b000, dstbase=0x11b000, size=0x32000
[   12.355605] sprd-smsg: sipc-gnss
[   12.355632] sprd-smem: pool addr = 0x8749b000, size = 0x32000 added.
[   12.355645] unisoc-mailbox 641c0000.mailbox: startup chan-9
[   12.355653] sprd-sipc sipc-virt:core@4: sprd ipc probe success
[   12.356076] probe of 64570000.hsphy returned -517 after 0 usecs
[   12.356114] probe of sipc-virt:core@4 returned 1 after 556 usecs
[   12.356146] sprd-sipc sipc-virt:core@3: label  =sipc-wcn
[   12.356149] sprd-sipc sipc-virt:core@3: dst    =3
[   12.356154] sprd-sipc sipc-virt:core@3: smem count=0, base=0x87240000, dstbase=0x240000, size=0x140000
[   12.356155] sprd-smsg: sipc-wcn
[   12.356172] sprd-smem: pool addr = 0x87240000, size = 0x140000 added.
[   12.356175] sprd-sipc sipc-virt:core@3: register wcn mbox rx callback
[   12.356183] unisoc-mailbox 641c0000.mailbox: startup chan-8
[   12.356186] sprd-sipc sipc-virt:core@3: sprd ipc probe success
[   12.356431] debugfs: Directory 'sipc' with parent '/' already present!
[   12.356494] probe of 64570000.hsphy returned -517 after 0 usecs
[   12.356513] probe of sipc-virt:core@3 returned 1 after 388 usecs
[   12.356539] sprd-sipc sipc-virt:core@5: label  =sipc-lte
[   12.356542] sprd-sipc sipc-virt:core@5: dst    =5
[   12.356547] sprd-sipc sipc-virt:core@5: smem count=0, base=0x8e000000, dstbase=0x8e000000, size=0x900000
[   12.356549] sprd-smsg: sipc-lte
[   12.356563] sprd-smem: pool addr = 0x8e000000, size = 0x900000 added.
[   12.356569] unisoc-mailbox 641c0000.mailbox: startup chan-2
[   12.356572] sprd-sipc sipc-virt:core@5: sprd ipc probe success
[   12.358683] debugfs: Directory 'sipc' with parent '/' already present!
[   12.358750] probe of 64570000.hsphy returned -517 after 0 usecs
[   12.358770] probe of sipc-virt:core@5 returned 1 after 2248 usecs
[   12.358798] sprd-sipc sipc-virt:core@6: label  =sipc-pmsys
[   12.358801] sprd-sipc sipc-virt:core@6: dst    =6
[   12.358805] sprd-sipc sipc-virt:core@6: smem count=0, base=0x6500a400, dstbase=0x2000a400, size=0x2000
[   12.358809] sprd-sipc sipc-virt:core@6: smem count=1, base=0x88000000, dstbase=0x18000000, size=0x40000
[   12.358811] sprd-smsg: sipc-pmsys
[   12.358823] sprd-smem: pool addr = 0x6500a400, size = 0x2000 added.
[   12.358829] sprd-smem: pool addr = 0x88000000, size = 0x40000 added.
[   12.358834] unisoc-mailbox 641c0000.mailbox: startup chan-1
[   12.358840] unisoc-mailbox 641c0000.mailbox: startup chan-6
[   12.358846] sprd-sipc sipc-virt:core@6: sprd ipc probe success
[   12.359341] debugfs: Directory 'sipc' with parent '/' already present!
[   12.359399] probe of 64570000.hsphy returned -517 after 0 usecs
[   12.359419] probe of sipc-virt:core@6 returned 1 after 640 usecs
[   12.359520] initcall sprd_add_action_ex+0x108/0x214 [sipc_core] returned 0 after 4350 usecs
[   12.359670] init: Loaded kernel module /lib/modules/sipc-core.ko
[   12.359846] init: Loading module /lib/modules/spipe.ko with args ''
[   12.362417] mmc0: sprd-sdhci: CMD1 Error 0x00018001 0x0800e847 0x10000000 0x00000000
[   12.362597] calling  spipe_release+0x24/0x50 [spipe] @ 1
[   12.363133] sprd-spipe sipc-virt:core@4:channel@4: After parse device tree, name=sttygnss0, dst=4, channel=4, ringnr=1,  rxbuf_size=0x19000, txbuf_size=0xc800
[   12.363149] sprd-sbuf: channel 4-4, offset = 0x0!
[   12.363553] sprd-smsg: channel 4-4 send open msg!
[   12.363690] probe of 64570000.hsphy returned -517 after 1 usecs
[   12.363717] probe of sipc-virt:core@4:channel@4 returned 1 after 617 usecs
[   12.363751] sprd-spipe sipc-virt:core@5:channel@4: After parse device tree, name=spipe_lte, dst=5, channel=4, ringnr=20,  rxbuf_size=0x1000, txbuf_size=0x1000
[   12.363757] sprd-sbuf: channel 5-4, offset = 0x0!
[   12.363912] sprd-smsg: channel 5-4 send open msg!
[   12.364560] probe of 64570000.hsphy returned -517 after 0 usecs
[   12.364585] probe of sipc-virt:core@5:channel@4 returned 1 after 856 usecs
[   12.364611] sprd-spipe sipc-virt:core@5:channel@6: After parse device tree, name=stty_lte, dst=5, channel=6, ringnr=32,  rxbuf_size=0x800, txbuf_size=0x800
[   12.364616] sprd-sbuf: channel 5-6, offset = 0x0!
[   12.365302] sprd-smsg: channel 5-6 send open msg!
[   12.366234] probe of 64570000.hsphy returned -517 after 0 usecs
[   12.366255] probe of sipc-virt:core@5:channel@6 returned 1 after 1663 usecs
[   12.366282] sprd-spipe sipc-virt:core@5:channel@21: After parse device tree, name=sdiag_lte, dst=5, channel=21, ringnr=1,  rxbuf_size=0x20000, txbuf_size=0x8000
[   12.366286] sprd-sbuf: channel 5-21, offset = 0x0!
[   12.366840] sprd-smsg: channel 5-21 send open msg!
[   12.366917] probe of 64570000.hsphy returned -517 after 0 usecs
[   12.366936] probe of sipc-virt:core@5:channel@21 returned 1 after 674 usecs
[   12.366994] sprd-spipe sipc-virt:core@6:channel@4: After parse device tree, name=spipe_pm, dst=6, channel=4, ringnr=2,  rxbuf_size=0xb00, txbuf_size=0x180
[   12.367000] sprd-sbuf: channel 6-4, offset = 0x0!
[   12.367091] sprd-smsg: channel 6-4 send open msg!
[   12.367199] probe of 64570000.hsphy returned -517 after 0 usecs
[   12.367218] probe of sipc-virt:core@6:channel@4 returned 1 after 244 usecs
[   12.367246] sprd-spipe sipc-virt:core@6:channel@5: After parse device tree, name=slog_pm, dst=6, channel=5, ringnr=1,  rxbuf_size=0x500, txbuf_size=0x0
[   12.367249] sprd-sbuf: channel 6-5, offset = 0x0!
[   12.367343] sprd-smsg: channel 6-5 send open msg!
[   12.367408] probe of 64570000.hsphy returned -517 after 0 usecs
[   12.367429] probe of sipc-virt:core@6:channel@5 returned 1 after 203 usecs
[   12.367454] sprd-spipe sipc-virt:core@6:channel@6: After parse device tree, name=sctl_pm, dst=6, channel=6, ringnr=1,  rxbuf_size=0x40, txbuf_size=0x20
[   12.367466] sprd-sbuf: channel 6-6, offset = 0x0!
[   12.367571] sprd-smsg: channel 6-6 send open msg!
[   12.367655] probe of 64570000.hsphy returned -517 after 0 usecs
[   12.367676] probe of sipc-virt:core@6:channel@6 returned 1 after 240 usecs
[   12.367703] sprd-spipe sipc-virt:core@6:channel@7: After parse device tree, name=data0_gnss, dst=6, channel=7, ringnr=1,  rxbuf_size=0x20000, txbuf_size=0x18000
[   12.367707] sprd-sbuf: channel 6-7, offset = 0x0!
[   12.367811] sprd-smsg: channel 6-7 send open msg!
[   12.367872] probe of 64570000.hsphy returned -517 after 0 usecs
[   12.367890] probe of sipc-virt:core@6:channel@7 returned 1 after 208 usecs
[   12.367917] sprd-spipe sipc-virt:core@6:channel@41: After parse device tree, name=stime_pm, dst=6, channel=41, ringnr=1,  rxbuf_size=0x40, txbuf_size=0x80
[   12.367920] sprd-sbuf: channel 6-41, offset = 0x0!
[   12.368023] sprd-smsg: channel 6-41 send open msg!
[   12.368110] probe of 64570000.hsphy returned -517 after 0 usecs
[   12.368128] probe of sipc-virt:core@6:channel@41 returned 1 after 230 usecs
[   12.368167] initcall spipe_release+0x24/0x50 [spipe] returned 0 after 5425 usecs
[   12.368265] init: Loaded kernel module /lib/modules/spipe.ko
[   12.368440] init: Loading module /lib/modules/spool.ko with args ''
[   12.371318] calling  _copy_to_user+0x124/0x154 [spool] @ 1
[   12.371858] sprd-spool sipc-virt:core@5:channel@2: name=imsbr_data, dst=5, channel=2, pre_cfg=0
[   12.371862] sprd-spool sipc-virt:core@5:channel@2: tx_num=64, tx_size=1524, rx_num=64, rx_size=1524
[   12.372102] sprd-smsg: channel 5-2 send open msg!
[   12.372215] probe of 64570000.hsphy returned -517 after 1 usecs
[   12.372238] probe of sipc-virt:core@5:channel@2 returned 1 after 413 usecs
[   12.372266] sprd-spool sipc-virt:core@5:channel@3: name=imsbr_ctrl, dst=5, channel=3, pre_cfg=0
[   12.372270] sprd-spool sipc-virt:core@5:channel@3: tx_num=64, tx_size=128, rx_num=64, rx_size=128
[   12.372678] sprd-smsg: channel 5-3 send open msg!
[   12.372739] probe of 64570000.hsphy returned -517 after 0 usecs
[   12.372757] probe of sipc-virt:core@5:channel@3 returned 1 after 512 usecs
[   12.372790] sprd-spool sipc-virt:core@5:channel@5: name=slog_lte, dst=5, channel=5, pre_cfg=0
[   12.372794] sprd-spool sipc-virt:core@5:channel@5: tx_num=0, tx_size=0, rx_num=256, rx_size=4096
[   12.373470] sprd-smsg: channel 5-5 send open msg!
[   12.373551] probe of 64570000.hsphy returned -517 after 0 usecs
[   12.373571] probe of sipc-virt:core@5:channel@5 returned 1 after 802 usecs
[   12.373639] initcall _copy_to_user+0x124/0x154 [spool] returned 0 after 2255 usecs
[   12.373718] init: Loaded kernel module /lib/modules/spool.ko
[   12.373888] init: Loading module /lib/modules/sipx.ko with args ''
[   12.377276] calling  sipx_debug_show+0x460/0x484 [sipx] @ 1
[   12.377797] sprd-sipx sipc-virt:core@5:route@0: label  =sipx_lte
[   12.377801] sprd-sipx sipc-virt:core@5:route@0: dst    =5
[   12.377805] sprd-sipx sipc-virt:core@5:route@0: sprd,dl-pool =2048
[   12.377812] sprd-sipx sipc-virt:core@5:route@0: parse dt, name=sipx_lte, dst=5, pool size=2048, 64, 2048, 1024
[   12.377819] sprd-sipx: offset = 0x0!
[   12.394723] mmc0: sprd-sdhci: CMD1 Error 0x00018001 0x08000087 0x10000000 0x00000000
[   12.395868] probe of 64570000.hsphy returned -517 after 0 usecs
[   12.395903] probe of sipc-virt:core@5:route@0 returned 1 after 18153 usecs
[   12.395984] initcall sipx_debug_show+0x460/0x484 [sipx] returned 0 after 18256 usecs
[   12.396084] init: Loaded kernel module /lib/modules/sipx.ko
[   12.396257] init: Loading module /lib/modules/seth.ko with args ''
[   12.399380] calling  seth_tx_pkt+0x2bc/0x328 [seth] @ 1
[   12.399842] sprd-seth sipc-virt:core@5:channel@7: channel =7
[   12.399846] sprd-seth sipc-virt:core@5:channel@7: dst    =5
[   12.399850] sprd-seth sipc-virt:core@5:channel@7: sprd,blknum =256
[   12.399853] sprd-seth sipc-virt:core@5:channel@7: after parse dt, name=seth_lte0, dst=5, channel=7, blocknum=256
[   12.399891] sprd-sipx: sipx_chan_create
[   12.399897] sprd-sipx: offset = 0x0!
[   12.400404] sprd-smsg: channel 5-7 send open msg!
[   12.400666] probe of 64570000.hsphy returned -517 after 0 usecs
[   12.400693] probe of sipc-virt:core@5:channel@7 returned 1 after 879 usecs
[   12.400723] sprd-seth sipc-virt:core@5:channel@8: channel =8
[   12.400727] sprd-seth sipc-virt:core@5:channel@8: dst    =5
[   12.400729] sprd-seth sipc-virt:core@5:channel@8: sprd,blknum =256
[   12.400733] sprd-seth sipc-virt:core@5:channel@8: after parse dt, name=seth_lte1, dst=5, channel=8, blocknum=256
[   12.400748] sprd-sipx: sipx_chan_create
[   12.400753] sprd-sipx: offset = 0x0!
[   12.401598] sprd-smsg: channel 5-8 send open msg!
[   12.401654] debugfs: File 'gro_enable' in directory 'seth' already present!
[   12.401739] probe of 64570000.hsphy returned -517 after 0 usecs
[   12.401763] probe of sipc-virt:core@5:channel@8 returned 1 after 1061 usecs
[   12.401792] sprd-seth sipc-virt:core@5:channel@9: channel =9
[   12.401795] sprd-seth sipc-virt:core@5:channel@9: dst    =5
[   12.401799] sprd-seth sipc-virt:core@5:channel@9: sprd,blknum =256
[   12.401802] sprd-seth sipc-virt:core@5:channel@9: after parse dt, name=seth_lte2, dst=5, channel=9, blocknum=256
[   12.401814] sprd-sipx: sipx_chan_create
[   12.401818] sprd-sipx: offset = 0x0!
[   12.402174] sprd-smsg: channel 5-9 send open msg!
[   12.402426] debugfs: File 'gro_enable' in directory 'seth' already present!
[   12.402507] probe of 64570000.hsphy returned -517 after 0 usecs
[   12.402528] probe of sipc-virt:core@5:channel@9 returned 1 after 757 usecs
[   12.402554] sprd-seth sipc-virt:core@5:channel@18: channel =18
[   12.402557] sprd-seth sipc-virt:core@5:channel@18: dst    =5
[   12.402561] sprd-seth sipc-virt:core@5:channel@18: sprd,blknum =256
[   12.402564] sprd-seth sipc-virt:core@5:channel@18: after parse dt, name=seth_lte3, dst=5, channel=18, blocknum=256
[   12.402577] sprd-sipx: sipx_chan_create
[   12.402580] sprd-sipx: offset = 0x0!
[   12.402912] sprd-smsg: channel 5-18 send open msg!
[   12.403148] debugfs: File 'gro_enable' in directory 'seth' already present!
[   12.403217] probe of 64570000.hsphy returned -517 after 1 usecs
[   12.403239] probe of sipc-virt:core@5:channel@18 returned 1 after 704 usecs
[   12.403264] sprd-seth sipc-virt:core@5:channel@19: channel =19
[   12.403267] sprd-seth sipc-virt:core@5:channel@19: dst    =5
[   12.403270] sprd-seth sipc-virt:core@5:channel@19: sprd,blknum =256
[   12.403274] sprd-seth sipc-virt:core@5:channel@19: after parse dt, name=seth_lte4, dst=5, channel=19, blocknum=256
[   12.403286] sprd-sipx: sipx_chan_create
[   12.403289] sprd-sipx: offset = 0x0!
[   12.403606] sprd-smsg: channel 5-19 send open msg!
[   12.403883] debugfs: File 'gro_enable' in directory 'seth' already present!
[   12.403950] probe of 64570000.hsphy returned -517 after 0 usecs
[   12.403972] probe of sipc-virt:core@5:channel@19 returned 1 after 725 usecs
[   12.403996] sprd-seth sipc-virt:core@5:channel@20: channel =20
[   12.404000] sprd-seth sipc-virt:core@5:channel@20: dst    =5
[   12.404018] sprd-seth sipc-virt:core@5:channel@20: sprd,blknum =256
[   12.404021] sprd-seth sipc-virt:core@5:channel@20: after parse dt, name=seth_lte5, dst=5, channel=20, blocknum=256
[   12.404033] sprd-sipx: sipx_chan_create
[   12.404037] sprd-sipx: offset = 0x0!
[   12.404673] sprd-smsg: channel 5-20 send open msg!
[   12.404900] debugfs: File 'gro_enable' in directory 'seth' already present!
[   12.404966] probe of 64570000.hsphy returned -517 after 0 usecs
[   12.404987] probe of sipc-virt:core@5:channel@20 returned 1 after 1008 usecs
[   12.405020] sprd-seth sipc-virt:core@5:channel@24: channel =24
[   12.405023] sprd-seth sipc-virt:core@5:channel@24: dst    =5
[   12.405027] sprd-seth sipc-virt:core@5:channel@24: sprd,blknum =256
[   12.405030] sprd-seth sipc-virt:core@5:channel@24: after parse dt, name=seth_lte6, dst=5, channel=24, blocknum=256
[   12.405041] sprd-sipx: sipx_chan_create
[   12.405045] sprd-sipx: offset = 0x0!
[   12.405587] sprd-smsg: channel 5-24 send open msg!
[   12.405830] debugfs: File 'gro_enable' in directory 'seth' already present!
[   12.405897] probe of 64570000.hsphy returned -517 after 0 usecs
[   12.405917] probe of sipc-virt:core@5:channel@24 returned 1 after 923 usecs
[   12.405943] sprd-seth sipc-virt:core@5:channel@25: channel =25
[   12.405946] sprd-seth sipc-virt:core@5:channel@25: dst    =5
[   12.405949] sprd-seth sipc-virt:core@5:channel@25: sprd,blknum =256
[   12.405953] sprd-seth sipc-virt:core@5:channel@25: after parse dt, name=seth_lte7, dst=5, channel=25, blocknum=256
[   12.405965] sprd-sipx: sipx_chan_create
[   12.405969] sprd-sipx: offset = 0x0!
[   12.406294] sprd-smsg: channel 5-25 send open msg!
[   12.406533] debugfs: File 'gro_enable' in directory 'seth' already present!
[   12.406616] probe of 64570000.hsphy returned -517 after 0 usecs
[   12.406644] probe of sipc-virt:core@5:channel@25 returned 1 after 721 usecs
[   12.406671] sprd-seth sipc-virt:core@5:channel@26: channel =26
[   12.406674] sprd-seth sipc-virt:core@5:channel@26: dst    =5
[   12.406678] sprd-seth sipc-virt:core@5:channel@26: sprd,blknum =256
[   12.406682] sprd-seth sipc-virt:core@5:channel@26: after parse dt, name=seth_lte8, dst=5, channel=26, blocknum=256
[   12.406694] sprd-sipx: sipx_chan_create
[   12.406698] sprd-sipx: offset = 0x0!
[   12.407003] sprd-smsg: channel 5-26 send open msg!
[   12.407234] debugfs: File 'gro_enable' in directory 'seth' already present!
[   12.407300] probe of 64570000.hsphy returned -517 after 0 usecs
[   12.407323] probe of sipc-virt:core@5:channel@26 returned 1 after 670 usecs
[   12.407349] sprd-seth sipc-virt:core@5:channel@27: channel =27
[   12.407352] sprd-seth sipc-virt:core@5:channel@27: dst    =5
[   12.407356] sprd-seth sipc-virt:core@5:channel@27: sprd,blknum =256
[   12.407359] sprd-seth sipc-virt:core@5:channel@27: after parse dt, name=seth_lte9, dst=5, channel=27, blocknum=256
[   12.407371] sprd-sipx: sipx_chan_create
[   12.407375] sprd-sipx: offset = 0x0!
[   12.407476] sprd-smsg: channel 5-27 send open msg!
[   12.407742] debugfs: File 'gro_enable' in directory 'seth' already present!
[   12.407805] probe of 64570000.hsphy returned -517 after 0 usecs
[   12.407825] probe of sipc-virt:core@5:channel@27 returned 1 after 495 usecs
[   12.407850] sprd-seth sipc-virt:core@5:channel@28: channel =28
[   12.407853] sprd-seth sipc-virt:core@5:channel@28: dst    =5
[   12.407856] sprd-seth sipc-virt:core@5:channel@28: sprd,blknum =256
[   12.407860] sprd-seth sipc-virt:core@5:channel@28: after parse dt, name=seth_lte10, dst=5, channel=28, blocknum=256
[   12.407871] sprd-sipx: sipx_chan_create
[   12.407875] sprd-sipx: offset = 0x0!
[   12.407973] sprd-smsg: channel 5-28 send open msg!
[   12.408233] debugfs: File 'gro_enable' in directory 'seth' already present!
[   12.408305] probe of 64570000.hsphy returned -517 after 0 usecs
[   12.408328] probe of sipc-virt:core@5:channel@28 returned 1 after 496 usecs
[   12.408354] sprd-seth sipc-virt:core@5:channel@29: channel =29
[   12.408357] sprd-seth sipc-virt:core@5:channel@29: dst    =5
[   12.408361] sprd-seth sipc-virt:core@5:channel@29: sprd,blknum =256
[   12.408365] sprd-seth sipc-virt:core@5:channel@29: after parse dt, name=seth_lte11, dst=5, channel=29, blocknum=256
[   12.408377] sprd-sipx: sipx_chan_create
[   12.408380] sprd-sipx: offset = 0x0!
[   12.409120] sprd-smsg: channel 5-29 send open msg!
[   12.409379] debugfs: File 'gro_enable' in directory 'seth' already present!
[   12.409464] probe of 64570000.hsphy returned -517 after 0 usecs
[   12.409488] probe of sipc-virt:core@5:channel@29 returned 1 after 1153 usecs
[   12.409514] sprd-seth sipc-virt:core@5:channel@30: channel =30
[   12.409518] sprd-seth sipc-virt:core@5:channel@30: dst    =5
[   12.409521] sprd-seth sipc-virt:core@5:channel@30: sprd,blknum =256
[   12.409525] sprd-seth sipc-virt:core@5:channel@30: after parse dt, name=seth_lte12, dst=5, channel=30, blocknum=256
[   12.409537] sprd-sipx: sipx_chan_create
[   12.409541] sprd-sipx: offset = 0x0!
[   12.409836] sprd-smsg: channel 5-30 send open msg!
[   12.410086] debugfs: File 'gro_enable' in directory 'seth' already present!
[   12.410154] probe of 64570000.hsphy returned -517 after 0 usecs
[   12.410177] probe of sipc-virt:core@5:channel@30 returned 1 after 681 usecs
[   12.410211] sprd-seth sipc-virt:core@5:channel@31: channel =31
[   12.410215] sprd-seth sipc-virt:core@5:channel@31: dst    =5
[   12.410218] sprd-seth sipc-virt:core@5:channel@31: sprd,blknum =256
[   12.410222] sprd-seth sipc-virt:core@5:channel@31: after parse dt, name=seth_lte13, dst=5, channel=31, blocknum=256
[   12.410233] sprd-sipx: sipx_chan_create
[   12.410236] sprd-sipx: offset = 0x0!
[   12.410335] sprd-smsg: channel 5-31 send open msg!
[   12.410578] debugfs: File 'gro_enable' in directory 'seth' already present!
[   12.410641] probe of 64570000.hsphy returned -517 after 0 usecs
[   12.410663] probe of sipc-virt:core@5:channel@31 returned 1 after 478 usecs
[   12.410727] initcall seth_tx_pkt+0x2bc/0x328 [seth] returned 0 after 11057 usecs
[   12.410838] init: Loaded kernel module /lib/modules/seth.ko
[   12.411020] init: Loading module /lib/modules/sprd_modem_loader.ko with args ''
[   12.414149] calling  soc_modem_start+0x25c/0x268 [sprd_modem_loader] @ 1
[   12.414934] probe of 64570000.hsphy returned -517 after 1 usecs
[   12.414966] probe of modem@0 returned 1 after 304 usecs
[   12.415096] probe of 64570000.hsphy returned -517 after 0 usecs
[   12.415127] probe of modem@1 returned 1 after 152 usecs
[   12.415311] initcall soc_modem_start+0x25c/0x268 [sprd_modem_loader] returned 0 after 1118 usecs
[   12.415419] init: Loaded kernel module /lib/modules/sprd_modem_loader.ko
[   12.415651] init: Loading module /lib/modules/usb_f_vser.ko with args ''
[   12.419306] calling  _copy_to_user+0x134/0x188 [usb_f_vser] @ 1
[   12.419325] initcall _copy_to_user+0x134/0x188 [usb_f_vser] returned 0 after 5 usecs
[   12.419399] init: Loaded kernel module /lib/modules/usb_f_vser.ko
[   12.419471] init: Loading module /lib/modules/sprd_iq.ko with args ''
[   12.422276] calling  sprd_iq_thread+0x28c/0x2b8 [sprd_iq] @ 1
[   12.422353] sprd-iq: no in iq mode
[   12.422361] initcall sprd_iq_thread+0x28c/0x2b8 [sprd_iq] returned 0 after 75 usecs
[   12.422411] init: Loaded kernel module /lib/modules/sprd_iq.ko
[   12.422555] init: Loading module /lib/modules/slog_bridge.ko with args ''
[   12.425347] calling  slog_block_send+0x138/0x15c [slog_bridge] @ 1
[   12.425890] slog_bridge sipc-virt:sbridge-log: tx is usb = 1.
[   12.425895] slog_bridge sipc-virt:sbridge-log: probed, tx_is_usb=1, rx_cnt=1
[   12.427252] slog_bridge sipc-virt:sbridge-log: sblock_rx[0] rxblksz=4096
[   12.427257] slog_bridge sipc-virt:sbridge-log: all sblock register ok
[   12.427391] probe of 64570000.hsphy returned -517 after 1 usecs
[   12.427429] probe of sipc-virt:sbridge-log returned 1 after 1574 usecs
[   12.427534] initcall slog_block_send+0x138/0x15c [slog_bridge] returned 0 after 2123 usecs
[   12.427614] init: Loaded kernel module /lib/modules/slog_bridge.ko
[   12.427779] init: Loading module /lib/modules/sbuf_bridge.ko with args ''
[   12.430692] calling  sb_data_move+0x314/0x330 [sbuf_bridge] @ 1
[   12.431237] initcall sb_data_move+0x314/0x330 [sbuf_bridge] returned 0 after 524 usecs
[   12.431286] init: Loaded kernel module /lib/modules/sbuf_bridge.ko
[   12.431413] init: Loading module /lib/modules/sblock_bridge.ko with args ''
[   12.433925] calling  sb_sblock_event_callback+0x10c/0x128 [sblock_bridge] @ 1
[   12.434389] initcall sb_sblock_event_callback+0x10c/0x128 [sblock_bridge] returned 0 after 445 usecs
[   12.434436] init: Loaded kernel module /lib/modules/sblock_bridge.ko
[   12.434552] init: Loading module /lib/modules/sprd_flash_drv.ko with args ''
[   12.437161] calling  sprd_flash_release+0x1bc/0x1e0 [sprd_flash_drv] @ 1
[   12.437660] probe of 64570000.hsphy returned -517 after 1 usecs
[   12.437679] probe of sprd_flash returned 1 after 201 usecs
[   12.437690] initcall sprd_flash_release+0x1bc/0x1e0 [sprd_flash_drv] returned 0 after 508 usecs
[   12.437737] init: Loaded kernel module /lib/modules/sprd_flash_drv.ko
[   12.437861] init: Loading module /lib/modules/flash_ic_aw3641.ko with args ''
[   12.440328] calling  sprd_flash_aw3641_cfg_value_highlight+0x40/0x74 [flash_ic_aw3641] @ 1
[   12.440404] FLASH_AW3641: 1 379 sprd_flash_aw3641_probe : flash-aw3641 probe
[   12.440539] probe of 64570000.hsphy returned -517 after 0 usecs
[   12.440569] probe of flash-gpios returned 1 after 188 usecs
[   12.440990] initcall sprd_flash_aw3641_cfg_value_highlight+0x40/0x74 [flash_ic_aw3641] returned 0 after 638 usecs
[   12.441041] init: Loaded kernel module /lib/modules/flash_ic_aw3641.ko
[   12.441160] init: Loading module /lib/modules/sprd_camsys_pw_domain.ko with args ''
[   12.444446] calling  sprd_cam_pw_off.142+0x1e4/0x1fc [sprd_camsys_pw_domain] @ 1
[   12.444866] probe of 64570000.hsphy returned -517 after 0 usecs
[   12.445148] probe of soc:mm:mm_domain returned 1 after 549 usecs
[   12.445662] initcall sprd_cam_pw_off.142+0x1e4/0x1fc [sprd_camsys_pw_domain] returned 0 after 1176 usecs
[   12.445733] init: Loaded kernel module /lib/modules/sprd_camsys_pw_domain.ko
[   12.445917] init: Loading module /lib/modules/virt-dma.ko with args ''
[   12.448240] init: Loaded kernel module /lib/modules/virt-dma.ko
[   12.448285] init: Loading module /lib/modules/sprd-dma.ko with args ''
[   12.451073] calling  sprd_dma_start+0x4ac/0x50c [sprd_dma] @ 1
[   12.451261] sprd-dma 20410000.dma-controller: no optional ashb eb clock
[   12.452329] probe of 64570000.hsphy returned -517 after 1 usecs
[   12.452386] probe of 20410000.dma-controller returned 1 after 1183 usecs
[   12.453664] probe of 64570000.hsphy returned -517 after 1 usecs
[   12.453822] probe of 56580000.dma-controller returned 1 after 1312 usecs
[   12.454101] initcall sprd_dma_start+0x4ac/0x50c [sprd_dma] returned 0 after 2944 usecs
[   12.454178] init: Loaded kernel module /lib/modules/sprd-dma.ko
[   12.454341] init: Loading module /lib/modules/sprd-ion.ko with args ''
[   12.456208] sprd_ion: module is from the staging directory, the quality is unknown, you have been warned.
[   12.457304] calling  __typeid__ZTSFPvP7dma_bufmE_global_addr+0xc/0x28 [sprd_ion] @ 1
[   12.457679] sprd_ion_parse_dt: num_heaps=1
[   12.457877] sprd_ion_parse_dt: heaps[0]: id: 4 carveout_fd type: 2 base: 0xffa70000 size 0x500000
[   12.459279] probe of 64570000.hsphy returned -517 after 0 usecs
[   12.459313] probe of ion returned 1 after 1656 usecs
[   12.459465] initcall __typeid__ZTSFPvP7dma_bufmE_global_addr+0xc/0x28 [sprd_ion] returned 0 after 2098 usecs
[   12.459558] init: Loaded kernel module /lib/modules/sprd-ion.ko
[   12.459710] init: Loading module /lib/modules/unisoc-iommu.ko with args ''
[   12.463930] calling  sprd_aligned_free+0x24/0x50 [unisoc_iommu] @ 1
[   12.464669] sprd_iommu: sprd_iommu_probe()-start
[   12.464702] sprd_iommu: sprd_iommu_get_resource()-pgt_base phy:0x32000000
[   12.464711] sprd_iommu: sprd_iommu_get_resource()-pgt_base:ffffffc012f55000,pgt_size:80
[   12.464719] sprd_iommu: sprd_iommu_get_resource()-ctrl_reg phy:0x32000000
[   12.464722] sprd_iommu: sprd_iommu_get_resource()-ctrl_reg:0xffffffc012f57000
[   12.464726] sprd_iommu: sprd_iommu_get_resource()-iova_base:0x20000000,iova_size:10000000
[   12.464730] sprd_iommu: sprd_iommu_get_resource()-fault_page: 0x1ecf01000
[   12.464732] sprd_iommu: sprd_iommu_get_resource()-no reserved rr page addr
[   12.464881] sprd_iommu: sprd_iommuvau_hw_init()-begin
[   12.464921] sprd_iommu: sprd_iommuvau_hw_init()-done
[   12.464962] sprd_iommu: sprd_iommu_probe()-sprd,iommuvaul6-vsp end
[   12.465070] probe of 64570000.hsphy returned -517 after 1 usecs
[   12.465214] probe of 32000000.iommu returned 1 after 573 usecs
[   12.465255] sprd_iommu: sprd_iommu_probe()-start
[   12.465279] sprd_iommu: sprd_iommu_get_resource()-pgt_base phy:0x36000000
[   12.465286] sprd_iommu: sprd_iommu_get_resource()-pgt_base:ffffffc012f6d000,pgt_size:300
[   12.465292] sprd_iommu: sprd_iommu_get_resource()-ctrl_reg phy:0x36000300
[   12.465296] sprd_iommu: sprd_iommu_get_resource()-ctrl_reg:0xffffffc012f81300
[   12.465299] sprd_iommu: sprd_iommu_get_resource()-iova_base:0x60000000,iova_size:10000000
[   12.465302] sprd_iommu: sprd_iommu_get_resource()-fault_page: 0x1ecefd000
[   12.465304] sprd_iommu: sprd_iommu_get_resource()-no reserved rr page addr
[   12.465397] sprd_iommu: sprd_iommuvau_hw_init()-begin
[   12.465436] sprd_iommu: sprd_iommuvau_hw_init()-done
[   12.465458] sprd_iommu: sprd_iommu_probe()-sprd,iommuvaul6-jpg end
[   12.465523] probe of 64570000.hsphy returned -517 after 0 usecs
[   12.465605] probe of 36000000.iommu returned 1 after 367 usecs
[   12.465670] sprd_iommu: sprd_iommu_probe()-start
[   12.465694] sprd_iommu: sprd_iommu_get_resource()-pgt_base phy:0x3a000000
[   12.465706] sprd_iommu: sprd_iommu_get_resource()-pgt_base:ffffffc013300000,pgt_size:ff000
[   12.465714] sprd_iommu: sprd_iommu_get_resource()-ctrl_reg phy:0x3a0ff000
[   12.465718] sprd_iommu: sprd_iommu_get_resource()-ctrl_reg:0xffffffc012f8d000
[   12.465721] sprd_iommu: sprd_iommu_get_resource()-iova_base:0x40000000,iova_size:20000000
[   12.465724] sprd_iommu: sprd_iommu_get_resource()-fault_page: 0x1ecef9000
[   12.465725] sprd_iommu: sprd_iommu_get_resource()-no reserved rr page addr
[   12.465923] sprd_iommu: sprd_iommuvau_hw_init()-begin
[   12.466011] sprd_iommu: sprd_iommuvau_hw_init()-done
[   12.466030] sprd_iommu: sprd_iommu_probe()-sprd,iommuvaul6-isp end
[   12.466091] probe of 64570000.hsphy returned -517 after 0 usecs
[   12.466165] probe of 3a000000.iommu returned 1 after 510 usecs
[   12.466205] sprd_iommu: sprd_iommu_probe()-start
[   12.466228] sprd_iommu: sprd_iommu_get_resource()-pgt_base phy:0x3e000000
[   12.466235] sprd_iommu: sprd_iommu_get_resource()-pgt_base:ffffffc0132c0000,pgt_size:f000
[   12.466242] sprd_iommu: sprd_iommu_get_resource()-ctrl_reg phy:0x3e00f000
[   12.466247] sprd_iommu: sprd_iommu_get_resource()-ctrl_reg:0xffffffc012fad000
[   12.466249] sprd_iommu: sprd_iommu_get_resource()-iova_base:0x40000000,iova_size:40000000
[   12.466252] sprd_iommu: sprd_iommu_get_resource()-fault_page: 0x1ecef2000
[   12.466254] sprd_iommu: sprd_iommu_get_resource()-no reserved rr page addr
[   12.466624] sprd_iommu: sprd_iommuvau_hw_init()-begin
[   12.466772] sprd_iommu: sprd_iommuvau_hw_init()-done
[   12.466805] sprd_iommu: sprd_iommu_probe()-sprd,iommuvaul6-dcam end
[   12.466867] probe of 64570000.hsphy returned -517 after 0 usecs
[   12.466943] probe of 3e000000.iommu returned 1 after 753 usecs
[   12.466971] sprd_iommu: sprd_iommu_probe()-start
[   12.466993] sprd_iommu: sprd_iommu_get_resource()-pgt_base phy:0x3c000000
[   12.466999] sprd_iommu: sprd_iommu_get_resource()-pgt_base:ffffffc012fc1000,pgt_size:110
[   12.467006] sprd_iommu: sprd_iommu_get_resource()-ctrl_reg phy:0x3c000110
[   12.467009] sprd_iommu: sprd_iommu_get_resource()-ctrl_reg:0xffffffc012fc3110
[   12.467012] sprd_iommu: sprd_iommu_get_resource()-iova_base:0x40000000,iova_size:10000000
[   12.467015] sprd_iommu: sprd_iommu_get_resource()-fault_page: 0x1eced3000
[   12.467017] sprd_iommu: sprd_iommu_get_resource()-no reserved rr page addr
[   12.467174] sprd_iommu: sprd_iommuvau_hw_init()-begin
[   12.467213] sprd_iommu: sprd_iommuvau_hw_init()-done
[   12.467231] sprd_iommu: sprd_iommu_probe()-sprd,iommuvaul6-fd end
[   12.467288] probe of 64570000.hsphy returned -517 after 0 usecs
[   12.467309] probe of 3c000000.iommu returned 1 after 352 usecs
[   12.467348] sprd_iommu: sprd_iommu_probe()-start
[   12.467370] sprd_iommu: sprd_iommu_get_resource()-pgt_base phy:0x38000000
[   12.467375] sprd_iommu: sprd_iommu_get_resource()-pgt_base:ffffffc012fc5000,pgt_size:200
[   12.467381] sprd_iommu: sprd_iommu_get_resource()-ctrl_reg phy:0x38000200
[   12.467385] sprd_iommu: sprd_iommu_get_resource()-ctrl_reg:0xffffffc012fcd200
[   12.467387] sprd_iommu: sprd_iommu_get_resource()-iova_base:0x40000000,iova_size:20000000
[   12.467390] sprd_iommu: sprd_iommu_get_resource()-fault_page: 0x1eced7000
[   12.467392] sprd_iommu: sprd_iommu_get_resource()-no reserved rr page addr
[   12.467620] sprd_iommu: sprd_iommuvau_hw_init()-begin
[   12.467694] sprd_iommu: sprd_iommuvau_hw_init()-done
[   12.467711] sprd_iommu: sprd_iommu_probe()-sprd,iommuvaul6-cpp end
[   12.467770] probe of 64570000.hsphy returned -517 after 0 usecs
[   12.467844] probe of 38000000.iommu returned 1 after 511 usecs
[   12.467936] sprd_iommu: sprd_iommu_probe()-start
[   12.467965] sprd_iommu: sprd_iommu_get_resource()-pgt_base phy:0x31000000
[   12.467977] sprd_iommu: sprd_iommu_get_resource()-pgt_base:ffffffc012fd5000,pgt_size:800
[   12.467984] sprd_iommu: sprd_iommu_get_resource()-ctrl_reg phy:0x31000800
[   12.467987] sprd_iommu: sprd_iommu_get_resource()-ctrl_reg:0xffffffc012fdd800
[   12.467990] sprd_iommu: sprd_iommu_get_resource()-iova_base:0x30000000,iova_size:10000000
[   12.467993] sprd_iommu: sprd_iommu_get_resource()-fault_page: 0x1ecf6f000
[   12.467994] sprd_iommu: sprd_iommu_get_resource()-no reserved rr page addr
[   12.468161] sprd_iommu: sprd_iommuvau_hw_init()-begin
[   12.468200] sprd_iommu: sprd_iommuvau_hw_init()-done
[   12.468218] sprd_iommu: sprd_iommu_probe()-sprd,iommuvaul6-dispc end
[   12.468279] probe of 64570000.hsphy returned -517 after 0 usecs
[   12.468411] probe of 31000000.iommu returned 1 after 499 usecs
[   12.470545] initcall sprd_aligned_free+0x24/0x50 [unisoc_iommu] returned 0 after 6425 usecs
[   12.470664] init: Loaded kernel module /lib/modules/unisoc-iommu.ko
[   12.470840] init: Loading module /lib/modules/sprd_sensor.ko with args ''
[   12.478346] calling  compat_get_otp_param_tag+0x15a0/0x15d4 [sprd_sensor] @ 1
[   12.478888] sprd_campd_r8p0: 1 196 sprd_cam_pw_on : Done, read count 1, cb: sprd_cam_pw_on+0x68/0x138 [sprd_camsys_pw_domain]
[   12.478894] sprd_campd_r8p0: 1 86 sprd_cam_domain_eb : cb (____ptrval____)
[   12.479673] SENSOR_DRV: 1: sprd_sensor_probe L 250: dcam sensor probe start:device name:(null)
[   12.479694] SENSOR_DRV: 1: sprd_sensor_parse_clk_dt L 89: sensor_info->sensor_clk: (____ptrval____) id 0
[   12.479744] SENSOR_DRV: 1: sprd_sensor_parse_gpio_dt L 131: invalid gpio: i=2, gpio=-2, name=flash-gpios
[   12.479750] SENSOR_DRV: 1: sprd_sensor_parse_gpio_dt L 131: invalid gpio: i=3, gpio=-2, name=mipi-switch-en-gpios
[   12.479756] SENSOR_DRV: 1: sprd_sensor_parse_gpio_dt L 131: invalid gpio: i=4, gpio=-2, name=mipi-switch-mode-gpios
[   12.479762] SENSOR_DRV: 1: sprd_sensor_parse_gpio_dt L 131: invalid gpio: i=5, gpio=-2, name=switch-mode-gpios
[   12.479768] SENSOR_DRV: 1: sprd_sensor_parse_gpio_dt L 131: invalid gpio: i=6, gpio=-2, name=cam-id-gpios
[   12.479774] SENSOR_DRV: 1: sprd_sensor_parse_gpio_dt L 131: invalid gpio: i=7, gpio=-2, name=iovdd-gpios
[   12.479780] SENSOR_DRV: 1: sprd_sensor_parse_gpio_dt L 131: invalid gpio: i=8, gpio=-2, name=avdd-gpios
[   12.479785] SENSOR_DRV: 1: sprd_sensor_parse_gpio_dt L 131: invalid gpio: i=9, gpio=-2, name=dvdd-gpios
[   12.479791] SENSOR_DRV: 1: sprd_sensor_parse_gpio_dt L 131: invalid gpio: i=10, gpio=-2, name=mot-gpios
[   12.479799] csi_api: 1 217 csi_api_mipi_phy_cfg_init : sensor_id 0 mipi_phy:phy_id:0
[   12.479804] SENSOR_DRV: 1: sprd_sensor_config L 225: 18446743530383037496
[   12.479837] csi_api: 1 248 csi_api_dt_node_init : csi node name csi00
[   12.479842] csi_api: 1 259 csi_api_dt_node_init : csi 0 ,phy addr:0x3e200000 ,size:0x1000 , reg ffffffc012fe5000
[   12.479931] csi_api: 1 301 csi_api_dt_node_init : csi dt info:sensor_id :0, csi_info:0x(____ptrval____)
[   12.479934] SENSOR_DRV: 1: parse_dcam_id L 168: dcam id is 0
[   12.480120] probe of 64570000.hsphy returned -517 after 1 usecs
[   12.480157] probe of 0-0020 returned 1 after 1714 usecs
[   12.480175] sprd_campd_r8p0: 109 108 sprd_cam_domain_disable : cb (____ptrval____)
[   12.480381] SENSOR_DRV: 1: sprd_sensor_register_driver L 583: register main sensor:0
[   12.480590] sprd_campd_r8p0: 109 158 sprd_cam_pw_off : Done, read count 1, cb: sprd_cam_pw_off.3+0xa0/0x12c [sprd_camsys_pw_domain]
[   12.481212] sprd_campd_r8p0: 1 196 sprd_cam_pw_on : Done, read count 1, cb: sprd_cam_pw_on+0x68/0x138 [sprd_camsys_pw_domain]
[   12.481216] sprd_campd_r8p0: 1 86 sprd_cam_domain_eb : cb (____ptrval____)
[   12.481969] SENSOR_DRV: 1: sprd_sensor_probe L 250: dcam sensor probe start:device name:(null)
[   12.481987] SENSOR_DRV: 1: sprd_sensor_parse_clk_dt L 89: sensor_info->sensor_clk: (____ptrval____) id 1
[   12.482029] SENSOR_DRV: 1: sprd_sensor_parse_gpio_dt L 131: invalid gpio: i=2, gpio=-2, name=flash-gpios
[   12.482034] SENSOR_DRV: 1: sprd_sensor_parse_gpio_dt L 131: invalid gpio: i=3, gpio=-2, name=mipi-switch-en-gpios
[   12.482040] SENSOR_DRV: 1: sprd_sensor_parse_gpio_dt L 131: invalid gpio: i=4, gpio=-2, name=mipi-switch-mode-gpios
[   12.482045] SENSOR_DRV: 1: sprd_sensor_parse_gpio_dt L 131: invalid gpio: i=5, gpio=-2, name=switch-mode-gpios
[   12.482051] SENSOR_DRV: 1: sprd_sensor_parse_gpio_dt L 131: invalid gpio: i=6, gpio=-2, name=cam-id-gpios
[   12.482057] SENSOR_DRV: 1: sprd_sensor_parse_gpio_dt L 131: invalid gpio: i=7, gpio=-2, name=iovdd-gpios
[   12.482063] SENSOR_DRV: 1: sprd_sensor_parse_gpio_dt L 131: invalid gpio: i=8, gpio=-2, name=avdd-gpios
[   12.482069] SENSOR_DRV: 1: sprd_sensor_parse_gpio_dt L 131: invalid gpio: i=9, gpio=-2, name=dvdd-gpios
[   12.482074] SENSOR_DRV: 1: sprd_sensor_parse_gpio_dt L 131: invalid gpio: i=10, gpio=-2, name=mot-gpios
[   12.482078] csi_api: 1 217 csi_api_mipi_phy_cfg_init : sensor_id 1 mipi_phy:phy_id:3
[   12.482082] SENSOR_DRV: 1: sprd_sensor_config L 225: 18446743530383038984
[   12.482106] csi_api: 1 248 csi_api_dt_node_init : csi node name csi01
[   12.482111] csi_api: 1 259 csi_api_dt_node_init : csi 1 ,phy addr:0x3e300000 ,size:0x1000 , reg ffffffc012fed000
[   12.482129] csi_api: 1 301 csi_api_dt_node_init : csi dt info:sensor_id :1, csi_info:0x(____ptrval____)
[   12.482131] SENSOR_DRV: 1: parse_dcam_id L 168: dcam id is 1
[   12.482238] probe of 64570000.hsphy returned -517 after 0 usecs
[   12.482263] probe of 0-005a returned 1 after 1866 usecs
[   12.482276] sprd_campd_r8p0: 110 108 sprd_cam_domain_disable : cb (____ptrval____)
[   12.482354] SENSOR_DRV: 1: sprd_sensor_register_driver L 585: register sub sensor:0
[   12.482680] sprd_campd_r8p0: 110 158 sprd_cam_pw_off : Done, read count 1, cb: sprd_cam_pw_off.3+0xa0/0x12c [sprd_camsys_pw_domain]
[   12.483082] sprd_campd_r8p0: 1 196 sprd_cam_pw_on : Done, read count 1, cb: sprd_cam_pw_on+0x68/0x138 [sprd_camsys_pw_domain]
[   12.483085] sprd_campd_r8p0: 1 86 sprd_cam_domain_eb : cb (____ptrval____)
[   12.483833] SENSOR_DRV: 1: sprd_sensor_probe L 250: dcam sensor probe start:device name:(null)
[   12.483847] SENSOR_DRV: 1: sprd_sensor_parse_clk_dt L 89: sensor_info->sensor_clk: (____ptrval____) id 2
[   12.483881] SENSOR_DRV: 1: sprd_sensor_parse_gpio_dt L 131: invalid gpio: i=2, gpio=-2, name=flash-gpios
[   12.483887] SENSOR_DRV: 1: sprd_sensor_parse_gpio_dt L 131: invalid gpio: i=3, gpio=-2, name=mipi-switch-en-gpios
[   12.483893] SENSOR_DRV: 1: sprd_sensor_parse_gpio_dt L 131: invalid gpio: i=4, gpio=-2, name=mipi-switch-mode-gpios
[   12.483899] SENSOR_DRV: 1: sprd_sensor_parse_gpio_dt L 131: invalid gpio: i=5, gpio=-2, name=switch-mode-gpios
[   12.483905] SENSOR_DRV: 1: sprd_sensor_parse_gpio_dt L 131: invalid gpio: i=6, gpio=-2, name=cam-id-gpios
[   12.483910] SENSOR_DRV: 1: sprd_sensor_parse_gpio_dt L 131: invalid gpio: i=7, gpio=-2, name=iovdd-gpios
[   12.483925] SENSOR_DRV: 1: sprd_sensor_parse_gpio_dt L 131: invalid gpio: i=9, gpio=-2, name=dvdd-gpios
[   12.483940] csi_api: 1 217 csi_api_mipi_phy_cfg_init : sensor_id 2 mipi_phy:phy_id:4
[   12.483943] SENSOR_DRV: 1: sprd_sensor_config L 225: 18446743530383038984
[   12.483961] csi_api: 1 248 csi_api_dt_node_init : csi node name csi01
[   12.483965] csi_api: 1 259 csi_api_dt_node_init : csi 1 ,phy addr:0x3e300000 ,size:0x1000 , reg ffffffc012ff5000
[   12.483980] csi_api: 1 301 csi_api_dt_node_init : csi dt info:sensor_id :2, csi_info:0x(____ptrval____)
[   12.483982] SENSOR_DRV: 1: parse_dcam_id L 168: dcam id is 1
[   12.484080] probe of 64570000.hsphy returned -517 after 0 usecs
[   12.484102] probe of 1-0020 returned 1 after 1732 usecs
[   12.484114] sprd_campd_r8p0: 109 108 sprd_cam_domain_disable : cb (____ptrval____)
[   12.484166] SENSOR_DRV: 1: sprd_sensor_register_driver L 587: register main2 sensor:0
[   12.484194] SENSOR_DRV: 1: sprd_sensor_register_driver L 589: register  sub2 sensor:0
[   12.484230] SENSOR_DRV: 1: sprd_sensor_register_driver L 591: register main3 sensor:0
[   12.484259] SENSOR_DRV: 1: sprd_sensor_register_driver L 593: register  sub3 sensor:0
[   12.484262] SENSOR_CORE: 1: sprd_sensor_core_module_init line=875: sensor register
[   12.484327] SENSOR_CORE: 1: sprd_sensor_core_module_init line=878: create device node
[   12.484403] initcall compat_get_otp_param_tag+0x15a0/0x15d4 [sprd_sensor] returned 0 after 5844 usecs
[   12.484512] sprd_campd_r8p0: 109 158 sprd_cam_pw_off : Done, read count 1, cb: sprd_cam_pw_off.3+0xa0/0x12c [sprd_camsys_pw_domain]
[   12.484601] init: Loaded kernel module /lib/modules/sprd_sensor.ko
[   12.484788] init: Loading module /lib/modules/sprd_camera.ko with args ''
[   12.524694] calling  __typeid__ZTSFiPv15isp_gtm_cfg_cmdS_E_global_addr+0x4/0x10 [sprd_camera] @ 1
[   12.524901] sprd_image 3e000000.dcam: ignoring dependency for device, assuming no driver
[   12.525324] sprd_campd_r8p0: 1 196 sprd_cam_pw_on : Done, read count 1, cb: sprd_cam_pw_on+0x68/0x138 [sprd_camsys_pw_domain]
[   12.525329] sprd_campd_r8p0: 1 86 sprd_cam_domain_eb : cb (____ptrval____)
[   12.526101] CAM_CORE: 1 8076 camcore_probe : Start camera img probe
[   12.526180] CAM_CORE: 1 8107 camcore_probe : sprd img probe pdev name 3e000000.dcam
[   12.526183] CAM_CORE: 1 8108 camcore_probe : sprd dcam dev name (null)
[   12.526186] DCAM_DRV: 1 271 dcam_drv_dt_parse : start dcam dts parse
[   12.526199] DCAM_DRV: 1 321 dcam_drv_dt_parse : dev: 3e000000.dcam, full name: dcam@3e000000, cam_ahb_gpr: ffffff81771d7c00, count: 3, DCAM dcam_max.w.h 8048 6036
[   12.526231] DCAM_DRV: 1 335 dcam_drv_dt_parse : DCAM IOMMU Base  0xffffffc013115000
[   12.526239] DCAM_DRV: 1 370 dcam_drv_dt_parse : get dcam qos node. r: 10 10 w: 13 12
[   12.526313] DCAM_DRV: 1 417 dcam_drv_dt_parse : DCAM0 reg: dcam0_reg 0x3e000000 ffffffc01311d000, irq: dcam0 45
[   12.526332] DCAM_DRV: 1 417 dcam_drv_dt_parse : DCAM1 reg: dcam1_reg 0x3e001000 ffffffc013125000, irq: dcam1 46
[   12.526349] DCAM_DRV: 1 417 dcam_drv_dt_parse : DCAM2 reg: dcam2_reg 0x3e002000 ffffffc01312d000, irq: dcam2 47
[   12.526362] CAM_CORE: 1 8115 camcore_probe : sprd isp dev name (null)
[   12.526366] ISP_DRV: 1 1049 isp_drv_dt_parse : isp dev device node dcam, full name dcam@3e000000
[   12.526371] ISP_DRV: 1 1059 isp_drv_dt_parse : after isp dev device node isp, full name isp@3a000000
[   12.526388] ISP_DRV: 1 1065 isp_drv_dt_parse : sprd s_isp_pdev name 3a000000.isp
[   12.526419] ISP_DRV: 1 1098 isp_drv_dt_parse : ISP IOMMU Base  0xffffffc01313d000
[   12.526425] ISP_DRV: 1 1127 isp_drv_dt_parse : get isp qos node. r: 7 6 w: 7 6
[   12.526435] cam_porting: 1 88 cam_syscon_get_args_by_name : fail to get syscon sys_h2p_db_soft_rst 2, (____ptrval____)
[   12.526444] ISP_DRV: 1 1170 isp_drv_dt_parse : isp phys reg base is 3a000000
[   12.526470] ISP_DRV: 1 1188 isp_drv_dt_parse : ISP0 dts OK! regbase ffffffc015100000, irq 43
[   12.526478] ISP_DRV: 1 1188 isp_drv_dt_parse : ISP1 dts OK! regbase ffffffc015100000, irq 44
[   12.526608] DCAM_DEBUG: 1 979 camdebugger_dcam_init : dcam debugfs init ok
[   12.526839] probe of 64570000.hsphy returned -517 after 1 usecs
[   12.526872] probe of 3e000000.dcam returned 1 after 2002 usecs
[   12.526889] sprd_campd_r8p0: 109 108 sprd_cam_domain_disable : cb (____ptrval____)
[   12.527309] sprd_campd_r8p0: 109 158 sprd_cam_pw_off : Done, read count 1, cb: sprd_cam_pw_off.3+0xa0/0x12c [sprd_camsys_pw_domain]
[   12.527761] initcall __typeid__ZTSFiPv15isp_gtm_cfg_cmdS_E_global_addr+0x4/0x10 [sprd_camera] returned 0 after 2671 usecs
[   12.528444] init: Loaded kernel module /lib/modules/sprd_camera.ko
[   12.528648] init: Loading module /lib/modules/sprd_vsp_pw_domain.ko with args ''
[   12.531255] calling  vsp_pw_on+0x1ac/0x1c0 [sprd_vsp_pw_domain] @ 1
[   12.531430] sprd-vsp-pd soc:vsp-power-domain: vsp_pd_probe, 191
[   12.531442] sprd-vsp-pd soc:vsp-power-domain: VSP syscon[pmu-vsp-auto-shutdown-syscon](____ptrval____), offset 0x314, mask 0x1000000
[   12.531446] sprd-vsp-pd soc:vsp-power-domain: VSP syscon[pmu-vsp-force-shutdown-syscon](____ptrval____), offset 0x314, mask 0x2000000
[   12.531451] sprd-vsp-pd soc:vsp-power-domain: VSP syscon[pmu-pwr-status-syscon](____ptrval____), offset 0x514, mask 0x1f0000
[   12.531455] sprd-vsp-pd soc:vsp-power-domain: Read Vsp Dts vsp-domain-eb-syscon regmap fail
[   12.531665] probe of 64570000.hsphy returned -517 after 1 usecs
[   12.531833] probe of soc:vsp-power-domain returned 1 after 439 usecs
[   12.532298] initcall vsp_pw_on+0x1ac/0x1c0 [sprd_vsp_pw_domain] returned 0 after 1009 usecs
[   12.532406] init: Loaded kernel module /lib/modules/sprd_vsp_pw_domain.ko
[   12.532580] init: Loading module /lib/modules/sprd_cpp.ko with args ''
[   12.537312] calling  __typeid__ZTSFiPvS_E_global_addr+0x6c/0x84 [sprd_cpp] @ 1
[   12.537498] sprd_cpp 38000000.cpp: ignoring dependency for device, assuming no driver
[   12.537916] sprd_campd_r8p0: 1 196 sprd_cam_pw_on : Done, read count 1, cb: sprd_cam_pw_on+0x68/0x138 [sprd_camsys_pw_domain]
[   12.537920] sprd_campd_r8p0: 1 86 sprd_cam_domain_eb : cb (____ptrval____)
[   12.538869] sprd_campd_r8p0: 162 108 sprd_cam_domain_disable : cb (____ptrval____)
[   12.538988] probe of 38000000.cpp returned 1 after 1517 usecs
[   12.539278] sprd_campd_r8p0: 162 158 sprd_cam_pw_off : Done, read count 1, cb: sprd_cam_pw_off.3+0xa0/0x12c [sprd_camsys_pw_domain]
[   12.539376] probe of 64570000.hsphy returned -517 after 1 usecs
[   12.539598] initcall __typeid__ZTSFiPvS_E_global_addr+0x6c/0x84 [sprd_cpp] returned 0 after 2210 usecs
[   12.539704] init: Loaded kernel module /lib/modules/sprd_cpp.ko
[   12.539881] init: Loading module /lib/modules/sha1-ce.ko with args ''
[   12.542441] calling  __sha1_ce_transform+0x1c/0x30 [sha1_ce] @ 1
[   12.543103] initcall __sha1_ce_transform+0x1c/0x30 [sha1_ce] returned 0 after 638 usecs
[   12.543176] init: Loaded kernel module /lib/modules/sha1-ce.ko
[   12.543313] init: Loading module /lib/modules/ghash-ce.ko with args ''
[   12.545849] calling  ghash_final_p64+0x188/0x19c [ghash_ce] @ 1
[   12.546941] initcall ghash_final_p64+0x188/0x19c [ghash_ce] returned 0 after 1056 usecs
[   12.547004] init: Loaded kernel module /lib/modules/ghash-ce.ko
[   12.547136] init: Loading module /lib/modules/aes-ce-ccm.ko with args ''
[   12.549390] calling  ccm_update_mac+0x190/0x1a8 [aes_ce_ccm] @ 1
[   12.549712] initcall ccm_update_mac+0x190/0x1a8 [aes_ce_ccm] returned 0 after 306 usecs
[   12.549754] init: Loaded kernel module /lib/modules/aes-ce-ccm.ko
[   12.549874] init: Loading module /lib/modules/aes-neon-blk.ko with args ''
[   12.552635] calling  ctr_encrypt_one+0x60/0xc8 [aes_neon_blk] @ 1
[   12.554822] initcall ctr_encrypt_one+0x60/0xc8 [aes_neon_blk] returned 0 after 2123 usecs
[   12.554901] init: Loaded kernel module /lib/modules/aes-neon-blk.ko
[   12.555032] init: Loading module /lib/modules/arc4.ko with args ''
[   12.557285] calling  crypto_arc4_crypt+0xb8/0xc8 [arc4] @ 1
[   12.557893] initcall crypto_arc4_crypt+0xb8/0xc8 [arc4] returned 0 after 586 usecs
[   12.557955] init: Loaded kernel module /lib/modules/arc4.ko
[   12.558138] init: Loading module /lib/modules/twofish_common.ko with args ''
[   12.560266] init: Loaded kernel module /lib/modules/twofish_common.ko
[   12.560317] init: Loading module /lib/modules/twofish_generic.ko with args ''
[   12.562417] calling  twofish_decrypt+0x828/0x83c [twofish_generic] @ 1
[   12.562773] initcall twofish_decrypt+0x828/0x83c [twofish_generic] returned 0 after 338 usecs
[   12.562829] init: Loaded kernel module /lib/modules/twofish_generic.ko
[   12.563008] init: Loading module /lib/modules/sprd-gsp.ko with args ''
[   12.573855] calling  __typeid__ZTSFvP13gsp_interfaceE_global_addr+0x38/0x64 [sprd_gsp] @ 1
[   12.573941] sprd-gsp: gsp_drv_init()-gsp device init begin
[   12.574610] sprd-gsp sprd-gsp: gsp_dev_alloc()-node count: 1
[   12.574617] sprd-gsp sprd-gsp: gsp_dev_alloc()-gsp device name: sprd-gsp
[   12.574621] sprd-gsp sprd-gsp: gsp_dev_alloc()-io count: 7
[   12.574660] sprd-gsp: gsp_r8p0_core_alloc()-core[0] device name: 31000000.gsp
[   12.574664] sprd-gsp: gsp_r8p0_core_alloc()-gsp_r8p0_cap_size = 176
[   12.574666] sprd-gsp: gsp_r8p0_core_alloc()-gsp_r8p0 core allocate success
[   12.574670] sprd-gsp: gsp_core_alloc()-read core[0] id
[   12.574673] sprd-gsp: gsp_core_alloc()-read core[0] kfg number: 16
[   12.574677] sprd-gsp: gsp_core_alloc()-core[0] realtime priority: disable
[   12.574680] sprd-gsp: gsp_core_alloc()-core[0] need iommu: no need
[   12.574696] sprd-gsp sprd-gsp: gsp_dev_alloc()-core[0] allocate success
[   12.574785] sprd-gsp sprd-gsp: gsp_dev_probe()-probe success
[   12.574922] probe of 64570000.hsphy returned -517 after 1 usecs
[   12.574966] probe of sprd-gsp returned 1 after 396 usecs
[   12.575263] sprd-gsp: gsp_drv_init()-gsp device init end
[   12.575366] initcall __typeid__ZTSFvP13gsp_interfaceE_global_addr+0x38/0x64 [sprd_gsp] returned 0 after 1372 usecs
[   12.575549] init: Loaded kernel module /lib/modules/sprd-gsp.ko
[   12.575737] init: Loading module /lib/modules/apsys-dvfs.ko with args ''
[   12.581733] calling  set_vdsp_dvfs_swtrig_en.619+0x58/0x1ac [apsys_dvfs] @ 1
[   12.581964] apsys_dvfs: apsys dvfs class init
[   12.582072] apsys_dvfs: apsys_dvfs_parse_dt()
[   12.582077] apsys_dvfs: apsys_top_dvfs_init()
[   12.582083] apsys_dvfs: apsys module registered
[   12.582214] probe of 64570000.hsphy returned -517 after 0 usecs
[   12.582256] probe of 20014000.apsys-dvfs returned 1 after 351 usecs
[   12.583276] apsys_dvfs: find platform device by node with name :apsys-dvfs, address:ffffffc013155000
[   12.583280] apsys_dvfs: dpu_dvfs_parse_dt()
[   12.583656] apsys_dvfs: dpu_dvfs_parse_dt()
[   12.583662] apsys_dvfs: dpu_dvfs_init()
[   12.583665] apsys_dvfs: dpu dvfs module registered
[   12.583794] probe of 64570000.hsphy returned -517 after 0 usecs
[   12.583824] probe of dpu-dvfs returned 1 after 635 usecs
[   12.584826] initcall set_vdsp_dvfs_swtrig_en.619+0x58/0x1ac [apsys_dvfs] returned 0 after 2975 usecs
[   12.584986] init: Loaded kernel module /lib/modules/apsys-dvfs.ko
[   12.585069] init: Loading module /lib/modules/sprd-drm.ko with args ''
[   12.602290] calling  disp_ca_wait_response+0x84/0xf0 [sprd_drm] @ 1
[   12.602400] display class register
[   12.602766] sprd-dpu-drv 31000000.dpu: ignoring dependency for device, assuming no driver
[   12.602802] [drm] backlight is not ready, dpu probe deferred
[   12.602819] probe of 31000000.dpu returned 0 after 84 usecs
[   12.603588] probe of sprd_backlight returned 0 after 78 usecs
[   12.604521] probe of 64570000.hsphy returned -517 after 1 usecs
[   12.604679] sprd-dpu-drv 31000000.dpu: ignoring dependency for device, assuming no driver
[   12.604697] [drm] backlight is not ready, dpu probe deferred
[   12.604706] probe of 31000000.dpu returned 0 after 46 usecs
[   12.604882] probe of sprd_backlight returned 0 after 70 usecs
[   12.604911] probe of 31100000.dsi returned 1 after 942 usecs
[   12.605742] probe of 64570000.hsphy returned -517 after 1 usecs
[   12.605847] sprd-dpu-drv 31000000.dpu: ignoring dependency for device, assuming no driver
[   12.605863] [drm] backlight is not ready, dpu probe deferred
[   12.605870] probe of 31000000.dpu returned 0 after 51 usecs
[   12.606031] probe of sprd_backlight returned 0 after 61 usecs
[   12.606058] probe of 31100000.dphy returned 1 after 647 usecs
[   12.606615] probe of 64570000.hsphy returned -517 after 0 usecs
[   12.606699] sprd-dpu-drv 31000000.dpu: ignoring dependency for device, assuming no driver
[   12.606714] [drm] backlight is not ready, dpu probe deferred
[   12.606721] probe of 31000000.dpu returned 0 after 33 usecs
[   12.606879] probe of sprd_backlight returned 0 after 59 usecs
[   12.606913] probe of display-subsystem returned 1 after 405 usecs
[   12.607019] [drm] backlight is not ready, panel probe deferred
[   12.607025] probe of 31100000.dsi.0 returned 0 after 16 usecs
[   12.607220] initcall disp_ca_wait_response+0x84/0xf0 [sprd_drm] returned 0 after 4633 usecs
[   12.607460] init: Loaded kernel module /lib/modules/sprd-drm.ko
[   12.607643] init: Loading module /lib/modules/extcon-usb-gpio.ko with args ''
[   12.610093] calling  usb_irq_handler+0x38/0x5c [extcon_usb_gpio] @ 1
[   12.611431] sprd-hsphy 64570000.hsphy: unable to get hsphy-device-eye-pattern node
[   12.611435] sprd-hsphy 64570000.hsphy: unable to get hsphy-host-eye-pattern node
[   12.611539] sprd-hsphy 64570000.hsphy: No separate ID extcon device
[   12.611554] probe of extcon-gpio returned 1 after 1179 usecs
[   12.611597] probe of 64570000.hsphy returned 1 after 691 usecs
[   12.611711] initcall usb_irq_handler+0x38/0x5c [extcon_usb_gpio] returned 0 after 1569 usecs
[   12.611784] sprd-dpu-drv 31000000.dpu: ignoring dependency for device, assuming no driver
[   12.611799] init: Loaded kernel module /lib/modules/extcon-usb-gpio.ko
[   12.611815] [drm] backlight is not ready, dpu probe deferred
[   12.611824] probe of 31000000.dpu returned 0 after 66 usecs
[   12.611968] init: Loading module /lib/modules/microarray_fp.ko with args ''
[   12.612044] probe of sprd_backlight returned 0 after 97 usecs
[   12.612074] [drm] backlight is not ready, panel probe deferred
[   12.612080] probe of 31100000.dsi.0 returned 0 after 18 usecs
[   12.615019] calling  __typeid__ZTSFlP4filejmE_global_addr+0x14/0x1c [microarray_fp] @ 1
[   12.615023] MAFP_mas_get_platform: debug! start!
[   12.615384] MAFP_mas_get_platform: debug! end!
[   12.615401] initcall __typeid__ZTSFlP4filejmE_global_addr+0x14/0x1c [microarray_fp] returned 0 after 358 usecs
[   12.615489] init: Loaded kernel module /lib/modules/microarray_fp.ko
[   12.615660] init: Loading module /lib/modules/chipone_fp.ko with args ''
[   12.618484] calling  _copy_from_user+0x164/0x1a4 [chipone_fp] @ 1
[   12.619815] sprd-dpu-drv 31000000.dpu: ignoring dependency for device, assuming no driver
[   12.619850] [drm] backlight is not ready, dpu probe deferred
[   12.619860] probe of 31000000.dpu returned 0 after 66 usecs
[   12.620079] probe of sprd_backlight returned 0 after 96 usecs
[   12.620113] [drm] backlight is not ready, panel probe deferred
[   12.620118] probe of 31100000.dsi.0 returned 0 after 20 usecs
[   12.620147] probe of fingerprint@0 returned 1 after 1606 usecs
[   12.620473] initcall _copy_from_user+0x164/0x1a4 [chipone_fp] returned 0 after 1929 usecs
[   12.620554] init: Loaded kernel module /lib/modules/chipone_fp.ko
[   12.620729] init: Loading module /lib/modules/vsp.ko with args ''
[   12.625211] calling  vsp_clr_interrupt_mask+0x80/0xac [vsp] @ 1
[   12.625410] sprd_vsp 32000000.video-codec: ignoring dependency for device, assuming no driver
[   12.625781] sprd_vsp 32000000.video-codec: sprd_vsp_phys_addr = 32000000
[   12.625785] sprd_vsp 32000000.video-codec: sprd_vsp_base = (____ptrval____)
[   12.625789] sprd_vsp 32000000.video-codec: vsp_glb_reg_base = (____ptrval____)
[   12.625811] sprd_vsp 32000000.video-codec: vsp: irq = 0x1d, version = 0x13
[   12.625819] sprd_vsp 32000000.video-codec: VSP syscon[vsp-domain-eb-syscon](____ptrval____), offset 0x4, mask 0x20
[   12.625826] sprd_vsp 32000000.video-codec: VSP syscon[reset-syscon](____ptrval____), offset 0x4, mask 0x2800
[   12.625832] sprd_vsp 32000000.video-codec: VSP syscon[vsp-dev-eb-syscon](____ptrval____), offset 0x0, mask 0x4
[   12.625838] sprd_vsp 32000000.video-codec: clk clk_src_76m8 not found,continue to find next clock
[   12.625842] sprd_vsp 32000000.video-codec: clk clk_src_96m not found,continue to find next clock
[   12.625846] sprd_vsp 32000000.video-codec: clk clk_src_128m not found,continue to find next clock
[   12.625850] sprd_vsp 32000000.video-codec: clk clk_src_153m6 not found,continue to find next clock
[   12.625854] sprd_vsp 32000000.video-codec: clk clk_src_192m not found,continue to find next clock
[   12.625873] sprd_vsp 32000000.video-codec: vsp clk in dts file: clk[0] = (256000000, clk_src_256m)
[   12.625879] sprd_vsp 32000000.video-codec: vsp clk in dts file: clk[1] = (307200000, clk_src_307m2)
[   12.625888] sprd_vsp 32000000.video-codec: vsp clk in dts file: clk[2] = (384000000, clk_src_384m)
[   12.625892] sprd_vsp 32000000.video-codec: clk clk_src_512m not found,continue to find next clock
[   12.625900] sprd_vsp 32000000.video-codec: 1, 7, 6, 194
[   12.625907] sprd_vsp 32000000.video-codec: iommu_vsp enabled 1
[   12.625995] sprd_vsp 32000000.video-codec: vsp: set dma mask as 64bit
[   12.627296] sprd-dpu-drv 31000000.dpu: ignoring dependency for device, assuming no driver
[   12.627322] [drm] backlight is not ready, dpu probe deferred
[   12.627332] probe of 31000000.dpu returned 0 after 61 usecs
[   12.627547] probe of sprd_backlight returned 0 after 90 usecs
[   12.627581] [drm] backlight is not ready, panel probe deferred
[   12.627586] probe of 31100000.dsi.0 returned 0 after 18 usecs
[   12.627619] probe of 32000000.video-codec returned 1 after 2234 usecs
[   12.628315] initcall vsp_clr_interrupt_mask+0x80/0xac [vsp] returned 0 after 2994 usecs
[   12.628442] init: Loaded kernel module /lib/modules/vsp.ko
[   12.628616] init: Loading module /lib/modules/jpg.ko with args ''
[   12.632790] calling  jpg_clk_disable+0xec/0x10c [jpg] @ 1
[   12.633042] sprd-jpg 36000000.jpg-codec: ignoring dependency for device, assuming no driver
[   12.633467] sprd_campd_r8p0: 1 196 sprd_cam_pw_on : Done, read count 1, cb: sprd_cam_pw_on+0x68/0x138 [sprd_camsys_pw_domain]
[   12.633472] sprd_campd_r8p0: 1 86 sprd_cam_domain_eb : cb (____ptrval____)
[   12.634291] sprd-jpg 36000000.jpg-codec: sprd_jpg_phys jpg:  0X36000000
[   12.634295] sprd-jpg 36000000.jpg-codec: sprd_jpg_virt jpg:  0xffffffc013600000
[   12.634298] sprd-jpg 36000000.jpg-codec:  hw_dev.irq  0X1e
[   12.634305] sprd-jpg 36000000.jpg-codec: JPG syscon[aon-apb-eb-syscon](____ptrval____), offset 0x0, mask 0x200
[   12.634314] sprd-jpg 36000000.jpg-codec: JPG syscon[reset-syscon](____ptrval____), offset 0x4, mask 0x80000
[   12.634338] sprd-jpg 36000000.jpg-codec: jpg clk in dts file: clk[0] = (76800000, clk_src_76m8)
[   12.634342] sprd-jpg 36000000.jpg-codec: clk clk_src_96m not found,continue to find next clock
[   12.634351] sprd-jpg 36000000.jpg-codec: jpg clk in dts file: clk[1] = (128000000, clk_src_128m)
[   12.634355] sprd-jpg 36000000.jpg-codec: clk clk_src_153m6 not found,continue to find next clock
[   12.634360] sprd-jpg 36000000.jpg-codec: clk clk_src_192m not found,continue to find next clock
[   12.634369] sprd-jpg 36000000.jpg-codec: jpg clk in dts file: clk[2] = (256000000, clk_src_256m)
[   12.634373] sprd-jpg 36000000.jpg-codec: clk clk_src_307m2 not found,continue to find next clock
[   12.634382] sprd-jpg 36000000.jpg-codec: jpg clk in dts file: clk[3] = (384000000, clk_src_384m)
[   12.634386] sprd-jpg 36000000.jpg-codec: clk clk_src_409m6 not found,continue to find next clock
[   12.634389] sprd-jpg 36000000.jpg-codec: clk clk_src_512m not found,continue to find next clock
[   12.634393] sprd-jpg 36000000.jpg-codec: can't find jpg qos cfg node
[   12.634396] sprd-jpg 36000000.jpg-codec: 0, 0, 0, 0
[   12.634483] sprd-jpg 36000000.jpg-codec: jpg: set dma mask as 64bit
[   12.634524] sprd-jpg 36000000.jpg-codec: sprd_jpg probe with genpd
[   12.634768] sprd-dpu-drv 31000000.dpu: ignoring dependency for device, assuming no driver
[   12.634793] [drm] backlight is not ready, dpu probe deferred
[   12.634804] probe of 31000000.dpu returned 0 after 54 usecs
[   12.635032] probe of sprd_backlight returned 0 after 97 usecs
[   12.635068] [drm] backlight is not ready, panel probe deferred
[   12.635074] probe of 31100000.dsi.0 returned 0 after 19 usecs
[   12.635107] probe of 36000000.jpg-codec returned 1 after 2089 usecs
[   12.635133] sprd_campd_r8p0: 110 108 sprd_cam_domain_disable : cb (____ptrval____)
[   12.635553] sprd_campd_r8p0: 110 158 sprd_cam_pw_off : Done, read count 1, cb: sprd_cam_pw_off.3+0xa0/0x12c [sprd_camsys_pw_domain]
[   12.635958] initcall jpg_clk_disable+0xec/0x10c [jpg] returned 0 after 3069 usecs
[   12.636101] init: Loaded kernel module /lib/modules/jpg.ko
[   12.636297] init: Loading module /lib/modules/leds-sc27xx-bltc.ko with args ''
[   12.638905] calling  sc27xx_led_pattern_clear+0xb4/0xd0 [leds_sc27xx_bltc] @ 1
[   12.639791] sprd-dpu-drv 31000000.dpu: ignoring dependency for device, assuming no driver
[   12.639815] [drm] backlight is not ready, dpu probe deferred
[   12.639825] probe of 31000000.dpu returned 0 after 52 usecs
[   12.640077] probe of sprd_backlight returned 0 after 124 usecs
[   12.640118] [drm] backlight is not ready, panel probe deferred
[   12.640123] probe of 31100000.dsi.0 returned 0 after 20 usecs
[   12.640158] probe of 64200000.spi:pmic@0:led-controller@180 returned 1 after 784 usecs
[   12.640319] initcall sc27xx_led_pattern_clear+0xb4/0xd0 [leds_sc27xx_bltc] returned 0 after 1372 usecs
[   12.640385] init: Loaded kernel module /lib/modules/leds-sc27xx-bltc.ko
[   12.640546] init: Loading module /lib/modules/ledtrig-pattern.ko with args ''
[   12.642925] calling  pattern_trig_timer_function+0x1f4/0x1f8 [ledtrig_pattern] @ 1
[   12.642996] initcall pattern_trig_timer_function+0x1f4/0x1f8 [ledtrig_pattern] returned 0 after 62 usecs
[   12.643045] init: Loaded kernel module /lib/modules/ledtrig-pattern.ko
[   12.643217] init: Loading module /lib/modules/zsmalloc.ko with args ''
[   12.646927] calling  zs_init_fs_context+0x70/0x88 [zsmalloc] @ 1
[   12.647020] initcall zs_init_fs_context+0x70/0x88 [zsmalloc] returned 0 after 77 usecs
[   12.647078] init: Loaded kernel module /lib/modules/zsmalloc.ko
[   12.647130] init: Loading module /lib/modules/zram.ko with args ''
[   12.651125] calling  zram_dedup_deinit+0x38/0xc4 [zram] @ 1
[   12.651504] zram: Added device: zram0
[   12.651521] initcall zram_dedup_deinit+0x38/0xc4 [zram] returned 0 after 370 usecs
[   12.651578] init: Loaded kernel module /lib/modules/zram.ko
[   12.651713] init: Loading module /lib/modules/spi-sprd.ko with args ''
[   12.654681] calling  sprd_spi_wait_for_rx_end+0xf0/0x114 [spi_sprd] @ 1
[   12.654986] sprd-spi 20120000.spi: request RX DMA channel failed!
[   12.654990] sprd-spi 20120000.spi: failed to request dma, enter no dma mode, ret = -19
[   12.656163] sprd-dpu-drv 31000000.dpu: ignoring dependency for device, assuming no driver
[   12.656204] [drm] backlight is not ready, dpu probe deferred
[   12.656218] probe of 31000000.dpu returned 0 after 84 usecs
[   12.656508] probe of sprd_backlight returned 0 after 104 usecs
[   12.656552] [drm] backlight is not ready, panel probe deferred
[   12.656558] probe of 31100000.dsi.0 returned 0 after 20 usecs
[   12.656599] probe of 20120000.spi returned 1 after 1774 usecs
[   12.656748] sprd-spi 20150000.spi: request RX DMA channel failed!
[   12.656752] sprd-spi 20150000.spi: failed to request dma, enter no dma mode, ret = -19
[   12.657910] sprd-dpu-drv 31000000.dpu: ignoring dependency for device, assuming no driver
[   12.657936] [drm] backlight is not ready, dpu probe deferred
[   12.657946] probe of 31000000.dpu returned 0 after 58 usecs
[   12.658091] probe of 20150000.spi returned 1 after 1478 usecs
[   12.658172] probe of sprd_backlight returned 0 after 92 usecs
[   12.658215] [drm] backlight is not ready, panel probe deferred
[   12.658220] probe of 31100000.dsi.0 returned 0 after 16 usecs
[   12.658681] initcall sprd_spi_wait_for_rx_end+0xf0/0x114 [spi_sprd] returned 0 after 3890 usecs
[   12.658789] init: Loaded kernel module /lib/modules/spi-sprd.ko
[   12.658940] init: Loading module /lib/modules/pwm-sprd.ko with args ''
[   12.661274] calling  sprd_pwm_get_state+0x17c/0x194 [pwm_sprd] @ 1
[   12.661684] sprd-pwm 643f0000.pwm: Failed to get clk 'enable3': -2
[   12.661968] sprd-dpu-drv 31000000.dpu: ignoring dependency for device, assuming no driver
[   12.661989] [drm] backlight is not ready, dpu probe deferred
[   12.662001] probe of 31000000.dpu returned 0 after 51 usecs
[   12.662328] probe of sprd_backlight returned 1 after 207 usecs
[   12.662402] sprd-mipi-panel-drv 31100000.dsi.0: 31100000.dsi.0 supply power not found, using dummy regulator
[   12.662524] [drm] lcd name: lcd_icnl9911c_mdt_mipi_hdp
[   12.662606] [drm] info->num_buildin_modes = 2
[   12.662711] [drm] sprd_dsi_host_attach()
[   12.662815] probe of 31100000.dsi.0 returned 1 after 474 usecs
[   12.662910] sprd-dpu-drv 31000000.dpu: ignoring dependency for device, assuming no driver
[   12.663159] [drm] sprd_drm_bind()
[   12.663284] [drm] sprd_dpu_bind()
[   12.663404] [drm] dpu irq_num = 51
[   12.663431] [drm] dpu attach dsi
[   12.663521] sprd-drm-drv display-subsystem: bound 31000000.dpu (ops dpu_component_ops [sprd_drm])
[   12.663559] [drm] dsi irq0 num = 53
[   12.663591] [drm] dsi irq1 num = 54
[   12.663667] sprd-drm-drv display-subsystem: bound 31100000.dsi (ops dsi_component_ops [sprd_drm])
[   12.663679] sprd-gsp: gsp_dev_sysfs_init()-create gsp sysfs attribute: core_cnt success
[   12.663682] sprd-gsp: gsp_dev_sysfs_init()-create gsp sysfs attribute: dev_state success
[   12.663688] sprd-gsp: gsp_interface_attach()-gsp interface name: qogirl6
[   12.663750] sprd-gsp: gsp_r8p0_core_parse_dt()-gsp_ctl_reg_base: 0x(____ptrval____)
[   12.663791] sprd-gsp: gsp_workqueue_load()-workqueue load kcfg[0]
[   12.663793] sprd-gsp: gsp_workqueue_load()-workqueue load kcfg[1]
[   12.663795] sprd-gsp: gsp_workqueue_load()-workqueue load kcfg[2]
[   12.663797] sprd-gsp: gsp_workqueue_load()-workqueue load kcfg[3]
[   12.663799] sprd-gsp: gsp_workqueue_load()-workqueue load kcfg[4]
[   12.663801] sprd-gsp: gsp_workqueue_load()-workqueue load kcfg[5]
[   12.663802] sprd-gsp: gsp_workqueue_load()-workqueue load kcfg[6]
[   12.663804] sprd-gsp: gsp_workqueue_load()-workqueue load kcfg[7]
[   12.663805] sprd-gsp: gsp_workqueue_load()-workqueue load kcfg[8]
[   12.663807] sprd-gsp: gsp_workqueue_load()-workqueue load kcfg[9]
[   12.663808] sprd-gsp: gsp_workqueue_load()-workqueue load kcfg[10]
[   12.663809] sprd-gsp: gsp_workqueue_load()-workqueue load kcfg[11]
[   12.663811] sprd-gsp: gsp_workqueue_load()-workqueue load kcfg[12]
[   12.663812] sprd-gsp: gsp_workqueue_load()-workqueue load kcfg[13]
[   12.663814] sprd-gsp: gsp_workqueue_load()-workqueue load kcfg[14]
[   12.663816] sprd-gsp: gsp_workqueue_load()-workqueue load kcfg[15]
[   12.663818] sprd-gsp: gsp_sync_timeline_create()-create timeline: gsp-core[0]
[   12.663826] sprd-gsp: gsp_core_sysfs_init()-create core[0] sysfs attribute: core_state success
[   12.663837] sprd-gsp: gsp_core_sysfs_init()-create core[0] sysfs attribute: total_kcfg_num success
[   12.663841] sprd-gsp: gsp_core_sysfs_init()-create core[0] sysfs attribute: empty_kcfg_num success
[   12.663846] sprd-gsp: gsp_core_sysfs_init()-create core[0] sysfs attribute: fill_kcfg_num success
[   12.663913] probe of 643f0000.pwm returned 1 after 2365 usecs
[   12.664283] initcall sprd_pwm_get_state+0x17c/0x194 [pwm_sprd] returned 0 after 2928 usecs
[   12.664390] init: Loaded kernel module /lib/modules/pwm-sprd.ko
[   12.664442] sprd-gsp sprd-gsp: gsp_dev_init()-initialize core[0] success
[   12.664453] sprd-gsp sprd-gsp: sprd_gsp_bind()-dev bind success
[   12.664509] sprd-drm-drv display-subsystem: bound sprd-gsp (ops gsp_component_ops [sprd_gsp])
[   12.664513] [drm] Supports vblank timestamp caching Rev 2 (21.10.2013).
[   12.664514] [drm] No driver support for vblank timestamp query.
[   12.664519] [drm] sprd_plane_reset()
[   12.664523] [drm] sprd_plane_reset()
[   12.664524] [drm] sprd_plane_reset()
[   12.664527] [drm] sprd_plane_reset()
[   12.664530] [drm] sprd_crtc_reset()
[   12.664717] [drm] Initialized sprd 1.0.0 20200201 for display-subsystem on minor 0
[   12.664906] init: Loading module /lib/modules/rtc-sc27xx.ko with args ''
[   12.665309] probe of 31000000.dpu returned 1 after 2412 usecs
[   12.667732] calling  sprd_rtc_get_secs+0x130/0x158 [rtc_sc27xx] @ 1
[   12.668892] probe of alarmtimer.0.auto returned 1 after 57 usecs
[   12.668905] sprd-rtc 64200000.spi:pmic@0:rtc@200: registered as rtc0
[   12.668997] sprd_time_sync sprd_time_sync: send monotime_ns=12668971460 boottime_ns=12668971690 realtime_s=1772807773 ts_cnt=434838480 sysfrt_cnt=17646 minuteswest=0 dsttime=0 to userspace
[   12.669217] sprd-rtc 64200000.spi:pmic@0:rtc@200: setting system clock to 2026-03-06T14:36:13 UTC (1772807773)
[   12.669250] probe of 64200000.spi:pmic@0:rtc@200 returned 1 after 1056 usecs
[   12.669414] initcall sprd_rtc_get_secs+0x130/0x158 [rtc_sc27xx] returned 0 after 1633 usecs
[   12.669483] init: Loaded kernel module /lib/modules/rtc-sc27xx.ko
[   12.669648] init: Loading module /lib/modules/sc27xx_adc.ko with args ''
[   12.672534] calling  sc27xx_adc_read+0x2b0/0x2b8 [sc27xx_adc] @ 1
[   12.711006] probe of 64200000.spi:pmic@0:adc@504 returned 1 after 37871 usecs
[   12.711189] initcall sc27xx_adc_read+0x2b0/0x2b8 [sc27xx_adc] returned 0 after 37737 usecs
[   12.711262] init: Loaded kernel module /lib/modules/sc27xx_adc.ko
[   12.711426] init: Loading module /lib/modules/sc27xx-poweroff.ko with args ''
[   12.714043] calling  sc27xx_poweroff_shutdown+0x184/0x198 [sc27xx_poweroff] @ 1
[   12.714716] probe of 64200000.spi:pmic@0:poweroff@1820 returned 1 after 93 usecs
[   12.714856] initcall sc27xx_poweroff_shutdown+0x184/0x198 [sc27xx_poweroff] returned 0 after 785 usecs
[   12.714918] init: Loaded kernel module /lib/modules/sc27xx-poweroff.ko
[   12.715070] init: Loading module /lib/modules/sc27xx-vibra.ko with args ''
[   12.717600] calling  sc27xx_vibra_play+0x3c/0x54 [sc27xx_vibra] @ 1
[   12.718164] input: sc27xx:vibrator as /devices/platform/soc/soc:aon/64200000.spi/spi_master/spi4/spi4.0/64200000.spi:pmic@0:vibrator@1b90/input/input33
[   12.718267] probe of 64200000.spi:pmic@0:vibrator@1b90 returned 1 after 241 usecs
[   12.718379] initcall sc27xx_vibra_play+0x3c/0x54 [sc27xx_vibra] returned 0 after 753 usecs
[   12.718427] init: Loaded kernel module /lib/modules/sc27xx-vibra.ko
[   12.718566] init: Loading module /lib/modules/sc27xx_typec.ko with args ''
[   12.721206] calling  sc27xx_typec_interrupt+0x228/0x23c [sc27xx_typec] @ 1
[   12.761578] sc27xx-typec 64200000.spi:pmic@0:typec@380: now works as DRP and is in 2 state, event 1
[   12.761642] probe of 64200000.spi:pmic@0:typec@380 returned 1 after 40048 usecs
[   12.761799] initcall sc27xx_typec_interrupt+0x228/0x23c [sc27xx_typec] returned 0 after 39629 usecs
[   12.761911] init: Loaded kernel module /lib/modules/sc27xx_typec.ko
[   12.762145] init: Loading module /lib/modules/sprd_tcpm.ko with args ''
[   12.766692] init: Loaded kernel module /lib/modules/sprd_tcpm.ko
[   12.766855] init: Loading module /lib/modules/sc27xx_pd.ko with args ''
[   12.769856] calling  sc27xx_pd_read_message+0x294/0x2fc [sc27xx_pd] @ 1
[   12.807402] sc27xx-typec-pd 64200000.spi:pmic@0:pd@e00: 64200000.spi:pmic@0:pd@e00 supply vbus not found, using dummy regulator
[   12.807543] sc27xx-typec-pd 64200000.spi:pmic@0:pd@e00: unable to get vddldo supply
[   12.809064] OF: graph: no port node found in /soc/aon/spi@64200000/pmic@0/pd@e00
[   12.809233] OF: graph: no port node found in /soc/aon/spi@64200000/pmic@0/pd@e00/connector
[   12.809236] OF: graph: no port node found in /soc/aon/spi@64200000/pmic@0/pd@e00/connector
[   12.809315] OF: graph: no port node found in /soc/aon/spi@64200000/pmic@0/pd@e00/connector
[   12.809353] OF: graph: no port node found in /soc/aon/spi@64200000/pmic@0/pd@e00/connector
[   12.809382] OF: graph: no port node found in /soc/aon/spi@64200000/pmic@0/pd@e00/connector
[   12.809415] OF: graph: no port node found in /soc/aon/spi@64200000/pmic@0/pd@e00/connector
[   12.809458] OF: graph: no port node found in /soc/aon/spi@64200000/pmic@0/pd@e00/connector
[   12.809850] sc27xx-typec-pd 64200000.spi:pmic@0:pd@e00: pd := off
[   12.809854] sc27xx-typec-pd 64200000.spi:pmic@0:pd@e00: vbus is already Off
[   12.809857] sc27xx-typec-pd 64200000.spi:pmic@0:pd@e00: charge is already Off
[   12.809862] sc27xx-typec-pd 64200000.spi:pmic@0:pd@e00: vconn NULL!!!
[   12.810087] probe of 64200000.spi:pmic@0:pd@e00 returned 1 after 39702 usecs
[   12.810242] initcall sc27xx_pd_read_message+0x294/0x2fc [sc27xx_pd] returned 0 after 39425 usecs
[   12.810295] sc27xx-typec-pd 64200000.spi:pmic@0:pd@e00: pd := off
[   12.810299] sc27xx-typec-pd 64200000.spi:pmic@0:pd@e00: vbus is already Off
[   12.810302] sc27xx-typec-pd 64200000.spi:pmic@0:pd@e00: charge is already Off
[   12.810305] sc27xx-typec-pd 64200000.spi:pmic@0:pd@e00: vconn NULL!!!
[   12.810342] init: Loaded kernel module /lib/modules/sc27xx_pd.ko
[   12.810513] init: Loading module /lib/modules/sprd_vote.ko with args ''
[   12.813111] init: Loaded kernel module /lib/modules/sprd_vote.ko
[   12.813252] init: Loading module /lib/modules/sprd_battery_info.ko with args ''
[   12.815755] init: Loaded kernel module /lib/modules/sprd_battery_info.ko
[   12.815927] init: Loading module /lib/modules/charger-manager.ko with args ''
[   12.820863] calling  cm_set_charge_control_limit+0xbc/0x15c [charger_manager] @ 1
[   12.821230] charger-manager charger-manager: cm_cap_remap_init_boundary, cap_remap_table[0].lb =1000,cap_remap_table[0].hb = 4000
[   12.821234] charger-manager charger-manager: cap_remap_table[0].lcap= 1,cap_remap_table[0].hcap = 2,cap_remap_table[0].cnt= 3
[   12.821238] charger-manager charger-manager: cm_cap_remap_init_boundary, cap_remap_table[1].lb =4000,cap_remap_table[1].hb = 6000
[   12.821242] charger-manager charger-manager: cap_remap_table[1].lcap= 2,cap_remap_table[1].hcap = 3,cap_remap_table[1].cnt= 2
[   12.821246] charger-manager charger-manager: cm_cap_remap_init_boundary, cap_remap_table[2].lb =101000,cap_remap_table[2].hb = 103000
[   12.821250] charger-manager charger-manager: cap_remap_table[2].lcap= 98,cap_remap_table[2].hcap = 99,cap_remap_table[2].cnt= 2
[   12.821254] charger-manager charger-manager: cm_cap_remap_init_boundary, cap_remap_table[3].lb =103000,cap_remap_table[3].hb = 106000
[   12.821258] charger-manager charger-manager: cap_remap_table[3].lcap= 99,cap_remap_table[3].hcap = 100,cap_remap_table[3].cnt= 3
[   12.821262] charger-manager charger-manager: cap_remap_total_cnt =106, cap_remap_table_len = 4
[   12.821278] charger-manager charger-manager: Ignoring full-battery soc(state of charge) threshold as it is not supplied
[   12.821388] charger-manager charger-manager: Cannot find power supply "sgm41510_charger"
[   12.821405] probe of charger-manager returned 0 after 250 usecs
[   12.821943] initcall cm_set_charge_control_limit+0xbc/0x15c [charger_manager] returned 0 after 1036 usecs
[   12.822051] init: Loaded kernel module /lib/modules/charger-manager.ko
[   12.822127] init: Loading module /lib/modules/sc27xx_fuel_gauge.ko with args ''
[   12.825631] mmc1: dll config 0xa0250d03, dll count 40, tuning length: 60
[   12.826237] calling  sc27xx_fgu_property_is_writeable+0x34/0x48 [sc27xx_fuel_gauge] @ 1
[   12.827189] power_supply sc27xx-fgu: Mmatch: bat.id= fail in cmdline
[   12.827192] power_supply sc27xx-fgu: Batteryid = 0
[   12.827272] power_supply sc27xx-fgu: engy_dens_ocv_hi = 3800000, engy_dens_ocv_lo = 3350000
[   12.827275] power_supply sc27xx-fgu: engy_dens_ocv_hi = 4390000, engy_dens_ocv_lo = 4150000
[   12.827421] sc27xx-fgu 64200000.spi:pmic@0:fgu@c00: shutdown_rtc_time = 1772807674, charge_cycle = 2070, basp = -1, learned_mah = 538317936
[   12.829568] mmc1: the best tuning step range 18-6(the length is 29)
[   12.829572] mmc1: the best step 32, phase 0xcc, delay value 0x72cccc7f
[   12.829590] mmc1: new ultra high speed SDR104 SDXC card at address 0001
[   12.830123] mmcblk1: mmc1:0001 EC2QT 59.6 GiB 
[   12.849299] sc27xx-fgu 64200000.spi:pmic@0:fgu@c00: oci_ma = -1, vol_mv = 4091, pocv = 4091193
[   12.849333] sc27xx-fgu 64200000.spi:pmic@0:fgu@c00: ocv_uv[4091193] is out of dens range
[   12.849337] sc27xx-fgu 64200000.spi:pmic@0:fgu@c00: Boot calib: pocv_uv is not in low energy dens !!!!
[   12.849985] mmcblk1: p1
[   12.850060] sc27xx-fgu 64200000.spi:pmic@0:fgu@c00: init: boot_cap = 943, normal_cap = 920
[   12.850665] probe of mmc1:0001 returned 1 after 20956 usecs
[   12.851212] sc27xx-fgu 64200000.spi:pmic@0:fgu@c00: end_vol = 4295, end_cur = 130
[   12.851244] charger-manager charger-manager: cm_cap_remap_init_boundary, cap_remap_table[0].lb =1000,cap_remap_table[0].hb = 4000
[   12.851249] charger-manager charger-manager: cap_remap_table[0].lcap= 1,cap_remap_table[0].hcap = 2,cap_remap_table[0].cnt= 3
[   12.851253] charger-manager charger-manager: cm_cap_remap_init_boundary, cap_remap_table[1].lb =4000,cap_remap_table[1].hb = 6000
[   12.851256] charger-manager charger-manager: cap_remap_table[1].lcap= 2,cap_remap_table[1].hcap = 3,cap_remap_table[1].cnt= 2
[   12.851259] charger-manager charger-manager: cm_cap_remap_init_boundary, cap_remap_table[2].lb =101000,cap_remap_table[2].hb = 103000
[   12.851263] charger-manager charger-manager: cap_remap_table[2].lcap= 98,cap_remap_table[2].hcap = 99,cap_remap_table[2].cnt= 2
[   12.851267] charger-manager charger-manager: cm_cap_remap_init_boundary, cap_remap_table[3].lb =103000,cap_remap_table[3].hb = 106000
[   12.851270] charger-manager charger-manager: cap_remap_table[3].lcap= 99,cap_remap_table[3].hcap = 100,cap_remap_table[3].cnt= 3
[   12.851273] charger-manager charger-manager: cap_remap_total_cnt =106, cap_remap_table_len = 4
[   12.851280] probe of 64200000.spi:pmic@0:fgu@c00 returned 1 after 24481 usecs
[   12.851288] charger-manager charger-manager: Ignoring full-battery soc(state of charge) threshold as it is not supplied
[   12.851394] charger-manager charger-manager: Cannot find power supply "sgm41510_charger"
[   12.851406] probe of charger-manager returned 0 after 240 usecs
[   12.851550] initcall sc27xx_fgu_property_is_writeable+0x34/0x48 [sc27xx_fuel_gauge] returned 0 after 24694 usecs
[   12.851690] init: Loaded kernel module /lib/modules/sc27xx_fuel_gauge.ko
[   12.851795] charger-manager charger-manager: cm_cap_remap_init_boundary, cap_remap_table[0].lb =1000,cap_remap_table[0].hb = 4000
[   12.851799] charger-manager charger-manager: cap_remap_table[0].lcap= 1,cap_remap_table[0].hcap = 2,cap_remap_table[0].cnt= 3
[   12.851803] charger-manager charger-manager: cm_cap_remap_init_boundary, cap_remap_table[1].lb =4000,cap_remap_table[1].hb = 6000
[   12.851807] charger-manager charger-manager: cap_remap_table[1].lcap= 2,cap_remap_table[1].hcap = 3,cap_remap_table[1].cnt= 2
[   12.851810] charger-manager charger-manager: cm_cap_remap_init_boundary, cap_remap_table[2].lb =101000,cap_remap_table[2].hb = 103000
[   12.851813] charger-manager charger-manager: cap_remap_table[2].lcap= 98,cap_remap_table[2].hcap = 99,cap_remap_table[2].cnt= 2
[   12.851817] charger-manager charger-manager: cm_cap_remap_init_boundary, cap_remap_table[3].lb =103000,cap_remap_table[3].hb = 106000
[   12.851820] charger-manager charger-manager: cap_remap_table[3].lcap= 99,cap_remap_table[3].hcap = 100,cap_remap_table[3].cnt= 3
[   12.851823] charger-manager charger-manager: cap_remap_total_cnt =106, cap_remap_table_len = 4
[   12.851830] charger-manager charger-manager: Ignoring full-battery soc(state of charge) threshold as it is not supplied
[   12.851870] init: Loading module /lib/modules/sgm41510-charger.ko with args ''
[   12.851901] charger-manager charger-manager: Cannot find power supply "sgm41510_charger"
[   12.851909] probe of charger-manager returned 0 after 164 usecs
[   12.855513] calling  sgm41510_charger_vbus_is_enabled+0x58/0xcc [sgm41510_charger] @ 1
[   12.855608] sgm41510_chg 5-006b: pd_extcon_enable :1
[   12.856277] power_supply sgm41510_charger: Mmatch: bat.id= fail in cmdline
[   12.856280] power_supply sgm41510_charger: Batteryid = 0
[   12.856345] power_supply sgm41510_charger: engy_dens_ocv_hi = 3800000, engy_dens_ocv_lo = 3350000
[   12.856348] power_supply sgm41510_charger: engy_dens_ocv_hi = 4390000, engy_dens_ocv_lo = 4150000
[   12.860034] sgm41510_chg 5-006b: battery present = 1, charger type = 1
[   12.861477] sc27xx-fgu 64200000.spi:pmic@0:fgu@c00: UUSOC: cur_avg_ma = -323, resistance_moh = 122, ocv_pzero_uv = 3439406, ocv_pzero_cap = 6, ocv_pzero_mah = 30
[   12.861900] charger-manager charger-manager: cm_cap_remap_init_boundary, cap_remap_table[0].lb =1000,cap_remap_table[0].hb = 4000
[   12.861905] charger-manager charger-manager: cap_remap_table[0].lcap= 1,cap_remap_table[0].hcap = 2,cap_remap_table[0].cnt= 3
[   12.861908] charger-manager charger-manager: cm_cap_remap_init_boundary, cap_remap_table[1].lb =4000,cap_remap_table[1].hb = 6000
[   12.861912] charger-manager charger-manager: cap_remap_table[1].lcap= 2,cap_remap_table[1].hcap = 3,cap_remap_table[1].cnt= 2
[   12.861916] charger-manager charger-manager: cm_cap_remap_init_boundary, cap_remap_table[2].lb =101000,cap_remap_table[2].hb = 103000
[   12.861920] charger-manager charger-manager: cap_remap_table[2].lcap= 98,cap_remap_table[2].hcap = 99,cap_remap_table[2].cnt= 2
[   12.861924] charger-manager charger-manager: cm_cap_remap_init_boundary, cap_remap_table[3].lb =103000,cap_remap_table[3].hb = 106000
[   12.861928] charger-manager charger-manager: cap_remap_table[3].lcap= 99,cap_remap_table[3].hcap = 100,cap_remap_table[3].cnt= 3
[   12.861931] charger-manager charger-manager: cap_remap_total_cnt =106, cap_remap_table_len = 4
[   12.861942] charger-manager charger-manager: Ignoring full-battery soc(state of charge) threshold as it is not supplied
[   12.862023] charger-manager charger-manager: Cannot validate charge voltage
[   12.862072] probe of 5-006b returned 1 after 6507 usecs
[   12.862152] initcall sgm41510_charger_vbus_is_enabled+0x58/0xcc [sgm41510_charger] returned 0 after 6470 usecs
[   12.862271] init: Loaded kernel module /lib/modules/sgm41510-charger.ko
[   12.862453] init: Loading module /lib/modules/bq2597x-charger.ko with args ''
[   12.862570] power_supply sc27xx-fgu: driver failed to report `calibrate' property: -22
[   12.862627] charger-manager charger-manager: POWER_SUPPLY_PROP_CURRENT_NOW is present
[   12.864040] charger-manager charger-manager: POWER_SUPPLY_PROP_TEMP is present
[   12.864049] charger-manager charger-manager: 'vddgen0' regulator's externally_control is 0
[   12.864831] power_supply battery: Mmatch: bat.id= fail in cmdline
[   12.864835] power_supply battery: Batteryid = 0
[   12.864903] power_supply battery: engy_dens_ocv_hi = 3800000, engy_dens_ocv_lo = 3350000
[   12.864906] power_supply battery: engy_dens_ocv_hi = 4390000, engy_dens_ocv_lo = 4150000
[   12.864929] charger-manager charger-manager: SPRD_BATTERY_INFO: internal_resist = 193, us = 4432000, constant_charge_voltage_max_uv = 4432000, fchg_ocv_threshold = 4100000, cp_target_vbat = 4432000, cp_max_ibat = 5000000, cp_target_ibat = 5000000 cp_max_ibus = 2700000, sdp_limit = 500000, sdp_cur = 500000, dcp_limit = 2200000, dcp_cur = 2000000, cdp_limit = 1500000, cdp_cur = 1500000, unknown_limit=2000000, unknown_cur = 2000000. fchg_limit = 2000000, fchg_cur = 3350000, flash_limit = 2700000, flash_cur = 5000000, wl_bpp_limit = 1000000, wl_bpp_cur= 1000000, wl_epp_limit = 1000000, wl_epp_cur = 2000000, fullbatt_uV= 4370000, fullbatt_uA= 260000, cm->desc->first_fullbatt_uA = 260000, us_upper_limit = 4500000, rc = 20, cp_upper_limit_offset = 100000, force_jeita_status = 2
[   12.864979] charger-manager charger-manager: cm_update_charge_info, chgr type = 1, fchg_en = 0, cp_running = 0, cp_recovery = 0 max chg_lmt_cur = 500000uA, max inpt_lmt_cur = 500000uA, max chg_volt = 6000000uV, chg_volt_drop = 700000, adapter_chg_volt = 5000mV, thm_cur = -22, chg_info_cmd = 0xb, jeita_size = 4
[   12.864987] charger-manager charger-manager: cm_sprd_vote_callback, VOTE_TYPE_IBAT[500000]
[   12.865913] sgm41510_chg 5-006b: current = 500, reg_val = 7
[   12.865921] charger-manager charger-manager: cm_sprd_vote_callback, VOTE_TYPE_IBUS[500000]
[   12.866656] charger-manager charger-manager: cm_manager_get_jeita_status: jeita status:(2) 2 2, temperature:354, jeita_size:4
[   12.866660] charger-manager charger-manager: target terminate voltage = 4432000, target current = 500000
[   12.866665] charger-manager charger-manager: cm_sprd_vote_callback, VOTE_TYPE_IBAT[500000]
[   12.866732] calling  bq2597x_check_alarm_status+0x410/0x458 [bq2597x_charger] @ 1
[   12.866813] initcall bq2597x_check_alarm_status+0x410/0x458 [bq2597x_charger] returned 0 after 69 usecs
[   12.866903] init: Loaded kernel module /lib/modules/bq2597x-charger.ko
[   12.866930] sgm41510_chg 5-006b: current = 500, reg_val = 7
[   12.866935] charger-manager charger-manager: cm_sprd_vote_callback, VOTE_TYPE_CCCV[4432000]
[   12.867080] init: Loading module /lib/modules/sc2730_fast_charger.ko with args ''
[   12.867194] charger-manager charger-manager: cm_manager_get_jeita_status: jeita status:(2) 2 2, temperature:354, jeita_size:4
[   12.867198] charger-manager charger-manager: current-last jeita status: 2--1, current temperature: 354
[   12.867201] charger-manager charger-manager: target terminate voltage = 4432000, target current = 500000
[   12.867206] vote_gov:VOTE_TYPE_IBAT vote the same vote_client[0].value = 500000, value = 500000; vote_client[0].enable = 1, enable = 1
[   12.867209] vote_gov:VOTE_TYPE_CCCV vote the same vote_client[0].value = 4432000, value = 4432000; vote_client[0].enable = 1, enable = 1
[   12.870036] calling  sc2730_fchg_disable+0xdc/0x114 [sc2730_fast_charger] @ 1
[   12.870455] vote_gov:VOTE_TYPE_CCCV vote the same vote_client[1].value = 0, value = 0; vote_client[1].enable = 0, enable = 0
[   12.870460] charger-manager charger-manager: cm_ir_compensation_enable enable ir compensation
[   12.870494] charger-manager charger-manager: Cannot find power supply "sc2730_fast_charger"
[   12.870500] charger-manager charger-manager: battery_status 1, charging_status 0
[   12.870510] charger-manager charger-manager: cm_manager_get_jeita_status: jeita status:(2) 2 2, temperature:354, jeita_size:4
[   12.870513] charger-manager charger-manager: current-last jeita status: 2-2, current temperature: 354
[   12.871314] charger-manager charger-manager: battery_status 1, charging_status 0
[   12.871414] probe of charger-manager returned 1 after 9584 usecs
[   12.872168] probe of 64200000.spi:pmic@0:fchg@400 returned 1 after 1264 usecs
[   12.872333] initcall sc2730_fchg_disable+0xdc/0x114 [sc2730_fast_charger] returned 0 after 2232 usecs
[   12.872406] init: Loaded kernel module /lib/modules/sc2730_fast_charger.ko
[   12.872748] init: Loading module /lib/modules/hl1506_charger.ko with args ''
[   12.875416] calling  hl1506_charger_property_is_writeable+0x38/0x5c [hl1506_charger] @ 1
[   12.875481] initcall hl1506_charger_property_is_writeable+0x38/0x5c [hl1506_charger] returned 0 after 56 usecs
[   12.875532] init: Loaded kernel module /lib/modules/hl1506_charger.ko
[   12.875686] init: Loading module /lib/modules/nu1619_wireless_charger.ko with args ''
[   12.879325] calling  nu1619_prop_is_writeable+0x20/0x7c [nu1619_wireless_charger] @ 1
[   12.879393] initcall nu1619_prop_is_writeable+0x20/0x7c [nu1619_wireless_charger] returned 0 after 56 usecs
[   12.879456] init: Loaded kernel module /lib/modules/nu1619_wireless_charger.ko
[   12.879601] init: Loading module /lib/modules/misc_sprd_uid.ko with args ''
[   12.882036] calling  uid_show+0x50/0x64 [misc_sprd_uid] @ 1
[   12.882289] probe of sprd_uid returned 1 after 179 usecs
[   12.882827] initcall uid_show+0x50/0x64 [misc_sprd_uid] returned 0 after 764 usecs
[   12.882886] init: Loaded kernel module /lib/modules/misc_sprd_uid.ko
[   12.883035] init: Loading module /lib/modules/chipone_tddi.ko with args ''
[   12.893794] calling  __typeid__ZTSFiPK10cts_devicejjmE_global_addr+0x144/0x5d4 [chipone_tddi] @ 1
[   12.893801] <I>CTS-Driver Chipone touch driver init, version: v1.36.3
[   12.893803] <I>CTS-Driver  - Register spi driver
[   12.893918] <I>CTS-SPIDrv Probe spi device 'chipone-tddi': mode='0' speed=10000000 bits_per_word=8 chip_select=0, cs_gpio=-2 irq=92
[   12.893937] <I>CTS-Plat Init
[   12.893938] <I>CTS-Plat Parse device tree
[   12.893960] <I>CTS-Plat   int gpio    : 208
[   12.893965] <I>CTS-Plat   irq num     : 92
[   12.893971] <I>CTS-Plat   rst gpio    : 209
[   12.893974] <I>CTS-Plat   X resolution: 720
[   12.893976] <I>CTS-Plat   Y resolution: 1600
[   12.894096] input: chipone-tddi as /devices/platform/soc/soc:ap-apb/20150000.spi/spi_master/spi3/spi3.0/input/input34
[   12.894727] <I>CTS-Plat Run thread for IRQ success
[   12.894734] <I>CTS-Plat IRQ thread start ...
[   12.895720] <I>CTS-Plat Request resource
[   12.895753] <I>CTS-Plat Reset device
[   12.946798] <I>CTS-Core Probe device
[   12.947045] <I>CTS-Core Get device firmware id
[   12.947267] <I>CTS-Core Device firmware id: 9954
[   12.947269] <I>CTS-Core Init firmware data
[   12.947488] <I>CTS-Core   Firmware version        : 0205
[   12.947906] <I>CTS-Core   Fimrware lib verion     : v2.f0
[   12.948126] <I>CTS-Core   DDI init code verion    : 00
[   12.948346] <I>CTS-Core   X resolution            : 719
[   12.948561] <I>CTS-Core   Y resolution            : 1599
[   12.948768] <I>CTS-Core   Num rows                : 32
[   12.948974] <I>CTS-Core   Num cols                : 18
[   12.949181] <I>CTS-Core   Flip X                  : True
[   12.949184] <I>CTS-Core   Flip Y                  : False
[   12.949398] <I>CTS-Core   Swap axes               : False
[   12.949606] <I>CTS-Core   Int polarity            : LOW
[   12.949828] <I>CTS-Core   Int keep time           : 3000
[   12.950042] <I>CTS-Core   Raw target value        : 2000
[   12.950258] <I>CTS-Core   Gstr Raw target value   : 2000
[   12.950698] <I>CTS-Core   Esd method              : 1
[   12.950910] <I>CTS-Core   Headphone cable reject  : True
[   12.950913] <I>CTS-Core Init hardware data hwid: ffffffff fwid: 9954
[   12.950939] <I>CTS-Plat Init touch device
[   12.950941] <I>CTS-Plat Init gesture
[   12.950945] <I>CTS-Core Init ESD protection
[   12.950947] <I>CTS-Tool Init
[   12.950951] <I>CTS-Sysfs Add device attr groups
[   12.951051] <I>CTS-CDev Init
[   12.951067] <I>CTS-CDev Allocated cdev major: 491, minor: 0
[   12.951143] <I>CTS-Driver Init FB notifier
[   12.951145] <I>CTS-Plat Request IRQ flags: 0x2002
[   12.951193] <I>CTS-Charger Init detect
[   12.951195] <I>CTS-Charger Parse dt
[   12.951201] <W>CTS-Charger Parse charger detect type failed -22(EINVAL, Invalid argument)
[   12.951205] <W>CTS-Charger Parse power supply name failed -22(EINVAL, Invalid argument)
[   12.951209] <W>CTS-Charger Parse power supply prop failed -22(EINVAL, Invalid argument)
[   12.951211] <W>CTS-Charger Parse power supply prop polling interval failed -22(EINVAL, Invalid argument)
[   12.951213] <I>CTS-Charger Detect: DISABLED
[   12.951214] <I>CTS-Charger   Type    : notify
[   12.951217] <I>CTS-Charger   PSY Name: usb, prop: 4(POWER_SUPPLY_PROP_ONLINE)
[   12.951218] <I>CTS-Charger   Poll Int: 2000ms
[   12.951228] <I>CTS-Charger Create sysfs attr group 'charger-det'
[   12.951240] <I>CTS-Earjack Init detect
[   12.951242] <I>CTS-Earjack Parse dt
[   12.951245] <W>CTS-Earjack Parse state filepath failed -22(EINVAL, Invalid argument)
[   12.951248] <W>CTS-Earjack Parse poll interval failed -22(EINVAL, Invalid argument)
[   12.951249] <I>CTS-Earjack Detect: DISABLED
[   12.951250] <I>CTS-Earjack   Filepath: ''
[   12.951252] <I>CTS-Earjack   Poll Int: 2000ms
[   12.951253] <I>CTS-Earjack Create sysfs attr group 'earjack-det'
[   12.951262] <I>CTS-Oem Init
[   12.951263] <I>CTS-Oem  - Create '/proc/tp_selftest'
[   12.951271] <I>CTS-Driver Create sysfs ts_suspend group succesfully!
[   12.951334] probe of spi3.0 returned 1 after 57495 usecs
[   12.951404] initcall __typeid__ZTSFiPK10cts_devicejjmE_global_addr+0x144/0x5d4 [chipone_tddi] returned 0 after 56215 usecs
[   12.951587] init: Loaded kernel module /lib/modules/chipone_tddi.ko
[   12.951759] init: Loading module /lib/modules/musb_hdrc.ko with args ''
[   12.960508] calling  __typeid__ZTSFi19musb_vbus_id_statusE_global_addr+0x10/0x38 [musb_hdrc] @ 1
[   12.960886] initcall __typeid__ZTSFi19musb_vbus_id_statusE_global_addr+0x10/0x38 [musb_hdrc] returned 0 after 337 usecs
[   12.961058] init: Loaded kernel module /lib/modules/musb_hdrc.ko
[   12.961234] init: Loading module /lib/modules/musb_sprd.ko with args ''
[   12.964281] calling  sprd_musb_interrupt+0x244/0x28c [musb_sprd] @ 1
[   12.964806] musb-sprd 64900000.usb: failed to get pmu regmap!
[   12.965018] (NULL device *): sprd_musb_enable:SOFTDISCONN
[   12.976468] sgm41510_chg 5-006b: sgm41510_charger_dump_register: [REG_0x00]=0x04; [REG_0x01]=0x06; [REG_0x02]=0x11; [REG_0x03]=0x1a; [REG_0x04]=0x07; [REG_0x05]=0x12; [REG_0x06]=0x96; [REG_0x07]=0x9f; [REG_0x08]=0x03; [REG_0x09]=0x44; [REG_0x0a]=0x70; [REG_0x0b]=0x56; [REG_0x0c]=0x88; [REG_0x0d]=0x8d; [REG_0x0e]=0x00; [REG_0x0f]=0x00; [REG_0x10]=0x00; [REG_0x11]=0x80; [REG_0x12]=0x00; [REG_0x13]=0x40; [REG_0x14]=0x00; [REG_0x15]=0x0c; 
[   12.995764] musb-hdrc musb-hdrc.1.auto: MUSB HDRC host driver
[   12.995780] musb-hdrc musb-hdrc.1.auto: new USB bus registered, assigned bus number 1
[   12.995895] usb usb1: New USB device found, idVendor=1d6b, idProduct=0002, bcdDevice= 5.04
[   12.995899] usb usb1: New USB device strings: Mfr=3, Product=2, SerialNumber=1
[   12.995904] usb usb1: Product: MUSB HDRC host driver
[   12.995907] usb usb1: Manufacturer: Linux 5.4.254-ab181 musb-hcd
[   12.995910] usb usb1: SerialNumber: musb-hdrc.1.auto
[   12.996164] hub 1-0:1.0: USB hub found
[   12.996192] hub 1-0:1.0: 1 port detected
[   12.996352] probe of 1-0:1.0 returned 1 after 205 usecs
[   12.996411] probe of usb1 returned 1 after 339 usecs
[   13.003388] probe of musb-hdrc.1.auto returned 1 after 38429 usecs
[   13.003544] probe of 64900000.usb returned 1 after 38970 usecs
[   13.003886] initcall sprd_musb_interrupt+0x244/0x28c [musb_sprd] returned 0 after 38658 usecs
[   13.004034] init: Loaded kernel module /lib/modules/musb_sprd.ko
[   13.004219] init: Loading module /lib/modules/agdsp_access.ko with args ''
[   13.007552] calling  agdsp_access_init_thread+0x210/0x220 [agdsp_access] @ 1
[   13.007909] [sprd-aud-agdsp] agdsp_access_probe auto agcp access = 0
[   13.007919] [sprd-aud-agdsp] audcp_pmu_sleep_ctrl:reg:850,mask:8
[   13.007922] [sprd-aud-agdsp] audcp_pmu_slp_status:reg:860,mask:f000
[   13.007924] [sprd-aud-agdsp] audcp_pmu_pwr_status4:reg:544,mask:1f00
[   13.007927] [sprd-aud-agdsp] audcp_pmu_pwr_status3:reg:544,mask:1f0000
[   13.007930] [sprd-aud-agdsp] ap_access_ena:reg:14c,mask:20
[   13.008595] probe of soc:agcp:agdsp-access returned 1 after 727 usecs
[   13.008758] [sprd-aud-agdsp] Failed to open channel 0,dst=0,rval=-19
[   13.008871] initcall agdsp_access_init_thread+0x210/0x220 [agdsp_access] returned 0 after 1276 usecs
[   13.008959] init: Loaded kernel module /lib/modules/agdsp_access.ko
[   13.009180] init: Loading module /lib/modules/audio_mem.ko with args ''
[   13.012383] calling  audio_smem_init+0xd4/0xe4 [audio_mem] @ 1
[   13.012870] [Audio:MEM] dsp_bin (addr, size): (0x89000000, 0x600000)
[   13.012884] [Audio:MEM] audio_mem_sharkl5_parse_dt ddr32 (COMMD_PARAMS), (SMS), (AUD_STRUCT), (DSP_VBC), (SHM_NXP), (SHM_IVS_SMARTPA) (SHM_REG_DUMP)
[   13.012889] [Audio:MEM] ddr32 (addr, size) (0x94380000, 0x400), (0x94380400, 0xa10), (0x94380e10, 0x400), (0x94381210, 0x1400), (0x94382610, 0x400), (0x94382a10, 0x1000), (0x94383a10, 0x400)
[   13.012892] [Audio:MEM] audio_mem_sharkl5_parse_dt iram_ap_base=0x56800000
[   13.012895] [Audio:MEM] audio_mem_sharkl5_parse_dt iram_dsp_base=0x56800000
[   13.012900] [Audio:MEM] audio_mem_sharkl5_parse_dt audio iram(OFFLOAD), (NORMAL_CAP NODE1), (NORMAL_CAP NODE2), (NORMAL_CAP DATA)
[   13.012903] [Audio:MEM] iram(addr size), (0x56800000,0x5c00), (0x56805e00,0x200), (0x56807e00,0x200), (0x56806000,0x1e00)
[   13.012911] [Audio:MEM] iram audcp aon (addr size), (0x65009400, 0x1000)
[   13.012923] [Audio:MEM] audio_mem_sharkl5_probe addr= 0x94380e10, size=0x400
[   13.012924] [Audio:MEM] audio_mem_sharkl5_probe addr= 0x94381210, size=0x1400
[   13.012926] [Audio:MEM] audio_mem_sharkl5_probe addr= 0x94382610, size=0x400
[   13.012928] [Audio:MEM] audio_mem_sharkl5_probe addr= 0x94383a10, size=0x400
[   13.012929] [Audio:MEM] audio_mem_sharkl5_probe addr= 0x94382a10, size=0x1000
[   13.012931] [Audio:MEM] audio_mem_sharkl5_probe addr= 0x94100000, size=0x200000
[   13.012932] [Audio:MEM] audio_mem_sharkl5_probe addr= 0x94380000, size=0x400
[   13.012937] [Audio:MEM] audio_mem_sharkl5_probe addr= 0x94380400, size=0xa10
[   13.012939] [Audio:MEM] audio_mem_sharkl5_probe addr= 0x56800000, size=0x5c00
[   13.012941] [Audio:MEM] audio_mem_sharkl5_probe addr= 0x94300000, size=0x80000
[   13.012942] [Audio:MEM] audio_mem_sharkl5_probe addr= 0x0, size=0x0
[   13.012944] [Audio:MEM] audio_mem_sharkl5_probe addr= 0x0, size=0x0
[   13.012946] [Audio:MEM] audio_mem_sharkl5_probe addr= 0x0, size=0x0
[   13.012947] [Audio:MEM] audio_mem_sharkl5_probe addr= 0x0, size=0x0
[   13.012948] [Audio:MEM] audio_mem_sharkl5_probe addr= 0x0, size=0x0
[   13.012950] [Audio:MEM] audio_mem_sharkl5_probe addr= 0x0, size=0x0
[   13.012951] [Audio:MEM] audio_mem_sharkl5_probe addr= 0x0, size=0x0
[   13.012953] [Audio:MEM] audio_mem_sharkl5_probe addr= 0x56805e00, size=0x200
[   13.012954] [Audio:MEM] audio_mem_sharkl5_probe addr= 0x56807e00, size=0x200
[   13.012956] [Audio:MEM] audio_mem_sharkl5_probe addr= 0x56806000, size=0x1e00
[   13.012957] [Audio:MEM] audio_mem_sharkl5_probe addr= 0x89000000, size=0x600000
[   13.012959] [Audio:MEM] audio_mem_sharkl5_probe addr= 0x65009400, size=0x1000
[   13.013019] probe of audio-mem-mgr returned 1 after 198 usecs
[   13.013291] initcall audio_smem_init+0xd4/0xe4 [audio_mem] returned 0 after 875 usecs
[   13.013358] init: Loaded kernel module /lib/modules/audio_mem.ko
[   13.013530] init: Loading module /lib/modules/audio_sipc.ko with args ''
[   13.017222] calling  aud_smsg_syscore_suspend+0x8c/0x94 [audio_sipc] @ 1
[   13.017556] [Audio:SIPC] audio_sipc_probe in
[   13.017558] [Audio:SIPC] aud_ipc_init
[   13.017561] [Audio:MEM] audio_mem_alloc mem_type=7 addr = 0x94380400, size=0xa10
[   13.017575] [Audio:SIPC] audio_sipc_create: ioremap txbuf: vbase=0xffffffc013c05400, pbase=0x94380400, size=0x500
[   13.017577] [Audio:SIPC] audio_sipc_create successfully
[   13.017580] [Audio:MEM] audio_mem_alloc mem_type=6 addr = 0x94380000, size=0x400
[   13.017583] [Audio:MEM] audio_mem_alloc mem_type=0 addr = 0x94380e10, size=0x400
[   13.017588] [Audio:MEM] audio_mem_alloc mem_type=1 addr = 0x94381210, size=0x1400
[   13.017603] [Audio:MEM] audio_mem_alloc mem_type=2 addr = 0x94382610, size=0x400
[   13.017608] [Audio:MEM] audio_mem_alloc mem_type=3 addr = 0x94383a10, size=0x400
[   13.017613] [Audio:MEM] audio_mem_alloc mem_type=4 addr = 0x94382a10, size=0x1000
[   13.017639] unisoc-mailbox 641c0000.mailbox: startup chan-5
[   13.017642] [Audio:SIPC] mailbox request success
[   13.017695] probe of audio-sipc returned 1 after 171 usecs
[   13.017906] initcall aud_smsg_syscore_suspend+0x8c/0x94 [audio_sipc] returned 0 after 650 usecs
[   13.017978] init: Loaded kernel module /lib/modules/audio_sipc.ko
[   13.018049] init: Loading module /lib/modules/audio-dsp-dump.ko with args ''
[   13.021673] calling  _copy_to_user+0x144/0x170 [audio_dsp_dump] @ 1
[   13.022065] [Audio:DSPDUMP] audio_dsp_probe in
[   13.022071] [Audio:DSPDUMP] audio_dsp_parse_dt, no sprd-txblocknum
[   13.022073] [Audio:DSPDUMP] audio_dsp_parse_dt, no sprd-txblocknum
[   13.022077] [Audio:DSPDUMP] audio_dsp_probe:name=audio_dsp_log, dst=1, channel=4
[   13.022080] [Audio:DSPDUMP] txblocknum=0,txblocksize=0 rxblocknum=8,rxblocksize=8192
[   13.022081] [Audio:DSPDUMP] begin to creat sblock
[   13.022086] [Audio:SBLCK] audio_sblock_ch_open aud_smsg_ch_opened dst 1,channel=4
[   13.022093] [Audio:MEM] audio_mem_alloc mem_type=5 addr = 0x94100000, size=0x100e0
[   13.022095] [Audio:SBLCK] audio_sblock_create smem_addr is 0x94100000
[   13.022117] [Audio:SBLCK] summer: audio_sblock_create head size is 96
[   13.022122] [Audio:SBLCK] summer audio_sblock_create:p_rxblks[0].addr 0x94100060, 0xffffffc013c1f0a0
[   13.022125] [Audio:SBLCK] summer audio_sblock_create:p_rxblks[1].addr 0x94102060, 0xffffffc013c1f0a8
[   13.022127] [Audio:SBLCK] summer audio_sblock_create:p_rxblks[2].addr 0x94104060, 0xffffffc013c1f0b0
[   13.022130] [Audio:SBLCK] summer audio_sblock_create:p_rxblks[3].addr 0x94106060, 0xffffffc013c1f0b8
[   13.022133] [Audio:SBLCK] summer audio_sblock_create:p_rxblks[4].addr 0x94108060, 0xffffffc013c1f0c0
[   13.022136] [Audio:SBLCK] summer audio_sblock_create:p_rxblks[5].addr 0x9410a060, 0xffffffc013c1f0c8
[   13.022138] [Audio:SBLCK] summer audio_sblock_create:p_rxblks[6].addr 0x9410c060, 0xffffffc013c1f0d0
[   13.022140] [Audio:SBLCK] summer audio_sblock_create:p_rxblks[7].addr 0x9410e060, 0xffffffc013c1f0d8
[   13.022143] [Audio:SBLCK] summer : poolhd->rxblk_wrptr 8
[   13.022739] [Audio:SBLCK] audio_sblock_thread: send smem_addr  to dsp,  sblock->channel=4
[   13.022743] [Audio:SMSG] warning aud_smsg_recv cache is empty!
[   13.022746] [Audio:SIPC] aud_recv_cmd channel =4 cmd=33 ENODATA
[   13.022749] [Audio:SIPC] aud_send_msg,cmd: 0x21, value0: 0x1, value1: 0x94100000,
[   13.022751] [Audio:SIPC]  value2: 0x100e0, value3: 0x0
[   13.022753] [Audio:SMSG] aud_smsg_send: dst=1, channel=4
[   13.022793] [Audio:DSPDUMP] dsp_log_tp_probe success  audio_dsp_log
[   13.022840] probe of audio-dsp-dump@0 returned 1 after 797 usecs
[   13.022864] [Audio:DSPDUMP] audio_dsp_probe in
[   13.022868] [Audio:DSPDUMP] audio_dsp_parse_dt, no sprd-txblocknum
[   13.022870] [Audio:DSPDUMP] audio_dsp_parse_dt, no sprd-txblocknum
[   13.022874] [Audio:DSPDUMP] audio_dsp_probe:name=audio_dsp_pcm, dst=1, channel=3
[   13.022876] [Audio:DSPDUMP] txblocknum=0,txblocksize=0 rxblocknum=8,rxblocksize=8192
[   13.022877] [Audio:DSPDUMP] begin to creat sblock
[   13.022880] [Audio:SBLCK] audio_sblock_ch_open aud_smsg_ch_opened dst 1,channel=3
[   13.022884] [Audio:MEM] audio_mem_alloc mem_type=5 addr = 0x94111000, size=0x100e0
[   13.022886] [Audio:SBLCK] audio_sblock_create smem_addr is 0x94111000
[   13.022905] [Audio:SBLCK] summer: audio_sblock_create head size is 96
[   13.022909] [Audio:SBLCK] summer audio_sblock_create:p_rxblks[0].addr 0x94111060, 0xffffffc013c3f0a0
[   13.022912] [Audio:SBLCK] summer audio_sblock_create:p_rxblks[1].addr 0x94113060, 0xffffffc013c3f0a8
[   13.022915] [Audio:SBLCK] summer audio_sblock_create:p_rxblks[2].addr 0x94115060, 0xffffffc013c3f0b0
[   13.022917] [Audio:SBLCK] summer audio_sblock_create:p_rxblks[3].addr 0x94117060, 0xffffffc013c3f0b8
[   13.022920] [Audio:SBLCK] summer audio_sblock_create:p_rxblks[4].addr 0x94119060, 0xffffffc013c3f0c0
[   13.022923] [Audio:SBLCK] summer audio_sblock_create:p_rxblks[5].addr 0x9411b060, 0xffffffc013c3f0c8
[   13.022925] [Audio:SBLCK] summer audio_sblock_create:p_rxblks[6].addr 0x9411d060, 0xffffffc013c3f0d0
[   13.022928] [Audio:SBLCK] summer audio_sblock_create:p_rxblks[7].addr 0x9411f060, 0xffffffc013c3f0d8
[   13.022930] [Audio:SBLCK] summer : poolhd->rxblk_wrptr 8
[   13.023267] [Audio:SBLCK] audio_sblock_thread: send smem_addr  to dsp,  sblock->channel=3
[   13.023269] [Audio:SMSG] warning aud_smsg_recv cache is empty!
[   13.023271] [Audio:SIPC] aud_recv_cmd channel =3 cmd=33 ENODATA
[   13.023272] [Audio:SIPC] aud_send_msg,cmd: 0x21, value0: 0x1, value1: 0x94111000,
[   13.023274] [Audio:SIPC]  value2: 0x100e0, value3: 0x0
[   13.023275] [Audio:SMSG] aud_smsg_send: dst=1, channel=3
[   13.023287] [Audio:DSPDUMP] dsp_log_tp_probe success  audio_dsp_pcm
[   13.023322] probe of audio-dsp-dump@1 returned 1 after 473 usecs
[   13.023346] [Audio:DSPDUMP] audio_dsp_probe in
[   13.023351] [Audio:DSPDUMP] sprd-usemem-bytes 524288
[   13.023365] [Audio:DSPDUMP] audio_dsp_log.c: dsp_mem_dump: dump1_p:56200000,size:65536, 2:65009400, 4096,3:89300000,389120
[   13.023367] [Audio:DSPDUMP] audio_dsp_probe:name=audio_dsp_mem, dst=1, channel=5
[   13.023369] [Audio:DSPDUMP] txblocknum=0,txblocksize=0 rxblocknum=0,rxblocksize=0
[   13.023371] [Audio:DSPDUMP] channel 5 open ok
[   13.023373] [Audio:MEM] audio_mem_alloc mem_type=9 addr = 0x94300000, size=0x80000
[   13.023376] [Audio:DSPDUMP] aud_dsp_addr: mem: mem type 9, mem_addr 94300000
[   13.023377] [Audio:DSPDUMP] aud_dsp_addr: mem: dsp space mem_addr 94300000
[   13.023537] [Audio:DSPDUMP] dsp_log_tp_probe success  audio_dsp_mem
[   13.023570] probe of audio-dsp-dump@2 returned 1 after 239 usecs
[   13.023798] initcall _copy_to_user+0x144/0x170 [audio_dsp_dump] returned 0 after 2061 usecs
[   13.023894] init: Loaded kernel module /lib/modules/audio-dsp-dump.ko
[   13.024075] init: Loading module /lib/modules/asix.ko with args ''
[   13.029060] calling  ax88172a_ioctl+0x3c/0x50 [asix] @ 1
[   13.029106] usbcore: registered new interface driver asix
[   13.029124] initcall ax88172a_ioctl+0x3c/0x50 [asix] returned 0 after 45 usecs
[   13.029198] init: Loaded kernel module /lib/modules/asix.ko
[   13.029357] init: Loading module /lib/modules/ax88179_178a.ko with args ''
[   13.032589] calling  ax88179_set_features+0x23c/0x270 [ax88179_178a] @ 1
[   13.032622] usbcore: registered new interface driver ax88179_178a
[   13.032632] initcall ax88179_set_features+0x23c/0x270 [ax88179_178a] returned 0 after 32 usecs
[   13.032680] init: Loaded kernel module /lib/modules/ax88179_178a.ko
[   13.032806] init: Loading module /lib/modules/sprd_apipe.ko with args ''
[   13.033030] [Audio:SIPC] aud_recv_cmd, chan: 0x4, cmd: 0x21, value0: 0x1, value1: 0x94100000,
[   13.033032] [Audio:SIPC]  value2: 0x100e0, value3: 0x0, timeout: -1
[   13.033035] [Audio:SIPC] aud_send_cmd_no_param channel=4, cmd=33 repeat_count=1
[   13.033038] [Audio:SIPC] aud_send_cmd_no_param out,channel = 4 cmd =33 ret-value:0,repeat_count=1
[   13.033039] [Audio:SBLCK] aud_send_cmd_noparam returned.
[   13.033041] [Audio:SBLCK] audio_sblock_thread listen to smsg from dsp
[   13.033064] [Audio:SIPC] aud_recv_cmd, chan: 0x3, cmd: 0x21, value0: 0x1, value1: 0x94111000,
[   13.033066] [Audio:SIPC]  value2: 0x100e0, value3: 0x0, timeout: -1
[   13.033069] [Audio:SIPC] aud_send_cmd_no_param channel=3, cmd=33 repeat_count=1
[   13.033071] [Audio:SIPC] aud_send_cmd_no_param out,channel = 3 cmd =33 ret-value:0,repeat_count=1
[   13.033072] [Audio:SBLCK] aud_send_cmd_noparam returned.
[   13.033074] [Audio:SBLCK] audio_sblock_thread listen to smsg from dsp
[   13.035660] calling  _copy_to_user+0x128/0x180 [sprd_apipe] @ 1
[   13.036108] (NULL device *): name=apipe-pcm
[   13.036223] probe of apipe-pcm returned 1 after 152 usecs
[   13.036245] (NULL device *): name=apipe-cmd-in
[   13.036314] probe of apipe-cmd-in returned 1 after 81 usecs
[   13.036334] (NULL device *): name=apipe-cmd-out
[   13.036390] probe of apipe-cmd-out returned 1 after 69 usecs
[   13.036616] initcall _copy_to_user+0x128/0x180 [sprd_apipe] returned 0 after 920 usecs
[   13.036668] init: Loaded kernel module /lib/modules/sprd_apipe.ko
[   13.036806] init: Loading module /lib/modules/audio-pipe.ko with args ''
[   13.039758] calling  _copy_to_user+0x124/0x160 [audio_pipe] @ 1
[   13.040218] [Audio:PIPE] aud_pipe_data->channel:2
[   13.040220] [Audio:PIPE] audio_pipe_probe:name=audio_pipe_voice
[   13.040307] probe of audio_pipe_voice returned 1 after 110 usecs
[   13.040329] [Audio:PIPE] aud_pipe_data->channel:8
[   13.040331] [Audio:PIPE] audio_pipe_probe:name=audio_pipe_effect
[   13.040398] probe of audio_pipe_effect returned 1 after 83 usecs
[   13.040421] [Audio:PIPE] aud_pipe_data->channel:9
[   13.040423] [Audio:PIPE] audio_pipe_probe:name=audio_pipe_recordproc
[   13.040484] probe of audio_pipe_voiceproc returned 1 after 78 usecs
[   13.040508] [Audio:PIPE] aud_pipe_data->channel:11
[   13.040510] [Audio:PIPE] audio_pipe_probe:name=audio_pipe_bthal
[   13.040582] probe of audio_pipe_bthal returned 1 after 88 usecs
[   13.040825] initcall _copy_to_user+0x124/0x160 [audio_pipe] returned 0 after 1030 usecs
[   13.040880] init: Loaded kernel module /lib/modules/audio-pipe.ko
[   13.041008] init: Loading module /lib/modules/mcdt_hw_r2p0.ko with args ''
[   13.044863] calling  mcdt_probe+0x1b8/0x1c4 [mcdt_hw_r2p0] @ 1
[   13.045243] probe of 56490000.mcdt returned 1 after 102 usecs
[   13.045499] initcall mcdt_probe+0x1b8/0x1c4 [mcdt_hw_r2p0] returned 0 after 609 usecs
[   13.045563] init: Loaded kernel module /lib/modules/mcdt_hw_r2p0.ko
[   13.045717] init: Loading module /lib/modules/sprd_audcp_dvfs.ko with args ''
[   13.048687] calling  status_show+0x20/0xd4 [sprd_audcp_dvfs] @ 1
[   13.049146] probe of audiocp-dvfs returned 1 after 118 usecs
[   13.049343] initcall status_show+0x20/0xd4 [sprd_audcp_dvfs] returned 0 after 630 usecs
[   13.049417] init: Loaded kernel module /lib/modules/sprd_audcp_dvfs.ko
[   13.049567] init: Loading module /lib/modules/sprd_audcp_boot.ko with args ''
[   13.052132] calling  ldinfo_show+0x34/0x58 [sprd_audcp_boot] @ 1
[   13.052578] [Audio:MEM] audio_mem_alloc mem_type=20 addr = 0x89000000, size=0x600000
[   13.052642] sprd_audcp_boot audiocp_boot: base_addr_phy = 0x89000000, base_addr_virt=(____ptrval____), bin size =0x600000
[   13.052645] [Audio:MEM] audio_mem_alloc mem_type=21 addr = 0x65009400, size=0x1000
[   13.052708] probe of audiocp_boot returned 1 after 165 usecs
[   13.052941] initcall ldinfo_show+0x34/0x58 [sprd_audcp_boot] returned 0 after 782 usecs
[   13.052989] init: Loaded kernel module /lib/modules/sprd_audcp_boot.ko
[   13.053221] init: Loading module /lib/modules/snd-soc-aw87xxx.ko with args ''
[   13.058486] calling  __typeid__ZTSFiP9aw_deviceP17aw_data_containerE_global_addr+0x6c/0x74 [snd_soc_aw87xxx] @ 1
[   13.058491] [Awinic] aw87xxx_pa_init:driver version: v2.6.0
[   13.058580] [Awinic] [4-005b]aw87xxx_malloc_init: struct aw87xxx devm_kzalloc and init down
[   13.058583] [Awinic] [4-005b]aw87xxx_dtsi_parse: parse dev_index=[0]
[   13.058599] [Awinic] [4-005b]aw87xxx_dtsi_parse: reset gpio[178] parse succeed
[   13.058621] [Awinic] [4-005b]aw87xxx_device_parse_port_id_dt: read aw-rx-port-id failed,use default
[   13.058623] [Awinic] [4-005b]aw87xxx_device_parse_port_id_dt: rx-port-id: 0x4000
[   13.058626] [Awinic] [4-005b]aw87xxx_device_parse_topo_id_dt: read aw-rx-topo-id failed,use default
[   13.058628] [Awinic] [4-005b]aw87xxx_device_parse_topo_id_dt: rx-topo-id: 0x1000ff01
[   13.062645] [Awinic] [4-005b]aw87xxx_dev_hw_pwr_ctrl: hw power on
[   13.063096] [Awinic] [4-005b]aw87xxx_dev_get_chipid: read chipid[0x59] succeed
[   13.063099] [Awinic] [4-005b]aw_dev_chip_init: product is pid_59_5x9 class
[   13.064120] musb-sprd 64900000.usb: enter into idle mode
[   13.064285] musb-sprd 64900000.usb: enter into suspend mode
[   13.065236] [Awinic] [4-005b]aw87xxx_dev_hw_pwr_ctrl: hw power off
[   13.065253] [Awinic] [4-005b]aw87xxx_fw_load_init: enter
[   13.065259] [Awinic] [4-005b]aw_monitor_dtsi_parse: esd_enable parse failed, user default[disable]
[   13.065266] [Awinic] [4-005b]aw87xxx_monitor_init: monitor init succeed
[   13.065270] [Awinic] [4-005b]aw87xxx_i2c_probe: succeed, dev_index=[0], g_aw87xxx_dev_cnt= [1]
[   13.065340] probe of 4-005b returned 1 after 6794 usecs
[   13.065399] initcall __typeid__ZTSFiP9aw_deviceP17aw_data_containerE_global_addr+0x6c/0x74 [snd_soc_aw87xxx] returned 0 after 6726 usecs
[   13.065525] init: Loaded kernel module /lib/modules/snd-soc-aw87xxx.ko
[   13.065697] init: Loading module /lib/modules/snd-soc-sprd-card.ko with args ''
[   13.070730] calling  __typeid__ZTSFiiiE_global_addr+0x38/0xed8 [snd_soc_sprd_card] @ 1
[   13.071390] [ASoC:BOARD] ERR: asoc_sprd_card_sub_parse_of get dai name for 'cpu' failed!(-517)
[   13.071395] vbc-rxpx-codec-sc27xx sound@0: asoc_sprd_card_parse_of: Parsing dai link 0 failed(-517)!
[   13.071397] [ASoC:BOARD] ERR: vbc_rxpx_codec_sc27xx_probe, asoc_sprd_card_probe failed!
[   13.071401] vbc-rxpx-codec-sc27xx sound@0: Count 'sprd,spk-ext-pa-info' failed!(-22)
[   13.071417] probe of sound@0 returned 0 after 131 usecs
[   13.071679] initcall __typeid__ZTSFiiiE_global_addr+0x38/0xed8 [snd_soc_sprd_card] returned 0 after 905 usecs
[   13.071778] init: Loaded kernel module /lib/modules/snd-soc-sprd-card.ko
[   13.071856] init: Loading module /lib/modules/snd-soc-sprd-codec-sc2730.ko with args ''
[   13.080710] calling  __dsp_fm_mute_by_set_dg+0x180/0x10f4 [snd_soc_sprd_codec_sc2730] @ 1
[   13.081278] [ASoC:SC2730] sprd_codec_probe
[   13.081286] [ASoC:SC2730] sprd_codec_ana_probe :adi_rgmp = (____ptrval____), val=0x1000
[   13.081299] [ASoC: COM ] set_agcp_ahb_offset agcp_ahb_set_offset 0x1000, agcp_ahb_clr_offset 0x2000
[   13.100282] platform 56750000.audio-codec: Get the sprd,anlg-phy-g-syscon failed!(-19)
[   13.100358] [ASoC:SC2730] ana_chip_id is 0x2730
[   13.100407] sprd-codec-sc2730 64200000.spi:pmic@0:audio-codec@1000: 64200000.spi:pmic@0:audio-codec@1000 supply MICBIAS not found, using dummy regulator
[   13.100576] sprd-codec-sc2730 64200000.spi:pmic@0:audio-codec@1000: 64200000.spi:pmic@0:audio-codec@1000 supply HEADMICBIAS not found, using dummy regulator
[   13.100607] sprd-codec-sc2730 64200000.spi:pmic@0:audio-codec@1000: 64200000.spi:pmic@0:audio-codec@1000 supply VB not found, using dummy regulator
[   13.100638] sprd-codec-sc2730 64200000.spi:pmic@0:audio-codec@1000: 64200000.spi:pmic@0:audio-codec@1000 supply BG not found, using dummy regulator
[   13.100668] sprd-codec-sc2730 64200000.spi:pmic@0:audio-codec@1000: 64200000.spi:pmic@0:audio-codec@1000 supply MICBIAS1 not found, using dummy regulator
[   13.141882] [ASoC:BOARD] ERR: asoc_sprd_card_sub_parse_of get dai name for 'cpu' failed!(-517)
[   13.141889] vbc-rxpx-codec-sc27xx sound@0: asoc_sprd_card_parse_of: Parsing dai link 0 failed(-517)!
[   13.141891] [ASoC:BOARD] ERR: vbc_rxpx_codec_sc27xx_probe, asoc_sprd_card_probe failed!
[   13.141897] vbc-rxpx-codec-sc27xx sound@0: Count 'sprd,spk-ext-pa-info' failed!(-22)
[   13.141912] probe of sound@0 returned 0 after 119 usecs
[   13.141952] probe of 64200000.spi:pmic@0:audio-codec@1000 returned 1 after 60719 usecs
[   13.142126] initcall __dsp_fm_mute_by_set_dg+0x180/0x10f4 [snd_soc_sprd_codec_sc2730] returned 0 after 59931 usecs
[   13.142292] init: Loaded kernel module /lib/modules/snd-soc-sprd-codec-sc2730.ko
[   13.142473] init: Loading module /lib/modules/snd-soc-sprd-codec-sc2730-power.ko with args ''
[   13.145700] calling  vreg_disable+0x74/0xa0 [snd_soc_sprd_codec_sc2730_power] @ 1
[   13.146030] initcall vreg_disable+0x74/0xa0 [snd_soc_sprd_codec_sc2730_power] returned 0 after 313 usecs
[   13.146122] init: Loaded kernel module /lib/modules/snd-soc-sprd-codec-sc2730-power.ko
[   13.146277] init: Loading module /lib/modules/snd-soc-sprd-codec-sc2730-power-dev.ko with args ''
[   13.148873] calling  __cfi_check_fail+0x30/0xfc0 [snd_soc_sprd_codec_sc2730_power_dev] @ 1
[   13.149192] [ASoC:POWER] Probe 1
[   13.149497] [ASoC:POWER] Register VREG Success!
[   13.149811] [ASoC:BOARD] ERR: asoc_sprd_card_sub_parse_of get dai name for 'cpu' failed!(-517)
[   13.149818] vbc-rxpx-codec-sc27xx sound@0: asoc_sprd_card_parse_of: Parsing dai link 0 failed(-517)!
[   13.149820] [ASoC:BOARD] ERR: vbc_rxpx_codec_sc27xx_probe, asoc_sprd_card_probe failed!
[   13.149825] vbc-rxpx-codec-sc27xx sound@0: Count 'sprd,spk-ext-pa-info' failed!(-22)
[   13.149839] probe of sound@0 returned 0 after 117 usecs
[   13.149875] probe of sprd-audio-power.1 returned 1 after 709 usecs
[   13.149970] [ASoC:POWER] Probe 2
[   13.149973] [ASoC:POWER] sprd_audio_power_config_reg_vars regmap exist return 0
[   13.150067] SRG_VB: supplied by SRG_VREG
[   13.150103] [ASoC:POWER] Register VB Success!
[   13.150291] [ASoC:BOARD] ERR: asoc_sprd_card_sub_parse_of get dai name for 'cpu' failed!(-517)
[   13.150297] vbc-rxpx-codec-sc27xx sound@0: asoc_sprd_card_parse_of: Parsing dai link 0 failed(-517)!
[   13.150298] [ASoC:BOARD] ERR: vbc_rxpx_codec_sc27xx_probe, asoc_sprd_card_probe failed!
[   13.150302] vbc-rxpx-codec-sc27xx sound@0: Count 'sprd,spk-ext-pa-info' failed!(-22)
[   13.150312] probe of sound@0 returned 0 after 77 usecs
[   13.150329] probe of sprd-audio-power.2 returned 1 after 381 usecs
[   13.150410] [ASoC:POWER] Probe 3
[   13.150412] [ASoC:POWER] sprd_audio_power_config_reg_vars regmap exist return 0
[   13.150507] SRG_BG: supplied by SRG_VB
[   13.150533] [ASoC:POWER] Register BG Success!
[   13.150702] [ASoC:BOARD] ERR: asoc_sprd_card_sub_parse_of get dai name for 'cpu' failed!(-517)
[   13.150707] vbc-rxpx-codec-sc27xx sound@0: asoc_sprd_card_parse_of: Parsing dai link 0 failed(-517)!
[   13.150709] [ASoC:BOARD] ERR: vbc_rxpx_codec_sc27xx_probe, asoc_sprd_card_probe failed!
[   13.150712] vbc-rxpx-codec-sc27xx sound@0: Count 'sprd,spk-ext-pa-info' failed!(-22)
[   13.150720] probe of sound@0 returned 0 after 64 usecs
[   13.150738] probe of sprd-audio-power.3 returned 1 after 339 usecs
[   13.150807] [ASoC:POWER] Probe 4
[   13.150809] [ASoC:POWER] sprd_audio_power_config_reg_vars regmap exist return 0
[   13.150901] SRG_BIAS: supplied by SRG_VB
[   13.150933] [ASoC:POWER] Register BIAS Success!
[   13.151086] [ASoC:BOARD] ERR: asoc_sprd_card_sub_parse_of get dai name for 'cpu' failed!(-517)
[   13.151091] vbc-rxpx-codec-sc27xx sound@0: asoc_sprd_card_parse_of: Parsing dai link 0 failed(-517)!
[   13.151093] [ASoC:BOARD] ERR: vbc_rxpx_codec_sc27xx_probe, asoc_sprd_card_probe failed!
[   13.151096] vbc-rxpx-codec-sc27xx sound@0: Count 'sprd,spk-ext-pa-info' failed!(-22)
[   13.151104] probe of sound@0 returned 0 after 63 usecs
[   13.151123] probe of sprd-audio-power.4 returned 1 after 324 usecs
[   13.151200] [ASoC:POWER] Probe 5
[   13.151202] [ASoC:POWER] sprd_audio_power_config_reg_vars regmap exist return 0
[   13.151286] SRG_MICBIAS1: supplied by SRG_BIAS
[   13.151310] [ASoC:POWER] Register MICBIAS1 Success!
[   13.151466] [ASoC:BOARD] ERR: asoc_sprd_card_sub_parse_of get dai name for 'cpu' failed!(-517)
[   13.151470] vbc-rxpx-codec-sc27xx sound@0: asoc_sprd_card_parse_of: Parsing dai link 0 failed(-517)!
[   13.151472] [ASoC:BOARD] ERR: vbc_rxpx_codec_sc27xx_probe, asoc_sprd_card_probe failed!
[   13.151475] vbc-rxpx-codec-sc27xx sound@0: Count 'sprd,spk-ext-pa-info' failed!(-22)
[   13.151483] probe of sound@0 returned 0 after 62 usecs
[   13.151501] probe of sprd-audio-power.5 returned 1 after 309 usecs
[   13.151583] [ASoC:POWER] Probe 6
[   13.151584] [ASoC:POWER] sprd_audio_power_config_reg_vars regmap exist return 0
[   13.151664] SRG_MICBIAS2: supplied by SRG_BIAS
[   13.151702] [ASoC:POWER] Register MICBIAS2 Success!
[   13.151857] [ASoC:BOARD] ERR: asoc_sprd_card_sub_parse_of get dai name for 'cpu' failed!(-517)
[   13.151861] vbc-rxpx-codec-sc27xx sound@0: asoc_sprd_card_parse_of: Parsing dai link 0 failed(-517)!
[   13.151863] [ASoC:BOARD] ERR: vbc_rxpx_codec_sc27xx_probe, asoc_sprd_card_probe failed!
[   13.151867] vbc-rxpx-codec-sc27xx sound@0: Count 'sprd,spk-ext-pa-info' failed!(-22)
[   13.151874] probe of sound@0 returned 0 after 64 usecs
[   13.151899] probe of sprd-audio-power.6 returned 1 after 324 usecs
[   13.151980] [ASoC:POWER] Probe 7
[   13.151982] [ASoC:POWER] sprd_audio_power_config_reg_vars regmap exist return 0
[   13.152102] SRG_HEADMICBIAS: supplied by SRG_BG
[   13.152124] [ASoC:POWER] Register HEADMICBIAS Success!
[   13.152273] [ASoC:BOARD] ERR: asoc_sprd_card_sub_parse_of get dai name for 'cpu' failed!(-517)
[   13.152278] vbc-rxpx-codec-sc27xx sound@0: asoc_sprd_card_parse_of: Parsing dai link 0 failed(-517)!
[   13.152280] [ASoC:BOARD] ERR: vbc_rxpx_codec_sc27xx_probe, asoc_sprd_card_probe failed!
[   13.152283] vbc-rxpx-codec-sc27xx sound@0: Count 'sprd,spk-ext-pa-info' failed!(-22)
[   13.152291] probe of sound@0 returned 0 after 62 usecs
[   13.152307] probe of sprd-audio-power.7 returned 1 after 334 usecs
[   13.152372] [ASoC:POWER] Probe 8
[   13.152374] [ASoC:POWER] sprd_audio_power_config_reg_vars regmap exist return 0
[   13.152452] SRG_DCL: supplied by SRG_VB
[   13.152474] [ASoC:POWER] Register DCL Success!
[   13.152633] [ASoC:BOARD] ERR: asoc_sprd_card_sub_parse_of get dai name for 'cpu' failed!(-517)
[   13.152637] vbc-rxpx-codec-sc27xx sound@0: asoc_sprd_card_parse_of: Parsing dai link 0 failed(-517)!
[   13.152639] [ASoC:BOARD] ERR: vbc_rxpx_codec_sc27xx_probe, asoc_sprd_card_probe failed!
[   13.152642] vbc-rxpx-codec-sc27xx sound@0: Count 'sprd,spk-ext-pa-info' failed!(-22)
[   13.152650] probe of sound@0 returned 0 after 62 usecs
[   13.152668] probe of sprd-audio-power.8 returned 1 after 303 usecs
[   13.152749] [ASoC:POWER] Probe 9
[   13.152751] [ASoC:POWER] sprd_audio_power_config_reg_vars regmap exist return 0
[   13.152856] SRG_DIG_CLK_INTC: supplied by SRG_DCL
[   13.152890] [ASoC:POWER] Register DIG_CLK_INTC Success!
[   13.153039] [ASoC:BOARD] ERR: asoc_sprd_card_sub_parse_of get dai name for 'cpu' failed!(-517)
[   13.153043] vbc-rxpx-codec-sc27xx sound@0: asoc_sprd_card_parse_of: Parsing dai link 0 failed(-517)!
[   13.153045] [ASoC:BOARD] ERR: vbc_rxpx_codec_sc27xx_probe, asoc_sprd_card_probe failed!
[   13.153048] vbc-rxpx-codec-sc27xx sound@0: Count 'sprd,spk-ext-pa-info' failed!(-22)
[   13.153057] probe of sound@0 returned 0 after 62 usecs
[   13.153075] probe of sprd-audio-power.9 returned 1 after 339 usecs
[   13.153148] [ASoC:POWER] Probe 10
[   13.153150] [ASoC:POWER] sprd_audio_power_config_reg_vars regmap exist return 0
[   13.153227] SRG_DIG_CLK_HID: supplied by SRG_DCL
[   13.153249] [ASoC:POWER] Register DIG_CLK_HID Success!
[   13.153404] [ASoC:BOARD] ERR: asoc_sprd_card_sub_parse_of get dai name for 'cpu' failed!(-517)
[   13.153408] vbc-rxpx-codec-sc27xx sound@0: asoc_sprd_card_parse_of: Parsing dai link 0 failed(-517)!
[   13.153410] [ASoC:BOARD] ERR: vbc_rxpx_codec_sc27xx_probe, asoc_sprd_card_probe failed!
[   13.153413] vbc-rxpx-codec-sc27xx sound@0: Count 'sprd,spk-ext-pa-info' failed!(-22)
[   13.153421] probe of sound@0 returned 0 after 61 usecs
[   13.153438] probe of sprd-audio-power.10 returned 1 after 296 usecs
[   13.153504] [ASoC:POWER] Probe 11
[   13.153506] [ASoC:POWER] sprd_audio_power_config_reg_vars regmap exist return 0
[   13.153586] SRG_CLK_DCL_32K: supplied by SRG_DCL
[   13.153622] [ASoC:POWER] Register CLK_DCL_32K Success!
[   13.153780] [ASoC:BOARD] ERR: asoc_sprd_card_sub_parse_of get dai name for 'cpu' failed!(-517)
[   13.153785] vbc-rxpx-codec-sc27xx sound@0: asoc_sprd_card_parse_of: Parsing dai link 0 failed(-517)!
[   13.153786] [ASoC:BOARD] ERR: vbc_rxpx_codec_sc27xx_probe, asoc_sprd_card_probe failed!
[   13.153790] vbc-rxpx-codec-sc27xx sound@0: Count 'sprd,spk-ext-pa-info' failed!(-22)
[   13.153797] probe of sound@0 returned 0 after 70 usecs
[   13.153816] probe of sprd-audio-power.11 returned 1 after 320 usecs
[   13.153834] initcall __cfi_check_fail+0x30/0xfc0 [snd_soc_sprd_codec_sc2730_power_dev] returned 0 after 4830 usecs
[   13.153944] init: Loaded kernel module /lib/modules/snd-soc-sprd-codec-sc2730-power-dev.ko
[   13.154121] init: Loading module /lib/modules/snd-soc-sprd-dummy-codec.ko with args ''
[   13.156716] calling  sprd_dummy_playback_codec_remove+0x24/0x34 [snd_soc_sprd_dummy_codec] @ 1
[   13.157366] [ASoC:BOARD] ERR: asoc_sprd_card_sub_parse_of get dai name for 'cpu' failed!(-517)
[   13.157371] vbc-rxpx-codec-sc27xx sound@0: asoc_sprd_card_parse_of: Parsing dai link 0 failed(-517)!
[   13.157373] [ASoC:BOARD] ERR: vbc_rxpx_codec_sc27xx_probe, asoc_sprd_card_probe failed!
[   13.157377] vbc-rxpx-codec-sc27xx sound@0: Count 'sprd,spk-ext-pa-info' failed!(-22)
[   13.157387] probe of sound@0 returned 0 after 88 usecs
[   13.157405] probe of sprd-dummy-playback returned 1 after 276 usecs
[   13.157433] initcall sprd_dummy_playback_codec_remove+0x24/0x34 [snd_soc_sprd_dummy_codec] returned 0 after 692 usecs
[   13.157504] init: Loaded kernel module /lib/modules/snd-soc-sprd-dummy-codec.ko
[   13.157675] init: Loading module /lib/modules/snd-soc-sprd-pdm-r2p0.ko with args ''
[   13.160881] calling  pdm_adc2_r_dg_set+0xcc/0x134 [snd_soc_sprd_pdm_r2p0] @ 1
[   13.161498] initcall pdm_adc2_r_dg_set+0xcc/0x134 [snd_soc_sprd_pdm_r2p0] returned 0 after 590 usecs
[   13.161595] init: Loaded kernel module /lib/modules/snd-soc-sprd-pdm-r2p0.ko
[   13.161758] init: Loading module /lib/modules/sprd-platform-pcm-routing.ko with args ''
[   13.165917] calling  be_switch_evt+0xa4/0xc4 [sprd_platform_pcm_routing] @ 1
[   13.166653] [ASoC:BOARD] ERR: asoc_sprd_card_sub_parse_of get dai name for 'cpu' failed!(-517)
[   13.166661] vbc-rxpx-codec-sc27xx sound@0: asoc_sprd_card_parse_of: Parsing dai link 0 failed(-517)!
[   13.166663] [ASoC:BOARD] ERR: vbc_rxpx_codec_sc27xx_probe, asoc_sprd_card_probe failed!
[   13.166668] vbc-rxpx-codec-sc27xx sound@0: Count 'sprd,spk-ext-pa-info' failed!(-22)
[   13.166681] probe of sound@0 returned 0 after 116 usecs
[   13.166730] probe of sprd-routing-pcm returned 1 after 465 usecs
[   13.166986] initcall be_switch_evt+0xa4/0xc4 [sprd_platform_pcm_routing] returned 0 after 1030 usecs
[   13.167098] init: Loaded kernel module /lib/modules/sprd-platform-pcm-routing.ko
[   13.167280] init: Loading module /lib/modules/snd-soc-sprd-vbc-v4.ko with args ''
[   13.183197] calling  pm_shutdown+0x2b8/0xb94 [snd_soc_sprd_vbc_v4] @ 1
[   13.183896] [ASoC: VBC ] vbc_drv_probe: 12160:vbc_drv_probe: to setup vbc dt
[   13.183899] [ASoC: VBC ] sprd_vbc_codec_probe: 4885:sprd_vbc_codec_probe
[   13.184114] [ASoC: VBC ] vbc_of_setup: 12149:get pinctrl device!
[   13.184208] [ASoC: VBC ] vbc_turning_ndp_init: 2903:vbc_turning_ndp_init,alloc dev id 0x1e700000, major =487, minor = 0!
[   13.184212] [ASoC: VBC ] vbc_turning_ndp_init: 2907:vbc_turning_ndp_init,alloc dev id 510656512 for NO.0!
[   13.184217] [ASoC: VBC ] vbc_turning_ndp_init: 2921:vbc_turning_ndp_init,ndp_name = vbc_turning0 !
[   13.184299] [ASoC: VBC ] vbc_turning_ndp_init: 2907:vbc_turning_ndp_init,alloc dev id 510656513 for NO.1!
[   13.184303] [ASoC: VBC ] vbc_turning_ndp_init: 2921:vbc_turning_ndp_init,ndp_name = vbc_turning1 !
[   13.184339] [ASoC: VBC ] vbc_turning_ndp_init: 2907:vbc_turning_ndp_init,alloc dev id 510656514 for NO.2!
[   13.184342] [ASoC: VBC ] vbc_turning_ndp_init: 2921:vbc_turning_ndp_init,ndp_name = vbc_turning2 !
[   13.184390] [ASoC: VBC ] vbc_turning_ndp_init: 2907:vbc_turning_ndp_init,alloc dev id 510656515 for NO.3!
[   13.184393] [ASoC: VBC ] vbc_turning_ndp_init: 2921:vbc_turning_ndp_init,ndp_name = vbc_turning3 !
[   13.184433] [ASoC: VBC ] vbc_turning_ndp_init: 2944:vbc_turning_ndp_init: success.
[   13.184809] [ASoC:BOARD] ERR: asoc_sprd_card_sub_parse_of get dai name for 'cpu' failed!(-517)
[   13.184817] vbc-rxpx-codec-sc27xx sound@0: asoc_sprd_card_parse_of: Parsing dai link 0 failed(-517)!
[   13.184819] [ASoC:BOARD] ERR: vbc_rxpx_codec_sc27xx_probe, asoc_sprd_card_probe failed!
[   13.184824] vbc-rxpx-codec-sc27xx sound@0: Count 'sprd,spk-ext-pa-info' failed!(-22)
[   13.184839] probe of sound@0 returned 0 after 116 usecs
[   13.184888] probe of 56480000.vbc returned 1 after 1286 usecs
[   13.185331] initcall pm_shutdown+0x2b8/0xb94 [snd_soc_sprd_vbc_v4] returned 0 after 2005 usecs
[   13.185554] init: Loaded kernel module /lib/modules/snd-soc-sprd-vbc-v4.ko
[   13.185757] init: Loading module /lib/modules/snd-soc-sprd-vbc-fe.ko with args ''
[   13.188626] calling  fe_hw_free+0x170/0xe1c [snd_soc_sprd_vbc_fe] @ 1
[   13.189337] [ASoC:BOARD] ERR: asoc_sprd_card_sub_parse_of parse phandle 'codec' failed!(-2)
[   13.189340] [ASoC:BOARD] asoc_sprd_card_dai_link_of: parse for codec failed. Go to use a dummy codec.
[   13.189356] vbc-rxpx-codec-sc27xx sound@0: \x09name : FE_NORMAL_AP01
[   13.189359] vbc-rxpx-codec-sc27xx sound@0: \x09stream_name : FE_ST_NORMAL_AP01
[   13.189371] [ASoC:BOARD] ERR: asoc_sprd_card_sub_parse_of parse phandle 'codec' failed!(-2)
[   13.189373] [ASoC:BOARD] asoc_sprd_card_dai_link_of: parse for codec failed. Go to use a dummy codec.
[   13.189379] vbc-rxpx-codec-sc27xx sound@0: \x09name : FE_NORMAL_AP23
[   13.189381] vbc-rxpx-codec-sc27xx sound@0: \x09stream_name : FE_ST_NORMAL_AP23
[   13.189391] [ASoC:BOARD] ERR: asoc_sprd_card_sub_parse_of parse phandle 'codec' failed!(-2)
[   13.189392] [ASoC:BOARD] asoc_sprd_card_dai_link_of: parse for codec failed. Go to use a dummy codec.
[   13.189399] vbc-rxpx-codec-sc27xx sound@0: \x09name : FE_CAPTURE_DSP
[   13.189402] vbc-rxpx-codec-sc27xx sound@0: \x09stream_name : FE_ST_CAPTURE_DSP
[   13.189414] [ASoC:BOARD] ERR: asoc_sprd_card_sub_parse_of parse phandle 'codec' failed!(-2)
[   13.189416] [ASoC:BOARD] asoc_sprd_card_dai_link_of: parse for codec failed. Go to use a dummy codec.
[   13.189422] vbc-rxpx-codec-sc27xx sound@0: \x09name : FE_FAST
[   13.189425] vbc-rxpx-codec-sc27xx sound@0: \x09stream_name : FE_ST_FAST
[   13.189438] [ASoC:BOARD] ERR: asoc_sprd_card_sub_parse_of parse phandle 'codec' failed!(-2)
[   13.189440] [ASoC:BOARD] asoc_sprd_card_dai_link_of: parse for codec failed. Go to use a dummy codec.
[   13.189448] vbc-rxpx-codec-sc27xx sound@0: \x09name : FE_OFFLOAD
[   13.189450] vbc-rxpx-codec-sc27xx sound@0: \x09stream_name : FE_ST_OFFLOAD
[   13.189461] [ASoC:BOARD] ERR: asoc_sprd_card_sub_parse_of parse phandle 'codec' failed!(-2)
[   13.189463] [ASoC:BOARD] asoc_sprd_card_dai_link_of: parse for codec failed. Go to use a dummy codec.
[   13.189469] vbc-rxpx-codec-sc27xx sound@0: \x09name : FE_VOICE
[   13.189471] vbc-rxpx-codec-sc27xx sound@0: \x09stream_name : FE_ST_VOICE
[   13.189483] [ASoC:BOARD] ERR: asoc_sprd_card_sub_parse_of parse phandle 'codec' failed!(-2)
[   13.189484] [ASoC:BOARD] asoc_sprd_card_dai_link_of: parse for codec failed. Go to use a dummy codec.
[   13.189491] vbc-rxpx-codec-sc27xx sound@0: \x09name : FE_VOIP
[   13.189494] vbc-rxpx-codec-sc27xx sound@0: \x09stream_name : FE_ST_VOIP
[   13.189508] [ASoC:BOARD] ERR: asoc_sprd_card_sub_parse_of parse phandle 'codec' failed!(-2)
[   13.189509] [ASoC:BOARD] asoc_sprd_card_dai_link_of: parse for codec failed. Go to use a dummy codec.
[   13.189516] vbc-rxpx-codec-sc27xx sound@0: \x09name : FE_FM
[   13.189519] vbc-rxpx-codec-sc27xx sound@0: \x09stream_name : FE_ST_FM
[   13.189531] [ASoC:BOARD] ERR: asoc_sprd_card_sub_parse_of parse phandle 'codec' failed!(-2)
[   13.189533] [ASoC:BOARD] asoc_sprd_card_dai_link_of: parse for codec failed. Go to use a dummy codec.
[   13.189539] vbc-rxpx-codec-sc27xx sound@0: \x09name : FE_FM_C
[   13.189541] vbc-rxpx-codec-sc27xx sound@0: \x09stream_name : FE_ST_FM_C
[   13.189552] [ASoC:BOARD] ERR: asoc_sprd_card_sub_parse_of parse phandle 'codec' failed!(-2)
[   13.189553] [ASoC:BOARD] asoc_sprd_card_dai_link_of: parse for codec failed. Go to use a dummy codec.
[   13.189559] vbc-rxpx-codec-sc27xx sound@0: \x09name : FE_VOICE_C
[   13.189561] vbc-rxpx-codec-sc27xx sound@0: \x09stream_name : FE_ST_VOICE_C
[   13.189572] [ASoC:BOARD] ERR: asoc_sprd_card_sub_parse_of parse phandle 'codec' failed!(-2)
[   13.189573] [ASoC:BOARD] asoc_sprd_card_dai_link_of: parse for codec failed. Go to use a dummy codec.
[   13.189579] vbc-rxpx-codec-sc27xx sound@0: \x09name : FE_LOOP
[   13.189582] vbc-rxpx-codec-sc27xx sound@0: \x09stream_name : FE_ST_LOOP
[   13.189595] [ASoC:BOARD] ERR: asoc_sprd_card_sub_parse_of parse phandle 'codec' failed!(-2)
[   13.189596] [ASoC:BOARD] asoc_sprd_card_dai_link_of: parse for codec failed. Go to use a dummy codec.
[   13.189603] vbc-rxpx-codec-sc27xx sound@0: \x09name : FE_A2DP_OFFLOAD
[   13.189606] vbc-rxpx-codec-sc27xx sound@0: \x09stream_name : FE_ST_A2DP_OFFLOAD
[   13.189618] [ASoC:BOARD] ERR: asoc_sprd_card_sub_parse_of parse phandle 'codec' failed!(-2)
[   13.189620] [ASoC:BOARD] asoc_sprd_card_dai_link_of: parse for codec failed. Go to use a dummy codec.
[   13.189627] vbc-rxpx-codec-sc27xx sound@0: \x09name : FE_A2DP_PCM
[   13.189630] vbc-rxpx-codec-sc27xx sound@0: \x09stream_name : FE_ST_A2DP_PCM
[   13.189641] [ASoC:BOARD] ERR: asoc_sprd_card_sub_parse_of parse phandle 'codec' failed!(-2)
[   13.189642] [ASoC:BOARD] asoc_sprd_card_dai_link_of: parse for codec failed. Go to use a dummy codec.
[   13.189648] vbc-rxpx-codec-sc27xx sound@0: \x09name : FE_CAPTURE_FM_DSP
[   13.189651] vbc-rxpx-codec-sc27xx sound@0: \x09stream_name : FE_ST_CAPTURE_FM_DSP
[   13.189664] [ASoC:BOARD] ERR: asoc_sprd_card_sub_parse_of parse phandle 'codec' failed!(-2)
[   13.189666] [ASoC:BOARD] asoc_sprd_card_dai_link_of: parse for codec failed. Go to use a dummy codec.
[   13.189672] vbc-rxpx-codec-sc27xx sound@0: \x09name : FE_CAPTURE_BTSCO_DSP
[   13.189675] vbc-rxpx-codec-sc27xx sound@0: \x09stream_name : FE_ST_CAPTURE_BTSCO_DSP
[   13.189698] [ASoC:BOARD] ERR: asoc_sprd_card_sub_parse_of parse phandle 'codec' failed!(-2)
[   13.189699] [ASoC:BOARD] asoc_sprd_card_dai_link_of: parse for codec failed. Go to use a dummy codec.
[   13.189706] vbc-rxpx-codec-sc27xx sound@0: \x09name : FE_FM_DSP
[   13.189708] vbc-rxpx-codec-sc27xx sound@0: \x09stream_name : FE_ST_FM_DSP
[   13.189720] [ASoC:BOARD] ERR: asoc_sprd_card_sub_parse_of parse phandle 'codec' failed!(-2)
[   13.189722] [ASoC:BOARD] asoc_sprd_card_dai_link_of: parse for codec failed. Go to use a dummy codec.
[   13.189728] vbc-rxpx-codec-sc27xx sound@0: \x09name : FE_DUMP
[   13.189730] vbc-rxpx-codec-sc27xx sound@0: \x09stream_name : FE_ST_DUMP
[   13.189740] [ASoC:BOARD] ERR: asoc_sprd_card_sub_parse_of parse phandle 'codec' failed!(-2)
[   13.189742] [ASoC:BOARD] asoc_sprd_card_dai_link_of: parse for codec failed. Go to use a dummy codec.
[   13.189748] vbc-rxpx-codec-sc27xx sound@0: \x09name : FE_BTCAP_AP
[   13.189751] vbc-rxpx-codec-sc27xx sound@0: \x09stream_name : FE_ST_BTCAP_AP
[   13.189775] vbc-rxpx-codec-sc27xx sound@0: \x09name : BE_NORMAL_AP01_CODEC
[   13.189777] vbc-rxpx-codec-sc27xx sound@0: \x09stream_name : BE_ST_NORMAL_AP01_CODEC
[   13.189795] vbc-rxpx-codec-sc27xx sound@0: \x09name : BE_NORMAL_AP23_CODEC
[   13.189798] vbc-rxpx-codec-sc27xx sound@0: \x09stream_name : BE_ST_NORMAL_AP23_CODEC
[   13.189815] vbc-rxpx-codec-sc27xx sound@0: \x09name : BE_CAPTURE_DSP_CODEC
[   13.189818] vbc-rxpx-codec-sc27xx sound@0: \x09stream_name : BE_ST_CAPTURE_DSP_CODEC
[   13.189836] vbc-rxpx-codec-sc27xx sound@0: \x09name : BE_FAST_CODEC
[   13.189839] vbc-rxpx-codec-sc27xx sound@0: \x09stream_name : BE_ST_FAST_CODEC
[   13.189854] vbc-rxpx-codec-sc27xx sound@0: \x09name : BE_OFFLOAD_CODEC
[   13.189857] vbc-rxpx-codec-sc27xx sound@0: \x09stream_name : BE_ST_OFFLOAD_CODEC
[   13.189876] vbc-rxpx-codec-sc27xx sound@0: \x09name : BE_VOICE_CODEC
[   13.189878] vbc-rxpx-codec-sc27xx sound@0: \x09stream_name : BE_ST_VOICE_CODEC
[   13.189896] vbc-rxpx-codec-sc27xx sound@0: \x09name : BE_VOIP_CODEC
[   13.189899] vbc-rxpx-codec-sc27xx sound@0: \x09stream_name : BE_ST_VOIP_CODEC
[   13.189915] vbc-rxpx-codec-sc27xx sound@0: \x09name : BE_FM_CODEC
[   13.189918] vbc-rxpx-codec-sc27xx sound@0: \x09stream_name : BE_ST_FM_CODEC
[   13.189936] vbc-rxpx-codec-sc27xx sound@0: \x09name : BE_LOOP_CODEC
[   13.189939] vbc-rxpx-codec-sc27xx sound@0: \x09stream_name : BE_ST_LOOP_CODEC
[   13.189955] vbc-rxpx-codec-sc27xx sound@0: \x09name : BE_FM_DSP_CODEC
[   13.189958] vbc-rxpx-codec-sc27xx sound@0: \x09stream_name : BE_ST_FM_DSP_CODEC
[   13.189970] [ASoC:BOARD] ERR: asoc_sprd_card_sub_parse_of parse phandle 'codec' failed!(-2)
[   13.189971] [ASoC:BOARD] asoc_sprd_card_dai_link_of: parse for codec failed. Go to use a dummy codec.
[   13.189978] vbc-rxpx-codec-sc27xx sound@0: \x09name : BE_NORMAL_AP01_USB
[   13.189980] vbc-rxpx-codec-sc27xx sound@0: \x09stream_name : BE_ST_NORMAL_AP01_USB
[   13.189991] [ASoC:BOARD] ERR: asoc_sprd_card_sub_parse_of parse phandle 'codec' failed!(-2)
[   13.189992] [ASoC:BOARD] asoc_sprd_card_dai_link_of: parse for codec failed. Go to use a dummy codec.
[   13.189999] vbc-rxpx-codec-sc27xx sound@0: \x09name : BE_NORMAL_AP23_USB
[   13.190002] vbc-rxpx-codec-sc27xx sound@0: \x09stream_name : BE_ST_NORMAL_AP23_USB
[   13.190015] [ASoC:BOARD] ERR: asoc_sprd_card_sub_parse_of parse phandle 'codec' failed!(-2)
[   13.190017] [ASoC:BOARD] asoc_sprd_card_dai_link_of: parse for codec failed. Go to use a dummy codec.
[   13.190022] vbc-rxpx-codec-sc27xx sound@0: \x09name : BE_CAPTURE_DSP_USB
[   13.190025] vbc-rxpx-codec-sc27xx sound@0: \x09stream_name : BE_ST_CAPTURE_DSP_USB
[   13.190036] [ASoC:BOARD] ERR: asoc_sprd_card_sub_parse_of parse phandle 'codec' failed!(-2)
[   13.190038] [ASoC:BOARD] asoc_sprd_card_dai_link_of: parse for codec failed. Go to use a dummy codec.
[   13.190044] vbc-rxpx-codec-sc27xx sound@0: \x09name : BE_FAST_USB
[   13.190046] vbc-rxpx-codec-sc27xx sound@0: \x09stream_name : BE_ST_FAST_USB
[   13.190056] [ASoC:BOARD] ERR: asoc_sprd_card_sub_parse_of parse phandle 'codec' failed!(-2)
[   13.190058] [ASoC:BOARD] asoc_sprd_card_dai_link_of: parse for codec failed. Go to use a dummy codec.
[   13.190065] vbc-rxpx-codec-sc27xx sound@0: \x09name : BE_OFFLOAD_USB
[   13.190068] vbc-rxpx-codec-sc27xx sound@0: \x09stream_name : BE_ST_OFFLOAD_USB
[   13.190080] [ASoC:BOARD] ERR: asoc_sprd_card_sub_parse_of parse phandle 'codec' failed!(-2)
[   13.190081] [ASoC:BOARD] asoc_sprd_card_dai_link_of: parse for codec failed. Go to use a dummy codec.
[   13.190087] vbc-rxpx-codec-sc27xx sound@0: \x09name : BE_VOICE_USB
[   13.190090] vbc-rxpx-codec-sc27xx sound@0: \x09stream_name : BE_ST_VOICE_USB
[   13.190101] [ASoC:BOARD] ERR: asoc_sprd_card_sub_parse_of parse phandle 'codec' failed!(-2)
[   13.190103] [ASoC:BOARD] asoc_sprd_card_dai_link_of: parse for codec failed. Go to use a dummy codec.
[   13.190109] vbc-rxpx-codec-sc27xx sound@0: \x09name : BE_VOIP_USB
[   13.190112] vbc-rxpx-codec-sc27xx sound@0: \x09stream_name : BE_ST_VOIP_USB
[   13.190122] [ASoC:BOARD] ERR: asoc_sprd_card_sub_parse_of parse phandle 'codec' failed!(-2)
[   13.190124] [ASoC:BOARD] asoc_sprd_card_dai_link_of: parse for codec failed. Go to use a dummy codec.
[   13.190130] vbc-rxpx-codec-sc27xx sound@0: \x09name : BE_FM_USB
[   13.190133] vbc-rxpx-codec-sc27xx sound@0: \x09stream_name : BE_ST_FM_USB
[   13.190147] [ASoC:BOARD] ERR: asoc_sprd_card_sub_parse_of parse phandle 'codec' failed!(-2)
[   13.190148] [ASoC:BOARD] asoc_sprd_card_dai_link_of: parse for codec failed. Go to use a dummy codec.
[   13.190155] vbc-rxpx-codec-sc27xx sound@0: \x09name : BE_LOOP_USB
[   13.190157] vbc-rxpx-codec-sc27xx sound@0: \x09stream_name : BE_ST_LOOP_USB
[   13.190171] [ASoC:BOARD] ERR: asoc_sprd_card_sub_parse_of parse phandle 'codec' failed!(-2)
[   13.190172] [ASoC:BOARD] asoc_sprd_card_dai_link_of: parse for codec failed. Go to use a dummy codec.
[   13.190178] vbc-rxpx-codec-sc27xx sound@0: \x09name : BE_FM_DSP_USB
[   13.190180] vbc-rxpx-codec-sc27xx sound@0: \x09stream_name : BE_ST_FM_DSP_USB
[   13.190190] [ASoC:BOARD] ERR: asoc_sprd_card_sub_parse_of parse phandle 'codec' failed!(-2)
[   13.190192] [ASoC:BOARD] asoc_sprd_card_dai_link_of: parse for codec failed. Go to use a dummy codec.
[   13.190197] vbc-rxpx-codec-sc27xx sound@0: \x09name : BE_OFFLOAD_A2DP
[   13.190200] vbc-rxpx-codec-sc27xx sound@0: \x09stream_name : BE_ST_OFFLOAD_A2DP
[   13.190212] [ASoC:BOARD] ERR: asoc_sprd_card_sub_parse_of parse phandle 'codec' failed!(-2)
[   13.190213] [ASoC:BOARD] asoc_sprd_card_dai_link_of: parse for codec failed. Go to use a dummy codec.
[   13.190220] vbc-rxpx-codec-sc27xx sound@0: \x09name : BE_PCM_A2DP
[   13.190223] vbc-rxpx-codec-sc27xx sound@0: \x09stream_name : BE_ST_PCM_A2DP
[   13.190233] [ASoC:BOARD] ERR: asoc_sprd_card_sub_parse_of parse phandle 'codec' failed!(-2)
[   13.190234] [ASoC:BOARD] asoc_sprd_card_dai_link_of: parse for codec failed. Go to use a dummy codec.
[   13.190241] vbc-rxpx-codec-sc27xx sound@0: \x09name : BE_VOICE_BT
[   13.190244] vbc-rxpx-codec-sc27xx sound@0: \x09stream_name : BE_ST_VOICE_BT
[   13.190256] [ASoC:BOARD] ERR: asoc_sprd_card_sub_parse_of parse phandle 'codec' failed!(-2)
[   13.190258] [ASoC:BOARD] asoc_sprd_card_dai_link_of: parse for codec failed. Go to use a dummy codec.
[   13.190264] vbc-rxpx-codec-sc27xx sound@0: \x09name : BE_VOIP_BT
[   13.190267] vbc-rxpx-codec-sc27xx sound@0: \x09stream_name : BE_ST_VOIP_BT
[   13.190280] [ASoC:BOARD] ERR: asoc_sprd_card_sub_parse_of parse phandle 'codec' failed!(-2)
[   13.190281] [ASoC:BOARD] asoc_sprd_card_dai_link_of: parse for codec failed. Go to use a dummy codec.
[   13.190287] vbc-rxpx-codec-sc27xx sound@0: \x09name : BE_LOOP_BT
[   13.190290] vbc-rxpx-codec-sc27xx sound@0: \x09stream_name : BE_ST_LOOP_BT
[   13.190301] [ASoC:BOARD] ERR: asoc_sprd_card_sub_parse_of parse phandle 'codec' failed!(-2)
[   13.190303] [ASoC:BOARD] asoc_sprd_card_dai_link_of: parse for codec failed. Go to use a dummy codec.
[   13.190309] vbc-rxpx-codec-sc27xx sound@0: \x09name : BE_BT_C
[   13.190312] vbc-rxpx-codec-sc27xx sound@0: \x09stream_name : BE_ST_BT_C
[   13.190324] [ASoC:BOARD] ERR: asoc_sprd_card_sub_parse_of parse phandle 'codec' failed!(-2)
[   13.190325] [ASoC:BOARD] asoc_sprd_card_dai_link_of: parse for codec failed. Go to use a dummy codec.
[   13.190332] vbc-rxpx-codec-sc27xx sound@0: \x09name : BE_VOICE_C
[   13.190334] vbc-rxpx-codec-sc27xx sound@0: \x09stream_name : BE_ST_VOICE_C
[   13.190345] [ASoC:BOARD] ERR: asoc_sprd_card_sub_parse_of parse phandle 'codec' failed!(-2)
[   13.190347] [ASoC:BOARD] asoc_sprd_card_dai_link_of: parse for codec failed. Go to use a dummy codec.
[   13.190353] vbc-rxpx-codec-sc27xx sound@0: \x09name : BE_FM_C
[   13.190356] vbc-rxpx-codec-sc27xx sound@0: \x09stream_name : BE_ST_FM_C
[   13.190367] [ASoC:BOARD] ERR: asoc_sprd_card_sub_parse_of parse phandle 'codec' failed!(-2)
[   13.190369] [ASoC:BOARD] asoc_sprd_card_dai_link_of: parse for codec failed. Go to use a dummy codec.
[   13.190375] vbc-rxpx-codec-sc27xx sound@0: \x09name : BE_CAPTURE_FM_DSP
[   13.190378] vbc-rxpx-codec-sc27xx sound@0: \x09stream_name : BE_ST_CAPTURE_FM_DSP
[   13.190398] [ASoC:BOARD] ERR: asoc_sprd_card_sub_parse_of parse phandle 'codec' failed!(-2)
[   13.190400] [ASoC:BOARD] asoc_sprd_card_dai_link_of: parse for codec failed. Go to use a dummy codec.
[   13.190407] vbc-rxpx-codec-sc27xx sound@0: \x09name : BE_CAPTURE_BTSCO_DSP
[   13.190410] vbc-rxpx-codec-sc27xx sound@0: \x09stream_name : BE_ST_CAPTURE_BTSCO_DSP
[   13.190423] [ASoC:BOARD] ERR: asoc_sprd_card_sub_parse_of parse phandle 'codec' failed!(-2)
[   13.190425] [ASoC:BOARD] asoc_sprd_card_dai_link_of: parse for codec failed. Go to use a dummy codec.
[   13.190431] vbc-rxpx-codec-sc27xx sound@0: \x09name : BE_DUMP
[   13.190434] vbc-rxpx-codec-sc27xx sound@0: \x09stream_name : BE_DUMP
[   13.190445] [ASoC:BOARD] ERR: asoc_sprd_card_sub_parse_of parse phandle 'codec' failed!(-2)
[   13.190447] [ASoC:BOARD] asoc_sprd_card_dai_link_of: parse for codec failed. Go to use a dummy codec.
[   13.190453] vbc-rxpx-codec-sc27xx sound@0: \x09name : FE_TEST_CODEC
[   13.190455] vbc-rxpx-codec-sc27xx sound@0: \x09stream_name : FE_ST_TEST_CODEC
[   13.190474] vbc-rxpx-codec-sc27xx sound@0: \x09name : BE_TEST_CODEC
[   13.190477] vbc-rxpx-codec-sc27xx sound@0: \x09stream_name : BE_TEST_CODEC
[   13.190489] [ASoC:BOARD] ERR: asoc_sprd_card_sub_parse_of parse phandle 'codec' failed!(-2)
[   13.190490] [ASoC:BOARD] asoc_sprd_card_dai_link_of: parse for codec failed. Go to use a dummy codec.
[   13.190497] vbc-rxpx-codec-sc27xx sound@0: \x09name : BE_FAST_BTSCO
[   13.190499] vbc-rxpx-codec-sc27xx sound@0: \x09stream_name : BE_ST_FAST_BTSCO
[   13.190511] [ASoC:BOARD] ERR: asoc_sprd_card_sub_parse_of parse phandle 'codec' failed!(-2)
[   13.190513] [ASoC:BOARD] asoc_sprd_card_dai_link_of: parse for codec failed. Go to use a dummy codec.
[   13.190519] vbc-rxpx-codec-sc27xx sound@0: \x09name : BE_NORMAL_AP01_BTSCO
[   13.190522] vbc-rxpx-codec-sc27xx sound@0: \x09stream_name : BE_ST_NORMAL_AP01_BTSCO
[   13.190532] [ASoC:BOARD] ERR: asoc_sprd_card_sub_parse_of parse phandle 'codec' failed!(-2)
[   13.190534] [ASoC:BOARD] asoc_sprd_card_dai_link_of: parse for codec failed. Go to use a dummy codec.
[   13.190541] vbc-rxpx-codec-sc27xx sound@0: \x09name : FE_VOICE_PCM_P
[   13.190544] vbc-rxpx-codec-sc27xx sound@0: \x09stream_name : FE_ST_VOICE_PCM_P
[   13.190556] [ASoC:BOARD] ERR: asoc_sprd_card_sub_parse_of parse phandle 'codec' failed!(-2)
[   13.190557] [ASoC:BOARD] asoc_sprd_card_dai_link_of: parse for codec failed. Go to use a dummy codec.
[   13.190563] vbc-rxpx-codec-sc27xx sound@0: \x09name : BE_VOICE_PCM_P
[   13.190566] vbc-rxpx-codec-sc27xx sound@0: \x09stream_name : BE_ST_VOICE_PCM_P
[   13.190576] [ASoC:BOARD] ERR: asoc_sprd_card_sub_parse_of parse phandle 'codec' failed!(-2)
[   13.190578] [ASoC:BOARD] asoc_sprd_card_dai_link_of: parse for codec failed. Go to use a dummy codec.
[   13.190584] vbc-rxpx-codec-sc27xx sound@0: \x09name : FE_MM_P
[   13.190587] vbc-rxpx-codec-sc27xx sound@0: \x09stream_name : FE_ST_MM_P
[   13.190606] vbc-rxpx-codec-sc27xx sound@0: \x09name : BE_FAST_P_SMART_AMP
[   13.190609] vbc-rxpx-codec-sc27xx sound@0: \x09stream_name : BE_ST_FAST_P_SMART_AMP
[   13.190624] [ASoC:BOARD] sprd_asoc_card_parse_hook hook aw87xx iic pa!
[   13.190628] [ASoC:BOARD] hook_spk_aw87xxx id: 0, on: 0
[   13.190639] [Awinic] [4-005b]aw87xxx_power_on: profile_cfg not load
[   13.190654] vbc-rxpx-codec-sc27xx sound@0: ASoC: failed to init link FE_NORMAL_AP01: -517
[   13.190660] vbc-rxpx-codec-sc27xx sound@0: Count 'sprd,spk-ext-pa-info' failed!(-22)
[   13.190684] probe of sound@0 returned 0 after 1431 usecs
[   13.190731] probe of sprd-fe-dai returned 1 after 1778 usecs
[   13.190981] initcall fe_hw_free+0x170/0xe1c [snd_soc_sprd_vbc_fe] returned 0 after 2289 usecs
[   13.191064] init: Loaded kernel module /lib/modules/snd-soc-sprd-vbc-fe.ko
[   13.191250] init: Loading module /lib/modules/sprd-dmaengine-pcm.ko with args ''
[   13.194356] calling  sprd_pcm_platform_proc_write+0x254/0x2a8 [sprd_dmaengine_pcm] @ 1
[   13.195119] [ASoC:BOARD] ERR: asoc_sprd_card_sub_parse_of parse phandle 'codec' failed!(-2)
[   13.195121] [ASoC:BOARD] asoc_sprd_card_dai_link_of: parse for codec failed. Go to use a dummy codec.
[   13.195136] vbc-rxpx-codec-sc27xx sound@0: \x09name : FE_NORMAL_AP01
[   13.195139] vbc-rxpx-codec-sc27xx sound@0: \x09stream_name : FE_ST_NORMAL_AP01
[   13.195150] [ASoC:BOARD] ERR: asoc_sprd_card_sub_parse_of parse phandle 'codec' failed!(-2)
[   13.195151] [ASoC:BOARD] asoc_sprd_card_dai_link_of: parse for codec failed. Go to use a dummy codec.
[   13.195158] vbc-rxpx-codec-sc27xx sound@0: \x09name : FE_NORMAL_AP23
[   13.195160] vbc-rxpx-codec-sc27xx sound@0: \x09stream_name : FE_ST_NORMAL_AP23
[   13.195171] [ASoC:BOARD] ERR: asoc_sprd_card_sub_parse_of parse phandle 'codec' failed!(-2)
[   13.195172] [ASoC:BOARD] asoc_sprd_card_dai_link_of: parse for codec failed. Go to use a dummy codec.
[   13.195179] vbc-rxpx-codec-sc27xx sound@0: \x09name : FE_CAPTURE_DSP
[   13.195181] vbc-rxpx-codec-sc27xx sound@0: \x09stream_name : FE_ST_CAPTURE_DSP
[   13.195192] [ASoC:BOARD] ERR: asoc_sprd_card_sub_parse_of parse phandle 'codec' failed!(-2)
[   13.195194] [ASoC:BOARD] asoc_sprd_card_dai_link_of: parse for codec failed. Go to use a dummy codec.
[   13.195201] vbc-rxpx-codec-sc27xx sound@0: \x09name : FE_FAST
[   13.195203] vbc-rxpx-codec-sc27xx sound@0: \x09stream_name : FE_ST_FAST
[   13.195216] [ASoC:BOARD] ERR: asoc_sprd_card_sub_parse_of parse phandle 'codec' failed!(-2)
[   13.195217] [ASoC:BOARD] asoc_sprd_card_dai_link_of: parse for codec failed. Go to use a dummy codec.
[   13.195225] vbc-rxpx-codec-sc27xx sound@0: \x09name : FE_OFFLOAD
[   13.195228] vbc-rxpx-codec-sc27xx sound@0: \x09stream_name : FE_ST_OFFLOAD
[   13.195239] [ASoC:BOARD] ERR: asoc_sprd_card_sub_parse_of parse phandle 'codec' failed!(-2)
[   13.195240] [ASoC:BOARD] asoc_sprd_card_dai_link_of: parse for codec failed. Go to use a dummy codec.
[   13.195247] vbc-rxpx-codec-sc27xx sound@0: \x09name : FE_VOICE
[   13.195250] vbc-rxpx-codec-sc27xx sound@0: \x09stream_name : FE_ST_VOICE
[   13.195261] [ASoC:BOARD] ERR: asoc_sprd_card_sub_parse_of parse phandle 'codec' failed!(-2)
[   13.195263] [ASoC:BOARD] asoc_sprd_card_dai_link_of: parse for codec failed. Go to use a dummy codec.
[   13.195269] vbc-rxpx-codec-sc27xx sound@0: \x09name : FE_VOIP
[   13.195272] vbc-rxpx-codec-sc27xx sound@0: \x09stream_name : FE_ST_VOIP
[   13.195286] [ASoC:BOARD] ERR: asoc_sprd_card_sub_parse_of parse phandle 'codec' failed!(-2)
[   13.195288] [ASoC:BOARD] asoc_sprd_card_dai_link_of: parse for codec failed. Go to use a dummy codec.
[   13.195295] vbc-rxpx-codec-sc27xx sound@0: \x09name : FE_FM
[   13.195297] vbc-rxpx-codec-sc27xx sound@0: \x09stream_name : FE_ST_FM
[   13.195310] [ASoC:BOARD] ERR: asoc_sprd_card_sub_parse_of parse phandle 'codec' failed!(-2)
[   13.195312] [ASoC:BOARD] asoc_sprd_card_dai_link_of: parse for codec failed. Go to use a dummy codec.
[   13.195317] vbc-rxpx-codec-sc27xx sound@0: \x09name : FE_FM_C
[   13.195320] vbc-rxpx-codec-sc27xx sound@0: \x09stream_name : FE_ST_FM_C
[   13.195332] [ASoC:BOARD] ERR: asoc_sprd_card_sub_parse_of parse phandle 'codec' failed!(-2)
[   13.195333] [ASoC:BOARD] asoc_sprd_card_dai_link_of: parse for codec failed. Go to use a dummy codec.
[   13.195339] vbc-rxpx-codec-sc27xx sound@0: \x09name : FE_VOICE_C
[   13.195342] vbc-rxpx-codec-sc27xx sound@0: \x09stream_name : FE_ST_VOICE_C
[   13.195353] [ASoC:BOARD] ERR: asoc_sprd_card_sub_parse_of parse phandle 'codec' failed!(-2)
[   13.195354] [ASoC:BOARD] asoc_sprd_card_dai_link_of: parse for codec failed. Go to use a dummy codec.
[   13.195360] vbc-rxpx-codec-sc27xx sound@0: \x09name : FE_LOOP
[   13.195363] vbc-rxpx-codec-sc27xx sound@0: \x09stream_name : FE_ST_LOOP
[   13.195374] [ASoC:BOARD] ERR: asoc_sprd_card_sub_parse_of parse phandle 'codec' failed!(-2)
[   13.195376] [ASoC:BOARD] asoc_sprd_card_dai_link_of: parse for codec failed. Go to use a dummy codec.
[   13.195383] vbc-rxpx-codec-sc27xx sound@0: \x09name : FE_A2DP_OFFLOAD
[   13.195386] vbc-rxpx-codec-sc27xx sound@0: \x09stream_name : FE_ST_A2DP_OFFLOAD
[   13.195397] [ASoC:BOARD] ERR: asoc_sprd_card_sub_parse_of parse phandle 'codec' failed!(-2)
[   13.195398] [ASoC:BOARD] asoc_sprd_card_dai_link_of: parse for codec failed. Go to use a dummy codec.
[   13.195405] vbc-rxpx-codec-sc27xx sound@0: \x09name : FE_A2DP_PCM
[   13.195408] vbc-rxpx-codec-sc27xx sound@0: \x09stream_name : FE_ST_A2DP_PCM
[   13.195419] [ASoC:BOARD] ERR: asoc_sprd_card_sub_parse_of parse phandle 'codec' failed!(-2)
[   13.195420] [ASoC:BOARD] asoc_sprd_card_dai_link_of: parse for codec failed. Go to use a dummy codec.
[   13.195426] vbc-rxpx-codec-sc27xx sound@0: \x09name : FE_CAPTURE_FM_DSP
[   13.195429] vbc-rxpx-codec-sc27xx sound@0: \x09stream_name : FE_ST_CAPTURE_FM_DSP
[   13.195442] [ASoC:BOARD] ERR: asoc_sprd_card_sub_parse_of parse phandle 'codec' failed!(-2)
[   13.195443] [ASoC:BOARD] asoc_sprd_card_dai_link_of: parse for codec failed. Go to use a dummy codec.
[   13.195450] vbc-rxpx-codec-sc27xx sound@0: \x09name : FE_CAPTURE_BTSCO_DSP
[   13.195453] vbc-rxpx-codec-sc27xx sound@0: \x09stream_name : FE_ST_CAPTURE_BTSCO_DSP
[   13.195465] [ASoC:BOARD] ERR: asoc_sprd_card_sub_parse_of parse phandle 'codec' failed!(-2)
[   13.195466] [ASoC:BOARD] asoc_sprd_card_dai_link_of: parse for codec failed. Go to use a dummy codec.
[   13.195473] vbc-rxpx-codec-sc27xx sound@0: \x09name : FE_FM_DSP
[   13.195475] vbc-rxpx-codec-sc27xx sound@0: \x09stream_name : FE_ST_FM_DSP
[   13.195488] [ASoC:BOARD] ERR: asoc_sprd_card_sub_parse_of parse phandle 'codec' failed!(-2)
[   13.195489] [ASoC:BOARD] asoc_sprd_card_dai_link_of: parse for codec failed. Go to use a dummy codec.
[   13.195495] vbc-rxpx-codec-sc27xx sound@0: \x09name : FE_DUMP
[   13.195498] vbc-rxpx-codec-sc27xx sound@0: \x09stream_name : FE_ST_DUMP
[   13.195509] [ASoC:BOARD] ERR: asoc_sprd_card_sub_parse_of parse phandle 'codec' failed!(-2)
[   13.195511] [ASoC:BOARD] asoc_sprd_card_dai_link_of: parse for codec failed. Go to use a dummy codec.
[   13.195517] vbc-rxpx-codec-sc27xx sound@0: \x09name : FE_BTCAP_AP
[   13.195519] vbc-rxpx-codec-sc27xx sound@0: \x09stream_name : FE_ST_BTCAP_AP
[   13.195542] vbc-rxpx-codec-sc27xx sound@0: \x09name : BE_NORMAL_AP01_CODEC
[   13.195544] vbc-rxpx-codec-sc27xx sound@0: \x09stream_name : BE_ST_NORMAL_AP01_CODEC
[   13.195562] vbc-rxpx-codec-sc27xx sound@0: \x09name : BE_NORMAL_AP23_CODEC
[   13.195564] vbc-rxpx-codec-sc27xx sound@0: \x09stream_name : BE_ST_NORMAL_AP23_CODEC
[   13.195581] vbc-rxpx-codec-sc27xx sound@0: \x09name : BE_CAPTURE_DSP_CODEC
[   13.195583] vbc-rxpx-codec-sc27xx sound@0: \x09stream_name : BE_ST_CAPTURE_DSP_CODEC
[   13.195602] vbc-rxpx-codec-sc27xx sound@0: \x09name : BE_FAST_CODEC
[   13.195604] vbc-rxpx-codec-sc27xx sound@0: \x09stream_name : BE_ST_FAST_CODEC
[   13.195620] vbc-rxpx-codec-sc27xx sound@0: \x09name : BE_OFFLOAD_CODEC
[   13.195623] vbc-rxpx-codec-sc27xx sound@0: \x09stream_name : BE_ST_OFFLOAD_CODEC
[   13.195641] vbc-rxpx-codec-sc27xx sound@0: \x09name : BE_VOICE_CODEC
[   13.195644] vbc-rxpx-codec-sc27xx sound@0: \x09stream_name : BE_ST_VOICE_CODEC
[   13.195662] vbc-rxpx-codec-sc27xx sound@0: \x09name : BE_VOIP_CODEC
[   13.195664] vbc-rxpx-codec-sc27xx sound@0: \x09stream_name : BE_ST_VOIP_CODEC
[   13.195682] vbc-rxpx-codec-sc27xx sound@0: \x09name : BE_FM_CODEC
[   13.195684] vbc-rxpx-codec-sc27xx sound@0: \x09stream_name : BE_ST_FM_CODEC
[   13.195703] vbc-rxpx-codec-sc27xx sound@0: \x09name : BE_LOOP_CODEC
[   13.195706] vbc-rxpx-codec-sc27xx sound@0: \x09stream_name : BE_ST_LOOP_CODEC
[   13.195723] vbc-rxpx-codec-sc27xx sound@0: \x09name : BE_FM_DSP_CODEC
[   13.195726] vbc-rxpx-codec-sc27xx sound@0: \x09stream_name : BE_ST_FM_DSP_CODEC
[   13.195739] [ASoC:BOARD] ERR: asoc_sprd_card_sub_parse_of parse phandle 'codec' failed!(-2)
[   13.195740] [ASoC:BOARD] asoc_sprd_card_dai_link_of: parse for codec failed. Go to use a dummy codec.
[   13.195747] vbc-rxpx-codec-sc27xx sound@0: \x09name : BE_NORMAL_AP01_USB
[   13.195749] vbc-rxpx-codec-sc27xx sound@0: \x09stream_name : BE_ST_NORMAL_AP01_USB
[   13.195762] [ASoC:BOARD] ERR: asoc_sprd_card_sub_parse_of parse phandle 'codec' failed!(-2)
[   13.195764] [ASoC:BOARD] asoc_sprd_card_dai_link_of: parse for codec failed. Go to use a dummy codec.
[   13.195770] vbc-rxpx-codec-sc27xx sound@0: \x09name : BE_NORMAL_AP23_USB
[   13.195773] vbc-rxpx-codec-sc27xx sound@0: \x09stream_name : BE_ST_NORMAL_AP23_USB
[   13.195786] [ASoC:BOARD] ERR: asoc_sprd_card_sub_parse_of parse phandle 'codec' failed!(-2)
[   13.195788] [ASoC:BOARD] asoc_sprd_card_dai_link_of: parse for codec failed. Go to use a dummy codec.
[   13.195793] vbc-rxpx-codec-sc27xx sound@0: \x09name : BE_CAPTURE_DSP_USB
[   13.195796] vbc-rxpx-codec-sc27xx sound@0: \x09stream_name : BE_ST_CAPTURE_DSP_USB
[   13.195808] [ASoC:BOARD] ERR: asoc_sprd_card_sub_parse_of parse phandle 'codec' failed!(-2)
[   13.195810] [ASoC:BOARD] asoc_sprd_card_dai_link_of: parse for codec failed. Go to use a dummy codec.
[   13.195816] vbc-rxpx-codec-sc27xx sound@0: \x09name : BE_FAST_USB
[   13.195819] vbc-rxpx-codec-sc27xx sound@0: \x09stream_name : BE_ST_FAST_USB
[   13.195831] [ASoC:BOARD] ERR: asoc_sprd_card_sub_parse_of parse phandle 'codec' failed!(-2)
[   13.195833] [ASoC:BOARD] asoc_sprd_card_dai_link_of: parse for codec failed. Go to use a dummy codec.
[   13.195839] vbc-rxpx-codec-sc27xx sound@0: \x09name : BE_OFFLOAD_USB
[   13.195842] vbc-rxpx-codec-sc27xx sound@0: \x09stream_name : BE_ST_OFFLOAD_USB
[   13.195854] [ASoC:BOARD] ERR: asoc_sprd_card_sub_parse_of parse phandle 'codec' failed!(-2)
[   13.195856] [ASoC:BOARD] asoc_sprd_card_dai_link_of: parse for codec failed. Go to use a dummy codec.
[   13.195861] vbc-rxpx-codec-sc27xx sound@0: \x09name : BE_VOICE_USB
[   13.195864] vbc-rxpx-codec-sc27xx sound@0: \x09stream_name : BE_ST_VOICE_USB
[   13.195876] [ASoC:BOARD] ERR: asoc_sprd_card_sub_parse_of parse phandle 'codec' failed!(-2)
[   13.195878] [ASoC:BOARD] asoc_sprd_card_dai_link_of: parse for codec failed. Go to use a dummy codec.
[   13.195884] vbc-rxpx-codec-sc27xx sound@0: \x09name : BE_VOIP_USB
[   13.195887] vbc-rxpx-codec-sc27xx sound@0: \x09stream_name : BE_ST_VOIP_USB
[   13.195897] [ASoC:BOARD] ERR: asoc_sprd_card_sub_parse_of parse phandle 'codec' failed!(-2)
[   13.195899] [ASoC:BOARD] asoc_sprd_card_dai_link_of: parse for codec failed. Go to use a dummy codec.
[   13.195905] vbc-rxpx-codec-sc27xx sound@0: \x09name : BE_FM_USB
[   13.195908] vbc-rxpx-codec-sc27xx sound@0: \x09stream_name : BE_ST_FM_USB
[   13.195923] [ASoC:BOARD] ERR: asoc_sprd_card_sub_parse_of parse phandle 'codec' failed!(-2)
[   13.195925] [ASoC:BOARD] asoc_sprd_card_dai_link_of: parse for codec failed. Go to use a dummy codec.
[   13.195932] vbc-rxpx-codec-sc27xx sound@0: \x09name : BE_LOOP_USB
[   13.195934] vbc-rxpx-codec-sc27xx sound@0: \x09stream_name : BE_ST_LOOP_USB
[   13.195947] [ASoC:BOARD] ERR: asoc_sprd_card_sub_parse_of parse phandle 'codec' failed!(-2)
[   13.195949] [ASoC:BOARD] asoc_sprd_card_dai_link_of: parse for codec failed. Go to use a dummy codec.
[   13.195954] vbc-rxpx-codec-sc27xx sound@0: \x09name : BE_FM_DSP_USB
[   13.195957] vbc-rxpx-codec-sc27xx sound@0: \x09stream_name : BE_ST_FM_DSP_USB
[   13.195967] [ASoC:BOARD] ERR: asoc_sprd_card_sub_parse_of parse phandle 'codec' failed!(-2)
[   13.195969] [ASoC:BOARD] asoc_sprd_card_dai_link_of: parse for codec failed. Go to use a dummy codec.
[   13.195975] vbc-rxpx-codec-sc27xx sound@0: \x09name : BE_OFFLOAD_A2DP
[   13.195977] vbc-rxpx-codec-sc27xx sound@0: \x09stream_name : BE_ST_OFFLOAD_A2DP
[   13.195988] [ASoC:BOARD] ERR: asoc_sprd_card_sub_parse_of parse phandle 'codec' failed!(-2)
[   13.195990] [ASoC:BOARD] asoc_sprd_card_dai_link_of: parse for codec failed. Go to use a dummy codec.
[   13.195995] vbc-rxpx-codec-sc27xx sound@0: \x09name : BE_PCM_A2DP
[   13.195997] vbc-rxpx-codec-sc27xx sound@0: \x09stream_name : BE_ST_PCM_A2DP
[   13.196055] [ASoC:BOARD] ERR: asoc_sprd_card_sub_parse_of parse phandle 'codec' failed!(-2)
[   13.196058] [ASoC:BOARD] asoc_sprd_card_dai_link_of: parse for codec failed. Go to use a dummy codec.
[   13.196064] vbc-rxpx-codec-sc27xx sound@0: \x09name : BE_VOICE_BT
[   13.196067] vbc-rxpx-codec-sc27xx sound@0: \x09stream_name : BE_ST_VOICE_BT
[   13.196079] [ASoC:BOARD] ERR: asoc_sprd_card_sub_parse_of parse phandle 'codec' failed!(-2)
[   13.196080] [ASoC:BOARD] asoc_sprd_card_dai_link_of: parse for codec failed. Go to use a dummy codec.
[   13.196087] vbc-rxpx-codec-sc27xx sound@0: \x09name : BE_VOIP_BT
[   13.196090] vbc-rxpx-codec-sc27xx sound@0: \x09stream_name : BE_ST_VOIP_BT
[   13.196102] [ASoC:BOARD] ERR: asoc_sprd_card_sub_parse_of parse phandle 'codec' failed!(-2)
[   13.196103] [ASoC:BOARD] asoc_sprd_card_dai_link_of: parse for codec failed. Go to use a dummy codec.
[   13.196109] vbc-rxpx-codec-sc27xx sound@0: \x09name : BE_LOOP_BT
[   13.196112] vbc-rxpx-codec-sc27xx sound@0: \x09stream_name : BE_ST_LOOP_BT
[   13.196125] [ASoC:BOARD] ERR: asoc_sprd_card_sub_parse_of parse phandle 'codec' failed!(-2)
[   13.196126] [ASoC:BOARD] asoc_sprd_card_dai_link_of: parse for codec failed. Go to use a dummy codec.
[   13.196133] vbc-rxpx-codec-sc27xx sound@0: \x09name : BE_BT_C
[   13.196135] vbc-rxpx-codec-sc27xx sound@0: \x09stream_name : BE_ST_BT_C
[   13.196147] [ASoC:BOARD] ERR: asoc_sprd_card_sub_parse_of parse phandle 'codec' failed!(-2)
[   13.196149] [ASoC:BOARD] asoc_sprd_card_dai_link_of: parse for codec failed. Go to use a dummy codec.
[   13.196155] vbc-rxpx-codec-sc27xx sound@0: \x09name : BE_VOICE_C
[   13.196158] vbc-rxpx-codec-sc27xx sound@0: \x09stream_name : BE_ST_VOICE_C
[   13.196168] [ASoC:BOARD] ERR: asoc_sprd_card_sub_parse_of parse phandle 'codec' failed!(-2)
[   13.196170] [ASoC:BOARD] asoc_sprd_card_dai_link_of: parse for codec failed. Go to use a dummy codec.
[   13.196176] vbc-rxpx-codec-sc27xx sound@0: \x09name : BE_FM_C
[   13.196179] vbc-rxpx-codec-sc27xx sound@0: \x09stream_name : BE_ST_FM_C
[   13.196191] [ASoC:BOARD] ERR: asoc_sprd_card_sub_parse_of parse phandle 'codec' failed!(-2)
[   13.196192] [ASoC:BOARD] asoc_sprd_card_dai_link_of: parse for codec failed. Go to use a dummy codec.
[   13.196199] vbc-rxpx-codec-sc27xx sound@0: \x09name : BE_CAPTURE_FM_DSP
[   13.196202] vbc-rxpx-codec-sc27xx sound@0: \x09stream_name : BE_ST_CAPTURE_FM_DSP
[   13.196213] [ASoC:BOARD] ERR: asoc_sprd_card_sub_parse_of parse phandle 'codec' failed!(-2)
[   13.196214] [ASoC:BOARD] asoc_sprd_card_dai_link_of: parse for codec failed. Go to use a dummy codec.
[   13.196220] vbc-rxpx-codec-sc27xx sound@0: \x09name : BE_CAPTURE_BTSCO_DSP
[   13.196222] vbc-rxpx-codec-sc27xx sound@0: \x09stream_name : BE_ST_CAPTURE_BTSCO_DSP
[   13.196232] [ASoC:BOARD] ERR: asoc_sprd_card_sub_parse_of parse phandle 'codec' failed!(-2)
[   13.196233] [ASoC:BOARD] asoc_sprd_card_dai_link_of: parse for codec failed. Go to use a dummy codec.
[   13.196239] vbc-rxpx-codec-sc27xx sound@0: \x09name : BE_DUMP
[   13.196241] vbc-rxpx-codec-sc27xx sound@0: \x09stream_name : BE_DUMP
[   13.196252] [ASoC:BOARD] ERR: asoc_sprd_card_sub_parse_of parse phandle 'codec' failed!(-2)
[   13.196253] [ASoC:BOARD] asoc_sprd_card_dai_link_of: parse for codec failed. Go to use a dummy codec.
[   13.196259] vbc-rxpx-codec-sc27xx sound@0: \x09name : FE_TEST_CODEC
[   13.196261] vbc-rxpx-codec-sc27xx sound@0: \x09stream_name : FE_ST_TEST_CODEC
[   13.196276] vbc-rxpx-codec-sc27xx sound@0: \x09name : BE_TEST_CODEC
[   13.196278] vbc-rxpx-codec-sc27xx sound@0: \x09stream_name : BE_TEST_CODEC
[   13.196288] [ASoC:BOARD] ERR: asoc_sprd_card_sub_parse_of parse phandle 'codec' failed!(-2)
[   13.196290] [ASoC:BOARD] asoc_sprd_card_dai_link_of: parse for codec failed. Go to use a dummy codec.
[   13.196296] vbc-rxpx-codec-sc27xx sound@0: \x09name : BE_FAST_BTSCO
[   13.196298] vbc-rxpx-codec-sc27xx sound@0: \x09stream_name : BE_ST_FAST_BTSCO
[   13.196308] [ASoC:BOARD] ERR: asoc_sprd_card_sub_parse_of parse phandle 'codec' failed!(-2)
[   13.196309] [ASoC:BOARD] asoc_sprd_card_dai_link_of: parse for codec failed. Go to use a dummy codec.
[   13.196315] vbc-rxpx-codec-sc27xx sound@0: \x09name : BE_NORMAL_AP01_BTSCO
[   13.196317] vbc-rxpx-codec-sc27xx sound@0: \x09stream_name : BE_ST_NORMAL_AP01_BTSCO
[   13.196328] [ASoC:BOARD] ERR: asoc_sprd_card_sub_parse_of parse phandle 'codec' failed!(-2)
[   13.196330] [ASoC:BOARD] asoc_sprd_card_dai_link_of: parse for codec failed. Go to use a dummy codec.
[   13.196337] vbc-rxpx-codec-sc27xx sound@0: \x09name : FE_VOICE_PCM_P
[   13.196340] vbc-rxpx-codec-sc27xx sound@0: \x09stream_name : FE_ST_VOICE_PCM_P
[   13.196353] [ASoC:BOARD] ERR: asoc_sprd_card_sub_parse_of parse phandle 'codec' failed!(-2)
[   13.196355] [ASoC:BOARD] asoc_sprd_card_dai_link_of: parse for codec failed. Go to use a dummy codec.
[   13.196362] vbc-rxpx-codec-sc27xx sound@0: \x09name : BE_VOICE_PCM_P
[   13.196365] vbc-rxpx-codec-sc27xx sound@0: \x09stream_name : BE_ST_VOICE_PCM_P
[   13.196377] [ASoC:BOARD] ERR: asoc_sprd_card_sub_parse_of parse phandle 'codec' failed!(-2)
[   13.196379] [ASoC:BOARD] asoc_sprd_card_dai_link_of: parse for codec failed. Go to use a dummy codec.
[   13.196385] vbc-rxpx-codec-sc27xx sound@0: \x09name : FE_MM_P
[   13.196387] vbc-rxpx-codec-sc27xx sound@0: \x09stream_name : FE_ST_MM_P
[   13.196407] vbc-rxpx-codec-sc27xx sound@0: \x09name : BE_FAST_P_SMART_AMP
[   13.196410] vbc-rxpx-codec-sc27xx sound@0: \x09stream_name : BE_ST_FAST_P_SMART_AMP
[   13.196414] [ASoC:BOARD] sprd_asoc_card_parse_hook hook aw87xx iic pa!
[   13.196418] [ASoC:BOARD] hook_spk_aw87xxx id: 0, on: 0
[   13.196426] [Awinic] [4-005b]aw87xxx_power_on: profile_cfg not load
[   13.196441] vbc-rxpx-codec-sc27xx sound@0: ASoC: failed to init link FE_OFFLOAD: -517
[   13.196447] vbc-rxpx-codec-sc27xx sound@0: Count 'sprd,spk-ext-pa-info' failed!(-22)
[   13.196473] probe of sound@0 returned 0 after 1433 usecs
[   13.196565] probe of sprd-pcm-audio returned 1 after 1802 usecs
[   13.196873] initcall sprd_pcm_platform_proc_write+0x254/0x2a8 [sprd_dmaengine_pcm] returned 0 after 2446 usecs
[   13.196969] init: Loaded kernel module /lib/modules/sprd-dmaengine-pcm.ko
[   13.197165] init: Loading module /lib/modules/sprd-compr-2stage-dma.ko with args ''
[   13.200995] calling  sprd_compress_proc_read+0x34/0x84 [sprd_compr_2stage_dma] @ 1
[   13.201440] [ASoC:COMPR] sprd_platform_compr_probe, line: 2254
[   13.201442] [ASoC:COMPR] sprd_platform_compr_probe E,devname:sprd-compr-audio, drivername:sprd-compr-platform
[   13.201451] [ASoC:COMPR] sprd_platform_compr_probe, line: 2263
[   13.201789] [ASoC:BOARD] ERR: asoc_sprd_card_sub_parse_of parse phandle 'codec' failed!(-2)
[   13.201791] [ASoC:BOARD] asoc_sprd_card_dai_link_of: parse for codec failed. Go to use a dummy codec.
[   13.201805] vbc-rxpx-codec-sc27xx sound@0: \x09name : FE_NORMAL_AP01
[   13.201808] vbc-rxpx-codec-sc27xx sound@0: \x09stream_name : FE_ST_NORMAL_AP01
[   13.201821] [ASoC:BOARD] ERR: asoc_sprd_card_sub_parse_of parse phandle 'codec' failed!(-2)
[   13.201822] [ASoC:BOARD] asoc_sprd_card_dai_link_of: parse for codec failed. Go to use a dummy codec.
[   13.201828] vbc-rxpx-codec-sc27xx sound@0: \x09name : FE_NORMAL_AP23
[   13.201831] vbc-rxpx-codec-sc27xx sound@0: \x09stream_name : FE_ST_NORMAL_AP23
[   13.201841] [ASoC:BOARD] ERR: asoc_sprd_card_sub_parse_of parse phandle 'codec' failed!(-2)
[   13.201843] [ASoC:BOARD] asoc_sprd_card_dai_link_of: parse for codec failed. Go to use a dummy codec.
[   13.201848] vbc-rxpx-codec-sc27xx sound@0: \x09name : FE_CAPTURE_DSP
[   13.201851] vbc-rxpx-codec-sc27xx sound@0: \x09stream_name : FE_ST_CAPTURE_DSP
[   13.201863] [ASoC:BOARD] ERR: asoc_sprd_card_sub_parse_of parse phandle 'codec' failed!(-2)
[   13.201865] [ASoC:BOARD] asoc_sprd_card_dai_link_of: parse for codec failed. Go to use a dummy codec.
[   13.201871] vbc-rxpx-codec-sc27xx sound@0: \x09name : FE_FAST
[   13.201873] vbc-rxpx-codec-sc27xx sound@0: \x09stream_name : FE_ST_FAST
[   13.201885] [ASoC:BOARD] ERR: asoc_sprd_card_sub_parse_of parse phandle 'codec' failed!(-2)
[   13.201887] [ASoC:BOARD] asoc_sprd_card_dai_link_of: parse for codec failed. Go to use a dummy codec.
[   13.201894] vbc-rxpx-codec-sc27xx sound@0: \x09name : FE_OFFLOAD
[   13.201896] vbc-rxpx-codec-sc27xx sound@0: \x09stream_name : FE_ST_OFFLOAD
[   13.201908] [ASoC:BOARD] ERR: asoc_sprd_card_sub_parse_of parse phandle 'codec' failed!(-2)
[   13.201910] [ASoC:BOARD] asoc_sprd_card_dai_link_of: parse for codec failed. Go to use a dummy codec.
[   13.201916] vbc-rxpx-codec-sc27xx sound@0: \x09name : FE_VOICE
[   13.201919] vbc-rxpx-codec-sc27xx sound@0: \x09stream_name : FE_ST_VOICE
[   13.201930] [ASoC:BOARD] ERR: asoc_sprd_card_sub_parse_of parse phandle 'codec' failed!(-2)
[   13.201932] [ASoC:BOARD] asoc_sprd_card_dai_link_of: parse for codec failed. Go to use a dummy codec.
[   13.201938] vbc-rxpx-codec-sc27xx sound@0: \x09name : FE_VOIP
[   13.201941] vbc-rxpx-codec-sc27xx sound@0: \x09stream_name : FE_ST_VOIP
[   13.201955] [ASoC:BOARD] ERR: asoc_sprd_card_sub_parse_of parse phandle 'codec' failed!(-2)
[   13.201957] [ASoC:BOARD] asoc_sprd_card_dai_link_of: parse for codec failed. Go to use a dummy codec.
[   13.201963] vbc-rxpx-codec-sc27xx sound@0: \x09name : FE_FM
[   13.201966] vbc-rxpx-codec-sc27xx sound@0: \x09stream_name : FE_ST_FM
[   13.201978] [ASoC:BOARD] ERR: asoc_sprd_card_sub_parse_of parse phandle 'codec' failed!(-2)
[   13.201980] [ASoC:BOARD] asoc_sprd_card_dai_link_of: parse for codec failed. Go to use a dummy codec.
[   13.201985] vbc-rxpx-codec-sc27xx sound@0: \x09name : FE_FM_C
[   13.201988] vbc-rxpx-codec-sc27xx sound@0: \x09stream_name : FE_ST_FM_C
[   13.201999] [ASoC:BOARD] ERR: asoc_sprd_card_sub_parse_of parse phandle 'codec' failed!(-2)
[   13.202000] [ASoC:BOARD] asoc_sprd_card_dai_link_of: parse for codec failed. Go to use a dummy codec.
[   13.202006] vbc-rxpx-codec-sc27xx sound@0: \x09name : FE_VOICE_C
[   13.202009] vbc-rxpx-codec-sc27xx sound@0: \x09stream_name : FE_ST_VOICE_C
[   13.202020] [ASoC:BOARD] ERR: asoc_sprd_card_sub_parse_of parse phandle 'codec' failed!(-2)
[   13.202022] [ASoC:BOARD] asoc_sprd_card_dai_link_of: parse for codec failed. Go to use a dummy codec.
[   13.202028] vbc-rxpx-codec-sc27xx sound@0: \x09name : FE_LOOP
[   13.202031] vbc-rxpx-codec-sc27xx sound@0: \x09stream_name : FE_ST_LOOP
[   13.202042] [ASoC:BOARD] ERR: asoc_sprd_card_sub_parse_of parse phandle 'codec' failed!(-2)
[   13.202043] [ASoC:BOARD] asoc_sprd_card_dai_link_of: parse for codec failed. Go to use a dummy codec.
[   13.202050] vbc-rxpx-codec-sc27xx sound@0: \x09name : FE_A2DP_OFFLOAD
[   13.202052] vbc-rxpx-codec-sc27xx sound@0: \x09stream_name : FE_ST_A2DP_OFFLOAD
[   13.202063] [ASoC:BOARD] ERR: asoc_sprd_card_sub_parse_of parse phandle 'codec' failed!(-2)
[   13.202065] [ASoC:BOARD] asoc_sprd_card_dai_link_of: parse for codec failed. Go to use a dummy codec.
[   13.202072] vbc-rxpx-codec-sc27xx sound@0: \x09name : FE_A2DP_PCM
[   13.202075] vbc-rxpx-codec-sc27xx sound@0: \x09stream_name : FE_ST_A2DP_PCM
[   13.202087] [ASoC:BOARD] ERR: asoc_sprd_card_sub_parse_of parse phandle 'codec' failed!(-2)
[   13.202089] [ASoC:BOARD] asoc_sprd_card_dai_link_of: parse for codec failed. Go to use a dummy codec.
[   13.202095] vbc-rxpx-codec-sc27xx sound@0: \x09name : FE_CAPTURE_FM_DSP
[   13.202098] vbc-rxpx-codec-sc27xx sound@0: \x09stream_name : FE_ST_CAPTURE_FM_DSP
[   13.202110] [ASoC:BOARD] ERR: asoc_sprd_card_sub_parse_of parse phandle 'codec' failed!(-2)
[   13.202111] [ASoC:BOARD] asoc_sprd_card_dai_link_of: parse for codec failed. Go to use a dummy codec.
[   13.202118] vbc-rxpx-codec-sc27xx sound@0: \x09name : FE_CAPTURE_BTSCO_DSP
[   13.202121] vbc-rxpx-codec-sc27xx sound@0: \x09stream_name : FE_ST_CAPTURE_BTSCO_DSP
[   13.202132] [ASoC:BOARD] ERR: asoc_sprd_card_sub_parse_of parse phandle 'codec' failed!(-2)
[   13.202134] [ASoC:BOARD] asoc_sprd_card_dai_link_of: parse for codec failed. Go to use a dummy codec.
[   13.202140] vbc-rxpx-codec-sc27xx sound@0: \x09name : FE_FM_DSP
[   13.202142] vbc-rxpx-codec-sc27xx sound@0: \x09stream_name : FE_ST_FM_DSP
[   13.202153] [ASoC:BOARD] ERR: asoc_sprd_card_sub_parse_of parse phandle 'codec' failed!(-2)
[   13.202155] [ASoC:BOARD] asoc_sprd_card_dai_link_of: parse for codec failed. Go to use a dummy codec.
[   13.202161] vbc-rxpx-codec-sc27xx sound@0: \x09name : FE_DUMP
[   13.202164] vbc-rxpx-codec-sc27xx sound@0: \x09stream_name : FE_ST_DUMP
[   13.202175] [ASoC:BOARD] ERR: asoc_sprd_card_sub_parse_of parse phandle 'codec' failed!(-2)
[   13.202177] [ASoC:BOARD] asoc_sprd_card_dai_link_of: parse for codec failed. Go to use a dummy codec.
[   13.202182] vbc-rxpx-codec-sc27xx sound@0: \x09name : FE_BTCAP_AP
[   13.202185] vbc-rxpx-codec-sc27xx sound@0: \x09stream_name : FE_ST_BTCAP_AP
[   13.202209] vbc-rxpx-codec-sc27xx sound@0: \x09name : BE_NORMAL_AP01_CODEC
[   13.202212] vbc-rxpx-codec-sc27xx sound@0: \x09stream_name : BE_ST_NORMAL_AP01_CODEC
[   13.202229] vbc-rxpx-codec-sc27xx sound@0: \x09name : BE_NORMAL_AP23_CODEC
[   13.202232] vbc-rxpx-codec-sc27xx sound@0: \x09stream_name : BE_ST_NORMAL_AP23_CODEC
[   13.202248] vbc-rxpx-codec-sc27xx sound@0: \x09name : BE_CAPTURE_DSP_CODEC
[   13.202251] vbc-rxpx-codec-sc27xx sound@0: \x09stream_name : BE_ST_CAPTURE_DSP_CODEC
[   13.202269] vbc-rxpx-codec-sc27xx sound@0: \x09name : BE_FAST_CODEC
[   13.202272] vbc-rxpx-codec-sc27xx sound@0: \x09stream_name : BE_ST_FAST_CODEC
[   13.202289] vbc-rxpx-codec-sc27xx sound@0: \x09name : BE_OFFLOAD_CODEC
[   13.202292] vbc-rxpx-codec-sc27xx sound@0: \x09stream_name : BE_ST_OFFLOAD_CODEC
[   13.202311] vbc-rxpx-codec-sc27xx sound@0: \x09name : BE_VOICE_CODEC
[   13.202314] vbc-rxpx-codec-sc27xx sound@0: \x09stream_name : BE_ST_VOICE_CODEC
[   13.202331] vbc-rxpx-codec-sc27xx sound@0: \x09name : BE_VOIP_CODEC
[   13.202334] vbc-rxpx-codec-sc27xx sound@0: \x09stream_name : BE_ST_VOIP_CODEC
[   13.202351] vbc-rxpx-codec-sc27xx sound@0: \x09name : BE_FM_CODEC
[   13.202354] vbc-rxpx-codec-sc27xx sound@0: \x09stream_name : BE_ST_FM_CODEC
[   13.202372] vbc-rxpx-codec-sc27xx sound@0: \x09name : BE_LOOP_CODEC
[   13.202375] vbc-rxpx-codec-sc27xx sound@0: \x09stream_name : BE_ST_LOOP_CODEC
[   13.202393] vbc-rxpx-codec-sc27xx sound@0: \x09name : BE_FM_DSP_CODEC
[   13.202395] vbc-rxpx-codec-sc27xx sound@0: \x09stream_name : BE_ST_FM_DSP_CODEC
[   13.202407] [ASoC:BOARD] ERR: asoc_sprd_card_sub_parse_of parse phandle 'codec' failed!(-2)
[   13.202409] [ASoC:BOARD] asoc_sprd_card_dai_link_of: parse for codec failed. Go to use a dummy codec.
[   13.202415] vbc-rxpx-codec-sc27xx sound@0: \x09name : BE_NORMAL_AP01_USB
[   13.202418] vbc-rxpx-codec-sc27xx sound@0: \x09stream_name : BE_ST_NORMAL_AP01_USB
[   13.202429] [ASoC:BOARD] ERR: asoc_sprd_card_sub_parse_of parse phandle 'codec' failed!(-2)
[   13.202430] [ASoC:BOARD] asoc_sprd_card_dai_link_of: parse for codec failed. Go to use a dummy codec.
[   13.202436] vbc-rxpx-codec-sc27xx sound@0: \x09name : BE_NORMAL_AP23_USB
[   13.202439] vbc-rxpx-codec-sc27xx sound@0: \x09stream_name : BE_ST_NORMAL_AP23_USB
[   13.202451] [ASoC:BOARD] ERR: asoc_sprd_card_sub_parse_of parse phandle 'codec' failed!(-2)
[   13.202452] [ASoC:BOARD] asoc_sprd_card_dai_link_of: parse for codec failed. Go to use a dummy codec.
[   13.202458] vbc-rxpx-codec-sc27xx sound@0: \x09name : BE_CAPTURE_DSP_USB
[   13.202461] vbc-rxpx-codec-sc27xx sound@0: \x09stream_name : BE_ST_CAPTURE_DSP_USB
[   13.202474] [ASoC:BOARD] ERR: asoc_sprd_card_sub_parse_of parse phandle 'codec' failed!(-2)
[   13.202475] [ASoC:BOARD] asoc_sprd_card_dai_link_of: parse for codec failed. Go to use a dummy codec.
[   13.202481] vbc-rxpx-codec-sc27xx sound@0: \x09name : BE_FAST_USB
[   13.202484] vbc-rxpx-codec-sc27xx sound@0: \x09stream_name : BE_ST_FAST_USB
[   13.202497] [ASoC:BOARD] ERR: asoc_sprd_card_sub_parse_of parse phandle 'codec' failed!(-2)
[   13.202498] [ASoC:BOARD] asoc_sprd_card_dai_link_of: parse for codec failed. Go to use a dummy codec.
[   13.202505] vbc-rxpx-codec-sc27xx sound@0: \x09name : BE_OFFLOAD_USB
[   13.202507] vbc-rxpx-codec-sc27xx sound@0: \x09stream_name : BE_ST_OFFLOAD_USB
[   13.202519] [ASoC:BOARD] ERR: asoc_sprd_card_sub_parse_of parse phandle 'codec' failed!(-2)
[   13.202521] [ASoC:BOARD] asoc_sprd_card_dai_link_of: parse for codec failed. Go to use a dummy codec.
[   13.202528] vbc-rxpx-codec-sc27xx sound@0: \x09name : BE_VOICE_USB
[   13.202530] vbc-rxpx-codec-sc27xx sound@0: \x09stream_name : BE_ST_VOICE_USB
[   13.202542] [ASoC:BOARD] ERR: asoc_sprd_card_sub_parse_of parse phandle 'codec' failed!(-2)
[   13.202544] [ASoC:BOARD] asoc_sprd_card_dai_link_of: parse for codec failed. Go to use a dummy codec.
[   13.202550] vbc-rxpx-codec-sc27xx sound@0: \x09name : BE_VOIP_USB
[   13.202553] vbc-rxpx-codec-sc27xx sound@0: \x09stream_name : BE_ST_VOIP_USB
[   13.202565] [ASoC:BOARD] ERR: asoc_sprd_card_sub_parse_of parse phandle 'codec' failed!(-2)
[   13.202566] [ASoC:BOARD] asoc_sprd_card_dai_link_of: parse for codec failed. Go to use a dummy codec.
[   13.202573] vbc-rxpx-codec-sc27xx sound@0: \x09name : BE_FM_USB
[   13.202576] vbc-rxpx-codec-sc27xx sound@0: \x09stream_name : BE_ST_FM_USB
[   13.202590] [ASoC:BOARD] ERR: asoc_sprd_card_sub_parse_of parse phandle 'codec' failed!(-2)
[   13.202591] [ASoC:BOARD] asoc_sprd_card_dai_link_of: parse for codec failed. Go to use a dummy codec.
[   13.202598] vbc-rxpx-codec-sc27xx sound@0: \x09name : BE_LOOP_USB
[   13.202600] vbc-rxpx-codec-sc27xx sound@0: \x09stream_name : BE_ST_LOOP_USB
[   13.202614] [ASoC:BOARD] ERR: asoc_sprd_card_sub_parse_of parse phandle 'codec' failed!(-2)
[   13.202616] [ASoC:BOARD] asoc_sprd_card_dai_link_of: parse for codec failed. Go to use a dummy codec.
[   13.202621] vbc-rxpx-codec-sc27xx sound@0: \x09name : BE_FM_DSP_USB
[   13.202623] vbc-rxpx-codec-sc27xx sound@0: \x09stream_name : BE_ST_FM_DSP_USB
[   13.202634] [ASoC:BOARD] ERR: asoc_sprd_card_sub_parse_of parse phandle 'codec' failed!(-2)
[   13.202635] [ASoC:BOARD] asoc_sprd_card_dai_link_of: parse for codec failed. Go to use a dummy codec.
[   13.202641] vbc-rxpx-codec-sc27xx sound@0: \x09name : BE_OFFLOAD_A2DP
[   13.202643] vbc-rxpx-codec-sc27xx sound@0: \x09stream_name : BE_ST_OFFLOAD_A2DP
[   13.202653] [ASoC:BOARD] ERR: asoc_sprd_card_sub_parse_of parse phandle 'codec' failed!(-2)
[   13.202655] [ASoC:BOARD] asoc_sprd_card_dai_link_of: parse for codec failed. Go to use a dummy codec.
[   13.202661] vbc-rxpx-codec-sc27xx sound@0: \x09name : BE_PCM_A2DP
[   13.202664] vbc-rxpx-codec-sc27xx sound@0: \x09stream_name : BE_ST_PCM_A2DP
[   13.202675] [ASoC:BOARD] ERR: asoc_sprd_card_sub_parse_of parse phandle 'codec' failed!(-2)
[   13.202676] [ASoC:BOARD] asoc_sprd_card_dai_link_of: parse for codec failed. Go to use a dummy codec.
[   13.202682] vbc-rxpx-codec-sc27xx sound@0: \x09name : BE_VOICE_BT
[   13.202685] vbc-rxpx-codec-sc27xx sound@0: \x09stream_name : BE_ST_VOICE_BT
[   13.202697] [ASoC:BOARD] ERR: asoc_sprd_card_sub_parse_of parse phandle 'codec' failed!(-2)
[   13.202699] [ASoC:BOARD] asoc_sprd_card_dai_link_of: parse for codec failed. Go to use a dummy codec.
[   13.202705] vbc-rxpx-codec-sc27xx sound@0: \x09name : BE_VOIP_BT
[   13.202708] vbc-rxpx-codec-sc27xx sound@0: \x09stream_name : BE_ST_VOIP_BT
[   13.202720] [ASoC:BOARD] ERR: asoc_sprd_card_sub_parse_of parse phandle 'codec' failed!(-2)
[   13.202722] [ASoC:BOARD] asoc_sprd_card_dai_link_of: parse for codec failed. Go to use a dummy codec.
[   13.202728] vbc-rxpx-codec-sc27xx sound@0: \x09name : BE_LOOP_BT
[   13.202731] vbc-rxpx-codec-sc27xx sound@0: \x09stream_name : BE_ST_LOOP_BT
[   13.202743] [ASoC:BOARD] ERR: asoc_sprd_card_sub_parse_of parse phandle 'codec' failed!(-2)
[   13.202745] [ASoC:BOARD] asoc_sprd_card_dai_link_of: parse for codec failed. Go to use a dummy codec.
[   13.202751] vbc-rxpx-codec-sc27xx sound@0: \x09name : BE_BT_C
[   13.202754] vbc-rxpx-codec-sc27xx sound@0: \x09stream_name : BE_ST_BT_C
[   13.202766] [ASoC:BOARD] ERR: asoc_sprd_card_sub_parse_of parse phandle 'codec' failed!(-2)
[   13.202768] [ASoC:BOARD] asoc_sprd_card_dai_link_of: parse for codec failed. Go to use a dummy codec.
[   13.202774] vbc-rxpx-codec-sc27xx sound@0: \x09name : BE_VOICE_C
[   13.202776] vbc-rxpx-codec-sc27xx sound@0: \x09stream_name : BE_ST_VOICE_C
[   13.202787] [ASoC:BOARD] ERR: asoc_sprd_card_sub_parse_of parse phandle 'codec' failed!(-2)
[   13.202789] [ASoC:BOARD] asoc_sprd_card_dai_link_of: parse for codec failed. Go to use a dummy codec.
[   13.202794] vbc-rxpx-codec-sc27xx sound@0: \x09name : BE_FM_C
[   13.202797] vbc-rxpx-codec-sc27xx sound@0: \x09stream_name : BE_ST_FM_C
[   13.202808] [ASoC:BOARD] ERR: asoc_sprd_card_sub_parse_of parse phandle 'codec' failed!(-2)
[   13.202810] [ASoC:BOARD] asoc_sprd_card_dai_link_of: parse for codec failed. Go to use a dummy codec.
[   13.202817] vbc-rxpx-codec-sc27xx sound@0: \x09name : BE_CAPTURE_FM_DSP
[   13.202820] vbc-rxpx-codec-sc27xx sound@0: \x09stream_name : BE_ST_CAPTURE_FM_DSP
[   13.202833] [ASoC:BOARD] ERR: asoc_sprd_card_sub_parse_of parse phandle 'codec' failed!(-2)
[   13.202834] [ASoC:BOARD] asoc_sprd_card_dai_link_of: parse for codec failed. Go to use a dummy codec.
[   13.202840] vbc-rxpx-codec-sc27xx sound@0: \x09name : BE_CAPTURE_BTSCO_DSP
[   13.202842] vbc-rxpx-codec-sc27xx sound@0: \x09stream_name : BE_ST_CAPTURE_BTSCO_DSP
[   13.202852] [ASoC:BOARD] ERR: asoc_sprd_card_sub_parse_of parse phandle 'codec' failed!(-2)
[   13.202854] [ASoC:BOARD] asoc_sprd_card_dai_link_of: parse for codec failed. Go to use a dummy codec.
[   13.202860] vbc-rxpx-codec-sc27xx sound@0: \x09name : BE_DUMP
[   13.202863] vbc-rxpx-codec-sc27xx sound@0: \x09stream_name : BE_DUMP
[   13.202874] [ASoC:BOARD] ERR: asoc_sprd_card_sub_parse_of parse phandle 'codec' failed!(-2)
[   13.202876] [ASoC:BOARD] asoc_sprd_card_dai_link_of: parse for codec failed. Go to use a dummy codec.
[   13.202883] vbc-rxpx-codec-sc27xx sound@0: \x09name : FE_TEST_CODEC
[   13.202886] vbc-rxpx-codec-sc27xx sound@0: \x09stream_name : FE_ST_TEST_CODEC
[   13.202904] vbc-rxpx-codec-sc27xx sound@0: \x09name : BE_TEST_CODEC
[   13.202906] vbc-rxpx-codec-sc27xx sound@0: \x09stream_name : BE_TEST_CODEC
[   13.202918] [ASoC:BOARD] ERR: asoc_sprd_card_sub_parse_of parse phandle 'codec' failed!(-2)
[   13.202920] [ASoC:BOARD] asoc_sprd_card_dai_link_of: parse for codec failed. Go to use a dummy codec.
[   13.202926] vbc-rxpx-codec-sc27xx sound@0: \x09name : BE_FAST_BTSCO
[   13.202929] vbc-rxpx-codec-sc27xx sound@0: \x09stream_name : BE_ST_FAST_BTSCO
[   13.202940] [ASoC:BOARD] ERR: asoc_sprd_card_sub_parse_of parse phandle 'codec' failed!(-2)
[   13.202941] [ASoC:BOARD] asoc_sprd_card_dai_link_of: parse for codec failed. Go to use a dummy codec.
[   13.202947] vbc-rxpx-codec-sc27xx sound@0: \x09name : BE_NORMAL_AP01_BTSCO
[   13.202950] vbc-rxpx-codec-sc27xx sound@0: \x09stream_name : BE_ST_NORMAL_AP01_BTSCO
[   13.202961] [ASoC:BOARD] ERR: asoc_sprd_card_sub_parse_of parse phandle 'codec' failed!(-2)
[   13.202963] [ASoC:BOARD] asoc_sprd_card_dai_link_of: parse for codec failed. Go to use a dummy codec.
[   13.202969] vbc-rxpx-codec-sc27xx sound@0: \x09name : FE_VOICE_PCM_P
[   13.202972] vbc-rxpx-codec-sc27xx sound@0: \x09stream_name : FE_ST_VOICE_PCM_P
[   13.202985] [ASoC:BOARD] ERR: asoc_sprd_card_sub_parse_of parse phandle 'codec' failed!(-2)
[   13.202987] [ASoC:BOARD] asoc_sprd_card_dai_link_of: parse for codec failed. Go to use a dummy codec.
[   13.202993] vbc-rxpx-codec-sc27xx sound@0: \x09name : BE_VOICE_PCM_P
[   13.202996] vbc-rxpx-codec-sc27xx sound@0: \x09stream_name : BE_ST_VOICE_PCM_P
[   13.203008] [ASoC:BOARD] ERR: asoc_sprd_card_sub_parse_of parse phandle 'codec' failed!(-2)
[   13.203010] [ASoC:BOARD] asoc_sprd_card_dai_link_of: parse for codec failed. Go to use a dummy codec.
[   13.203017] vbc-rxpx-codec-sc27xx sound@0: \x09name : FE_MM_P
[   13.203020] vbc-rxpx-codec-sc27xx sound@0: \x09stream_name : FE_ST_MM_P
[   13.203040] vbc-rxpx-codec-sc27xx sound@0: \x09name : BE_FAST_P_SMART_AMP
[   13.203042] vbc-rxpx-codec-sc27xx sound@0: \x09stream_name : BE_ST_FAST_P_SMART_AMP
[   13.203046] [ASoC:BOARD] sprd_asoc_card_parse_hook hook aw87xx iic pa!
[   13.203050] [ASoC:BOARD] hook_spk_aw87xxx id: 0, on: 0
[   13.203058] [Awinic] [4-005b]aw87xxx_power_on: profile_cfg not load
[   13.203591] [ASoC:COMPR] sprd_compr_probe, line: 2170
[   13.203656] probe of sprd-compr-audio returned 1 after 2236 usecs
[   13.203953] initcall sprd_compress_proc_read+0x34/0x84 [sprd_compr_2stage_dma] returned 0 after 2875 usecs
[   13.204090] init: Loaded kernel module /lib/modules/sprd-compr-2stage-dma.ko
[   13.204264] init: Loading module /lib/modules/sprd_mipi.ko with args ''
[   13.204334] [ASoC:COMPR] sprd_compr_probe, line: 2211
[   13.204506] [ASoC: VBC ] vbc_codec_soc_probe: 4753:vbc_codec_soc_probe
[   13.206188] [ASoC:HDST2730] sprd_headset_parse_dt :no match found for switch gpio.
[   13.206203] [ASoC:HDST2730] use GPIO_54 for 'aud_int_all', debounce: 10
[   13.206209] [ASoC:HDST2730] sprd_headset_parse_dt: fail to get line_out_support
[   13.206212] [ASoC:HDST2730] half_adc_gnd 100, one_half_adc_gnd 428, sprd_adc_gnd 328
[   13.206214] [ASoC:HDST2730] threshold_3pole 2950, sprd_half_adc_gnd 100, coefficient 884520, irq_threshold_button 4
[   13.206219] [ASoC:HDST2730] device tree data: adc_min 0 adc_max 480 code 226
[   13.206222] [ASoC:HDST2730] device tree data: adc_min 481 adc_max 990 code 115
[   13.206224] [ASoC:HDST2730] device tree data: adc_min 991 adc_max 2500 code 114
[   13.206236] platform sprd-headset: not support typec analog headset
[   13.206237] [ASoC:HDST2730] automatic EU/US type switch is unsupported
[   13.206305] [ASoC:HDST2730] headset_detect_probe success
[   13.206335] [ASoC:HDST2730] sprd_headset_soc_probe adie_chip_id 0x2730
[   13.207044] [ASoC:HDST2730] sprd_headset_power_set name CLK_DCL_32K, power_on 1, en 0
[   13.207059] [ASoC:POWER] audio power  1  enable, vreg_enable
[   13.207252] [ASoC:HDST2730] sprd_headset_power_set name DIG_CLK_INTC, power_on 1, en 0
[   13.207323] [ASoC:HDST2730] sprd_headset_regulator_init PMU0(0000) 2020, PMU1(0004) 0, DCL1(0100) 700, CLK0(0068) 2000
[   13.207532] [ASoC:HDST2730] sprd_hmicbias_polling_init HID0(144) 3888, HID1(148) 101, HID2(14C) 8080, HID3(150) 8, HID4(154) 20
[   13.207795] [ASoC:HDST2730] sprd_headset_eic_init INT0(0200) 0, INT1(0204) ffff, INT6(0218) 0
[   13.207825] [ASoC:HDST2730] sprd_headset_clear_all_eic clear all internal eic
[   13.207996] [ASoC:HDST2730] sprd_set_all_eic_trig_level set all internal eic trig level to high
[   13.208037] [ASoC:HDST2730] sprd_headset_all_eic_enable disable all internal eic
[   13.208062] [ASoC:HDST2730] intc force clear, INT8(220.MIS) 0, bits ffff
[   13.208201] [ASoC:HDST2730] sprd_headset_eic_init STS0(184) 2000, INT5(214.IEV) ffff, INT6(218.IE) 0, INT7(21C.RIS) 0, INT8(220.MIS) 0, INT11(22C.STS1) 0, INT32(280.INTC.EN) 4000, INT34(288) 0
[   13.209460] calling  serdes_enable+0x284/0x2a4 [sprd_mipi] @ 1
[   13.209481] initcall serdes_enable+0x284/0x2a4 [sprd_mipi] returned 0 after 13 usecs
[   13.209563] init: Loaded kernel module /lib/modules/sprd_mipi.ko
[   13.209740] init: Loading module /lib/modules/mipi_driver.ko with args ''
[   13.210121] [ASoC:HDST2730] sprd_headset_debug_sysfs_init success
[   13.210123] [ASoC:HDST2730] sprd_get_adc_cal_from_efuse enter
[   13.212943] calling  dbg_phy_exit+0x70/0x94 [mipi_driver] @ 1
[   13.213706] sprd_campd_r8p0: 1 196 sprd_cam_pw_on : Done, read count 1, cb: sprd_cam_pw_on+0x68/0x138 [sprd_camsys_pw_domain]
[   13.213711] sprd_campd_r8p0: 1 86 sprd_cam_domain_eb : cb (____ptrval____)
[   13.214489] [modem-dbg-log][       dbg_log_probe] hello world! entry
[   13.214527] [modem-dbg-log][dbg_log_device_register] entry
[   13.214609] [modem-dbg-log][       dbg_log_probe] mm enable
[   13.214611] [modem-dbg-log][       dbg_log_probe] dcfix enable
[   13.214615] [modem-dbg-log][       dbg_log_probe] ch_num 6
[   13.214619] [modem-dbg-log][       dbg_log_probe] ch-index count 6, rc 0
[   13.214621] [modem-dbg-log][       dbg_log_probe] sel 0 = 0xf
[   13.214622] [modem-dbg-log][       dbg_log_probe] sel 1 = 0x1
[   13.214624] [modem-dbg-log][       dbg_log_probe] sel 2 = 0x0
[   13.214626] [modem-dbg-log][       dbg_log_probe] sel 3 = 0x2
[   13.214627] [modem-dbg-log][       dbg_log_probe] sel 4 = 0x3
[   13.214629] [modem-dbg-log][       dbg_log_probe] sel 5 = 0x4
[   13.214631] [modem-dbg-log][       dbg_log_probe] ch-name count 6, rc 6
[   13.214632] [modem-dbg-log][       dbg_log_probe] str 0 = TRAINING
[   13.214634] [modem-dbg-log][       dbg_log_probe] str 1 = WTL
[   13.214635] [modem-dbg-log][       dbg_log_probe] str 2 = MADR
[   13.214637] [modem-dbg-log][       dbg_log_probe] str 3 = TPIU
[   13.214638] [modem-dbg-log][       dbg_log_probe] str 4 = DBUS
[   13.214640] [modem-dbg-log][       dbg_log_probe] str 5 = WCN
[   13.214675] modem-dbg-log 64750000.modem-dbg-log: can't get the clock dts config: src0
[   13.214679] modem-dbg-log 64750000.modem-dbg-log: can't get the clock dts config: src1
[   13.214683] modem-dbg-log 64750000.modem-dbg-log: can't get the clock dts config: src2
[   13.214687] modem-dbg-log 64750000.modem-dbg-log: can't get the clock dts config: src3
[   13.214690] modem-dbg-log 64750000.modem-dbg-log: can't get the clock dts config: src4
[   13.214693] [modem-dbg-log][       dbg_log_probe] div1 map count 0, rc -22
[   13.214694] [modem-dbg-log][       dbg_log_probe] get div1 map failed
[   13.214696] [modem-dbg-log][inter_dbg_log_is_freq_valid] input freq 1400000
[   13.214703] [modem-dbg-log][       dbg_log_probe] Finish sharkl6 Probe Function
[   13.214773] probe of 64750000.modem-dbg-log returned 1 after 1502 usecs
[   13.214798] sprd_campd_r8p0: 194 108 sprd_cam_domain_disable : cb (____ptrval____)
[   13.215171] initcall dbg_phy_exit+0x70/0x94 [mipi_driver] returned 0 after 2158 usecs
[   13.215206] sprd_campd_r8p0: 194 158 sprd_cam_pw_off : Done, read count 1, cb: sprd_cam_pw_off.3+0xa0/0x12c [sprd_camsys_pw_domain]
[   13.215295] init: Loaded kernel module /lib/modules/mipi_driver.ko
[   13.215719] init: Loaded 138 kernel modules took 1526 ms
[   13.216027] init: Copied ramdisk prop to /second_stage_resources/system/etc/ramdisk/build.prop
[   13.216066] init: First stage mount skipped (recovery mode)
[   13.216382] init: [libfs_mgr]ReadFstabFromDt(): failed to read fstab from dt
[   13.216583] init: [libfs_mgr]ddrvalue = 
[   13.216592] init: [libfs_mgr]ddr_enable = 
[   13.216607] init: [libfs_mgr]ddrvalue = 
[   13.216615] init: [libfs_mgr]ddr_enable = 
[   13.216630] init: [libfs_mgr]ddrvalue = 
[   13.216637] init: [libfs_mgr]ddr_enable = 
[   13.216667] init: [libfs_mgr]ddrvalue = 
[   13.216678] init: [libfs_mgr]ddr_enable = 
[   13.216696] init: [libfs_mgr]ddrvalue = 
[   13.216704] init: [libfs_mgr]ddr_enable = 
[   13.216727] init: [libfs_mgr]ddrvalue = 
[   13.216735] init: [libfs_mgr]ddr_enable = 
[   13.216750] init: [libfs_mgr]ddrvalue = 
[   13.216760] init: [libfs_mgr]ddr_enable = 
[   13.216777] init: [libfs_mgr]ddrvalue = 
[   13.216784] init: [libfs_mgr]ddr_enable = 
[   13.216800] init: [libfs_mgr]ddrvalue = 
[   13.216807] init: [libfs_mgr]ddr_enable = 
[   13.216868] init: [libfs_mgr]ddrvalue = 
[   13.216877] init: [libfs_mgr]ddr_enable = 
[   13.217400] init: Using Android DT directory /proc/device-tree/firmware/android/
[   13.238560] musb-sprd 64900000.usb: enter into resume mode
[   13.238622] musb-sprd 64900000.usb: is running as DEVICE
[   13.250831] [ASoC:HDST2730] sprd_get_adc_cal_from_efuse test[0] 0x737d 29565, test[1] 0xcac 3244
[   13.250839] [ASoC:HDST2730] sprd_get_adc_cal_from_efuse d[0] 0x7d 125 d[1] 0x73 115 d[2] 0xac 172 d[3] 0xc 12
[   13.250860] [ASoC:HDST2730] sprd_get_adc_cal_from_efuse adie_chip_id 0x2730
[   13.250863] [ASoC:HDST2730] sprd_get_adc_cal_from_efuse A 324, B 3305 E1 2744 E2 1548
[   13.254618] [ASoC:HDST2730] sprd_headset_eic_plugin_enable STS0(184) 2000, INT5(214.IEV) ffff, INT6(218.IE) 1000, INT7(21C.RIS) 0, INT8(220.MIS) 0, INT11(22C.STS1) 0, INT32(280.INTC.EN) 4000, INT34(288) 0
[   13.254693] [ASoC:HDST2730] sprd_headset_soc_probe STS0(184) 2000, INT5(214.IEV) ffff, INT6(218.IE) 1000, INT7(21C.RIS) 0, INT8(220.MIS) 0, INT11(22C.STS1) 0, INT32(280.INTC.EN) 4000, INT34(288) 0
[   13.254767] [Awinic] [4-005b]aw87xxx_kcontrol_dynamic_create: add codec controls[aw87xxx_profile_switch_0,aw87xxx_vmax_get_0,aw87xxx_monitor_switch_0]
[   13.254777] [Awinic] [4-005b]aw87xxx_public_kcontrol_create: add public codec controls[aw87xxx_spin_switch]
[   13.255385] [sprd-aud-agdsp] agdsp_access_enable out
[   13.255394] [sprd-aud-agdsp] agdsp_access_enable out
[   13.255410] [sprd-aud-agdsp] agdsp_access_enable out
[   13.255454] [sprd-aud-agdsp] agdsp_access_enable out
[   13.255460] [sprd-aud-agdsp] agdsp_access_enable out
[   13.255469] [sprd-aud-agdsp] agdsp_access_enable out
[   13.255522] [sprd-aud-agdsp] agdsp_access_enable out
[   13.255528] [sprd-aud-agdsp] agdsp_access_enable out
[   13.255537] [sprd-aud-agdsp] agdsp_access_enable out
[   13.255580] [sprd-aud-agdsp] agdsp_access_enable out
[   13.255586] [sprd-aud-agdsp] agdsp_access_enable out
[   13.255595] [sprd-aud-agdsp] agdsp_access_enable out
[   13.255940] [sprd-aud-agdsp] agdsp_access_enable out
[   13.255947] [sprd-aud-agdsp] agdsp_access_enable out
[   13.255957] [sprd-aud-agdsp] agdsp_access_enable out
[   13.256024] [sprd-aud-agdsp] agdsp_access_enable out
[   13.256031] [sprd-aud-agdsp] agdsp_access_enable out
[   13.256040] [sprd-aud-agdsp] agdsp_access_enable out
[   13.259848] vbc-rxpx-codec-sc27xx sound@0: snd-soc-dummy-dai <-> FE_DAI_ID_NORMAL_AP01 mapping ok
[   13.259905] vbc-rxpx-codec-sc27xx sound@0: snd-soc-dummy-dai <-> FE_DAI_ID_NORMAL_AP23 mapping ok
[   13.259968] vbc-rxpx-codec-sc27xx sound@0: snd-soc-dummy-dai <-> FE_DAI_ID_CAPTURE_DSP mapping ok
[   13.260033] vbc-rxpx-codec-sc27xx sound@0: snd-soc-dummy-dai <-> FE_DAI_ID_FAST_P mapping ok
[   13.260081] vbc-rxpx-codec-sc27xx sound@0: Compress ASoC: snd-soc-dummy-dai <-> FE_DAI_ID_OFFLOAD mapping ok
[   13.260141] vbc-rxpx-codec-sc27xx sound@0: snd-soc-dummy-dai <-> FE_DAI_ID_VOICE mapping ok
[   13.260194] vbc-rxpx-codec-sc27xx sound@0: snd-soc-dummy-dai <-> FE_DAI_ID_VOIP mapping ok
[   13.260241] vbc-rxpx-codec-sc27xx sound@0: snd-soc-dummy-dai <-> FE_DAI_ID_FM mapping ok
[   13.260280] vbc-rxpx-codec-sc27xx sound@0: snd-soc-dummy-dai <-> FE_DAI_ID_FM_CAPTURE_AP mapping ok
[   13.260328] vbc-rxpx-codec-sc27xx sound@0: snd-soc-dummy-dai <-> FE_DAI_ID_VOICE_CAPTURE mapping ok
[   13.260384] vbc-rxpx-codec-sc27xx sound@0: snd-soc-dummy-dai <-> FE_DAI_ID_LOOP mapping ok
[   13.260438] vbc-rxpx-codec-sc27xx sound@0: Compress ASoC: snd-soc-dummy-dai <-> FE_DAI_ID_A2DP_OFFLOAD mapping ok
[   13.260488] vbc-rxpx-codec-sc27xx sound@0: snd-soc-dummy-dai <-> FE_DAI_ID_A2DP_PCM mapping ok
[   13.260530] vbc-rxpx-codec-sc27xx sound@0: snd-soc-dummy-dai <-> FE_DAI_ID_FM_CAP_DSP mapping ok
[   13.260566] vbc-rxpx-codec-sc27xx sound@0: snd-soc-dummy-dai <-> FE_DAI_ID_BTSCO_CAP_DSP mapping ok
[   13.260616] vbc-rxpx-codec-sc27xx sound@0: snd-soc-dummy-dai <-> FE_DAI_ID_FM_DSP mapping ok
[   13.260663] vbc-rxpx-codec-sc27xx sound@0: snd-soc-dummy-dai <-> FE_DAI_ID_DUMP mapping ok
[   13.260704] vbc-rxpx-codec-sc27xx sound@0: snd-soc-dummy-dai <-> FE_DAI_ID_BTSCO_CAP_AP mapping ok
[   13.260741] vbc-rxpx-codec-sc27xx sound@0: sprd-codec-normal-ap01 <-> BE_DAI_ID_NORMAL_AP01_CODEC mapping ok
[   13.260770] vbc-rxpx-codec-sc27xx sound@0: sprd-codec-normal-ap23 <-> BE_DAI_ID_NORMAL_AP23_CODEC mapping ok
[   13.260800] vbc-rxpx-codec-sc27xx sound@0: sprd-codec-normal-ap01 <-> BE_DAI_ID_CAPTURE_DSP_CODEC mapping ok
[   13.260827] vbc-rxpx-codec-sc27xx sound@0: sprd-codec-normal-ap01 <-> BE_DAI_ID_FAST_P_CODEC mapping ok
[   13.260865] vbc-rxpx-codec-sc27xx sound@0: sprd-codec-normal-ap01 <-> BE_DAI_ID_OFFLOAD_CODEC mapping ok
[   13.260894] vbc-rxpx-codec-sc27xx sound@0: sprd-codec-normal-ap01 <-> BE_DAI_ID_VOICE_CODEC mapping ok
[   13.260919] vbc-rxpx-codec-sc27xx sound@0: sprd-codec-normal-ap01 <-> BE_DAI_ID_VOIP_CODEC mapping ok
[   13.260950] vbc-rxpx-codec-sc27xx sound@0: sprd-codec-normal-ap01 <-> BE_DAI_ID_FM_CODEC mapping ok
[   13.260985] vbc-rxpx-codec-sc27xx sound@0: sprd-codec-normal-ap01 <-> BE_DAI_ID_LOOP_CODEC mapping ok
[   13.261017] vbc-rxpx-codec-sc27xx sound@0: sprd-codec-normal-ap01 <-> BE_DAI_ID_FM_DSP_CODEC mapping ok
[   13.261054] vbc-rxpx-codec-sc27xx sound@0: snd-soc-dummy-dai <-> BE_DAI_ID_NORMAL_AP01_USB mapping ok
[   13.261088] vbc-rxpx-codec-sc27xx sound@0: snd-soc-dummy-dai <-> BE_DAI_ID_NORMAL_AP23_USB mapping ok
[   13.261118] vbc-rxpx-codec-sc27xx sound@0: snd-soc-dummy-dai <-> BE_DAI_ID_CAPTURE_DSP_USB mapping ok
[   13.261144] vbc-rxpx-codec-sc27xx sound@0: snd-soc-dummy-dai <-> BE_DAI_ID_FAST_P_USB mapping ok
[   13.261178] vbc-rxpx-codec-sc27xx sound@0: snd-soc-dummy-dai <-> BE_DAI_ID_OFFLOAD_USB mapping ok
[   13.261202] vbc-rxpx-codec-sc27xx sound@0: snd-soc-dummy-dai <-> BE_DAI_ID_VOICE_USB mapping ok
[   13.261237] vbc-rxpx-codec-sc27xx sound@0: snd-soc-dummy-dai <-> BE_DAI_ID_VOIP_USB mapping ok
[   13.261267] vbc-rxpx-codec-sc27xx sound@0: snd-soc-dummy-dai <-> BE_DAI_ID_FM_USB mapping ok
[   13.261303] vbc-rxpx-codec-sc27xx sound@0: snd-soc-dummy-dai <-> BE_DAI_ID_LOOP_USB mapping ok
[   13.261345] vbc-rxpx-codec-sc27xx sound@0: snd-soc-dummy-dai <-> BE_DAI_ID_FM_DSP_USB mapping ok
[   13.261370] vbc-rxpx-codec-sc27xx sound@0: snd-soc-dummy-dai <-> BE_DAI_ID_OFFLOAD_A2DP mapping ok
[   13.261394] vbc-rxpx-codec-sc27xx sound@0: snd-soc-dummy-dai <-> BE_DAI_ID_PCM_A2DP mapping ok
[   13.261432] vbc-rxpx-codec-sc27xx sound@0: snd-soc-dummy-dai <-> BE_DAI_ID_VOICE_BT mapping ok
[   13.261463] vbc-rxpx-codec-sc27xx sound@0: snd-soc-dummy-dai <-> BE_DAI_ID_VOIP_BT mapping ok
[   13.261498] vbc-rxpx-codec-sc27xx sound@0: snd-soc-dummy-dai <-> BE_DAI_ID_LOOP_BT mapping ok
[   13.261544] vbc-rxpx-codec-sc27xx sound@0: snd-soc-dummy-dai <-> BE_DAI_ID_CAPTURE_BT mapping ok
[   13.261567] vbc-rxpx-codec-sc27xx sound@0: snd-soc-dummy-dai <-> BE_DAI_ID_VOICE_CAPTURE mapping ok
[   13.261596] vbc-rxpx-codec-sc27xx sound@0: snd-soc-dummy-dai <-> BE_DAI_ID_FM_CAPTURE mapping ok
[   13.261620] vbc-rxpx-codec-sc27xx sound@0: snd-soc-dummy-dai <-> BE_DAI_ID_FM_CAPTURE_DSP mapping ok
[   13.261643] vbc-rxpx-codec-sc27xx sound@0: snd-soc-dummy-dai <-> BE_DAI_ID_CAPTURE_DSP_BTSCO mapping ok
[   13.261672] vbc-rxpx-codec-sc27xx sound@0: snd-soc-dummy-dai <-> BE_DAI_ID_DUMP mapping ok
[   13.261720] vbc-rxpx-codec-sc27xx sound@0: snd-soc-dummy-dai <-> FE_DAI_ID_CODEC_TEST mapping ok
[   13.261761] vbc-rxpx-codec-sc27xx sound@0: sprd-codec-normal-ap01 <-> BE_DAI_ID_DUMMY_VBC_DAI_NOTBE mapping ok
[   13.261791] vbc-rxpx-codec-sc27xx sound@0: snd-soc-dummy-dai <-> BE_DAI_ID_FAST_P_BTSCO mapping ok
[   13.261817] vbc-rxpx-codec-sc27xx sound@0: snd-soc-dummy-dai <-> BE_DAI_ID_NORMAL_AP01_P_BTSCO mapping ok
[   13.261871] vbc-rxpx-codec-sc27xx sound@0: snd-soc-dummy-dai <-> FE_DAI_ID_VOICE_PCM_P mapping ok
[   13.261899] vbc-rxpx-codec-sc27xx sound@0: snd-soc-dummy-dai <-> BE_DAI_ID_VOICE_PCM_P mapping ok
[   13.261940] vbc-rxpx-codec-sc27xx sound@0: snd-soc-dummy-dai <-> FE_DAI_ID_MM_P mapping ok
[   13.261964] vbc-rxpx-codec-sc27xx sound@0: sprd-codec-normal-ap01 <-> BE_DAI_ID_FAST_P_SMART_AMP mapping ok
[   13.263047] vbc-rxpx-codec-sc27xx sound@0: ASoC: unknown pin inter HP PA
[   13.263061] vbc-rxpx-codec-sc27xx sound@0: ASoC: unknown pin inter Spk PA
[   13.263075] vbc-rxpx-codec-sc27xx sound@0: ASoC: unknown pin inter Ear PA
[   13.264474] [sprd-aud-agdsp] agdsp_access_enable out
[   13.264483] [sprd-aud-agdsp] agdsp_access_enable out
[   13.264505] [sprd-aud-agdsp] agdsp_access_enable out
[   13.264554] [sprd-aud-agdsp] agdsp_access_enable out
[   13.264560] [sprd-aud-agdsp] agdsp_access_enable out
[   13.264569] [sprd-aud-agdsp] agdsp_access_enable out
[   13.264615] [sprd-aud-agdsp] agdsp_access_enable out
[   13.264621] [sprd-aud-agdsp] agdsp_access_enable out
[   13.264630] [sprd-aud-agdsp] agdsp_access_enable out
[   13.264675] [sprd-aud-agdsp] agdsp_access_enable out
[   13.264681] [sprd-aud-agdsp] agdsp_access_enable out
[   13.264690] [sprd-aud-agdsp] agdsp_access_enable out
[   13.264714] debugfs: File 'DAC' in directory 'dapm' already present!
[   13.264750] [sprd-aud-agdsp] agdsp_access_enable out
[   13.264756] [sprd-aud-agdsp] agdsp_access_enable out
[   13.264765] [sprd-aud-agdsp] agdsp_access_enable out
[   13.264812] [sprd-aud-agdsp] agdsp_access_enable out
[   13.264818] [sprd-aud-agdsp] agdsp_access_enable out
[   13.264826] [sprd-aud-agdsp] agdsp_access_enable out
[   13.265482] [sprd-aud-agdsp] agdsp_access_enable out
[   13.265490] [sprd-aud-agdsp] agdsp_access_enable out
[   13.265496] [sprd-aud-agdsp] agdsp_access_enable out
[   13.265540] [sprd-aud-agdsp] agdsp_access_enable out
[   13.265546] [sprd-aud-agdsp] agdsp_access_enable out
[   13.265554] [sprd-aud-agdsp] agdsp_access_enable out
[   13.269621] input: sprdphone-sc2730 Headset Jack as /devices/platform/sound@0/sound/card0/input35
[   13.269748] input: sprdphone-sc2730 Headset Keyboard as /devices/platform/sound@0/sound/card0/input36
[   13.270281] probe of sound@0 returned 1 after 68567 usecs
[   13.351355] init: [libfs_avb]Returning avb_handle with status: VerificationError
[   13.352670] random: init: uninitialized urandom read (40 bytes read)
[   13.365613] random: init: uninitialized urandom read (40 bytes read)
[   13.365754] random: init: uninitialized urandom read (4 bytes read)
[   13.401795] init: dm device 'system_ext_a' not found in /sys, waiting for its uevent
[   13.532401] sc27xx-typec-pd 64200000.spi:pmic@0:pd@e00: pd try to detect typec extcon
[   13.532455] sc27xx-typec-pd 64200000.spi:pmic@0:pd@e00: aon apb NULL
[   13.636770] sc27xx-typec-pd 64200000.spi:pmic@0:pd@e00: vbus is already Off
[   13.636883] sc27xx-typec-pd 64200000.spi:pmic@0:pd@e00: pd := on
[   13.880706] sgm41510_chg 5-006b: Receive USB PD hard reset request
[   13.880763] sc27xx-typec-pd 64200000.spi:pmic@0:pd@e00: IRQ: PD send hardreset
[   13.937579] musb-sprd 64900000.usb: device disconnect detected from VBUS GPIO.
[   13.937622] sgm41510_chg 5-006b: sgm41510_charger_usb_change limit 0, info->pd_hard_reset 1 ,info->usb_phy->chg_state 2, info->typec_online 0
[   13.937626] sgm41510_chg 5-006b: USB PD hard reset, ignore vbus off
[   13.984705] sc27xx-typec-pd 64200000.spi:pmic@0:pd@e00: pd := off
[   13.984735] sc27xx-typec-pd 64200000.spi:pmic@0:pd@e00: vconn NULL!!!
[   13.992420] sc2730-fast-charger 64200000.spi:pmic@0:fchg@400: pd_enable = 0, pps_enable = 0, sfcp_enable = 0
[   14.100427] sc2730-fast-charger 64200000.spi:pmic@0:fchg@400: pd_enable = 0, pps_enable = 0, sfcp_enable = 0
[   14.632253] musb-sprd 64900000.usb: enter into idle mode
[   14.632372] musb-sprd 64900000.usb: enter into suspend mode
[   14.636154] musb-sprd 64900000.usb: is shut down
[   14.684397] [drm] skip esd during panel suspend
[   15.238159] sprd-trusty-log: trusty: [    0.000000] c0 
[   15.238161] sprd-trusty-log: trusty: [    0.000000] c0 welcome to lk/MP
[   15.238163] sprd-trusty-log: trusty: [    0.000000] c0 
[   15.238165] sprd-trusty-log: trusty: [    0.000000] c0 input args 0x56a0000 0xb0040000 0x80000002 0x0
[   15.238167] sprd-trusty-log: trusty: [    0.000000] c0 calling constructors
[   15.238168] sprd-trusty-log: trusty: [    0.000000] c0 initializing heap
[   15.238169] sprd-trusty-log: trusty: [    0.000000] c0 gic 0x10000000
[   15.238171] sprd-trusty-log: trusty: [    0.118543] c0 initializing mp
[   15.238172] sprd-trusty-log: trusty: [    0.118545] c0 initializing threads
[   15.238173] sprd-trusty-log: trusty: [    0.118547] c0 initializing timers
[   15.238175] sprd-trusty-log: trusty: [    0.118549] c0 creating bootstrap completion thread
[   15.238176] sprd-trusty-log: trusty: [    0.118563] c0 top of bootstrap2()
[   15.238178] sprd-trusty-log: trusty: [    0.118566] c0 creating bootstrap completion thread for cpu 1
[   15.238180] sprd-trusty-log: trusty: [    0.118580] c0 creating bootstrap completion thread for cpu 2
[   15.238181] sprd-trusty-log: trusty: [    0.118595] c0 creating bootstrap completion thread for cpu 3
[   15.238182] sprd-trusty-log: trusty: [    0.118599] c0 creating bootstrap completion thread for cpu 4
[   15.238184] sprd-trusty-log: trusty: [    0.118614] c0 creating bootstrap completion thread for cpu 5
[   15.238189] sprd-trusty-log: trusty: [    0.118618] c0 creating bootstrap completion thread for cpu 6
[   15.238191] sprd-trusty-log: trusty: [    0.118633] c0 creating bootstrap completion thread for cpu 7
[   15.238192] sprd-trusty-log: trusty: [    0.118648] c0 initializing platform
[   15.238194] sprd-trusty-log: trusty: [    0.118657] c0 sprd glb clk is ok!
[   15.238195] sprd-trusty-log: trusty: [    0.118676] c0 sprd dma init ok!
[   15.238198] sprd-trusty-log: trusty: [    0.118700] c0 CRIT: 0xffffffffe039fa80: SPRD_FW: firewall/qogirl6/src/tzfw.c:702 FW_SHARE_IRAM_PHYS = 0x65015000, iram_rec_base = 0xffffffffe5703000
[   15.238200] sprd-trusty-log: trusty: [    0.118710] c0 CRIT: 0xffffffffe039fa80: SPRD_FW: firewall/qogirl6/src/tzfw.c:711 SPRD_FW_PHYS = 0x64800000, fw_base = 0xffffffffe5704000
[   15.238202] sprd-trusty-log: trusty: [    0.118717] c0 CRIT: 0xffffffffe039fa80: SPRD_FW: firewall/qogirl6/src/tzfw.c:720 mem_rec_base = 0xffffffffe03a9690
[   15.238205] sprd-trusty-log: trusty: [    0.118834] c0 CRIT: 0xffffffffe039fa80: SPRD_FW: firewall/src/sprd_firewall.c:279 read firewall.xml failed. Error(-2)
[   15.238207] sprd-trusty-log: trusty: [    0.118949] c0 initializing target
[   15.238208] sprd-trusty-log: trusty: [    0.119030] c0 i2c0, freq=100000
[   15.238210] sprd-trusty-log: trusty: [    0.119035] c0 i2c0 is ok!
[   15.238211] sprd-trusty-log: trusty: [    0.119038] c0 i2c1, freq=100000
[   15.238212] sprd-trusty-log: trusty: [    0.119042] c0 i2c1 is ok!
[   15.238213] sprd-trusty-log: trusty: [    0.119046] c0 i2c2, freq=100000
[   15.238215] sprd-trusty-log: trusty: [    0.119050] c0 i2c2 is ok!
[   15.238216] sprd-trusty-log: trusty: [    0.119054] c0 i2c3, freq=100000
[   15.238218] sprd-trusty-log: trusty: [    0.119058] c0 i2c3 is ok!
[   15.238219] sprd-trusty-log: trusty: [    0.119061] c0 i2c4, freq=100000
[   15.238220] sprd-trusty-log: trusty: [    0.119065] c0 i2c4 is ok!
[   15.238221] sprd-trusty-log: trusty: [    0.119069] c0 i2c5, freq=100000
[   15.238223] sprd-trusty-log: trusty: [    0.119073] c0 i2c5 is ok!
[   15.238224] sprd-trusty-log: trusty: [    0.119077] c0 i2c6, freq=100000
[   15.238225] sprd-trusty-log: trusty: [    0.119081] c0 i2c6 is ok!
[   15.238229] sprd-trusty-log: trusty: [    0.119105] c0 sprd_kbc_init() enter.
[   15.238231] sprd-trusty-log: trusty: [    0.119107] c0 map size = 65536 
[   15.238233] sprd-trusty-log: trusty: [    0.119109] c0 CTL_BASE_AON_APB = 0x64000000 
[   15.238234] sprd-trusty-log: trusty: [    0.119112] c0 pmu_vaddr = 0xffffffffe58cc000 
[   15.238235] sprd-trusty-log: trusty: [    0.119115] c0 CTL_BASE_PMU_APB = 0x64020000 
[   15.238237] sprd-trusty-log: trusty: [    0.119119] c0 aon_vaddr = 0xffffffffe58dc000 
[   15.238238] sprd-trusty-log: trusty: [    0.119124] c0 spi0 init ok
[   15.238239] sprd-trusty-log: trusty: [    0.119128] c0 spi1 init ok
[   15.238240] sprd-trusty-log: trusty: [    0.119131] c0 spi2 init ok
[   15.238242] sprd-trusty-log: trusty: [    0.119134] c0 spi3 init ok
[   15.238243] sprd-trusty-log: trusty: [    0.119183] c0 calling apps_init()
[   15.238244] sprd-trusty-log: trusty: [    0.119193] c0 initializing ta_manager enter
[   15.238246] sprd-trusty-log: trusty: [    0.119223] c0 initializing ta_manager thread_resume
[   15.238248] sprd-trusty-log: trusty: [    0.119226] c0 ta_manager_thread_fun:1220: ta_manager_thread_fun enter
[   15.238250] sprd-trusty-log: trusty: [    0.119240] c0 ta_manager_unload_thread_fun:1276: ta_manager_unload_thread_fun enter
[   15.238252] sprd-trusty-log: trusty: [    0.119280] c0 disp_ta_thread:372: disp_ta_thread(): enter loop
[   15.238254] sprd-trusty-log: trusty: [    0.119286] c0 disp_ta_init:427: disp ta thread resumed
[   15.238257] sprd-trusty-log: trusty: [    0.119316] c0 initializing trusty (Unisoc TEE v2.1, qogirl6, Built: 02:24:18 Jun 14 2022, 0927fe01 (builder@ceshhud0035))
[   15.238259] sprd-trusty-log: trusty: [    0.119321] c0 trusty_app:(32) start 0xffffffffe00b9000 size 0x0000b000
[   15.238261] sprd-trusty-log: trusty: [    0.119330] c0 trusty_app 0 uuid: 0xfee67f9f 0xe1b1 0x4e3d 0x8455 0x47f601afef
[   15.238263] sprd-trusty-log: trusty: [    0.119337] c0 trusty_app 0xffffffffe044cdd0: stack_sz=0x2000
[   15.238265] sprd-trusty-log: trusty: [    0.119339] c0 trusty_app 0xffffffffe044cdd0: heap_sz=0x4000
[   15.238266] sprd-trusty-log: trusty: [    0.119342] c0 trusty_app 0xffffffffe044cdd0: one_shot=0x0
[   15.238268] sprd-trusty-log: trusty: [    0.119344] c0 trusty_app 0xffffffffe044cdd0: flags=0x1c
[   15.238270] sprd-trusty-log: trusty: [    0.119347] c0 trusty_app:(32) start 0xffffffffe00c4000 size 0x000e3000
[   15.238271] sprd-trusty-log: trusty: [    0.119356] c0 trusty_app 1 uuid: 0x5f902ace 0x5e5c 0x4cd8 0xae54 0x87b88c22ddaf
[   15.238273] sprd-trusty-log: trusty: [    0.119362] c0 trusty_app 0xffffffffe044ce88: stack_sz=0x40000
[   15.238275] sprd-trusty-log: trusty: [    0.119364] c0 trusty_app 0xffffffffe044ce88: heap_sz=0x40000
[   15.238277] sprd-trusty-log: trusty: [    0.119367] c0 trusty_app 0xffffffffe044ce88: one_shot=0x0
[   15.238278] sprd-trusty-log: trusty: [    0.119369] c0 trusty_app 0xffffffffe044ce88: flags=0x1c
[   15.238280] sprd-trusty-log: trusty: [    0.119374] c0 trusty_app:(32) start 0xffffffffe01a7000 size 0x00030000
[   15.238282] sprd-trusty-log: trusty: [    0.119382] c0 trusty_app 2 uuid: 0xcea8706d 0x6cb4 0x49f3 0xb994 0x29e0e478bd29
[   15.238283] sprd-trusty-log: trusty: [    0.119387] c0 trusty_app 0xffffffffe044cf40: stack_sz=0x4000
[   15.238285] sprd-trusty-log: trusty: [    0.119390] c0 trusty_app 0xffffffffe044cf40: heap_sz=0x49000
[   15.238287] sprd-trusty-log: trusty: [    0.119392] c0 trusty_app 0xffffffffe044cf40: one_shot=0x0
[   15.238288] sprd-trusty-log: trusty: [    0.119395] c0 trusty_app 0xffffffffe044cf40: flags=0x1c
[   15.238290] sprd-trusty-log: trusty: [    0.119400] c0 trusty_app:(32) start 0xffffffffe01d7000 size 0x0000a000
[   15.238291] sprd-trusty-log: trusty: [    0.119419] c0 trusty_app 3 uuid: 0xdf8ec70d 0xbb93 0x4b7b 0xab88 0x72dfd3f33953
[   15.238293] sprd-trusty-log: trusty: [    0.119424] c0 trusty_app 0xffffffffe044cff8: stack_sz=0x4000
[   15.238295] sprd-trusty-log: trusty: [    0.119427] c0 trusty_app 0xffffffffe044cff8: heap_sz=0x8000
[   15.238296] sprd-trusty-log: trusty: [    0.119429] c0 trusty_app 0xffffffffe044cff8: one_shot=0x0
[   15.238298] sprd-trusty-log: trusty: [    0.119431] c0 trusty_app 0xffffffffe044cff8: flags=0x1c
[   15.238299] sprd-trusty-log: trusty: [    0.119437] c0 trusty_app:(32) start 0xffffffffe01e1000 size 0x0000a000
[   15.238301] sprd-trusty-log: trusty: [    0.119444] c0 trusty_app 4 uuid: 0x32305457 0x1 0x2 0x5365 0x63426f6f740
[   15.238303] sprd-trusty-log: trusty: [    0.119449] c0 trusty_app 0xffffffffe044d0b0: stack_sz=0x1000
[   15.238305] sprd-trusty-log: trusty: [    0.119452] c0 trusty_app 0xffffffffe044d0b0: heap_sz=0x2000
[   15.238307] sprd-trusty-log: trusty: [    0.119454] c0 trusty_app 0xffffffffe044d0b0: one_shot=0x0
[   15.238309] sprd-trusty-log: trusty: [    0.119456] c0 trusty_app 0xffffffffe044d0b0: flags=0x1c
[   15.238311] sprd-trusty-log: trusty: [    0.119459] c0 trusty_app:(32) start 0xffffffffe01eb000 size 0x00013000
[   15.238312] sprd-trusty-log: trusty: [    0.119467] c0 trusty_app 5 uuid: 0x38ba0cdc 0xdf0e 0x11e4 0x9869 0x233fb6ae4795
[   15.238314] sprd-trusty-log: trusty: [    0.119472] c0 trusty_app 0xffffffffe044d168: stack_sz=0x1000
[   15.238315] sprd-trusty-log: trusty: [    0.119475] c0 trusty_app 0xffffffffe044d168: heap_sz=0x2000
[   15.238317] sprd-trusty-log: trusty: [    0.119477] c0 trusty_app 0xffffffffe044d168: one_shot=0x0
[   15.238319] sprd-trusty-log: trusty: [    0.119479] c0 trusty_app 0xffffffffe044d168: flags=0x1c
[   15.238320] sprd-trusty-log: trusty: [    0.119485] c0 trusty_app:(32) start 0xffffffffe01fe000 size 0x0005e000
[   15.238322] sprd-trusty-log: trusty: [    0.119492] c0 trusty_app 6 uuid: 0x10259fa6 0xd64d 0x11e6 0x918b 0x3b2c3abe2b31
[   15.238323] sprd-trusty-log: trusty: [    0.119497] c0 trusty_app 0xffffffffe044d220: stack_sz=0x4000
[   15.238325] sprd-trusty-log: trusty: [    0.119500] c0 trusty_app 0xffffffffe044d220: heap_sz=0xc000
[   15.238326] sprd-trusty-log: trusty: [    0.119502] c0 trusty_app 0xffffffffe044d220: one_shot=0x0
[   15.238328] sprd-trusty-log: trusty: [    0.119504] c0 trusty_app 0xffffffffe044d220: flags=0x1c
[   15.238330] sprd-trusty-log: trusty: [    0.119507] c0 trusty_app:(32) start 0xffffffffe025c000 size 0x0000a000
[   15.238332] sprd-trusty-log: trusty: [    0.119514] c0 trusty_app 7 uuid: 0xa755aeac 0xec7d 0x45e0 0x98da 0xcd5bdca03f65
[   15.238333] sprd-trusty-log: trusty: [    0.119520] c0 trusty_app 0xffffffffe044d2d8: stack_sz=0x1000
[   15.238335] sprd-trusty-log: trusty: [    0.119522] c0 trusty_app 0xffffffffe044d2d8: heap_sz=0x1000
[   15.238336] sprd-trusty-log: trusty: [    0.119524] c0 trusty_app 0xffffffffe044d2d8: one_shot=0x0
[   15.238338] sprd-trusty-log: trusty: [    0.119527] c0 trusty_app 0xffffffffe044d2d8: flags=0x1c
[   15.238339] sprd-trusty-log: trusty: [    0.119532] c0 trusty_app:(32) start 0xffffffffe0266000 size 0x00057000
[   15.238341] sprd-trusty-log: trusty: [    0.119549] c0 trusty_app 8 uuid: 0x1c558f47 0x9965 0x4714 0x9fd9 0x9a8ed9b1f0d9
[   15.238342] sprd-trusty-log: trusty: [    0.119554] c0 trusty_app 0xffffffffe044d390: stack_sz=0x4000
[   15.238344] sprd-trusty-log: trusty: [    0.119557] c0 trusty_app 0xffffffffe044d390: heap_sz=0x10000
[   15.238346] sprd-trusty-log: trusty: [    0.119559] c0 trusty_app 0xffffffffe044d390: one_shot=0x0
[   15.238348] sprd-trusty-log: trusty: [    0.119562] c0 trusty_app 0xffffffffe044d390: flags=0x1c
[   15.238350] sprd-trusty-log: trusty: [    0.119647] c0 trusty_app 0: code: start 0x00008000 end 0x0000e034
[   15.238352] sprd-trusty-log: trusty: [    0.119651] c0 trusty_app 0: data: start 0x0000f000 end 0x00011000
[   15.238354] sprd-trusty-log: trusty: [    0.119655] c0 trusty_app 0: bss:                end 0x00010454
[   15.238355] sprd-trusty-log: trusty: [    0.119657] c0 trusty_app 0: brk:  start 0x00011000 end 0x00015000
[   15.238356] sprd-trusty-log: trusty: [    0.119660] c0 trusty_app 0: entry 0x00008eb4
[   15.238358] sprd-trusty-log: trusty: [    0.119791] c0 trusty_app 1: code: start 0x00008000 end 0x000e50b4
[   15.238360] sprd-trusty-log: trusty: [    0.119794] c0 trusty_app 1: data: start 0x000e6000 end 0x000e9000
[   15.238361] sprd-trusty-log: trusty: [    0.119798] c0 trusty_app 1: bss:                end 0x000e84b4
[   15.238363] sprd-trusty-log: trusty: [    0.119800] c0 trusty_app 1: brk:  start 0x000e9000 end 0x00129000
[   15.238364] sprd-trusty-log: trusty: [    0.119803] c0 trusty_app 1: entry 0x000a4ea4
[   15.238366] sprd-trusty-log: trusty: [    0.119943] c0 trusty_app 2: code: start 0x00008000 end 0x000338b0
[   15.238367] sprd-trusty-log: trusty: [    0.119947] c0 trusty_app 2: data: start 0x00034000 end 0x00036000
[   15.238369] sprd-trusty-log: trusty: [    0.119950] c0 trusty_app 2: bss:                end 0x000358e4
[   15.238370] sprd-trusty-log: trusty: [    0.119953] c0 trusty_app 2: brk:  start 0x00036000 end 0x0007f000
[   15.238372] sprd-trusty-log: trusty: [    0.119956] c0 trusty_app 2: entry 0x0001e8d4
[   15.238374] sprd-trusty-log: trusty: [    0.120037] c0 trusty_app 3: code: start 0x00008000 end 0x0000ea0c
[   15.238375] sprd-trusty-log: trusty: [    0.120040] c0 trusty_app 3: data: start 0x0000f000 end 0x00010000
[   15.238377] sprd-trusty-log: trusty: [    0.120043] c0 trusty_app 3: bss:                end 0x0000f3c0
[   15.238379] sprd-trusty-log: trusty: [    0.120046] c0 trusty_app 3: brk:  start 0x00010000 end 0x00018000
[   15.238380] sprd-trusty-log: trusty: [    0.120049] c0 trusty_app 3: entry 0x00008c74
[   15.238382] sprd-trusty-log: trusty: [    0.120132] c0 trusty_app 4: code: start 0x00008000 end 0x0000ec74
[   15.238384] sprd-trusty-log: trusty: [    0.120135] c0 trusty_app 4: data: start 0x0000f000 end 0x00010000
[   15.238386] sprd-trusty-log: trusty: [    0.120138] c0 trusty_app 4: bss:                en
[   15.504405] musb-sprd 64900000.usb: device connection detected from VBUS GPIO.
[   15.504583] sgm41510_chg 5-006b: sgm41510_charger_usb_change limit 500, info->pd_hard_reset 0 ,info->usb_phy->chg_state 1, info->typec_online 1
[   15.504586] sgm41510_chg 5-006b: typec not disconnect while pd hard reset.
[   15.504637] sgm41510_chg 5-006b: battery present = 1, charger type = 1
[   15.504658] charger-manager charger-manager: cm_update_charge_info, chgr type = 1, fchg_en = 0, cp_running = 0, cp_recovery = 0 max chg_lmt_cur = 500000uA, max inpt_lmt_cur = 500000uA, max chg_volt = 6000000uV, chg_volt_drop = 700000, adapter_chg_volt = 5000mV, thm_cur = -22, chg_info_cmd = 0xb, jeita_size = 4
[   15.504664] vote_gov:VOTE_TYPE_IBAT vote the same vote_client[1].value = 500000, value = 500000; vote_client[1].enable = 1, enable = 1
[   15.504668] vote_gov:VOTE_TYPE_IBUS vote the same vote_client[2].value = 500000, value = 500000; vote_client[2].enable = 1, enable = 1
[   15.504674] charger-manager charger-manager: cm_manager_get_jeita_status: jeita status:(2) 2 2, temperature:354, jeita_size:4
[   15.504679] charger-manager charger-manager: target terminate voltage = 4432000, target current = 500000
[   15.504681] vote_gov:VOTE_TYPE_IBAT vote the same vote_client[0].value = 500000, value = 500000; vote_client[0].enable = 1, enable = 1
[   15.504684] vote_gov:VOTE_TYPE_CCCV vote the same vote_client[0].value = 4432000, value = 4432000; vote_client[0].enable = 1, enable = 1
[   15.504692] charger-manager charger-manager: cm_manager_get_jeita_status: jeita status:(2) 2 2, temperature:354, jeita_size:4
[   15.504696] charger-manager charger-manager: current-last jeita status: 2-2, current temperature: 354
[   15.505436] charger-manager charger-manager: battery_status 1, charging_status 0
[   15.534916] musb-sprd 64900000.usb: enter into resume mode
[   15.534967] musb-sprd 64900000.usb: is running as DEVICE
[   15.708371] [drm] skip esd during panel suspend
[   15.932737] sc27xx-typec-pd 64200000.spi:pmic@0:pd@e00: pd := on
[   16.029772] charger-manager charger-manager: fast_charge_handler, fast_charger_type = 6, cp_running = 0, charger_enabled = 1, ext_pwr_online = 1
[   16.029779] charger-manager charger-manager: cm_update_charge_info, chgr type = 6, fchg_en = 0, cp_running = 0, cp_recovery = 0 max chg_lmt_cur = 2000000uA, max inpt_lmt_cur = 2200000uA, max chg_volt = 6000000uV, chg_volt_drop = 700000, adapter_chg_volt = 5000mV, thm_cur = -22, chg_info_cmd = 0x3, jeita_size = 4
[   16.029788] charger-manager charger-manager: cm_sprd_vote_callback, VOTE_TYPE_IBAT[500000]
[   16.031122] sgm41510_chg 5-006b: current = 500, reg_val = 7
[   16.031132] charger-manager charger-manager: cm_sprd_vote_callback, VOTE_TYPE_IBUS[2200000]
[   16.033155] charger-manager charger-manager: cm_manager_get_jeita_status: jeita status:(2) 2 2, temperature:354, jeita_size:4
[   16.033159] charger-manager charger-manager: current-last jeita status: 2-2, current temperature: 354
[   16.033921] charger-manager charger-manager: cm_manager_get_jeita_status: jeita status:(2) 2 2, temperature:354, jeita_size:4
[   16.033926] charger-manager charger-manager: battery_status 1, charging_status 0
[   16.033933] sc2730-fast-charger 64200000.spi:pmic@0:fchg@400: pd type = 6
[   16.092497] [Awinic] [4-005b]aw_check_acf_firmware: project name: [A1901]
[   16.092500] [Awinic] [4-005b]aw_check_acf_firmware: custom name: [HM]
[   16.092502] [Awinic] [4-005b]aw_check_acf_firmware: version name: []
[   16.092505] [Awinic] [4-005b]aw_check_acf_firmware: author_id: [882]
[   16.092513] [Awinic] [4-005b]aw_check_data_v_0_0_0_1: acf fimware check succeed
[   16.092523] AWINIC_BIN aw87xxx_parsing_bin_file,line= 445,aw_bin_parse code version:V0.0.7-V1.0.4
[   16.092525] AWINIC_BIN aw_check_bin_header_version,line= 426,aw_bin_parse header_version 0x1000000
[   16.092528] AWINIC_BIN aw_parse_bin_header_1_0_0,line= 375,enter aw_parse_bin_header_1_0_0
[   16.092530] AWINIC_BIN aw_parse_bin_header_1_0_0,line= 379,aw_bin_parse bin_data_type 0x0
[   16.092532] AWINIC_BIN aw_parse_bin_header_1_0_0,line= 387,aw_bin_parse enter single bin branch
[   16.092534] AWINIC_BIN aw_parse_bin_header_1_0_0,line= 390,aw_parse_bin_header_1_0_0 bin->single_bin_parse_num is 1
[   16.092536] AWINIC_BIN aw_get_single_bin_header_1_0_0,line= 263,enter aw_get_single_bin_header_1_0_0
[   16.092539] AWINIC_BIN aw_check_sum,line= 96,enter
[   16.092542] AWINIC_BIN aw_check_sum,line= 101,aw_bin_parse p_check_sum = (____ptrval____)
[   16.092545] AWINIC_BIN aw_check_sum,line= 113,aw_bin_parse bin_num=0, check_sum = 0xfad, sum_data = 0xfad
[   16.092548] AWINIC_BIN aw_check_data_version,line= 128,enter
[   16.092549] AWINIC_BIN aw_check_register_num_v1,line= 145,enter
[   16.092551] AWINIC_BIN aw_check_register_num_v1,line= 149,aw_bin_parse p_check_sum = (____ptrval____)
[   16.092554] AWINIC_BIN aw_check_register_num_v1,line= 158,aw_bin_parse bin_num=0, parse_register_num = 0x16, check_register_num = 0x16
[   16.092555] AWINIC_BIN aw87xxx_parsing_bin_file,line= 512,aw_bin_parse parsing success
[   16.092559] AWINIC_BIN aw87xxx_parsing_bin_file,line= 445,aw_bin_parse code version:V0.0.7-V1.0.4
[   16.092561] AWINIC_BIN aw_check_bin_header_version,line= 426,aw_bin_parse header_version 0x1000000
[   16.092562] AWINIC_BIN aw_parse_bin_header_1_0_0,line= 375,enter aw_parse_bin_header_1_0_0
[   16.092564] AWINIC_BIN aw_parse_bin_header_1_0_0,line= 379,aw_bin_parse bin_data_type 0x0
[   16.092565] AWINIC_BIN aw_parse_bin_header_1_0_0,line= 387,aw_bin_parse enter single bin branch
[   16.092567] AWINIC_BIN aw_parse_bin_header_1_0_0,line= 390,aw_parse_bin_header_1_0_0 bin->single_bin_parse_num is 1
[   16.092569] AWINIC_BIN aw_get_single_bin_header_1_0_0,line= 263,enter aw_get_single_bin_header_1_0_0
[   16.092570] AWINIC_BIN aw_check_sum,line= 96,enter
[   16.092572] AWINIC_BIN aw_check_sum,line= 101,aw_bin_parse p_check_sum = (____ptrval____)
[   16.092574] AWINIC_BIN aw_check_sum,line= 113,aw_bin_parse bin_num=0, check_sum = 0xfa0, sum_data = 0xfa0
[   16.092575] AWINIC_BIN aw_check_data_version,line= 128,enter
[   16.092576] AWINIC_BIN aw_check_register_num_v1,line= 145,enter
[   16.092578] AWINIC_BIN aw_check_register_num_v1,line= 149,aw_bin_parse p_check_sum = (____ptrval____)
[   16.092580] AWINIC_BIN aw_check_register_num_v1,line= 158,aw_bin_parse bin_num=0, parse_register_num = 0x16, check_register_num = 0x16
[   16.092581] AWINIC_BIN aw87xxx_parsing_bin_file,line= 512,aw_bin_parse parsing success
[   16.092585] [Awinic] [4-005b]aw_get_prof_count_v_0_0_0_1: get profile count=[4]
[   16.092590] [Awinic] [4-005b]aw_get_vaild_prof_v_0_0_0_1: product=[aw87519]----profile=[Music]
[   16.092592] [Awinic] [4-005b]aw_get_vaild_prof_v_0_0_0_1: product=[aw87519]----profile=[Voice]
[   16.092594] [Awinic] [4-005b]aw_get_vaild_prof_v_0_0_0_1: product=[aw87519]----profile=[Receiver]
[   16.092596] [Awinic] [4-005b]aw_set_prof_off_info_v_0_0_0_1: product=[aw87519]----profile=[Off]
[   16.092599] [Awinic] [4-005b]aw_set_prof_name_list_v_0_0_0_1: index=[0], profile_name=[Music]
[   16.092601] [Awinic] [4-005b]aw_set_prof_name_list_v_0_0_0_1: index=[1], profile_name=[Voice]
[   16.092603] [Awinic] [4-005b]aw_set_prof_name_list_v_0_0_0_1: index=[2], profile_name=[Receiver]
[   16.092605] [Awinic] [4-005b]aw_set_prof_name_list_v_0_0_0_1: index=[3], profile_name=[Off]
[   16.092607] [Awinic] [4-005b]aw_parse_acf_v_0_0_0_1: acf parse success
[   16.092610] <I>CTS-Core Firmware upgrade work
[   16.092615] <I>CTS-Firmware Request newer if match hwid: 991110 fwid: 0000 && ver > 0205
[   16.092617] [Awinic] [4-005b]aw87xxx_init_default_prof: init profile name [Off]
[   16.092621] <I>CTS-Firmware Request from file 'ICNL9911.bin' if version > 0205
[   16.092622] [Awinic] [4-005b]aw87xxx_fw_load: acf parse succeed
[   16.092625] <I>CTS-Firmware Filepath is only filename, use request_firmware()
[   16.092705] <I>CTS-Firmware Request firmware file with version 0x0205 < 0x0205
[   16.092717] <E>CTS-Firmware Request from file 'ICNL9911.bin' failed -22
[   16.092718] <E>CTS-Core Request firmware failed
[   16.092720] <I>CTS-Core Start device...
[   16.092722] <I>CTS-Core ESD protection enable
[   16.092726] <W>CTS-Charger Start detect while NOT enabled
[   16.092728] <W>CTS-Earjack Start detect while NOT enabled
[   16.092743] <I>CTS-Core Start device successfully
[   16.724405] sc2730-fast-charger 64200000.spi:pmic@0:fchg@400: pd_enable = 1, pps_enable = 0, sfcp_enable = 0
[   16.732027] [drm] skip esd during panel suspend
[   17.756369] [drm] skip esd during panel suspend
[   18.108381] <I>CTS-Core ESD protection work
[   18.780383] [drm] skip esd during panel suspend
[   19.804574] [drm] skip esd during panel suspend
[   20.124374] <I>CTS-Core ESD protection work
[   20.828356] [drm] skip esd during panel suspend
[   21.852397] [drm] skip esd during panel suspend
[   22.140363] <I>CTS-Core ESD protection work
[   22.876356] [drm] skip esd during panel suspend
[   23.409731] init: wait for dm device 'system_ext_a' returned after 10007ms
[   23.409763] init: dm device 'system_ext_a' not found after polling timeout
[   23.409774] init: Failed to find device-mapper node: system_ext_a
[   23.409859] init: dm device 'product_a' not found in /sys, waiting for its uevent
[   23.795521] random: crng init done
[   23.795524] random: 1 urandom warning(s) missed due to ratelimiting
[   23.900378] [drm] skip esd during panel suspend
[   24.156354] <I>CTS-Core ESD protection work
[   24.924363] [drm] skip esd during panel suspend
[   25.948376] [drm] skip esd during panel suspend
[   26.172371] <I>CTS-Core ESD protection work
[   26.972394] [drm] skip esd during panel suspend
[   27.996353] [drm] skip esd during panel suspend
[   28.124606] charger-manager charger-manager: cm_manager_get_jeita_status: jeita status:(2) 2 2, temperature:354, jeita_size:4
[   28.124610] charger-manager charger-manager: current-last jeita status: 2-2, current temperature: 354
[   28.125376] charger-manager charger-manager: cm_manager_get_jeita_status: jeita status:(2) 2 2, temperature:354, jeita_size:4
[   28.125381] charger-manager charger-manager: battery_status 1, charging_status 0
[   28.125886] sc27xx-fgu 64200000.spi:pmic@0:fgu@c00: UUSOC: cur_avg_ma = 237, resistance_moh = 0, ocv_pzero_uv = 3400000, ocv_pzero_cap = 0, ocv_pzero_mah = 0
[   28.128885] charger-manager charger-manager: cant not get input_cur.
[   28.130222] charger-manager charger-manager: vbat: 4264000, vbat_avg: 4264000, OCV: 4232584, ibat: 238000, ibat_avg: 237000, ibus: 0, vbus: 4751000, msoc: 945, chg_sts: 1, frce_full: 0, chg_lmt_cur: 448000, inpt_lmt_cur: 2200000, chgr_type: 6, Tboard: 355, Tbatt: 355, thm_cur: -22, thm_pwr: 0, is_fchg: 1, fchg_en: 0, tflush: 16, tperiod: 16
[   28.130226] charger-manager charger-manager: new_uisoc = 943, old_uisoc = 943
[   28.135940] sgm41510_chg 5-006b: sgm41510_charger_dump_register: [REG_0x00]=0x15; [REG_0x01]=0x06; [REG_0x02]=0x11; [REG_0x03]=0x1a; [REG_0x04]=0x07; [REG_0x05]=0x12; [REG_0x06]=0x96; [REG_0x07]=0x9f; [REG_0x08]=0x03; [REG_0x09]=0x44; [REG_0x0a]=0x70; [REG_0x0b]=0x56; [REG_0x0c]=0x00; [REG_0x0d]=0x92; [REG_0x0e]=0x00; [REG_0x0f]=0x00; [REG_0x10]=0x00; [REG_0x11]=0x80; [REG_0x12]=0x00; [REG_0x13]=0x00; [REG_0x14]=0x00; [REG_0x15]=0x0c; 
[   28.188565] <I>CTS-Core ESD protection work
[   29.020369] [drm] skip esd during panel suspend
[   30.044383] [drm] skip esd during panel suspend
[   30.204025] <I>CTS-Core ESD protection work
[   31.068369] [drm] skip esd during panel suspend
[   32.092390] [drm] skip esd during panel suspend
[   32.220224] <I>CTS-Core ESD protection work
[   33.116378] [drm] skip esd during panel suspend
[   33.416088] init: wait for dm device 'product_a' returned after 10006ms
[   33.416138] init: dm device 'product_a' not found after polling timeout
[   33.416148] init: Failed to find device-mapper node: product_a
[   33.416217] init: Opening SELinux policy
[   33.417706] init: Loading SELinux policy
[   33.432761] SELinux:  Permission nlmsg_getneigh in class netlink_route_socket not defined in policy.
[   33.433046] SELinux: the above unknown classes and permissions will be denied
[   33.433100] SELinux:  policy capability network_peer_controls=1
[   33.433102] SELinux:  policy capability open_perms=1
[   33.433104] SELinux:  policy capability extended_socket_class=1
[   33.433106] SELinux:  policy capability always_check_network=0
[   33.433107] SELinux:  policy capability cgroup_seclabel=0
[   33.433109] SELinux:  policy capability nnp_nosuid_transition=1
[   33.609990] audit: type=1403 audit(1772807794.435:2): auid=4294967295 ses=4294967295 lsm=selinux res=1
[   33.610524] audit: type=1404 audit(1772807794.435:3): enforcing=1 old_enforcing=0 auid=4294967295 ses=4294967295 enabled=1 old-enabled=1 lsm=selinux res=1
[   33.647328] selinux: SELinux: Loaded file_contexts
[   33.647337] selinux: 
[   33.698740] init: init second stage started!
[   33.731991] init: Using Android DT directory /proc/device-tree/firmware/android/
[   33.737094] init: Overriding previous property 'persist.sys.usb.config':'adb' with new value 'none'
[   33.738022] init: Couldn't load property file '/system/build.prop': open() failed: No such file or directory: No such file or directory
[   33.738057] init: Couldn't load property file '/system_ext/etc/build.prop': open() failed: No such file or directory: No such file or directory
[   33.738086] init: Couldn't load property file '/system_ext/default.prop': open() failed: No such file or directory: No such file or directory
[   33.738111] init: Couldn't load property file '/system_ext/build.prop': open() failed: No such file or directory: No such file or directory
[   33.738137] init: Couldn't load property file '/system_ext/default.prop': open() failed: No such file or directory: No such file or directory
[   33.738160] init: Couldn't load property file '/system_ext/build.prop': open() failed: No such file or directory: No such file or directory
[   33.738188] init: Couldn't load property file '/vendor/default.prop': open() failed: No such file or directory: No such file or directory
[   33.738211] init: Couldn't load property file '/vendor/build.prop': open() failed: No such file or directory: No such file or directory
[   33.738248] init: Couldn't load property file '/vendor_dlkm/etc/build.prop': open() failed: No such file or directory: No such file or directory
[   33.738284] init: Couldn't load property file '/odm_dlkm/etc/build.prop': open() failed: No such file or directory: No such file or directory
[   33.738314] init: Couldn't load property file '/odm/etc/build.prop': open() failed: No such file or directory: No such file or directory
[   33.738339] init: Couldn't load property file '/odm/default.prop': open() failed: No such file or directory: No such file or directory
[   33.738366] init: Couldn't load property file '/odm/build.prop': open() failed: No such file or directory: No such file or directory
[   33.738389] init: Couldn't load property file '/odm/default.prop': open() failed: No such file or directory: No such file or directory
[   33.738414] init: Couldn't load property file '/odm/build.prop': open() failed: No such file or directory: No such file or directory
[   33.738446] init: Couldn't load property file '/product/etc/build.prop': open() failed: No such file or directory: No such file or directory
[   33.738471] init: Couldn't load property file '/product/default.prop': open() failed: No such file or directory: No such file or directory
[   33.738498] init: Couldn't load property file '/product/build.prop': open() failed: No such file or directory: No such file or directory
[   33.738524] init: Couldn't load property file '/product/default.prop': open() failed: No such file or directory: No such file or directory
[   33.738549] init: Couldn't load property file '/product/build.prop': open() failed: No such file or directory: No such file or directory
[   33.739925] init: Setting product property ro.product.brand to 'Symphony' (from ro.product.product.brand)
[   33.739954] init: Setting product property ro.product.device to 'Z60plus' (from ro.product.product.device)
[   33.739992] init: Setting product property ro.product.manufacturer to 'Symphony' (from ro.product.product.manufacturer)
[   33.740037] init: Setting product property ro.product.model to 'Z60plus' (from ro.product.product.model)
[   33.740064] init: Setting product property ro.product.name to 'twrp_Z60plus' (from ro.product.product.name)
[   33.740112] init: Setting property 'ro.build.fingerprint' to 'Symphony/twrp_Z60plus/Z60plus:16.1.0/SP2A.220405.004/eng.h.20260306.195452:eng/test-keys'
[   33.740155] init: Setting property 'ro.product.cpu.abilist' to 'arm64-v8a,armeabi-v7a,armeabi'
[   33.740175] init: Setting property 'ro.product.cpu.abilist32' to 'armeabi-v7a,armeabi'
[   33.740194] init: Setting property 'ro.product.cpu.abilist64' to 'arm64-v8a'
[   33.743217] selinux: SELinux: Loaded file_contexts
[   33.743224] selinux: 
[   33.743251] init: Running restorecon...
[   33.764578] selinux: SELinux: Could not get canonical path for /metadata/ota/rollback-indicator restorecon: No such file or directory.
[   33.764588] selinux: 
[   33.764648] selinux: SELinux:  Could not stat /metadata/gsi: No such file or directory.
[   33.764653] selinux: 
[   33.765384] init: Created socket '/dev/socket/property_service', mode 666, user 0, group 0
[   33.765715] sc27xx-fgu 64200000.spi:pmic@0:fgu@c00: track file data error.
[   33.766001] sc27xx-fgu 64200000.spi:pmic@0:fgu@c00: not satisfy power on start condition.
[   33.766010] sc27xx-fgu 64200000.spi:pmic@0:fgu@c00: init_cap = 920, init_mah = 4554, init_clbcnt = 45379699, cur_clbcnt = 45386996, normal_cap = 920, data->cc_mah = 1, Tbat = 355, uusoc_vbat = 0, uusoc_mah = 0, cur_1000ma_adc = 1384, track_sts = 1
[   33.767961] init: [libfs_mgr]vendor overlay: vndk version not defined
[   33.768382] init: Unable to set property 'ro.boot.flash.locked' from uid:0 gid:0 pid:1: Read-only property was already set
[   33.771991] init: SetupMountNamespaces done
[   33.773569] init: Forked subcontext for 'u:r:vendor_init:s0' with pid 285
[   33.773715] init: Parsing file /system/etc/init/hw/init.rc...
[   33.773839] init: Added '/init.recovery.logd.rc' to import list
[   33.773855] init: Added '/init.recovery.ldconfig.rc' to import list
[   33.773866] init: Added '/init.recovery.mksh.rc' to import list
[   33.773879] init: Added '/init.recovery.usb.rc' to import list
[   33.773890] init: Added '/init.recovery.service.rc' to import list
[   33.773916] init: Added '/init.recovery.ums9230_1h10.rc' to import list
[   33.774724] init: Parsing file /init.recovery.logd.rc...
[   33.774846] init: Parsing file /init.recovery.ldconfig.rc...
[   33.774897] init: Parsing file /init.recovery.mksh.rc...
[   33.774925] init: Unable to read config file '/init.recovery.mksh.rc': open() failed: No such file or directory
[   33.774941] init: Parsing file /init.recovery.usb.rc...
[   33.775316] init: Parsing file /init.recovery.service.rc...
[   33.775383] init: Parsing file /init.recovery.ums9230_1h10.rc...
[   33.775416] init: Added '/init.recovery.common.rc' to import list
[   33.775429] init: Added '/init.recovery.unisoc_decrypt.rc' to import list
[   33.775463] init: Parsing file /init.recovery.common.rc...
[   33.776467] init: Parsing file /init.recovery.unisoc_decrypt.rc...
[   33.776698] init: /init.recovery.unisoc_decrypt.rc: 31: Unable to find UID for 'keymaster': getpwnam failed: No such file or directory
[   33.776724] init: /init.recovery.unisoc_decrypt.rc: 32: Unable to decode GID for 'keymaster': getpwnam failed: No such file or directory
[   33.776815] init: Parsing directory /system/etc/init...
[   33.776892] init: Parsing file /system/etc/init/android.hardware.boot@1.0-service.rc...
[   33.776946] init: Parsing file /system/etc/init/android.hardware.boot@1.1-service.rc...
[   33.776995] init: Parsing file /system/etc/init/android.hardware.boot@1.2-service.rc...
[   33.777099] init: Parsing file /system/etc/init/android.hardware.health@2.0-service.rc...
[   33.777157] init: Parsing file /system/etc/init/android.hardware.health@2.1-service.rc...
[   33.777208] init: Parsing file /system/etc/init/hwservicemanager.rc...
[   33.777264] init: Parsing file /system/etc/init/keystore2.rc...
[   33.777329] init: Parsing file /system/etc/init/lpdumpd.rc...
[   33.777417] init: Parsing file /system/etc/init/nano.rc...
[   33.777459] init: Parsing file /system/etc/init/servicemanager.rc...
[   33.777514] init: Parsing file /system/etc/init/vndservicemanager.rc...
[   33.777607] init: Parsing file /system_ext/etc/init...
[   33.777637] init: Unable to read config file '/system_ext/etc/init': open() failed: No such file or directory
[   33.777656] init: Parsing directory /vendor/etc/init...
[   33.777710] init: Parsing file /vendor/etc/init/android.hardware.gatekeeper@1.0-service.trusty.rc...
[   33.777771] init: Parsing file /vendor/etc/init/android.hardware.security.keymint@1.0-unisoc.service.rc...
[   33.777835] init: Parsing file /vendor/etc/init/rpmbserver_androidr.rc...
[   33.777895] init: Parsing file /vendor/etc/init/storageproxyd_androidr_gp.rc...
[   33.778003] init: /vendor/etc/init/storageproxyd_androidr_gp.rc: 24: ignored duplicate definition of service 'vendor.rpmbproxy'
[   33.778037] init: /vendor/etc/init/storageproxyd_androidr_gp.rc: 30: ignored duplicate definition of service 'vendor.nsproxy'
[   33.778071] init: Parsing file /vendor/etc/init/tee_rpc.rc...
[   33.778122] init: Parsing file /vendor/etc/init/vendor.sprd.hardware.trusty@1.0-service.rc...
[   33.778180] init: Parsing file /vendor/etc/init/vendor_flash_recovery.rc...
[   33.778228] init: Parsing file /vendor/etc/init/vibrator.rc...
[   33.778299] init: Parsing file /odm/etc/init...
[   33.778325] init: Unable to read config file '/odm/etc/init': open() failed: No such file or directory
[   33.778345] init: Parsing file /product/etc/init...
[   33.778366] init: Unable to read config file '/product/etc/init': open() failed: No such file or directory
[   33.779649] init: processing action (SetupCgroups) from (<Builtin Action>:0)
[   33.797534] cgroup1: Unknown subsys name 'schedtune'
[   33.797618] libprocessgroup: Failed to mount schedtune cgroup: Invalid argument
[   33.797638] libprocessgroup: Failed to setup schedtune cgroup
[   33.798194] init: processing action (SetKptrRestrict) from (<Builtin Action>:0)
[   33.798547] init: processing action (TestPerfEventSelinux) from (<Builtin Action>:0)
[   33.799215] init: processing action (early-init) from (/system/etc/init/hw/init.rc:8)
[   33.799657] init: Command 'mount cgroup none /acct cpuacct' action=early-init (/system/etc/init/hw/init.rc:13) took 0ms and failed: mount() failed: Device or resource busy
[   33.800761] init: starting service 'ueventd'...
[   33.806509] init: processing action (early-init) from (/init.recovery.usb.rc:29)
[   33.806738] init: processing action (wait_for_coldboot_done) from (<Builtin Action>:0)
[   33.857714] audit: type=1400 audit(1772807794.683:4): avc:  denied  { sys_nice } for  pid=286 comm="ueventd" capability=23  scontext=u:r:ueventd:s0 tcontext=u:r:ueventd:s0 tclass=capability permissive=1
[   33.857758] ueventd: ueventd started!
[   33.860250] selinux: SELinux: Loaded file_contexts
[   33.860257] selinux: 
[   33.860426] ueventd: Parsing file /system/etc/ueventd.rc...
[   33.860487] ueventd: Added '/vendor/etc/ueventd.rc' to import list
[   33.860500] ueventd: Added '/odm/etc/ueventd.rc' to import list
[   33.860796] ueventd: Parsing file /vendor/etc/ueventd.rc...
[   33.861482] ueventd: Parsing file /odm/etc/ueventd.rc...
[   33.861512] ueventd: Unable to read config file '/odm/etc/ueventd.rc': open() failed: No such file or directory
[   33.918057] sc27xx-fgu 64200000.spi:pmic@0:fgu@c00: UUSOC: cur_avg_ma = 237, resistance_moh = 0, ocv_pzero_uv = 3400000, ocv_pzero_cap = 0, ocv_pzero_mah = 0
[   33.919102] power_supply sc27xx-fgu: driver failed to report `calibrate' property: -22
[   33.919109] synth uevent: /devices/platform/soc/soc:aon/64200000.spi/spi_master/spi4/spi4.0/64200000.spi:pmic@0:fgu@c00/power_supply/sc27xx-fgu: failed to send uevent
[   33.919112] power_supply sc27xx-fgu: uevent: failed to send synthetic uevent
[   33.939575] ------------[ cut here ]------------
[   33.939580] add_uevent_var: too many keys
[   33.939669] WARNING: CPU: 3 PID: 286 at lib/kobject_uevent.c:660 add_uevent_var+0x4c/0x148
[   33.939672] Modules linked in: mipi_driver sprd_mipi sprd_compr_2stage_dma sprd_dmaengine_pcm snd_soc_sprd_vbc_fe snd_soc_sprd_vbc_v4 sprd_platform_pcm_routing snd_soc_sprd_pdm_r2p0 snd_soc_sprd_dummy_codec snd_soc_sprd_codec_sc2730_power_dev snd_soc_sprd_codec_sc2730_power snd_soc_sprd_codec_sc2730 snd_soc_sprd_card snd_soc_aw87xxx sprd_audcp_boot sprd_audcp_dvfs mcdt_hw_r2p0 audio_pipe sprd_apipe ax88179_178a asix audio_dsp_dump audio_sipc audio_mem agdsp_access musb_sprd musb_hdrc chipone_tddi(O) misc_sprd_uid nu1619_wireless_charger hl1506_charger sc2730_fast_charger bq2597x_charger sgm41510_charger sc27xx_fuel_gauge charger_manager sprd_battery_info sprd_vote sc27xx_pd sprd_tcpm sc27xx_typec sc27xx_vibra sc27xx_poweroff sc27xx_adc rtc_sc27xx pwm_sprd spi_sprd zram zsmalloc ledtrig_pattern leds_sc27xx_bltc jpg vsp chipone_fp(O) microarray_fp(O) extcon_usb_gpio sprd_drm apsys_dvfs sprd_gsp twofish_generic twofish_common arc4 aes_neon_blk aes_ce_ccm ghash_ce sha1_ce
[   33.939753] sprd_cpp(O) sprd_vsp_pw_domain sprd_camera(O) sprd_sensor(O) unisoc_iommu sprd_ion(C) sprd_dma virt_dma sprd_camsys_pw_domain flash_ic_aw3641(O) sprd_flash_drv(O) sblock_bridge sbuf_bridge slog_bridge sprd_iq usb_f_vser sprd_modem_loader seth sipx spool spipe sipc_core sprd_sipc_virt_bus unisoc_mailbox sprd_debugstat_sharkl6 sprd_debugstat_core sprd_power_manager sprd_pmic_syscon sec_nfc(O) sdhci_sprd mmc_hsq mmc_swcq gpio_pmic_eic_sprd gpio_sprd gpio_eic_sprd sprd_shm trusty_virtio trusty_ipc trusty_irq trusty_log trusty_pm trusty sprd_manufacturer_model sprd_7sreset sprd_cpufreq_public sprd_hwdvfs_policy sprd_hwdvfs_ums9230_arch i2c_sprd_hw_v2 i2c_sprd nvmem_sprd_efuse nvmem_sprd_cache_efuse nvmem_sc27xx_efuse sprd_hwspinlock ufs_sprd_qogirl6 sprd_soc_id rpmb sc2730_regulator sprd_sc27xx_spi spi_sprd_adi phy_sprd_qogirl6 pinctrl_sprd_qogirl6 pinctrl_sprd pinctrl gpio core ums9230_clk clk_sprd sprd_time_sync_cp sprd_time_sync sprd_systimer sprd_sip_svc
[   33.939833] sprd_wdt_fiq
[   33.939840] CPU: 3 PID: 286 Comm: ueventd Tainted: G         C O      5.4.254-ab181 #1
[   33.939842] Hardware name: Spreadtrum UMS9230 1H10 SoC (DT)
[   33.939845] pstate: 60400005 (nZCv daif +PAN -UAO)
[   33.939849] pc : add_uevent_var+0x4c/0x148
[   33.939852] lr : add_uevent_var+0x4c/0x148
[   33.939854] sp : ffffffc0139d3a90
[   33.939856] x29: ffffffc0139d3b10 x28: ffffffc011e76578 
[   33.939859] x27: 0000000000000001 x26: 0000000000000000 
[   33.939862] x25: ffffff8177ef5900 x24: ffffffc0116866c0 
[   33.939865] x23: ffffff81771be740 x22: ffffffc011ce2bd0 
[   33.939867] x21: ffffff816b597f80 x20: ffffff816c0eb038 
[   33.939873] x19: ffffff816e404000 x18: ffffffc0134d1068 
[   33.939876] x17: 000000000007a87c x16: 0000000000000000 
[   33.939879] x15: 0000000000000062 x14: 0000000000000038 
[   33.939882] x13: 00000000000857bc x12: 0000000000000000 
[   33.939885] x11: 00000000ffffffff x10: ffffffc0124ecca8 
[   33.939887] x9 : 10c222da0877d300 x8 : 10c222da0877d300 
[   33.939890] x7 : 0000000000000000 x6 : ffffffc012572461 
[   33.939892] x5 : 0000000000000000 x4 : 000000000000000a 
[   33.939895] x3 : 0000000000000073 x2 : 0000000000000001 
[   33.939897] x1 : 0000000000000000 x0 : 000000000000001d 
[   33.939904] \x0aPC: 0xffffffc01164a910:
[   33.939906] a910  35ffff8a 17ffff6f f9400282 90007220 b0003641 913d4000 91291c21 f00032a4
[   33.939915] a930  912f6884 aa1403e3 97cc8c6c 2a1f03fa 17fffe9a d10283ff f800865e a9087bfd
[   33.939922] a950  a9094ff4 910203fd 90004548 f943c108 a9008fe2 a90197e4 a9029fe6 f81f83a8
[   33.939928] a970  a93effbf a93dffbf b9411808 7100811f 540000c3 f00032e0 911b5c00 97ad0aa8
[   33.939934] a990  d4210000 14000030 128005e9 910023ea 910083a8 f81f03a9 9100c149 a93da7a8
[   33.939940] a9b0  b9891c08 aa0003f3 7120051f 54000622 a97dafaa a97eb7ac 8b080269 52810014
[   33.939946] a9d0  aa0103e2 91047120 cb080281 9100e3e3 a903afea a904b7ec 94001e40 b9891e69
[   33.939953] a9f0  cb09028a eb20c15f 54000269 7120013f 54000408 b9411a6a 1100054b 71007d5f
[   33.939962] \x0aLR: 0xffffffc01164a910:
[   33.939963] a910  35ffff8a 17ffff6f f9400282 90007220 b0003641 913d4000 91291c21 f00032a4
[   33.939970] a930  912f6884 aa1403e3 97cc8c6c 2a1f03fa 17fffe9a d10283ff f800865e a9087bfd
[   33.939976] a950  a9094ff4 910203fd 90004548 f943c108 a9008fe2 a90197e4 a9029fe6 f81f83a8
[   33.939983] a970  a93effbf a93dffbf b9411808 7100811f 540000c3 f00032e0 911b5c00 97ad0aa8
[   33.939990] a990  d4210000 14000030 128005e9 910023ea 910083a8 f81f03a9 9100c149 a93da7a8
[   33.939996] a9b0  b9891c08 aa0003f3 7120051f 54000622 a97dafaa a97eb7ac 8b080269 52810014
[   33.940003] a9d0  aa0103e2 91047120 cb080281 9100e3e3 a903afea a904b7ec 94001e40 b9891e69
[   33.940009] a9f0  cb09028a eb20c15f 54000269 7120013f 54000408 b9411a6a 1100054b 71007d5f
[   33.940020] \x0aSP: 0xffffffc0139d3a10:
[   33.940021] 3a10  116866c0 ffffffc0 77ef5900 ffffff81 00000000 00000000 00000001 00000000
[   33.940027] 3a30  11e76578 ffffffc0 139d3b10 ffffffc0 1164a990 ffffffc0 139d3a90 ffffffc0
[   33.940033] 3a50  1164a990 ffffffc0 60400005 00000000 ffffffc8 00000000 0877d300 10c222da
[   33.940039] 3a70  ffffffff 0000007f 1164a990 ffffffc0 139d3b10 ffffffc0 1164a990 ffffffc0
[   33.940045] 3a90  11e76578 ffffffc0 00000d5b 00000000 058d6948 ffffffff 00800000 00000000
[   33.940051] 3ab0  2c000000 7b373263 6e404519 ffffff81 71ff7466 77363162 6b597f80 ffffff81
[   33.940058] 3ad0  6e404000 ffffff81 6c0eb038 ffffff81 ffffffd8 00000000 00000000 00000000
[   33.940064] 3af0  00000000 00000000 00000000 00000000 00000000 00000000 0877d300 10c222da
[   33.940075] \x0aX6: 0xffffffc0125723e1:
[   33.940076] 23e0  3a796c70 37326373 662d7878 00007567 e6f4d32e 00000007 0024003c 82000000
[   33.940084] 2400  0000011e 00000003 2d2d2d2d 2d2d2d2d 2d2d2d2d 7563205b 65682074 5d206572
[   33.940090] 2420  2d2d2d2d 2d2d2d2d 2d2d2d2d e6f4e703 00000007 001d0038 62000000 0000011e
[   33.940097] 2440  00000003 5f646461 65766575 765f746e 203a7261 206f6f74 796e616d 79656b20
[   33.940104] 2460  00000073 e6f6436c 00000007 004e0068 82000000 0000011e 00000003 4e524157
[   33.940110] 2480  3a474e49 55504320 2033203a 3a444950 36383220 20746120 2f62696c 6a626f6b
[   33.940116] 24a0  5f746365 65766575 632e746e 3036363a 64646120 7665755f 5f746e65 2b726176
[   33.940122] 24c0  63347830 3178302f 00003834 e6f64f70 00000007 03ca03e4 80000000 0000011e
[   33.940128] 24e0  00000003 75646f4d 2073656c 6b6e696c 69206465 6d203a6e 5f697069 76697264
[   33.940139] \x0aX10: 0xffffffc0124ecc28:
[   33.940140] cc28  6dc15380 ffffff81 00000000 00000000 00000000 00000000 00000000 00000000
[   33.940147] cc48  00000000 00000000 77871ee0 ffffff81 00000000 00000000 00000000 00000000
[   33.940152] cc68  00001610 00000000 00000000 00000000 00000000 00000000 00000000 00000000
[   33.940162] cc88  00000000 00000000 00000000 00000000 00000000 00000000 00000000 0008752c
[   33.940168] cca8  00000000 00000000 00370050 c2000000 00000000 00000000 746f6f42 20676e69
[   33.940174] ccc8  756e694c 6e6f2078 79687020 61636973 5043206c 78302055 30303030 30303030
[   33.940180] cce8  5b203030 31347830 30646632 005d3035 00000000 00000000 00690084 a2000000
[   33.940190] cd08  00000000 00000000 756e694c 65762078 6f697372 2e35206e 35322e34 62612d34
[   33.940206] \x0aX22: 0xffffffc011ce2b50:
[   33.940207] 2b50  636f6c6c 20657461 746f6f62 666e6f63 6e206769 7365646f 6c615600 69206575
[   33.940213] 2b70  65722073 69666564 0064656e 746f6f62 666e6f63 62006769 3270697a 626f6b00
[   33.940220] 2b90  7463656a 2527203a 28202773 3a297025 3a732520 76657520 5f746e65 70707573
[   33.940226] 2bb0  73736572 75616320 20646573 20656874 6e657665 6f742074 6f726420 000a2170
[   33.940233] 2bd0  00646461 2a2a3401 20664920 20756f79 20656573 73696874 73656d20 65676173
[   33.940239] 2bf0  646e6120 756f7920 65726120 746f6e20 62656420 69676775 2020676e 2a2a2020
[   33.940248] 2c10  7261000a 612f6863 34366d72 72656b2f 2f6c656e 69737066 632e646d 72656b00
[   33.940255] 2c30  2f6c656e 706d756a 62616c5f 632e6c65 63726100 72612f68 2f34366d 2f6d766b
[   33.940264] \x0aX24: 0xffffffc011686640:
[   33.940265] 6640  17d0aa58 17d0aae6 17d0ab90 17d2fa73 17d2fae7 17d2fb4a 17d2ea75 17d2fdf9
[   33.940272] 6660  17d2fe62 17d2fe9f 17d2fecb 17d2ff49 17d2ff62 17d2ffbb 17d2ffc4 17d2ecef
[   33.940278] 6680  17d2ffe2 17d30005 17d30023 17d30057 17d2eb63 17d2f63c 17d3005f 17d30081
[   33.940285] 66a0  17d300a3 17d300c5 17d300e7 17d30109 17b09550 17d30271 17d302f7 17d30a27
[   33.940291] 66c0  17d30a2e 17d30e52 17ccfd72 17d30f76 17ccfde7 17cd1ded 17d30ece 17d30edc
[   33.940297] 66e0  17d30f80 17d30c60 17d30feb 17d30ff4 17d3106a 17d310ed 17d31154 17d31165
[   33.940303] 6700  17d311a6 17d31203 17d30cae 17d312ba 17d31369 17d311f6 17d3137e 17d31387
[   33.940309] 6720  17d31388 17d3138a 17d313f8 17d31464 17d314d4 17ad3ba9 17b8a71c 17d309f8
[   33.940317] \x0aX28: 0xffffffc011e764f8:
[   33.940318] 64f8  00000000 00000000 00000000 00000000 00000000 00000000 00000000 00000000
[   33.940324] 6518  00000000 00000000 00000000 00000000 123ceba0 ffffffc0 00000000 00000000
[   33.940331] 6538  11c84a16 ffffffc0 11d22c19 ffffffc0 11cf8a30 ffffffc0 11cc4ffb ffffffc0
[   33.940338] 6558  11c5faf2 ffffffc0 11d071d0 ffffffc0 1169c2a4 ffffffc0 1169c348 ffffffc0
[   33.940344] 6578  1168673c ffffffc0 116866bc ffffffc0 116866c0 ffffffc0 1169c2a8 ffffffc0
[   33.940351] 6598  1169c34c ffffffc0 1169c2ac ffffffc0 1169c350 ffffffc0 11686740 ffffffc0
[   33.940357] 65b8  00000000 00000000 00000000 00000000 00000000 00000000 1168ceb4 ffffffc0
[   33.940363] 65d8  1169833c ffffffc0 00000000 00000000 00000000 00000000 00000000 00000000
[   33.940370] \x0aX29: 0xffffffc0139d3a90:
[   33.940371] 3a90  11e76578 ffffffc0 00000d5b 00000000 058d6948 ffffffff 00800000 00000000
[   33.940377] 3ab0  2c000000 7b373263 6e404519 ffffff81 71ff7466 77363162 6b597f80 ffffff81
[   33.940384] 3ad0  6e404000 ffffff81 6c0eb038 ffffff81 ffffffd8 00000000 00000000 00000000
[   33.940390] 3af0  00000000 00000000 00000000 00000000 00000000 00000000 0877d300 10c222da
[   33.940396] 3b10  139d3b40 ffffffc0 1164a530 ffffffc0 6c0eb038 ffffff81 6e404000 ffffff81
[   33.940402] 3b30  00000041 00000000 00000000 00000000 139d3bc0 ffffffc0 1164b86c ffffffc0
[   33.940408] 3b50  771be740 ffffff81 00000000 00000000 00000000 00000000 56000000 00000000
[   33.940414] 3b70  00000004 00000000 6b597480 ffffff81 00000004 00000000 00000000 00000000
[   33.940423] 
[   33.940425] Call trace:
[   33.940428] add_uevent_var+0x4c/0x148
[   33.940431] kobject_uevent_env+0x394/0x7a8
[   33.940434] kobject_synth_uevent+0x400/0x480
[   33.940440] uevent_store+0x28/0x60
[   33.940443] dev_attr_store+0x34/0x84
[   33.940447] sysfs_kf_write+0x60/0xbc
[   33.940451] kernfs_fop_write+0x1b0/0x420
[   33.940456] __vfs_write+0x50/0x210
[   33.940458] vfs_write+0xe4/0x1a8
[   33.940460] ksys_write+0x78/0x13c
[   33.940463] __arm64_sys_write+0x1c/0x28
[   33.940467] el0_svc_common+0xc8/0x22c
[   33.940469] el0_svc_handler+0x1c/0x28
[   33.940473] el0_svc+0x8/0x100
[   33.940476] ---[ end trace 5a3cfb8d4e07ed5c ]---
[   33.940723] synth uevent: /devices/platform/charger-manager/power_supply/battery: failed to send uevent
[   33.940731] power_supply battery: uevent: failed to send synthetic uevent
[   34.104966] ueventd (287) used greatest stack depth: 13200 bytes left
[   34.108751] ueventd (290) used greatest stack depth: 13184 bytes left
[   34.126135] init: Wait for property 'ro.cold_boot_done=true' took 319ms
[   34.126306] ueventd: Coldboot took 0.264 seconds
[   34.126734] init: processing action (SetMmapRndBits) from (<Builtin Action>:0)
[   34.127380] init: processing action (KeychordInit) from (<Builtin Action>:0)
[   34.127432] init: processing action (init) from (/system/etc/init/hw/init.rc:23)
[   34.128416] ueventd (290): highest shadow stack usage: 192 bytes
[   34.128947] init: Command 'symlink /system/bin /bin' action=init (/system/etc/init/hw/init.rc:35) took 0ms and failed: symlink() failed: File exists
[   34.129065] init: Command 'symlink /system/etc /etc' action=init (/system/etc/init/hw/init.rc:36) took 0ms and failed: symlink() failed: File exists
[   34.129253] init: Command 'mount cgroup none /acct cpuacct' action=init (/system/etc/init/hw/init.rc:38) took 0ms and failed: mount() failed: Device or resource busy
[   34.133110] init: processing action (init) from (/init.recovery.logd.rc:1)
[   34.133148] init: starting service 'logd'...
[   34.133510] init: Created socket '/dev/socket/logdr', mode 666, user 0, group 0
[   34.133791] init: Created socket '/dev/socket/logdw', mode 222, user 0, group 0
[   34.133924] init: Opened file '/proc/kmsg', flags 0
[   34.133963] init: Opened file '/dev/kmsg', flags 1
[   34.136541] audit: type=1400 audit(1772807794.963:5): avc:  denied  { entrypoint } for  pid=294 comm="init" path="/system/bin/logd" dev="rootfs" ino=10172 scontext=u:r:logd:s0 tcontext=u:object_r:rootfs:s0 tclass=file permissive=1
[   34.138073] init: processing action (init) from (/init.recovery.usb.rc:32)
[   34.138555] audit: type=1400 audit(1772807794.963:6): avc:  denied  { map } for  pid=294 comm="logd" path="/system/bin/logd" dev="rootfs" ino=10172 scontext=u:r:logd:s0 tcontext=u:object_r:rootfs:s0 tclass=file permissive=1
[   34.138567] audit: type=1400 audit(1772807794.963:7): avc:  denied  { read } for  pid=294 comm="logd" path="/system/bin/logd" dev="rootfs" ino=10172 scontext=u:r:logd:s0 tcontext=u:object_r:rootfs:s0 tclass=file permissive=1
[   34.138570] audit: type=1400 audit(1772807794.963:8): avc:  denied  { execute } for  pid=294 comm="logd" path="/system/bin/logd" dev="rootfs" ino=10172 scontext=u:r:logd:s0 tcontext=u:object_r:rootfs:s0 tclass=file permissive=1
[   34.139720] audit: type=1400 audit(1772807794.963:9): avc:  denied  { getattr } for  pid=294 comm="logd" path="/system/bin/logd" dev="rootfs" ino=10172 scontext=u:r:logd:s0 tcontext=u:object_r:rootfs:s0 tclass=file permissive=1
[   34.139767] audit: type=1400 audit(1772807794.963:10): avc:  denied  { read } for  pid=294 comm="logd" name="bin" dev="rootfs" ino=10065 scontext=u:r:logd:s0 tcontext=u:object_r:rootfs:s0 tclass=dir permissive=1
[   34.140051] [drm] skip esd during panel suspend
[   34.140079] audit: type=1400 audit(1772807794.967:11): avc:  denied  { open } for  pid=294 comm="logd" path="/system/lib64/libbase.so" dev="rootfs" ino=13298 scontext=u:r:logd:s0 tcontext=u:object_r:rootfs:s0 tclass=file permissive=1
[   34.140992] Mass Storage Function, version: 2009/09/11
[   34.140998] LUN: removable file: (no medium)
[   34.141245] file system registered
[   34.142507] init: processing action (init) from (/init.recovery.ums9230_1h10.rc:5)
[   34.142542] init: processing action (init) from (/init.recovery.common.rc:84)
[   34.144331] init: Command 'loglevel 7' action=init (/init.recovery.common.rc:104) took 0ms and succeeded
[   34.144387] init: Command 'chown system root /proc/mdbg/assert' action=init (/init.recovery.common.rc:106) took 0ms and failed: lchown() failed: No such file or directory
[   34.144428] init: Command 'chown system root /proc/mdbg/wdtirq' action=init (/init.recovery.common.rc:107) took 0ms and failed: lchown() failed: No such file or directory
[   34.144468] init: Command 'chown system root /proc/mdbg/at_cmd' action=init (/init.recovery.common.rc:108) took 0ms and failed: lchown() failed: No such file or directory
[   34.144508] init: Command 'chown system root /proc/mdbg/loopcheck' action=init (/init.recovery.common.rc:109) took 0ms and failed: lchown() failed: No such file or directory
[   34.144547] init: Command 'chmod 760 /proc/mdbg/assert' action=init (/init.recovery.common.rc:111) took 0ms and failed: fchmodat() failed: No such file or directory
[   34.144586] init: Command 'chmod 760 /proc/mdbg/wdtirq' action=init (/init.recovery.common.rc:112) took 0ms and failed: fchmodat() failed: No such file or directory
[   34.144624] init: Command 'chmod 760 /proc/mdbg/at_cmd' action=init (/init.recovery.common.rc:113) took 0ms and failed: fchmodat() failed: No such file or directory
[   34.144661] init: Command 'chmod 760 /proc/mdbg/loopcheck' action=init (/init.recovery.common.rc:114) took 0ms and failed: fchmodat() failed: No such file or directory
[   34.144702] init: Command 'chown system root /proc/cpwcn/wdtirq' action=init (/init.recovery.common.rc:116) took 0ms and failed: lchown() failed: No such file or directory
[   34.144739] init: Command 'chmod 766 /proc/cpwcn/wdtirq' action=init (/init.recovery.common.rc:117) took 0ms and failed: fchmodat() failed: No such file or directory
[   34.144849] init: Command 'mount configfs none /config' action=init (/init.recovery.common.rc:121) took 0ms and failed: mount() failed: Device or resource busy
[   34.144945] init: Command 'mkdir /config/usb_gadget/g1 0770 shell shell' action=init (/init.recovery.common.rc:122) took 0ms and succeeded
[   34.145221] init: Command 'write /config/usb_gadget/g1/idVendor 0x1782' action=init (/init.recovery.common.rc:123) took 0ms and succeeded
[   34.145449] init: Command 'write /config/usb_gadget/g1/idProduct 0x4d00' action=init (/init.recovery.common.rc:124) took 0ms and succeeded
[   34.145549] init: Command 'mkdir /config/usb_gadget/g1/strings/0x409 0770 shell shell' action=init (/init.recovery.common.rc:125) took 0ms and succeeded
[   34.145823] init: Command 'write /config/usb_gadget/g1/strings/0x409/serialnumber ${ro.serialno}' action=init (/init.recovery.common.rc:126) took 0ms and succeeded
[   34.146056] init: Command 'write /config/usb_gadget/g1/strings/0x409/manufacturer Unisoc' action=init (/init.recovery.common.rc:127) took 0ms and succeeded
[   34.146291] init: Command 'write /config/usb_gadget/g1/strings/0x409/product Unisoc Phone' action=init (/init.recovery.common.rc:128) took 0ms and succeeded
[   34.146574] init: Command 'mkdir /config/usb_gadget/g1/configs/b.1 0770 shell shell' action=init (/init.recovery.common.rc:129) took 0ms and succeeded
[   34.146859] init: Command 'mkdir /config/usb_gadget/g1/configs/b.1/strings/0x409 0770 shell shell' action=init (/init.recovery.common.rc:130) took 0ms and succeeded
[   34.147173] init: Command 'write /config/usb_gadget/g1/configs/b.1/strings/0x409/configuration Conf 1' action=init (/init.recovery.common.rc:131) took 0ms and succeeded
[   34.147403] init: Command 'write /config/usb_gadget/g1/configs/b.1/MaxPower 120' action=init (/init.recovery.common.rc:132) took 0ms and succeeded
[   34.147499] init: Command 'mkdir /config/usb_gadget/g1/functions/ffs.adb 0770 shell shell' action=init (/init.recovery.common.rc:135) took 0ms and succeeded
[   34.147785] init: Command 'mkdir /config/usb_gadget/g1/functions/ffs.fastboot 0770 shell shell' action=init (/init.recovery.common.rc:136) took 0ms and succeeded
[   34.147903] selinux: avc:  received setenforce notice (enforcing=0)
[   34.147909] selinux: 
[   34.148252] init: Command 'mkdir /dev/usb-ffs 0770 shell shell' action=init (/init.recovery.common.rc:137) took 0ms and succeeded
[   34.148607] init: Command 'mkdir /dev/usb-ffs/adb 0770 shell shell' action=init (/init.recovery.common.rc:138) took 0ms and succeeded
[   34.148878] init: Command 'mount functionfs adb /dev/usb-ffs/adb uid=2000,gid=2000' action=init (/init.recovery.common.rc:139) took 0ms and succeeded
[   34.149516] init: Command 'mkdir /dev/usb-ffs/fastboot 0770 system system' action=init (/init.recovery.common.rc:140) took 0ms and succeeded
[   34.149721] init: Command 'mount functionfs fastboot /dev/usb-ffs/fastboot rmode=0770,fmode=0660,uid=1000,gid=1000' action=init (/init.recovery.common.rc:141) took 0ms and succeeded
[   34.149799] logd: libprocessgroup: Controller freezer is not found
[   34.149851] logd: libprocessgroup: SetAttribute: unknown attribute: FreezerState
[   34.149871] logd: libprocessgroup: SetAttribute: unknown attribute: FreezerState
[   34.150286] init: Command 'mkdir /config/usb_gadget/g1/functions/mtp.gs0 0770 shell shell' action=init (/init.recovery.common.rc:144) took 0ms and failed: mkdir() failed on /config/usb_gadget/g1/functions/mtp.gs0: No such file or directory
[   34.150536] init: Command 'mkdir /config/usb_gadget/g1/functions/ptp.gs1 0770 shell shell' action=init (/init.recovery.common.rc:145) took 0ms and failed: mkdir() failed on /config/usb_gadget/g1/functions/ptp.gs1: No such file or directory
[   34.150767] init: Command 'mkdir /config/usb_gadget/g1/functions/rndis.gs4 0770 shell shell' action=init (/init.recovery.common.rc:146) took 0ms and failed: mkdir() failed on /config/usb_gadget/g1/functions/rndis.gs4: No such file or directory
[   34.151846] init: Command 'mkdir /config/usb_gadget/g1/functions/vser.gs7 0770 shell shell' action=init (/init.recovery.common.rc:147) took 1ms and succeeded
[   34.152296] init: Command 'mkdir /config/usb_gadget/g1/functions/accessory.gs2 0770 shell shell' action=init (/init.recovery.common.rc:148) took 0ms and succeeded
[   34.152701] init: Command 'mkdir /config/usb_gadget/g1/functions/audio_source.gs3 0770 shell shell' action=init (/init.recovery.common.rc:149) took 0ms and succeeded
[   34.153047] init: Command 'mkdir /config/usb_gadget/g1/functions/midi.gs5 0770 shell shell' action=init (/init.recovery.common.rc:150) took 0ms and succeeded
[   34.153386] init: Command 'mkdir /config/usb_gadget/g1/functions/gser.gs0 0770 shell shell' action=init (/init.recovery.common.rc:151) took 0ms and succeeded
[   34.153724] init: Command 'mkdir /config/usb_gadget/g1/functions/gser.gs1 0770 shell shell' action=init (/init.recovery.common.rc:152) took 0ms and succeeded
[   34.154053] init: Command 'mkdir /config/usb_gadget/g1/functions/gser.gs2 0770 shell shell' action=init (/init.recovery.common.rc:153) took 0ms and succeeded
[   34.154114] logd.auditd: start
[   34.154124] logd.klogd: 34154118637
[   34.164502] init: Command 'mkdir /config/usb_gadget/g1/functions/gser.gs3 0770 shell shell' action=init (/init.recovery.common.rc:154) took 0ms and succeeded
[   34.165246] init: Command 'mkdir /config/usb_gadget/g1/functions/gser.gs4 0770 shell shell' action=init (/init.recovery.common.rc:155) took 0ms and succeeded
[   34.165645] init: Command 'mkdir /config/usb_gadget/g1/functions/gser.gs5 0770 shell shell' action=init (/init.recovery.common.rc:156) took 0ms and succeeded
[   34.165974] init: Command 'mkdir /config/usb_gadget/g1/functions/gser.gs6 0770 shell shell' action=init (/init.recovery.common.rc:157) took 0ms and succeeded
[   34.166302] init: Command 'mkdir /config/usb_gadget/g1/functions/gser.gs7 0770 shell shell' action=init (/init.recovery.common.rc:158) took 0ms and succeeded
[   34.166328] init: processing action (init) from (/system/etc/init/hwservicemanager.rc:1)
[   34.166363] init: starting service 'hwservicemanager'...
[   34.170035] init: Command 'start hwservicemanager' action=init (/system/etc/init/hwservicemanager.rc:2) took 3ms and succeeded
[   34.170095] init: processing action (init) from (/system/etc/init/servicemanager.rc:1)
[   34.170149] init: starting service 'servicemanager'...
[   34.174244] init: Command 'start servicemanager' action=init (/system/etc/init/servicemanager.rc:2) took 4ms and succeeded
[   34.174293] init: processing action (init) from (/system/etc/init/vndservicemanager.rc:1)
[   34.174339] init: starting service 'vndservicemanager'...
[   34.176464] init: failed to write pid to files: couldn't write 301 to /dev/cpuset/system-background/tasks: No such file or directory
[   34.178247] init: Command 'start vndservicemanager' action=init (/system/etc/init/vndservicemanager.rc:2) took 3ms and succeeded
[   34.178347] init: processing action (late-init) from (/system/etc/init/hw/init.rc:82)
[   34.178377] init: Command 'trigger early-fs' action=late-init (/system/etc/init/hw/init.rc:83) took 0ms and succeeded
[   34.178405] init: Command 'trigger fs' action=late-init (/system/etc/init/hw/init.rc:84) took 0ms and succeeded
[   34.178427] init: Command 'trigger post-fs' action=late-init (/system/etc/init/hw/init.rc:85) took 0ms and succeeded
[   34.178448] init: Command 'trigger post-fs-data' action=late-init (/system/etc/init/hw/init.rc:86) took 0ms and succeeded
[   34.178476] init: Command 'trigger firmware_mounts_complete' action=late-init (/system/etc/init/hw/init.rc:89) took 0ms and succeeded
[   34.178498] init: Command 'trigger early-boot' action=late-init (/system/etc/init/hw/init.rc:91) took 0ms and succeeded
[   34.178519] init: Command 'trigger boot' action=late-init (/system/etc/init/hw/init.rc:92) took 0ms and succeeded
[   34.178535] init: processing action (late-init) from (/system/etc/init/keystore2.rc:9)
[   34.178578] init: starting service 'keystore2'...
[   34.180439] init: failed to write pid to files: couldn't write 302 to /dev/cpuset/foreground/tasks: No such file or directory
[   34.182071] init: Command 'start keystore2' action=late-init (/system/etc/init/keystore2.rc:10) took 3ms and succeeded
[   34.182146] init: processing action (queue_property_triggers) from (<Builtin Action>:0)
[   34.182204] init: Command 'queue_property_triggers' action=queue_property_triggers (<Builtin Action>:0) took 0ms and succeeded
[   34.182272] init: processing action (ro.debuggable=1 && fs) from (/system/etc/init/hw/init.rc:115)
[   34.182525] init: Command 'setprop sys.usb.config adb' action=ro.debuggable=1 && fs (/system/etc/init/hw/init.rc:116) took 0ms and succeeded
[   34.182550] init: processing action (sys.usb.configfs=1 && fs) from (/system/etc/init/hw/init.rc:127)
[   34.182697] init: Command 'mount configfs none /config' action=sys.usb.configfs=1 && fs (/system/etc/init/hw/init.rc:128) took 0ms and failed: mount() failed: Device or resource busy
[   34.182785] init: Command 'mkdir /config/usb_gadget/g1 0770 shell shell' action=sys.usb.configfs=1 && fs (/system/etc/init/hw/init.rc:129) took 0ms and succeeded
[   34.183415] init: Command 'write /config/usb_gadget/g1/idVendor 0x18D1' action=sys.usb.configfs=1 && fs (/system/etc/init/hw/init.rc:130) took 0ms and succeeded
[   34.183489] init: Command 'mkdir /config/usb_gadget/g1/strings/0x409 0770' action=sys.usb.configfs=1 && fs (/system/etc/init/hw/init.rc:131) took 0ms and succeeded
[   34.183996] init: Command 'write /config/usb_gadget/g1/strings/0x409/serialnumber ${ro.serialno}' action=sys.usb.configfs=1 && fs (/system/etc/init/hw/init.rc:132) took 0ms and succeeded
[   34.184534] init: Command 'write /config/usb_gadget/g1/strings/0x409/manufacturer ${ro.product.manufacturer}' action=sys.usb.configfs=1 && fs (/system/etc/init/hw/init.rc:133) took 0ms and succeeded
[   34.184962] init: Command 'write /config/usb_gadget/g1/strings/0x409/product ${ro.product.model}' action=sys.usb.configfs=1 && fs (/system/etc/init/hw/init.rc:134) took 0ms and succeeded
[   34.185087] init: Command 'mkdir /config/usb_gadget/g1/functions/ffs.adb' action=sys.usb.configfs=1 && fs (/system/etc/init/hw/init.rc:135) took 0ms and succeeded
[   34.185166] init: Command 'mkdir /config/usb_gadget/g1/functions/ffs.fastboot' action=sys.usb.configfs=1 && fs (/system/etc/init/hw/init.rc:136) took 0ms and succeeded
[   34.185249] init: Command 'mkdir /config/usb_gadget/g1/configs/b.1 0777 shell shell' action=sys.usb.configfs=1 && fs (/system/etc/init/hw/init.rc:137) took 0ms and succeeded
[   34.185300] init: Command 'mkdir /config/usb_gadget/g1/configs/b.1/strings/0x409 0770 shell shell' action=sys.usb.configfs=1 && fs (/system/etc/init/hw/init.rc:138) took 0ms and succeeded
[   34.185319] init: processing action (fs) from (/system/etc/init/hw/init.rc:147)
[   34.185582] init: Command 'mount pstore pstore /sys/fs/pstore' action=fs (/system/etc/init/hw/init.rc:148) took 0ms and succeeded
[   34.185925] init: Command 'mkdir /dev/usb-ffs 0770 shell shell' action=fs (/system/etc/init/hw/init.rc:149) took 0ms and succeeded
[   34.186055] init: Command 'mkdir /dev/usb-ffs/adb 0770 shell shell' action=fs (/system/etc/init/hw/init.rc:150) took 0ms and succeeded
[   34.186323] ffs_data_put(): freeing
[   34.186399] init: Command 'mount functionfs adb /dev/usb-ffs/adb uid=2000,gid=2000' action=fs (/system/etc/init/hw/init.rc:151) took 0ms and failed: mount() failed: Device or resource busy
[   34.186482] init: Command 'mkdir /dev/usb-ffs/fastboot 0770 system system' action=fs (/system/etc/init/hw/init.rc:152) took 0ms and succeeded
[   34.186588] ffs_data_put(): freeing
[   34.186674] init: Command 'mount functionfs fastboot /dev/usb-ffs/fastboot rmode=0770,fmode=0660,uid=1000,gid=1000' action=fs (/system/etc/init/hw/init.rc:153) took 0ms and failed: mount() failed: Device or resource busy
[   34.186699] init: processing action (fs) from (/init.recovery.ldconfig.rc:1)
[   34.186733] init: Command 'export LD_CONFIG_FILE /system/etc/ld.config.txt' action=fs (/init.recovery.ldconfig.rc:2) took 0ms and succeeded
[   34.186752] init: processing action (fs) from (/init.recovery.common.rc:170)
[   34.187978] init: Command 'mkdir /data/misc/bluetooth 0770 system system' action=fs (/init.recovery.common.rc:172) took 1ms and failed: mkdir() failed on /data/misc/bluetooth: No such file or directory
[   34.188066] init: processing action (fs) from (/system/etc/init/nano.rc:1)
[   34.188102] init: Command 'export TERMINFO /system/etc/terminfo' action=fs (/system/etc/init/nano.rc:2) took 0ms and succeeded
[   34.188127] init: Command 'export TERM bg1.25' action=fs (/system/etc/init/nano.rc:3) took 0ms and succeeded
[   34.188165] init: processing action (post-fs-data) from (/system/etc/init/hw/init.rc:94)
[   34.188221] init: Command 'chown root system /dev/fscklogs/log' action=post-fs-data (/system/etc/init/hw/init.rc:96) took 0ms and failed: lchown() failed: No such file or directory
[   34.188266] init: Command 'chmod 0770 /dev/fscklogs/log' action=post-fs-data (/system/etc/init/hw/init.rc:97) took 0ms and failed: fchmodat() failed: No such file or directory
[   34.188284] init: processing action (post-fs-data) from (/init.recovery.ums9230_1h10.rc:12)
[   34.189895] init: Command 'mkdir /data/vendor/sprd_ss 0770 system system' action=post-fs-data (/init.recovery.ums9230_1h10.rc:13) took 1ms and failed: mkdir() failed on /data/vendor/sprd_ss: No such file or directory
[   34.189933] init: processing action (post-fs-data) from (/init.recovery.common.rc:174)
[   34.189983] init: Command 'chown system system /data' action=post-fs-data (/init.recovery.common.rc:176) took 0ms and succeeded
[   34.190056] init: Command 'chmod 0771 /data' action=post-fs-data (/init.recovery.common.rc:177) took 0ms and succeeded
[   34.190346] init: Command 'restorecon /data' action=post-fs-data (/init.recovery.common.rc:179) took 0ms and succeeded
[   34.190390] init: Top-level directory needs encryption action, eg mkdir /data/misc <mode> <uid> <gid> encryption=Require
[   34.191336] init: Command 'mkdir /data/misc 01771 system misc' action=post-fs-data (/init.recovery.common.rc:181) took 0ms and succeeded
[   34.191906] init: Command 'mkdir /data/misc/bluetooth 0770 system system' action=post-fs-data (/init.recovery.common.rc:183) took 0ms and succeeded
[   34.192200] init: Command 'copy /system/etc/bluetooth/bt_stack.conf /data/misc/bluedroid/bt_stack.conf' action=post-fs-data (/init.recovery.common.rc:184) took 0ms and failed: Could not read input file '/system/etc/bluetooth/bt_stack.conf': open() failed: Too many symbolic links encountered
[   34.192260] init: Command 'chown bluetooth system /data/misc/bluedroid/bt_stack.conf' action=post-fs-data (/init.recovery.common.rc:185) took 0ms and failed: lchown() failed: No such file or directory
[   34.192303] init: Command 'chmod 0640 /data/misc/bluedroid/bt_stack.conf' action=post-fs-data (/init.recovery.common.rc:186) took 0ms and failed: fchmodat() failed: No such file or directory
[   34.192930] init: Command 'mkdir /data/vendor/wifi 0770 wifi wifi' action=post-fs-data (/init.recovery.common.rc:189) took 0ms and failed: mkdir() failed on /data/vendor/wifi: No such file or directory
[   34.193169] init: Command 'mkdir /data/vendor/wifi/wpa 0770 wifi wifi' action=post-fs-data (/init.recovery.common.rc:190) took 0ms and failed: mkdir() failed on /data/vendor/wifi/wpa: No such file or directory
[   34.193344] init: Command 'mkdir /data/vendor/wifi/wpa/sockets 0770 wifi wifi' action=post-fs-data (/init.recovery.common.rc:191) took 0ms and failed: mkdir() failed on /data/vendor/wifi/wpa/sockets: No such file or directory
[   34.193379] init: Top-level directory needs encryption action, eg mkdir /data/system <mode> <uid> <gid> encryption=Require
[   34.193887] init: Command 'mkdir /data/system 0770 system system' action=post-fs-data (/init.recovery.common.rc:192) took 0ms and succeeded
[   34.194218] init: Command 'mkdir /etc/wifi 0770 wifi wifi' action=post-fs-data (/init.recovery.common.rc:193) took 0ms and succeeded
[   34.194567] init: Command 'write /data/vendor/wifi/fwpath sta_mode' action=post-fs-data (/init.recovery.common.rc:194) took 0ms and failed: Unable to write to file '/data/vendor/wifi/fwpath': open() failed: No such file or directory
[   34.194612] init: Command 'chmod 660 /data/vendor/wifi/fwpath' action=post-fs-data (/init.recovery.common.rc:195) took 0ms and failed: fchmodat() failed: No such file or directory
[   34.194657] init: Command 'chown wifi wifi /data/vendor/wifi/fwpath' action=post-fs-data (/init.recovery.common.rc:196) took 0ms and failed: lchown() failed: No such file or directory
[   34.194712] init: Command 'rmdir /data/system/wpa_supplicant' action=post-fs-data (/init.recovery.common.rc:197) took 0ms and failed: rmdir() failed: No such file or directory
[   34.195077] init: Command 'mkdir /data/misc/dhcp 0770 dhcp dhcp' action=post-fs-data (/init.recovery.common.rc:198) took 0ms and succeeded
[   34.195118] init: Command 'chown dhcp system /data/misc/dhcp' action=post-fs-data (/init.recovery.common.rc:201) took 0ms and succeeded
[   34.195897] init: Command 'setprop wifi.interface wlan0' action=post-fs-data (/init.recovery.common.rc:202) took 0ms and succeeded
[   34.196418] init: Command 'mkdir /data/misc/dhcp6c 0770 dhcp dhcp' action=post-fs-data (/init.recovery.common.rc:203) took 0ms and succeeded
[   34.196461] init: Command 'chown dhcp system /data/misc/dhcp6c' action=post-fs-data (/init.recovery.common.rc:204) took 0ms and succeeded
[   34.196492] init: Top-level directory needs encryption action, eg mkdir /data/vendor <mode> <uid> <gid> encryption=Require
[   34.196819] init: Command 'mkdir /data/vendor 0751 root root' action=post-fs-data (/init.recovery.common.rc:207) took 0ms and succeeded
[   34.197115] init: Command 'mkdir /data/vendor/local 0751 root root' action=post-fs-data (/init.recovery.common.rc:208) took 0ms and succeeded
[   34.197426] init: Command 'mkdir /data/vendor/ylog 0770 shell system' action=post-fs-data (/init.recovery.common.rc:211) took 0ms and succeeded
[   34.197780] init: Command 'mkdir /data/vendor/local/slogmodem 0770 shell system' action=post-fs-data (/init.recovery.common.rc:212) took 0ms and succeeded
[   34.198130] init: Command 'mkdir /data/vendor/local/mlogservice 0770 shell system' action=post-fs-data (/init.recovery.common.rc:213) took 0ms and succeeded
[   34.198462] init: Command 'mkdir /mnt/vendor/productinfo 0771 system root' action=post-fs-data (/init.recovery.common.rc:214) took 0ms and succeeded
[   34.198811] init: Command 'mkdir /data/vendor/local/otpdata 0777 system root' action=post-fs-data (/init.recovery.common.rc:215) took 0ms and succeeded
[   34.198832] init: processing action (post-fs-data) from (/vendor/etc/init/storageproxyd_androidr_gp.rc:3)
[   34.203849] init: Command 'mkdir /data/vendor/sprd_ss 0770 system system' action=post-fs-data (/vendor/etc/init/storageproxyd_androidr_gp.rc:4) took 4ms and succeeded
[   34.204574] init: Command 'mkdir /data/vendor/sprd_tee_ss 0770 system system' action=post-fs-data (/vendor/etc/init/storageproxyd_androidr_gp.rc:5) took 0ms and succeeded
[   34.204621] init: processing action (firmware_mounts_complete) from (/system/etc/init/hw/init.rc:78)
[   34.204713] init: Command 'rm /dev/.booting' action=firmware_mounts_complete (/system/etc/init/hw/init.rc:79) took 0ms and succeeded
[   34.204747] init: processing action (boot) from (/system/etc/init/hw/init.rc:71)
[   34.205152] init: Command 'ifup lo' action=boot (/system/etc/init/hw/init.rc:72) took 0ms and succeeded
[   34.205688] init: Command 'hostname localhost' action=boot (/system/etc/init/hw/init.rc:73) took 0ms and succeeded
[   34.205941] init: Command 'domainname localdomain' action=boot (/system/etc/init/hw/init.rc:74) took 0ms and succeeded
[   34.205998] init: starting service 'recovery'...
[   34.206416] init: Created socket '/dev/socket/recovery', mode 422, user 1000, group 1000
[   34.210492] init: Command 'class_start default' action=boot (/system/etc/init/hw/init.rc:76) took 4ms and succeeded
[   34.210533] init: processing action (boot) from (/init.recovery.usb.rc:48)
[   34.211125] init: Command 'setprop sys.usb.mtp.device_type 3' action=boot (/init.recovery.usb.rc:49) took 0ms and succeeded
[   34.211157] init: processing action (boot) from (/init.recovery.ums9230_1h10.rc:8)
[   34.211190] init: starting service 'boot-hal-1-2'...
[   34.217204] init: Command 'start boot-hal-1-2' action=boot (/init.recovery.ums9230_1h10.rc:9) took 5ms and succeeded
[   34.217273] init: starting service 'health-hal-2-1'...
[   34.217314] init: Opened file '/dev/kmsg', flags 1
[   34.221024] init: Command 'start health-hal-2-1' action=boot (/init.recovery.ums9230_1h10.rc:10) took 3ms and succeeded
[   34.221075] init: processing action (boot) from (/init.recovery.common.rc:160)
[   34.221322] init: Command 'setprop sys.usb.configfs 1' action=boot (/init.recovery.common.rc:161) took 0ms and succeeded
[   34.221904] init: Command 'write /sys/block/mmcblk0boot0/force_ro 0' action=boot (/init.recovery.common.rc:162) took 0ms and failed: Unable to write to file '/sys/block/mmcblk0boot0/force_ro': open() failed: No such file or directory
[   34.222190] init: Command 'write /sys/block/mmcblk0boot1/force_ro 0' action=boot (/init.recovery.common.rc:163) took 0ms and failed: Unable to write to file '/sys/block/mmcblk0boot1/force_ro': open() failed: No such file or directory
[   34.222521] init: Command 'chmod 660 /sys/class/power_supply/battery/charger.0/stop_charge' action=boot (/init.recovery.common.rc:165) took 0ms and succeeded
[   34.222628] init: Command 'chmod 660 /sys/class/power_supply/battery/charger.0/jeita_control' action=boot (/init.recovery.common.rc:166) took 0ms and succeeded
[   34.222720] init: Command 'chmod 660 /sys/class/power_supply/battery/input_current_limit' action=boot (/init.recovery.common.rc:167) took 0ms and succeeded
[   34.222807] init: Command 'chmod 660 /sys/class/power_supply/battery/constant_charge_current' action=boot (/init.recovery.common.rc:168) took 0ms and succeeded
[   34.222850] init: processing action (enable_property_trigger) from (<Builtin Action>:0)
[   34.222873] init: Command 'enable_property_trigger' action=enable_property_trigger (<Builtin Action>:0) took 0ms and succeeded
[   34.223012] init: processing action (ro.debuggable=1) from (/system/etc/init/hw/init.rc:109)
[   34.223566] init: Command 'setprop service.adb.root 1' action=ro.debuggable=1 (/system/etc/init/hw/init.rc:112) took 0ms and succeeded
[   34.223615] init: processing action (sys.usb.config=adb) from (/system/etc/init/hw/init.rc:155)
[   34.223644] init: starting service 'adbd'...
[   34.224196] init: Created socket '/dev/socket/adbd', mode 660, user 1000, group 1000
[   34.228191] init: Command 'start adbd' action=sys.usb.config=adb (/system/etc/init/hw/init.rc:156) took 4ms and succeeded
[   34.228288] init: processing action (ro.debuggable=1) from (/init.recovery.common.rc:217)
[   34.228866] init: Command 'write /sys/module/smsg/parameters/debug_enable 1' action=ro.debuggable=1 (/init.recovery.common.rc:218) took 0ms and failed: Unable to write to file '/sys/module/smsg/parameters/debug_enable': open() failed: No such file or directory
[   34.228908] init: processing action (ro.bootmode=recovery) from (/init.recovery.common.rc:220)
[   34.228951] init: Command 'class_start recovery' action=ro.bootmode=recovery (/init.recovery.common.rc:221) took 0ms and succeeded
[   34.228993] init: processing action (service.adb.root=1) from (/system/etc/init/hw/init.rc:124)
[   34.229012] init: Sending signal 9 to service 'adbd' (pid 306) process group...
[   34.233108] android.hardwar (304) used greatest stack depth: 12744 bytes left
[   34.236078] <I>CTS-Core ESD protection work
[   34.236292] libprocessgroup: Successfully killed process cgroup uid 0 pid 306 in 7ms
[   34.237141] init: Command 'restart adbd' action=service.adb.root=1 (/system/etc/init/hw/init.rc:125) took 8ms and succeeded
[   34.237199] init: Service 'boot-hal-1-2' (pid 304) exited with status 1
[   34.237215] init: Sending signal 9 to service 'boot-hal-1-2' (pid 304) process group...
[   34.237337] libprocessgroup: Successfully killed process cgroup uid 0 pid 304 in 0ms
[   34.238331] init: Service 'adbd' (pid 306) received signal 9
[   34.238740] init: processing action (hwservicemanager.ready=true) from (/init.recovery.unisoc_decrypt.rc:43)
[   34.238792] init: starting service 'vendor.gatekeeper-1-0'...
[   34.243235] init: Command 'start vendor.gatekeeper-1-0' action=hwservicemanager.ready=true (/init.recovery.unisoc_decrypt.rc:46) took 4ms and succeeded
[   34.243336] init: starting service 'vendor.unisoc.keymint-1-0'...
[   34.247016] init: Command 'start vendor.unisoc.keymint-1-0' action=hwservicemanager.ready=true (/init.recovery.unisoc_decrypt.rc:50) took 3ms and succeeded
[   34.247315] init: Command 'setprop vendor.sprd.storageproxyd.enabled 1' action=hwservicemanager.ready=true (/init.recovery.unisoc_decrypt.rc:51) took 0ms and succeeded
[   34.247458] init: processing action (vendor.sprd.storageproxyd.enabled=1) from (/init.recovery.unisoc_decrypt.rc:38)
[   34.247535] init: Command 'mkdir /data/vendor/sprd_ss 0770 system system' action=vendor.sprd.storageproxyd.enabled=1 (/init.recovery.unisoc_decrypt.rc:39) took 0ms and succeeded
[   34.247577] init: starting service 'vendor.rpmbproxy'...
[   34.251309] init: Command 'start vendor.rpmbproxy' action=vendor.sprd.storageproxyd.enabled=1 (/init.recovery.unisoc_decrypt.rc:40) took 3ms and succeeded
[   34.251415] init: starting service 'vendor.nsproxy'...
[   34.255889] init: Command 'start vendor.nsproxy' action=vendor.sprd.storageproxyd.enabled=1 (/init.recovery.unisoc_decrypt.rc:41) took 4ms and succeeded
[   34.255983] init: processing action (vendor.sprd.storageproxyd.enabled=1) from (/vendor/etc/init/storageproxyd_androidr_gp.rc:12)
[   34.256296] init: Command 'mkdir /data/vendor/sprd_ss 0770 system system' action=vendor.sprd.storageproxyd.enabled=1 (/vendor/etc/init/storageproxyd_androidr_gp.rc:13) took 0ms and succeeded
[   34.256576] init: Command 'mkdir /data/vendor/sprd_tee_ss 0770 system system' action=vendor.sprd.storageproxyd.enabled=1 (/vendor/etc/init/storageproxyd_androidr_gp.rc:14) took 0ms and succeeded
[   34.256699] init: Command 'start vendor.rpmbproxy' action=vendor.sprd.storageproxyd.enabled=1 (/vendor/etc/init/storageproxyd_androidr_gp.rc:16) took 0ms and succeeded
[   34.256795] init: Command 'start vendor.nsproxy' action=vendor.sprd.storageproxyd.enabled=1 (/vendor/etc/init/storageproxyd_androidr_gp.rc:17) took 0ms and succeeded
[   34.256916] init: starting service 'vendor.teensproxy'...
[   34.260350] android.hardwar (304): highest shadow stack usage: 208 bytes
[   34.260695] init: Command 'start vendor.teensproxy' action=vendor.sprd.storageproxyd.enabled=1 (/vendor/etc/init/storageproxyd_androidr_gp.rc:18) took 3ms and succeeded
[   34.261752] healthd: battery l=94 v=4267 t=35.5 h=2 st=2 c=237000 fc=4950000 cc=2070 chg=u
[   34.270239] sprd-trusty-log: trusty: <   34.270017> crypto-ipc : handle_request : hwkey : RPMB_STORAGE_AUTH_KEY_ID_FK 
[   34.286341] scsi 0:0:0:49476: Power-on or device reset occurred
[   34.287878] sprd-trusty-log: trusty: <   34.287769> ss: cal_rpmb_block_size: rpmb write data-size 512 to addr (65530) sucessfull
[   34.287883] sprd-trusty-log: trusty: <   34.287787> ss: cal_rpmb_block_size: set rpmb block size 512
[   34.288520] sprd-trusty-log: trusty: <   34.288397> ss: block_device_tipc_rpmb_init: rpmb device's block size 512 block count 32754
[   34.289860] sprd-trusty-log: trusty: <   34.289762> fs_init_from_super:358: loaded super block: files at 60 free at 61
[   34.290525] sprd-trusty-log: trusty: <   34.290398> fs_init_from_super:392: loaded super block version 3
[   34.290528] sprd-trusty-log: trusty: <   34.290421> ss: block_device_tipc_rpmb_init: create port com.android.trusty.storage.client.tp success
[   34.290530] sprd-trusty-log: trusty: <   34.290432> ss: block_device_tipc_rpmb_init: create port com.android.trusty.storage.client.tdea success
[   34.290531] sprd-trusty-log: trusty: <   34.290439> ss: block_device_tipc_rpmb_init: rb device's block size 4040 block count 1048576
[   34.291175] sprd-trusty-log: trusty: <   34.291073> fs_init_from_super:395: clear requested, create empty
[   34.291178] sprd-trusty-log: trusty: <   34.291089> ss: block_device_tipc_rpmb_init: create port com.android.trusty.storage.client.tr success
[   34.291528] sprd-trusty-log: trusty: <   34.291401> sprdimgversion: sprdimgverion_create_port: rpmb read image/mode image version blk (65534,65532) successful.
[   34.291531] sprd-trusty-log: trusty: <   34.291417> ss: rpmb_proxy_connect: create port com.spreadtrum.sprdimgversion success
[   34.291730] sprd-trusty-log: trusty: <   34.291647> ss: block_device_tipc_ns_init: ns device's block size 4040 block count 1048576
[   34.292140] sprd-trusty-log: trusty: <   34.292099> fs_init_from_super:395: clear requested, create empty
[   34.292143] sprd-trusty-log: trusty: <   34.292115> ss: block_device_tipc_ns_init: create port com.android.trusty.storage.client.td success
[   34.373843] type=1400 audit(1772807795.011:19): avc: denied { mounton } for comm="init" path="/dev/usb-ffs/adb" dev="functionfs" ino=19839 scontext=u:r:init:s0 tcontext=u:object_r:functionfs:s0 tclass=dir permissive=1
[   34.373994] type=1400 audit(1772807795.015:20): avc: denied { read } for comm="vndservicemanag" name="vndbinder" dev="binder" ino=6 scontext=u:r:recovery:s0 tcontext=u:object_r:vndbinder_device:s0 tclass=chr_file permissive=1
[   34.374132] type=1400 audit(1772807795.015:21): avc: denied { write } for comm="vndservicemanag" name="vndbinder" dev="binder" ino=6 scontext=u:r:recovery:s0 tcontext=u:object_r:vndbinder_device:s0 tclass=chr_file permissive=1
[   34.374259] type=1400 audit(1772807795.015:22): avc: denied { open } for comm="vndservicemanag" path="/dev/binderfs/vndbinder" dev="binder" ino=6 scontext=u:r:recovery:s0 tcontext=u:object_r:vndbinder_device:s0 tclass=chr_file permissive=1
[   34.374553] type=1400 audit(1772807795.015:23): avc: denied { ioctl } for comm="vndservicemanag" path="/dev/binderfs/vndbinder" dev="binder" ino=6 ioctlcmd=0x6209 scontext=u:r:recovery:s0 tcontext=u:object_r:vndbinder_device:s0 tclass=chr_file permissive=1
[   34.374690] type=1400 audit(1772807795.015:24): avc: denied { map } for comm="vndservicemanag" path="/dev/binderfs/vndbinder" dev="binder" ino=6 scontext=u:r:recovery:s0 tcontext=u:object_r:vndbinder_device:s0 tclass=chr_file permissive=1
[   34.374823] type=1400 audit(1772807795.015:25): avc: denied { create } for comm="servicemanager" scontext=u:r:recovery:s0 tcontext=u:r:recovery:s0 tclass=netlink_selinux_socket permissive=1
[   34.375100] type=1400 audit(1772807795.015:26): avc: denied { bind } for comm="servicemanager" scontext=u:r:recovery:s0 tcontext=u:r:recovery:s0 tclass=netlink_selinux_socket permissive=1
[   34.375338] type=1400 audit(1772807795.015:27): avc: denied { read } for comm="servicemanager" name="perms" dev="selinuxfs" ino=67112490 scontext=u:r:recovery:s0 tcontext=u:object_r:selinuxfs:s0 tclass=dir permissive=1
[   34.375587] type=1400 audit(1772807795.015:28): avc: denied { open } for comm="servicemanager" path="/sys/fs/selinux/class/service_manager/perms" dev="selinuxfs" ino=67112490 scontext=u:r:recovery:s0 tcontext=u:object_r:selinuxfs:s0 tclass=dir permissive=1
[   34.375716] type=1400 audit(1772807795.019:29): avc: denied { write } for comm="servicemanager" name="access" dev="selinuxfs" ino=6 scontext=u:r:recovery:s0 tcontext=u:object_r:selinuxfs:s0 tclass=file permissive=1
[   34.375830] type=1400 audit(1772807795.019:30): avc: denied { compute_av } for comm="servicemanager" scontext=u:r:recovery:s0 tcontext=u:object_r:kernel:s0 tclass=security permissive=1
[   34.375935] type=1400 audit(1772807795.019:31): avc: denied { set_context_mgr } for comm="servicemanager" scontext=u:r:recovery:s0 tcontext=u:r:recovery:s0 tclass=binder permissive=1
[   34.376648] type=1400 audit(1772807795.027:32): avc: denied { write } for comm="init" name="vendor" dev="rootfs" ino=19883 scontext=u:r:vendor_init:s0 tcontext=u:object_r:rootfs:s0 tclass=dir permissive=1
[   34.377850] type=1400 audit(1772807795.027:33): avc: denied { add_name } for comm="init" name="sprd_ss" scontext=u:r:vendor_init:s0 tcontext=u:object_r:rootfs:s0 tclass=dir permissive=1
[   34.377983] type=1400 audit(1772807795.027:34): avc: denied { setattr } for comm="init" name="sprd_ss" dev="rootfs" ino=20811 scontext=u:r:vendor_init:s0 tcontext=u:object_r:rootfs:s0 tclass=dir permissive=1
[   34.378202] type=1400 audit(1772807795.047:35): avc: denied { setattr } for comm="init" name="stop_charge" dev="sysfs" ino=42056 scontext=u:r:init:s0 tcontext=u:object_r:sysfs:s0 tclass=file permissive=1
[   34.378457] type=1400 audit(1772807795.051:36): avc: denied { set_context_mgr } for comm="hwservicemanage" scontext=u:r:recovery:s0 tcontext=u:r:recovery:s0 tclass=binder permissive=1
[   34.378685] type=1107 audit(1772807795.051:37): uid=0 auid=4294967295 ses=4294967295 subj=u:r:init:s0 msg='avc: denied { set } for property=hwservicemanager.ready pid=299 uid=0 gid=0 scontext=u:r:recovery:s0 tcontext=u:object_r:hwservicemanager_prop:s0 tclass=property_service permissive=1'
[   34.378809] type=1400 audit(1772807795.051:38): avc: denied { write } for comm="android.hardwar" path="/dev/kmsg" dev="tmpfs" ino=15147 scontext=u:r:recovery:s0 tcontext=u:object_r:kmsg_device:s0 tclass=chr_file permissive=1
[   34.379051] type=1400 audit(1772807795.055:39): avc: denied { call } for comm="android.hardwar" scontext=u:r:recovery:s0 tcontext=u:r:recovery:s0 tclass=binder permissive=1
[   34.379180] type=1400 audit(1772807795.067:40): avc: denied { read } for comm="android.hardwar" name="type" dev="sysfs" ino=42050 scontext=u:r:recovery:s0 tcontext=u:object_r:sysfs:s0 tclass=file permissive=1
[   34.379411] type=1400 audit(1772807795.067:41): avc: denied { open } for comm="android.hardwar" path="/sys/devices/platform/charger-manager/power_supply/battery/type" dev="sysfs" ino=42050 scontext=u:r:recovery:s0 tcontext=u:object_r:sysfs:s0 tclass=file permissive=1
[   34.379597] type=1400 audit(1772807795.067:42): avc: denied { getattr } for comm="android.hardwar" path="/sys/devices/platform/charger-manager/power_supply/battery/type" dev="sysfs" ino=42050 scontext=u:r:recovery:s0 tcontext=u:object_r:sysfs:s0 tclass=file permissive=1
[   34.379751] type=1400 audit(1772807795.067:43): avc: denied { transfer } for comm="android.hardwar" scontext=u:r:recovery:s0 tcontext=u:r:recovery:s0 tclass=binder permissive=1
[   34.379987] type=1400 audit(1772807795.079:44): avc: denied { read } for comm="keystore2" name="u:object_r:keystore_crash_prop:s0" dev="tmpfs" ino=266 scontext=u:r:recovery:s0 tcontext=u:object_r:keystore_crash_prop:s0 tclass=file permissive=1
[   34.380249] type=1400 audit(1772807795.079:45): avc: denied { open } for comm="keystore2" path="/dev/__properties__/u:object_r:keystore_crash_prop:s0" dev="tmpfs" ino=266 scontext=u:r:recovery:s0 tcontext=u:object_r:keystore_crash_prop:s0 tclass=file permissive=1
[   34.380481] type=1400 audit(1772807795.079:46): avc: denied { getattr } for comm="keystore2" path="/dev/__properties__/u:object_r:keystore_crash_prop:s0" dev="tmpfs" ino=266 scontext=u:r:recovery:s0 tcontext=u:object_r:keystore_crash_prop:s0 tclass=file permissive=1
[   34.380650] type=1400 audit(1772807795.079:47): avc: denied { map } for comm="keystore2" path="/dev/__properties__/u:object_r:keystore_crash_prop:s0" dev="tmpfs" ino=266 scontext=u:r:recovery:s0 tcontext=u:object_r:keystore_crash_prop:s0 tclass=file permissive=1
[   34.380772] type=1400 audit(1772807795.079:48): avc: denied { read write } for comm="android.hardwar" name="trusty-ipc-dev0" dev="tmpfs" ino=21910 scontext=u:r:recovery:s0 tcontext=u:object_r:device:s0 tclass=chr_file permissive=1
[   34.380895] type=1400 audit(1772807795.079:49): avc: denied { open } for comm="android.hardwar" path="/dev/trusty-ipc-dev0" dev="tmpfs" ino=21910 scontext=u:r:recovery:s0 tcontext=u:object_r:device:s0 tclass=chr_file permissive=1
[   34.381028] type=1400 audit(1772807795.079:50): avc: denied { ioctl } for comm="android.hardwar" path="/dev/trusty-ipc-dev0" dev="tmpfs" ino=21910 ioctlcmd=0x7280 scontext=u:r:recovery:s0 tcontext=u:object_r:device:s0 tclass=chr_file permissive=1
[   34.381297] type=1107 audit(1772807795.079:51): uid=0 auid=4294967295 ses=4294967295 subj=u:r:init:s0 msg='avc: denied { set } for property=keystore.crash_count pid=302 uid=0 gid=1017 scontext=u:r:recovery:s0 tcontext=u:object_r:keystore_crash_prop:s0 tclass=property_service permissive=1'
[   34.381517] type=1400 audit(1772807795.079:52): avc: denied { wake_alarm } for comm="health@2.1-serv" capability=35 scontext=u:r:recovery:s0 tcontext=u:r:recovery:s0 tclass=capability2 permissive=1
[   34.381778] type=1400 audit(1772807795.079:53): avc: denied { create } for comm="health@2.1-serv" scontext=u:r:recovery:s0 tcontext=u:r:recovery:s0 tclass=netlink_kobject_uevent_socket permissive=1
[   34.381901] type=1400 audit(1772807795.083:54): avc: denied { entrypoint } for comm="init" path="/vendor/bin/sprdstorageproxyd" dev="rootfs" ino=13541 scontext=u:r:tee:s0 tcontext=u:object_r:rootfs:s0 tclass=file permissive=1
[   34.382030] type=1400 audit(1772807795.083:55): avc: denied { setopt } for comm="health@2.1-serv" scontext=u:r:recovery:s0 tcontext=u:r:recovery:s0 tclass=netlink_kobject_uevent_socket permissive=1
[   34.382242] type=1400 audit(1772807795.083:56): avc: denied { getopt } for comm="health@2.1-serv" scontext=u:r:recovery:s0 tcontext=u:r:recovery:s0 tclass=netlink_kobject_uevent_socket permissive=1
[   34.382407] type=1400 audit(1772807795.083:57): avc: denied { bind } for comm="health@2.1-serv" scontext=u:r:recovery:s0 tcontext=u:r:recovery:s0 tclass=netlink_kobject_uevent_socket permissive=1
[   34.382662] type=1400 audit(1772807795.083:58): avc: denied { map } for comm="sprdstorageprox" path="/vendor/bin/sprdstorageproxyd" dev="rootfs" ino=13541 scontext=u:r:tee:s0 tcontext=u:object_r:rootfs:s0 tclass=file permissive=1
[   34.382862] type=1400 audit(1772807795.083:59): avc: denied { read } for comm="sprdstorageprox" path="/vendor/bin/sprdstorageproxyd" dev="rootfs" ino=13541 scontext=u:r:tee:s0 tcontext=u:object_r:rootfs:s0 tclass=file permissive=1
[   34.383101] type=1400 audit(1772807795.083:60): avc: denied { execute } for comm="sprdstorageprox" path="/vendor/bin/sprdstorageproxyd" dev="rootfs" ino=13541 scontext=u:r:tee:s0 tcontext=u:object_r:rootfs:s0 tclass=file permissive=1
[   34.383363] type=1400 audit(1772807795.083:61): avc: denied { getattr } for comm="sprdstorageprox" path="/vendor/bin/sprdstorageproxyd" dev="rootfs" ino=13541 scontext=u:r:tee:s0 tcontext=u:object_r:rootfs:s0 tclass=file permissive=1
[   34.383487] type=1400 audit(1772807795.083:62): avc: denied { open } for comm="sprdstorageprox" path="/system/etc/ld.config.txt" dev="rootfs" ino=10340 scontext=u:r:tee:s0 tcontext=u:object_r:rootfs:s0 tclass=file permissive=1
[   34.383756] type=1400 audit(1772807795.083:63): avc: denied { read } for comm="sprdstorageprox" name="bin" dev="rootfs" ino=10065 scontext=u:r:tee:s0 tcontext=u:object_r:rootfs:s0 tclass=dir permissive=1
[   34.383869] type=1400 audit(1772807795.087:64): avc: denied { getattr } for comm="health@2.1-serv" path="/dev/kmsg" dev="tmpfs" ino=15147 scontext=u:r:recovery:s0 tcontext=u:object_r:kmsg_device:s0 tclass=chr_file permissive=1
[   34.384139] type=1400 audit(1772807795.095:65): avc: denied { setgid } for comm="sprdstorageprox" capability=6 scontext=u:r:tee:s0 tcontext=u:r:tee:s0 tclass=capability permissive=1
[   34.384350] type=1400 audit(1772807795.095:66): avc: denied { setgid } for comm="sprdstorageprox" capability=6 scontext=u:r:tee:s0 tcontext=u:r:tee:s0 tclass=capability permissive=1
[   34.384569] type=1400 audit(1772807795.095:67): avc: denied { setuid } for comm="sprdstorageprox" capability=7 scontext=u:r:tee:s0 tcontext=u:r:tee:s0 tclass=capability permissive=1
[   34.384820] type=1400 audit(1772807795.095:68): avc: denied { setuid } for comm="sprdstorageprox" capability=7 scontext=u:r:tee:s0 tcontext=u:r:tee:s0 tclass=capability permissive=1
[   34.385040] type=1400 audit(1772807795.095:69): avc: denied { search } for comm="sprdstorageprox" name="block" dev="tmpfs" ino=21780 scontext=u:r:tee:s0 tcontext=u:object_r:block_device:s0 tclass=dir permissive=1
[   34.385255] type=1400 audit(1772807795.095:70): avc: denied { search } for comm="sprdstorageprox" name="block" dev="tmpfs" ino=21780 scontext=u:r:tee:s0 tcontext=u:object_r:block_device:s0 tclass=dir permissive=1
[   34.385519] type=1400 audit(1772807795.095:71): avc: denied { open } for comm="sprdstorageprox" path="/data/vendor/sprd_ss" dev="rootfs" ino=20811 scontext=u:r:tee:s0 tcontext=u:object_r:rootfs:s0 tclass=dir permissive=1
[   34.385660] type=1400 audit(1772807795.095:72): avc: denied { read write } for comm="sprdstorageprox" name="rpmb0" dev="tmpfs" ino=20689 scontext=u:r:tee:s0 tcontext=u:object_r:device:s0 tclass=chr_file permissive=1
[   34.385806] type=1400 audit(1772807795.095:73): avc: denied { open } for comm="sprdstorageprox" path="/dev/rpmb0" dev="tmpfs" ino=20689 scontext=u:r:tee:s0 tcontext=u:object_r:device:s0 tclass=chr_file permissive=1
[   34.386044] type=1400 audit(1772807795.095:74): avc: denied { ioctl } for comm="sprdstorageprox" path="/dev/trusty-ipc-dev0" dev="tmpfs" ino=21910 ioctlcmd=0x7280 scontext=u:r:tee:s0 tcontext=u:object_r:device:s0 tclass=chr_file permissive=1
[   34.386265] type=1400 audit(1772807795.095:75): avc: denied { sys_rawio } for comm="sprdstorageprox" capability=17 scontext=u:r:tee:s0 tcontext=u:r:tee:s0 tclass=capability permissive=1
[   34.386520] type=1400 audit(1772807795.111:76): avc: denied { read } for comm="health@2.1-serv" scontext=u:r:recovery:s0 tcontext=u:r:recovery:s0 tclass=netlink_kobject_uevent_socket permissive=1
[   34.386748] type=1400 audit(1772807795.115:77): avc: denied { write } for comm="sprdstorageprox" name="sprd_ss" dev="rootfs" ino=20811 scontext=u:r:tee:s0 tcontext=u:object_r:rootfs:s0 tclass=dir permissive=1
[   34.386870] type=1400 audit(1772807795.115:78): avc: denied { add_name } for comm="sprdstorageprox" name="1" scontext=u:r:tee:s0 tcontext=u:object_r:rootfs:s0 tclass=dir permissive=1
[   34.387003] type=1400 audit(1772807795.115:79): avc: denied { create } for comm="sprdstorageprox" name="1" scontext=u:r:tee:s0 tcontext=u:object_r:rootfs:s0 tclass=file permissive=1
[   34.387310] type=1400 audit(1772807795.115:80): avc: denied { write } for comm="sprdstorageprox" path="/data/vendor/sprd_ss/1" dev="rootfs" ino=23358 scontext=u:r:tee:s0 tcontext=u:object_r:rootfs:s0 tclass=file permissive=1
[   34.387574] type=1400 audit(1772807795.135:81): avc: denied { search } for comm="recovery" name="/" dev="configfs" ino=15007 scontext=u:r:recovery:s0 tcontext=u:object_r:configfs:s0 tclass=dir permissive=1
[   34.387783] type=1400 audit(1772807795.135:82): avc: denied { getattr } for comm="recovery" path="/config/usb_gadget/g1/functions/mass_storage.gs6/lun.0/file" dev="configfs" ino=20860 scontext=u:r:recovery:s0 tcontext=u:object_r:configfs:s0 tclass=file permissive=1
[   34.387889] type=1400 audit(1772807795.135:83): avc: denied { write } for comm="recovery" name="brightness" dev="sysfs" ino=40645 scontext=u:r:recovery:s0 tcontext=u:object_r:sysfs:s0 tclass=file permissive=1
[   34.388794] type=1107 audit(1772807795.139:84): uid=0 auid=4294967295 ses=4294967295 subj=u:r:init:s0 msg='avc: denied { set } for property=ro.twrp.boot pid=303 uid=0 gid=0 scontext=u:r:recovery:s0 tcontext=u:object_r:default_prop:s0 tclass=property_service permissive=1'
[   34.388912] type=1400 audit(1772807795.159:85): avc: denied { write } for comm="recovery" name="etc" dev="rootfs" ino=10319 scontext=u:r:recovery:s0 tcontext=u:object_r:rootfs:s0 tclass=dir permissive=1
[   34.389029] type=1400 audit(1772807795.159:86): avc: denied { add_name } for comm="recovery" name="mtab" scontext=u:r:recovery:s0 tcontext=u:object_r:rootfs:s0 tclass=dir permissive=1
[   34.389259] type=1400 audit(1772807795.159:87): avc: denied { create } for comm="recovery" name="mtab" scontext=u:r:recovery:s0 tcontext=u:object_r:rootfs:s0 tclass=lnk_file permissive=1
[   34.389371] type=1400 audit(1772807795.175:88): avc: denied { create } for comm="recovery" name="system_root" scontext=u:r:recovery:s0 tcontext=u:object_r:rootfs:s0 tclass=dir permissive=1
[   34.389598] type=1400 audit(1772807795.175:89): avc: denied { read } for comm="recovery" name="modules" dev="proc" ino=4026532127 scontext=u:r:recovery:s0 tcontext=u:object_r:proc_modules:s0 tclass=file permissive=1
[   34.389715] type=1400 audit(1772807795.175:90): avc: denied { open } for comm="recovery" path="/proc/modules" dev="proc" ino=4026532127 scontext=u:r:recovery:s0 tcontext=u:object_r:proc_modules:s0 tclass=file permissive=1
[   34.389833] type=1400 audit(1772807795.175:91): avc: denied { getattr } for comm="recovery" path="/proc/modules" dev="proc" ino=4026532127 scontext=u:r:recovery:s0 tcontext=u:object_r:proc_modules:s0 tclass=file permissive=1
[   34.389943] type=1400 audit(1772807795.183:92): avc: denied { write } for comm="recovery" name="properties_serial" dev="tmpfs" ino=381 scontext=u:r:recovery:s0 tcontext=u:object_r:properties_serial:s0 tclass=file permissive=1
[   34.390060] type=1400 audit(1772807795.183:93): avc: denied { write } for comm="recovery" name="u:object_r:storage_config_prop:s0" dev="tmpfs" ino=329 scontext=u:r:recovery:s0 tcontext=u:object_r:storage_config_prop:s0 tclass=file permissive=1
[   34.390269] type=1400 audit(1772807795.183:94): avc: denied { create } for comm="recovery" name="additional.fstab" scontext=u:r:recovery:s0 tcontext=u:object_r:rootfs:s0 tclass=file permissive=1
[   34.390544] type=1400 audit(1772807795.183:95): avc: denied { write } for comm="recovery" path="/system/etc/additional.fstab" dev="rootfs" ino=615 scontext=u:r:recovery:s0 tcontext=u:object_r:rootfs:s0 tclass=file permissive=1
[   34.390778] type=1400 audit(1772807795.183:96): avc: denied { setattr } for comm="recovery" name="additional.fstab" dev="rootfs" ino=615 scontext=u:r:recovery:s0 tcontext=u:object_r:rootfs:s0 tclass=file permissive=1
[   34.468042] [drm] sprd_dsi_connector_detect()
[   34.468066] [drm] sprd_dsi_connector_get_modes()
[   34.468073] [drm] sprd_panel_get_modes()
[   34.468100] [drm] sprd_dsi_connector_mode_valid() mode: "720x1600": 60 135000 720 780 784 848 1600 2620 2624 2656 0x48 0x0
[   34.468111] [drm] sprd_dpu_mode_valid() mode: "720x1600": 60 135000 720 780 784 848 1600 2620 2624 2656 0x48 0x0
[   34.468130] [drm] sprd_dsi_connector_mode_valid() mode: "720x1600": 90 135000 720 764 768 832 1600 1768 1772 1804 0x40 0x0
[   34.468138] [drm] sprd_dpu_mode_valid() mode: "720x1600": 90 135000 720 764 768 832 1600 1768 1772 1804 0x40 0x0
[   34.468174] [drm] sprd_dsi_connector_detect()
[   34.468176] [drm] sprd_dsi_connector_get_modes()
[   34.468178] [drm] sprd_panel_get_modes()
[   34.468187] [drm] sprd_dsi_connector_mode_valid() mode: "720x1600": 60 135000 720 780 784 848 1600 2620 2624 2656 0x48 0x0
[   34.468192] [drm] sprd_dpu_mode_valid() mode: "720x1600": 60 135000 720 780 784 848 1600 2620 2624 2656 0x48 0x0
[   34.468204] [drm] sprd_dsi_connector_mode_valid() mode: "720x1600": 90 135000 720 764 768 832 1600 1768 1772 1804 0x40 0x0
[   34.468208] [drm] sprd_dpu_mode_valid() mode: "720x1600": 90 135000 720 764 768 832 1600 1768 1772 1804 0x40 0x0
[   34.468227] [drm] sprd_dsi_connector_detect()
[   34.468229] [drm] sprd_dsi_connector_get_modes()
[   34.468230] [drm] sprd_panel_get_modes()
[   34.468239] [drm] sprd_dsi_connector_mode_valid() mode: "720x1600": 60 135000 720 780 784 848 1600 2620 2624 2656 0x48 0x0
[   34.468243] [drm] sprd_dpu_mode_valid() mode: "720x1600": 60 135000 720 780 784 848 1600 2620 2624 2656 0x48 0x0
[   34.468255] [drm] sprd_dsi_connector_mode_valid() mode: "720x1600": 90 135000 720 764 768 832 1600 1768 1772 1804 0x40 0x0
[   34.468260] [drm] sprd_dpu_mode_valid() mode: "720x1600": 90 135000 720 764 768 832 1600 1768 1772 1804 0x40 0x0
[   34.468279] [drm] sprd_dsi_connector_detect()
[   34.468281] [drm] sprd_dsi_connector_get_modes()
[   34.468282] [drm] sprd_panel_get_modes()
[   34.468290] [drm] sprd_dsi_connector_mode_valid() mode: "720x1600": 60 135000 720 780 784 848 1600 2620 2624 2656 0x48 0x0
[   34.468295] [drm] sprd_dpu_mode_valid() mode: "720x1600": 60 135000 720 780 784 848 1600 2620 2624 2656 0x48 0x0
[   34.468307] [drm] sprd_dsi_connector_mode_valid() mode: "720x1600": 90 135000 720 764 768 832 1600 1768 1772 1804 0x40 0x0
[   34.468314] [drm] sprd_dpu_mode_valid() mode: "720x1600": 90 135000 720 764 768 832 1600 1768 1772 1804 0x40 0x0
[   34.468343] [drm] sprd_dsi_connector_detect()
[   34.468345] [drm] sprd_dsi_connector_get_modes()
[   34.468346] [drm] sprd_panel_get_modes()
[   34.468355] [drm] sprd_dsi_connector_mode_valid() mode: "720x1600": 60 135000 720 780 784 848 1600 2620 2624 2656 0x48 0x0
[   34.468359] [drm] sprd_dpu_mode_valid() mode: "720x1600": 60 135000 720 780 784 848 1600 2620 2624 2656 0x48 0x0
[   34.468372] [drm] sprd_dsi_connector_mode_valid() mode: "720x1600": 90 135000 720 764 768 832 1600 1768 1772 1804 0x40 0x0
[   34.468376] [drm] sprd_dpu_mode_valid() mode: "720x1600": 90 135000 720 764 768 832 1600 1768 1772 1804 0x40 0x0
[   34.470686] type=1400 audit(1772807795.295:97): avc: denied { map } for comm="recovery" path="/dev/dri/card0" dev="tmpfs" ino=23124 scontext=u:r:recovery:s0 tcontext=u:object_r:device:s0 tclass=chr_file permissive=1
[   34.471514] [drm] sprd_dsi_connector_best_encoder()
[   34.471524] [drm] sprd_dsi_connector_best_encoder()
[   34.471526] [drm] sprd_dsi_connector_best_encoder()
[   34.471535] [drm] sprd_dpu_mode_valid() mode: "720x1600": 60 135000 720 780 784 848 1600 2620 2624 2656 0x48 0x0
[   34.471539] [drm] sprd_dsi_encoder_atomic_check()
[   34.471549] [drm] dpu has already powered off
[   34.471562] [drm] sprd_dpu_mode_set_nofb() mode: "720x1600": 60 135000 720 780 784 848 1600 2620 2624 2656 0x48 0x0
[   34.471568] [drm][         dpu_modeset] begin switch to 720 x 1600
[   34.471573] [drm] sprd_dsi_encoder_mode_set() mode: "720x1600": 60 135000 720 780 784 848 1600 2620 2624 2656 0x48 0x0
[   34.471578] [drm] sprd_dpu_atomic_enable()
[   34.471595] [drm][        dpu_clk_init] DPU_CORE_CLK = 384000000, DPI_CLK_DIV = 6
[   34.472181] [drm][  dpu_enhance_reload] enhance slp lut reload
[   34.472185] [drm][dpu_write_back_config] use cma memory for writeback, size:0x476980
[   34.473341] [drm] sprd_dsi_encoder_enable()
[   34.473347] [drm] dsi is initialized
[   34.485524] [drm] free logo memory addr:0x9e000000 size:0xab0000
[   34.486897] [drm][sprd_free_reserved_area] Freeing logo memory: 10944K
[   34.508172] type=1400 audit(1772807795.331:98): avc: denied { execmem } for comm="recovery" scontext=u:r:recovery:s0 tcontext=u:r:recovery:s0 tclass=process permissive=1
[   34.508329] type=1400 audit(1772807795.331:99): avc: denied { execute } for comm="recovery" path="/dev/ashmemed6f4ca9-c23b-4301-b9cb-c0f306cb374f" dev="tmpfs" ino=19757 scontext=u:r:recovery:s0 tcontext=u:object_r:ashmem_libcutils_device:s0 tclass=chr_file permissive=1
[   34.528336] charger-manager charger-manager: cm_ir_compensation, us = 4432000, rc = 20, upper_limit = 4500000, lower_limit = 4432000, target_cccv = 4436740, ibat_avg = 237000, offset = 100000
[   34.528349] charger-manager charger-manager: cm_sprd_vote_callback, VOTE_TYPE_CCCV[4436740]
[   34.575022] F2FS-fs (sda72): Magic Mismatch, valid(0xf2f52010) - read(0x5dbef82e)
[   34.575029] F2FS-fs (sda72): Can't find valid F2FS filesystem in 1th superblock
[   34.575138] F2FS-fs (sda72): Magic Mismatch, valid(0xf2f52010) - read(0xd04cdf7a)
[   34.575140] F2FS-fs (sda72): Can't find valid F2FS filesystem in 2th superblock
[   34.575309] type=1400 audit(1772807795.399:100): avc: denied { mounton } for comm="recovery" path="/data" dev="rootfs" ino=9739 scontext=u:r:recovery:s0 tcontext=u:object_r:system_data_root_file:s0 tclass=dir permissive=1
[   34.575356] F2FS-fs (sda72): Magic Mismatch, valid(0xf2f52010) - read(0x5dbef82e)
[   34.575359] F2FS-fs (sda72): Can't find valid F2FS filesystem in 1th superblock
[   34.575463] F2FS-fs (sda72): Magic Mismatch, valid(0xf2f52010) - read(0xd04cdf7a)
[   34.575465] F2FS-fs (sda72): Can't find valid F2FS filesystem in 2th superblock
[   34.579706] F2FS-fs (sda72): Magic Mismatch, valid(0xf2f52010) - read(0x5dbef82e)
[   34.579712] F2FS-fs (sda72): Can't find valid F2FS filesystem in 1th superblock
[   34.579820] F2FS-fs (sda72): Magic Mismatch, valid(0xf2f52010) - read(0xd04cdf7a)
[   34.579823] F2FS-fs (sda72): Can't find valid F2FS filesystem in 2th superblock
[   34.580036] F2FS-fs (sda72): Magic Mismatch, valid(0xf2f52010) - read(0x5dbef82e)
[   34.580038] F2FS-fs (sda72): Can't find valid F2FS filesystem in 1th superblock
[   34.580151] F2FS-fs (sda72): Magic Mismatch, valid(0xf2f52010) - read(0xd04cdf7a)
[   34.580154] F2FS-fs (sda72): Can't find valid F2FS filesystem in 2th superblock
[   34.583610] F2FS-fs (sda72): Magic Mismatch, valid(0xf2f52010) - read(0x5dbef82e)
[   34.583616] F2FS-fs (sda72): Can't find valid F2FS filesystem in 1th superblock
[   34.583725] F2FS-fs (sda72): Magic Mismatch, valid(0xf2f52010) - read(0xd04cdf7a)
[   34.583727] F2FS-fs (sda72): Can't find valid F2FS filesystem in 2th superblock
[   34.583909] F2FS-fs (sda72): Magic Mismatch, valid(0xf2f52010) - read(0x5dbef82e)
[   34.583912] F2FS-fs (sda72): Can't find valid F2FS filesystem in 1th superblock
[   34.584045] F2FS-fs (sda72): Magic Mismatch, valid(0xf2f52010) - read(0xd04cdf7a)
[   34.584048] F2FS-fs (sda72): Can't find valid F2FS filesystem in 2th superblock
[   34.584995] type=1400 audit(1772807795.411:101): avc: denied { sys_rawio } for comm="recovery" capability=17 scontext=u:r:recovery:s0 tcontext=u:r:recovery:s0 tclass=capability permissive=1
[   34.587941] type=1107 audit(1772807795.411:102): uid=0 auid=4294967295 ses=4294967295 subj=u:r:init:s0 msg='avc: denied { set } for property=ro.crypto.state pid=303 uid=0 gid=0 scontext=u:r:recovery:s0 tcontext=u:object_r:vold_status_prop:s0 tclass=property_service permissive=1'
[   34.592326] EXT4-fs (sda54): mounted filesystem with ordered data mode. Opts: 
[   34.593819] init: processing action (ro.crypto.state=encrypted && ro.crypto.type=file) from (/init.recovery.unisoc_decrypt.rc:35)
[   34.593894] init: Keyring created with id 456557920 in process 1
[   34.593927] init: Command 'install_keyring' action=ro.crypto.state=encrypted && ro.crypto.type=file (/init.recovery.unisoc_decrypt.rc:36) took 0ms and succeeded
[   35.612229] type=1400 audit(1772807796.435:103): avc: denied { search } for comm="recovery" name="vold" dev="sda54" ino=12 scontext=u:r:recovery:s0 tcontext=u:object_r:vold_metadata_file:s0 tclass=dir permissive=1
[   35.612771] type=1400 audit(1772807796.439:104): avc: denied { read } for comm="recovery" name="version" dev="sda54" ino=28 scontext=u:r:recovery:s0 tcontext=u:object_r:vold_metadata_file:s0 tclass=file permissive=1
[   35.612903] type=1400 audit(1772807796.439:105): avc: denied { open } for comm="recovery" path="/metadata/vold/metadata_encryption/key/version" dev="sda54" ino=28 scontext=u:r:recovery:s0 tcontext=u:object_r:vold_metadata_file:s0 tclass=file permissive=1
[   35.613011] type=1400 audit(1772807796.439:106): avc: denied { getattr } for comm="recovery" path="/metadata/vold/metadata_encryption/key/version" dev="sda54" ino=28 scontext=u:r:recovery:s0 tcontext=u:object_r:vold_metadata_file:s0 tclass=file permissive=1
[   35.644618] type=1400 audit(1772807796.471:107): avc: denied { setexec } for comm="recovery" scontext=u:r:recovery:s0 tcontext=u:r:recovery:s0 tclass=process permissive=1
[   35.646429] type=1107 audit(1772807796.471:108): uid=0 auid=4294967295 ses=4294967295 subj=u:r:init:s0 msg='avc: denied { set } for property=ctl.interface_start$android.hardware.boot@1.0::IBootControl/default pid=299 uid=0 gid=0 scontext=u:r:recovery:s0 tcontext=u:object_r:ctl_interface_start_prop:s0 tclass=property_service permissive=1'
[   35.646613] init: starting service 'boot-hal-1-2'...
[   35.651231] init: Control message: Processed ctl.interface_start for 'android.hardware.boot@1.0::IBootControl/default' from pid: 299 (/system/bin/hwservicemanager)
[   35.651443] init: Control message: Processed ctl.interface_start for 'android.hardware.boot@1.0::IBootControl/default' from pid: 299 (/system/bin/hwservicemanager)
[   35.663401] android.hardwar (340) used greatest stack depth: 12672 bytes left
[   35.663725] init: Service 'boot-hal-1-2' (pid 340) exited with status 1
[   35.663757] init: Sending signal 9 to service 'boot-hal-1-2' (pid 340) process group...
[   35.663909] libprocessgroup: Successfully killed process cgroup uid 0 pid 340 in 0ms
[   35.691016] android.hardwar (340): highest shadow stack usage: 232 bytes
[   36.252606] <I>CTS-Core ESD protection work
[   36.648972] init: starting service 'boot-hal-1-2'...
[   36.653726] init: Control message: Processed ctl.interface_start for 'android.hardware.boot@1.0::IBootControl/default' from pid: 299 (/system/bin/hwservicemanager)
[   36.668461] init: Service 'boot-hal-1-2' (pid 342) exited with status 1
[   36.668496] init: Sending signal 9 to service 'boot-hal-1-2' (pid 342) process group...
[   36.668651] libprocessgroup: Successfully killed process cgroup uid 0 pid 342 in 0ms
[   37.650088] init: starting service 'boot-hal-1-2'...
[   37.654897] init: Control message: Processed ctl.interface_start for 'android.hardware.boot@1.0::IBootControl/default' from pid: 299 (/system/bin/hwservicemanager)
[   37.668717] init: Service 'boot-hal-1-2' (pid 344) exited with status 1
[   37.668753] init: Sending signal 9 to service 'boot-hal-1-2' (pid 344) process group...
[   37.668905] libprocessgroup: Successfully killed process cgroup uid 0 pid 344 in 0ms
[   38.268395] <I>CTS-Core ESD protection work
[   38.651652] init: starting service 'boot-hal-1-2'...
[   38.655523] init: Control message: Processed ctl.interface_start for 'android.hardware.boot@1.0::IBootControl/default' from pid: 299 (/system/bin/hwservicemanager)
[   38.670080] init: Service 'boot-hal-1-2' (pid 346) exited with status 1
[   38.670114] init: Sending signal 9 to service 'boot-hal-1-2' (pid 346) process group...
[   38.670265] libprocessgroup: Successfully killed process cgroup uid 0 pid 346 in 0ms
[   39.227374] init: starting service 'adbd'...
[   39.227871] init: Created socket '/dev/socket/adbd', mode 660, user 1000, group 1000
[   39.280413] read descriptors
[   39.280427] read strings
[   39.281655] init: processing action (sys.usb.config=adb && sys.usb.configfs=1 && sys.usb.ffs.ready=1) from (/system/etc/init/hw/init.rc:201)
[   39.282268] init: Command 'write /config/usb_gadget/g1/idProduct 0xD001' action=sys.usb.config=adb && sys.usb.configfs=1 && sys.usb.ffs.ready=1 (/system/etc/init/hw/init.rc:202) took 0ms and succeeded
[   39.282715] init: Command 'write /config/usb_gadget/g1/configs/b.1/strings/0x409/configuration adb' action=sys.usb.config=adb && sys.usb.configfs=1 && sys.usb.ffs.ready=1 (/system/etc/init/hw/init.rc:203) took 0ms and succeeded
[   39.283024] init: Command 'symlink /config/usb_gadget/g1/functions/ffs.adb /config/usb_gadget/g1/configs/b.1/f1' action=sys.usb.config=adb && sys.usb.configfs=1 && sys.usb.ffs.ready=1 (/system/etc/init/hw/init.rc:204) took 0ms and succeeded
[   39.283353] musb-sprd 64900000.usb: sprd_musb_enable:SOFTCONN
[   39.283476] init: Command 'write /config/usb_gadget/g1/UDC ${sys.usb.controller}' action=sys.usb.config=adb && sys.usb.configfs=1 && sys.usb.ffs.ready=1 (/system/etc/init/hw/init.rc:205) took 0ms and succeeded
[   39.284144] init: Command 'setprop sys.usb.state ${sys.usb.config}' action=sys.usb.config=adb && sys.usb.configfs=1 && sys.usb.ffs.ready=1 (/system/etc/init/hw/init.rc:206) took 0ms and succeeded
[   39.284192] init: processing action (sys.usb.ffs.ready=1) from (/init.recovery.usb.rc:63)
[   39.284295] init: Command 'mkdir /config/usb_gadget/g1/configs/b.1' action=sys.usb.ffs.ready=1 (/init.recovery.usb.rc:64) took 0ms and succeeded
[   39.284341] init: Command 'mkdir /config/usb_gadget/g1/configs/b.1/strings/0x409 0770' action=sys.usb.ffs.ready=1 (/init.recovery.usb.rc:65) took 0ms and succeeded
[   39.284637] init: Command 'write /config/usb_gadget/g1/configs/b.1/MaxPower 900' action=sys.usb.ffs.ready=1 (/init.recovery.usb.rc:66) took 0ms and succeeded
[   39.284876] init: Command 'symlink /config/usb_gadget/g1/configs/b.1 /config/usb_gadget/g1/os_desc/b.1' action=sys.usb.ffs.ready=1 (/init.recovery.usb.rc:67) took 0ms and succeeded
[   39.463895] sgm41510_chg 5-006b: sgm41510_charger_usb_change limit 8, info->pd_hard_reset 0 ,info->usb_phy->chg_state 1, info->typec_online 0
[   39.464080] sgm41510_chg 5-006b: battery present = 1, charger type = 1
[   39.464100] charger-manager charger-manager: cm_update_charge_info, chgr type = 6, fchg_en = 0, cp_running = 0, cp_recovery = 0 max chg_lmt_cur = 2000000uA, max inpt_lmt_cur = 2200000uA, max chg_volt = 6000000uV, chg_volt_drop = 700000, adapter_chg_volt = 5000mV, thm_cur = -22, chg_info_cmd = 0xb, jeita_size = 4
[   39.464106] vote_gov:VOTE_TYPE_IBAT vote the same vote_client[1].value = 2000000, value = 2000000; vote_client[1].enable = 1, enable = 1
[   39.464111] vote_gov:VOTE_TYPE_IBUS vote the same vote_client[2].value = 2200000, value = 2200000; vote_client[2].enable = 1, enable = 1
[   39.464116] charger-manager charger-manager: cm_manager_get_jeita_status: jeita status:(2) 2 2, temperature:355, jeita_size:4
[   39.464121] charger-manager charger-manager: target terminate voltage = 4432000, target current = 2000000
[   39.464126] charger-manager charger-manager: cm_sprd_vote_callback, VOTE_TYPE_IBAT[2000000]
[   39.465162] sgm41510_chg 5-006b: current = 2000, reg_val = 1f
[   39.465172] vote_gov:VOTE_TYPE_CCCV vote the same vote_client[0].value = 4432000, value = 4432000; vote_client[0].enable = 1, enable = 1
[   39.465189] charger-manager charger-manager: cm_manager_get_jeita_status: jeita status:(2) 2 2, temperature:355, jeita_size:4
[   39.465192] charger-manager charger-manager: current-last jeita status: 2-2, current temperature: 355
[   39.466009] charger-manager charger-manager: cm_manager_get_jeita_status: jeita status:(2) 2 2, temperature:355, jeita_size:4
[   39.466014] charger-manager charger-manager: battery_status 1, charging_status 0
[   39.467752] type=1400 audit(1772807800.291:109): avc: denied { read } for comm="health@2.1-serv" name="present" dev="sysfs" ino=42027 scontext=u:r:recovery:s0 tcontext=u:object_r:sysfs:s0 tclass=file permissive=1
[   39.467886] type=1400 audit(1772807800.291:110): avc: denied { open } for comm="health@2.1-serv" path="/sys/devices/platform/charger-manager/power_supply/battery/present" dev="sysfs" ino=42027 scontext=u:r:recovery:s0 tcontext=u:object_r:sysfs:s0 tclass=file permissive=1
[   39.467999] type=1400 audit(1772807800.291:111): avc: denied { getattr } for comm="health@2.1-serv" path="/sys/devices/platform/charger-manager/power_supply/battery/present" dev="sysfs" ino=42027 scontext=u:r:recovery:s0 tcontext=u:object_r:sysfs:s0 tclass=file permissive=1
[   39.469754] healthd: battery l=94 v=4296 t=35.5 h=2 st=2 c=395000 fc=4950000 cc=2070 chg=au
[   39.470042] type=1400 audit(1772807800.295:112): avc: denied { write } for comm="health@2.1-serv" path="/dev/kmsg" dev="tmpfs" ino=15147 scontext=u:r:recovery:s0 tcontext=u:object_r:kmsg_device:s0 tclass=chr_file permissive=1
[   39.549500] android_work: sent uevent USB_STATE=CONNECTED
[   39.653593] init: starting service 'boot-hal-1-2'...
[   39.657235] init: Control message: Processed ctl.interface_start for 'android.hardware.boot@1.0::IBootControl/default' from pid: 299 (/system/bin/hwservicemanager)
[   39.673644] init: Service 'boot-hal-1-2' (pid 354) exited with status 1
[   39.673679] init: Sending signal 9 to service 'boot-hal-1-2' (pid 354) process group...
[   39.673863] libprocessgroup: Successfully killed process cgroup uid 0 pid 354 in 0ms
[   39.975668] configfs-gadget gadget: high-speed config #1: b
[   39.975780] sgm41510_chg 5-006b: sgm41510_charger_usb_change limit 500, info->pd_hard_reset 0 ,info->usb_phy->chg_state 1, info->typec_online 0
[   39.975918] android_work: sent uevent USB_STATE=CONFIGURED
[   39.975938] sgm41510_chg 5-006b: battery present = 1, charger type = 1
[   39.975957] charger-manager charger-manager: cm_update_charge_info, chgr type = 6, fchg_en = 0, cp_running = 0, cp_recovery = 0 max chg_lmt_cur = 2000000uA, max inpt_lmt_cur = 2200000uA, max chg_volt = 6000000uV, chg_volt_drop = 700000, adapter_chg_volt = 5000mV, thm_cur = -22, chg_info_cmd = 0xb, jeita_size = 4
[   39.975967] vote_gov:VOTE_TYPE_IBAT vote the same vote_client[1].value = 2000000, value = 2000000; vote_client[1].enable = 1, enable = 1
[   39.975972] vote_gov:VOTE_TYPE_IBUS vote the same vote_client[2].value = 2200000, value = 2200000; vote_client[2].enable = 1, enable = 1
[   39.975977] charger-manager charger-manager: cm_manager_get_jeita_status: jeita status:(2) 2 2, temperature:355, jeita_size:4
[   39.975981] charger-manager charger-manager: target terminate voltage = 4432000, target current = 2000000
[   39.975984] vote_gov:VOTE_TYPE_IBAT vote the same vote_client[0].value = 2000000, value = 2000000; vote_client[0].enable = 1, enable = 1
[   39.975986] vote_gov:VOTE_TYPE_CCCV vote the same vote_client[0].value = 4432000, value = 4432000; vote_client[0].enable = 1, enable = 1
[   39.975993] charger-manager charger-manager: cm_manager_get_jeita_status: jeita status:(2) 2 2, temperature:355, jeita_size:4
[   39.975996] charger-manager charger-manager: current-last jeita status: 2-2, current temperature: 355
[   39.976840] charger-manager charger-manager: cm_manager_get_jeita_status: jeita status:(2) 2 2, temperature:355, jeita_size:4
[   39.976845] charger-manager charger-manager: battery_status 1, charging_status 0
[   39.980332] healthd: battery l=94 v=4370 t=35.5 h=2 st=2 c=860000 fc=4950000 cc=2070 chg=au
[   40.284361] <I>CTS-Core ESD protection work
[   40.476046] sc2730-fast-charger 64200000.spi:pmic@0:fchg@400: pd_enable = 1, pps_enable = 0, sfcp_enable = 0
[   40.654751] init: starting service 'boot-hal-1-2'...
[   40.658739] init: Control message: Processed ctl.interface_start for 'android.hardware.boot@1.0::IBootControl/default' from pid: 299 (/system/bin/hwservicemanager)
[   40.668104] charger-manager charger-manager: cm_ir_compensation, us = 4432000, rc = 20, upper_limit = 4500000, lower_limit = 4432000, target_cccv = 4437360, ibat_avg = 268800, offset = 100000
[   40.668116] charger-manager charger-manager: cm_sprd_vote_callback, VOTE_TYPE_CCCV[4437360]
[   40.674313] init: Service 'boot-hal-1-2' (pid 357) exited with status 1
[   40.674347] init: Sending signal 9 to service 'boot-hal-1-2' (pid 357) process group...
[   40.674496] libprocessgroup: Successfully killed process cgroup uid 0 pid 357 in 0ms
[   41.656178] init: starting service 'boot-hal-1-2'...
[   41.659844] init: Control message: Processed ctl.interface_start for 'android.hardware.boot@1.0::IBootControl/default' from pid: 299 (/system/bin/hwservicemanager)
[   41.674054] init: Service 'boot-hal-1-2' (pid 359) exited with status 1
[   41.674086] init: Sending signal 9 to service 'boot-hal-1-2' (pid 359) process group...
[   41.674262] libprocessgroup: Successfully killed process cgroup uid 0 pid 359 in 0ms
[   41.948576] vddldo2: disabling
[   42.300366] <I>CTS-Core ESD protection work
[   42.657928] init: starting service 'boot-hal-1-2'...
[   42.661950] init: Control message: Processed ctl.interface_start for 'android.hardware.boot@1.0::IBootControl/default' from pid: 299 (/system/bin/hwservicemanager)
[   42.675847] init: Service 'boot-hal-1-2' (pid 361) exited with status 1
[   42.675882] init: Sending signal 9 to service 'boot-hal-1-2' (pid 361) process group...
[   42.676082] libprocessgroup: Successfully killed process cgroup uid 0 pid 361 in 0ms
[   43.228628] charger-manager charger-manager: cm_manager_get_jeita_status: jeita status:(2) 2 2, temperature:355, jeita_size:4
[   43.228635] charger-manager charger-manager: current-last jeita status: 2-2, current temperature: 355
[   43.229525] charger-manager charger-manager: cm_manager_get_jeita_status: jeita status:(2) 2 2, temperature:355, jeita_size:4
[   43.229531] charger-manager charger-manager: battery_status 1, charging_status 0
[   43.229899] sc27xx-fgu 64200000.spi:pmic@0:fgu@c00: UUSOC: cur_avg_ma = 960, resistance_moh = 0, ocv_pzero_uv = 3400000, ocv_pzero_cap = 0, ocv_pzero_mah = 0
[   43.233338] charger-manager charger-manager: cant not get input_cur.
[   43.234756] charger-manager charger-manager: vbat: 4412000, vbat_avg: 4392000, OCV: 4273810, ibat: 1063000, ibat_avg: 960000, ibus: 0, vbus: 4500000, msoc: 946, chg_sts: 1, frce_full: 0, chg_lmt_cur: 1984000, inpt_lmt_cur: 2200000, chgr_type: 6, Tboard: 357, Tbatt: 357, thm_cur: -22, thm_pwr: 0, is_fchg: 1, fchg_en: 0, tflush: 31, tperiod: 15
[   43.234761] charger-manager charger-manager: new_uisoc = 946, old_uisoc = 943
[   43.246194] healthd: battery l=95 v=4412 t=35.7 h=2 st=2 c=1063000 fc=4950000 cc=2071 chg=au
[   43.246607] sgm41510_chg 5-006b: sgm41510_charger_dump_register: [REG_0x00]=0x15; [REG_0x01]=0x06; [REG_0x02]=0x11; [REG_0x03]=0x1a; [REG_0x04]=0x1f; [REG_0x05]=0x12; [REG_0x06]=0x96; [REG_0x07]=0x9f; [REG_0x08]=0x03; [REG_0x09]=0x44; [REG_0x0a]=0x70; [REG_0x0b]=0x56; [REG_0x0c]=0x00; [REG_0x0d]=0x92; [REG_0x0e]=0x00; [REG_0x0f]=0x00; [REG_0x10]=0x00; [REG_0x11]=0x80; [REG_0x12]=0x00; [REG_0x13]=0x00; [REG_0x14]=0x00; [REG_0x15]=0x0c; 
[   43.659571] init: starting service 'boot-hal-1-2'...
[   43.663479] init: Control message: Processed ctl.interface_start for 'android.hardware.boot@1.0::IBootControl/default' from pid: 299 (/system/bin/hwservicemanager)
[   43.677560] init: Service 'boot-hal-1-2' (pid 363) exited with status 1
[   43.677595] init: Sending signal 9 to service 'boot-hal-1-2' (pid 363) process group...
[   43.677758] libprocessgroup: Successfully killed process cgroup uid 0 pid 363 in 0ms
[   43.740857] charger-manager charger-manager: cm_ir_compensation, us = 4432000, rc = 20, upper_limit = 4500000, lower_limit = 4432000, target_cccv = 4440660, ibat_avg = 433400, offset = 100000
[   43.740868] charger-manager charger-manager: cm_sprd_vote_callback, VOTE_TYPE_CCCV[4440660]
[   44.316597] <I>CTS-Core ESD protection work
[   44.660871] init: starting service 'boot-hal-1-2'...
[   44.664761] init: Control message: Processed ctl.interface_start for 'android.hardware.boot@1.0::IBootControl/default' from pid: 299 (/system/bin/hwservicemanager)
[   44.679726] init: Service 'boot-hal-1-2' (pid 365) exited with status 1
[   44.679760] init: Sending signal 9 to service 'boot-hal-1-2' (pid 365) process group...
[   44.679919] libprocessgroup: Successfully killed process cgroup uid 0 pid 365 in 0ms
[   45.662348] init: starting service 'boot-hal-1-2'...
[   45.666381] init: Control message: Processed ctl.interface_start for 'android.hardware.boot@1.0::IBootControl/default' from pid: 299 (/system/bin/hwservicemanager)
[   45.680440] init: Service 'boot-hal-1-2' (pid 367) exited with status 1
[   45.680475] init: Sending signal 9 to service 'boot-hal-1-2' (pid 367) process group...
[   45.680632] libprocessgroup: Successfully killed process cgroup uid 0 pid 367 in 0ms
[   46.332391] <I>CTS-Core ESD protection work
[   46.663897] init: starting service 'boot-hal-1-2'...
[   46.667949] init: Control message: Processed ctl.interface_start for 'android.hardware.boot@1.0::IBootControl/default' from pid: 299 (/system/bin/hwservicemanager)
[   46.681984] init: Service 'boot-hal-1-2' (pid 369) exited with status 1
[   46.682018] init: Sending signal 9 to service 'boot-hal-1-2' (pid 369) process group...
[   46.682175] libprocessgroup: Successfully killed process cgroup uid 0 pid 369 in 0ms
[   46.812844] charger-manager charger-manager: cm_ir_compensation, us = 4432000, rc = 20, upper_limit = 4500000, lower_limit = 4432000, target_cccv = 4443900, ibat_avg = 595200, offset = 100000
[   46.812856] charger-manager charger-manager: cm_sprd_vote_callback, VOTE_TYPE_CCCV[4443900]
[   47.665481] init: starting service 'boot-hal-1-2'...
[   47.669556] init: Control message: Processed ctl.interface_start for 'android.hardware.boot@1.0::IBootControl/default' from pid: 299 (/system/bin/hwservicemanager)
[   47.683403] init: Service 'boot-hal-1-2' (pid 371) exited with status 1
[   47.683438] init: Sending signal 9 to service 'boot-hal-1-2' (pid 371) process group...
[   47.683591] libprocessgroup: Successfully killed process cgroup uid 0 pid 371 in 0ms
[   48.348381] <I>CTS-Core ESD protection work
[   48.666817] init: starting service 'boot-hal-1-2'...
[   48.671118] init: Control message: Processed ctl.interface_start for 'android.hardware.boot@1.0::IBootControl/default' from pid: 299 (/system/bin/hwservicemanager)
[   48.685055] init: Service 'boot-hal-1-2' (pid 373) exited with status 1
[   48.685093] init: Sending signal 9 to service 'boot-hal-1-2' (pid 373) process group...
[   48.685245] libprocessgroup: Successfully killed process cgroup uid 0 pid 373 in 0ms
[   48.860633] sc27xx-fgu 64200000.spi:pmic@0:fgu@c00: not satisfy power on start condition.
[   48.860643] sc27xx-fgu 64200000.spi:pmic@0:fgu@c00: init_cap = 920, init_mah = 4554, init_clbcnt = 45379699, cur_clbcnt = 45406815, normal_cap = 921, data->cc_mah = 3, Tbat = 357, uusoc_vbat = 0, uusoc_mah = 0, cur_1000ma_adc = 1384, track_sts = 1
[   49.668580] init: starting service 'boot-hal-1-2'...
[   49.672600] init: Control message: Processed ctl.interface_start for 'android.hardware.boot@1.0::IBootControl/default' from pid: 299 (/system/bin/hwservicemanager)
[   49.686674] init: Service 'boot-hal-1-2' (pid 375) exited with status 1
[   49.686714] init: Sending signal 9 to service 'boot-hal-1-2' (pid 375) process group...
[   49.686872] libprocessgroup: Successfully killed process cgroup uid 0 pid 375 in 0ms
[   49.884425] charger-manager charger-manager: cm_ir_compensation, us = 4432000, rc = 20, upper_limit = 4500000, lower_limit = 4432000, target_cccv = 4447080, ibat_avg = 754600, offset = 100000
[   49.884437] charger-manager charger-manager: cm_sprd_vote_callback, VOTE_TYPE_CCCV[4447080]
[   50.364377] <I>CTS-Core ESD protection work
[   50.670196] init: starting service 'boot-hal-1-2'...
[   50.674335] init: Control message: Processed ctl.interface_start for 'android.hardware.boot@1.0::IBootControl/default' from pid: 299 (/system/bin/hwservicemanager)
[   50.688116] init: Service 'boot-hal-1-2' (pid 377) exited with status 1
[   50.688149] init: Sending signal 9 to service 'boot-hal-1-2' (pid 377) process group...
[   50.688297] libprocessgroup: Successfully killed process cgroup uid 0 pid 377 in 0ms
[   51.671737] init: starting service 'boot-hal-1-2'...
[   51.675869] init: Control message: Processed ctl.interface_start for 'android.hardware.boot@1.0::IBootControl/default' from pid: 299 (/system/bin/hwservicemanager)
[   51.689882] init: Service 'boot-hal-1-2' (pid 379) exited with status 1
[   51.689917] init: Sending signal 9 to service 'boot-hal-1-2' (pid 379) process group...
[   51.690076] libprocessgroup: Successfully killed process cgroup uid 0 pid 379 in 0ms
[   52.380363] <I>CTS-Core ESD protection work
[   52.673354] init: starting service 'boot-hal-1-2'...
[   52.677456] init: Control message: Processed ctl.interface_start for 'android.hardware.boot@1.0::IBootControl/default' from pid: 299 (/system/bin/hwservicemanager)
[   52.691261] init: Service 'boot-hal-1-2' (pid 381) exited with status 1
[   52.691294] init: Sending signal 9 to service 'boot-hal-1-2' (pid 381) process group...
[   52.691444] libprocessgroup: Successfully killed process cgroup uid 0 pid 381 in 0ms
[   52.956454] charger-manager charger-manager: cm_ir_compensation, us = 4432000, rc = 20, upper_limit = 4500000, lower_limit = 4432000, target_cccv = 4450240, ibat_avg = 912200, offset = 100000
[   52.956465] charger-manager charger-manager: cm_sprd_vote_callback, VOTE_TYPE_CCCV[4450240]
[   53.674934] init: starting service 'boot-hal-1-2'...
[   53.678819] init: Control message: Processed ctl.interface_start for 'android.hardware.boot@1.0::IBootControl/default' from pid: 299 (/system/bin/hwservicemanager)
[   53.693031] init: Service 'boot-hal-1-2' (pid 383) exited with status 1
[   53.693064] init: Sending signal 9 to service 'boot-hal-1-2' (pid 383) process group...
[   53.693223] libprocessgroup: Successfully killed process cgroup uid 0 pid 383 in 0ms
[   54.396361] <I>CTS-Core ESD protection work
[   54.676227] init: starting service 'boot-hal-1-2'...
[   54.679885] init: Control message: Processed ctl.interface_start for 'android.hardware.boot@1.0::IBootControl/default' from pid: 299 (/system/bin/hwservicemanager)
[   54.694302] init: Service 'boot-hal-1-2' (pid 385) exited with status 1
[   54.694336] init: Sending signal 9 to service 'boot-hal-1-2' (pid 385) process group...
[   54.694491] libprocessgroup: Successfully killed process cgroup uid 0 pid 385 in 0ms
[   55.677677] init: starting service 'boot-hal-1-2'...
[   55.681695] init: Control message: Processed ctl.interface_start for 'android.hardware.boot@1.0::IBootControl/default' from pid: 299 (/system/bin/hwservicemanager)
[   55.695978] init: Service 'boot-hal-1-2' (pid 387) exited with status 1
[   55.696051] init: Sending signal 9 to service 'boot-hal-1-2' (pid 387) process group...
[   55.696206] libprocessgroup: Successfully killed process cgroup uid 0 pid 387 in 0ms
[   56.028444] charger-manager charger-manager: cm_ir_compensation, us = 4432000, rc = 20, upper_limit = 4500000, lower_limit = 4432000, target_cccv = 4452980, ibat_avg = 1049800, offset = 100000
[   56.028455] charger-manager charger-manager: cm_sprd_vote_callback, VOTE_TYPE_CCCV[4452980]
[   56.412367] <I>CTS-Core ESD protection work
[   56.680151] init: starting service 'boot-hal-1-2'...
[   56.683894] init: Control message: Processed ctl.interface_start for 'android.hardware.boot@1.0::IBootControl/default' from pid: 299 (/system/bin/hwservicemanager)
[   56.698077] init: Service 'boot-hal-1-2' (pid 389) exited with status 1
[   56.698111] init: Sending signal 9 to service 'boot-hal-1-2' (pid 389) process group...
[   56.698274] libprocessgroup: Successfully killed process cgroup uid 0 pid 389 in 0ms
[   57.680851] init: starting service 'boot-hal-1-2'...
[   57.684927] init: Control message: Processed ctl.interface_start for 'android.hardware.boot@1.0::IBootControl/default' from pid: 299 (/system/bin/hwservicemanager)
[   57.698561] init: Service 'boot-hal-1-2' (pid 391) exited with status 1
[   57.698591] init: Sending signal 9 to service 'boot-hal-1-2' (pid 391) process group...
[   57.698742] libprocessgroup: Successfully killed process cgroup uid 0 pid 391 in 0ms
[   58.332649] charger-manager charger-manager: cm_manager_get_jeita_status: jeita status:(2) 2 2, temperature:357, jeita_size:4
[   58.332655] charger-manager charger-manager: current-last jeita status: 2-2, current temperature: 357
[   58.333750] sc27xx-fgu 64200000.spi:pmic@0:fgu@c00: UUSOC: cur_avg_ma = 1106, resistance_moh = 0, ocv_pzero_uv = 3400000, ocv_pzero_cap = 0, ocv_pzero_mah = 0
[   58.337175] charger-manager charger-manager: cm_manager_get_jeita_status: jeita status:(2) 2 2, temperature:357, jeita_size:4
[   58.337181] charger-manager charger-manager: battery_status 1, charging_status 0
[   58.337342] charger-manager charger-manager: cant not get input_cur.
[   58.338699] charger-manager charger-manager: vbat: 4429000, vbat_avg: 4428000, OCV: 4285740, ibat: 1102000, ibat_avg: 1106000, ibus: 0, vbus: 4487000, msoc: 946, chg_sts: 1, frce_full: 0, chg_lmt_cur: 1984000, inpt_lmt_cur: 2200000, chgr_type: 6, Tboard: 360, Tbatt: 360, thm_cur: -22, thm_pwr: 0, is_fchg: 1, fchg_en: 0, tflush: 15, tperiod: 15
[   58.338704] charger-manager charger-manager: new_uisoc = 946, old_uisoc = 946
[   58.346193] sgm41510_chg 5-006b: sgm41510_charger_dump_register: [REG_0x00]=0x15; [REG_0x01]=0x06; [REG_0x02]=0x11; [REG_0x03]=0x1a; [REG_0x04]=0x1f; [REG_0x05]=0x12; [REG_0x06]=0x9a; [REG_0x07]=0x9f; [REG_0x08]=0x03; [REG_0x09]=0x44; [REG_0x0a]=0x70; [REG_0x0b]=0x56; [REG_0x0c]=0x00; [REG_0x0d]=0x92; [REG_0x0e]=0x00; [REG_0x0f]=0x00; [REG_0x10]=0x00; [REG_0x11]=0x80; [REG_0x12]=0x00; [REG_0x13]=0x00; [REG_0x14]=0x00; [REG_0x15]=0x0c; 
[   58.428589] <I>CTS-Core ESD protection work
[   58.682424] init: starting service 'boot-hal-1-2'...
[   58.686362] init: Control message: Processed ctl.interface_start for 'android.hardware.boot@1.0::IBootControl/default' from pid: 299 (/system/bin/hwservicemanager)
[   58.701062] init: Service 'boot-hal-1-2' (pid 393) exited with status 1
[   58.701102] init: Sending signal 9 to service 'boot-hal-1-2' (pid 393) process group...
[   58.701253] libprocessgroup: Successfully killed process cgroup uid 0 pid 393 in 0ms
[   59.100674] charger-manager charger-manager: cm_ir_compensation, us = 4432000, rc = 20, upper_limit = 4500000, lower_limit = 4432000, target_cccv = 4453280, ibat_avg = 1064600, offset = 100000
[   59.100685] charger-manager charger-manager: cm_sprd_vote_callback, VOTE_TYPE_CCCV[4453280]
[   59.683933] init: starting service 'boot-hal-1-2'...
[   59.687731] init: Control message: Processed ctl.interface_start for 'android.hardware.boot@1.0::IBootControl/default' from pid: 299 (/system/bin/hwservicemanager)
[   59.702762] init: Service 'boot-hal-1-2' (pid 395) exited with status 1
[   59.702794] init: Sending signal 9 to service 'boot-hal-1-2' (pid 395) process group...
[   59.702954] libprocessgroup: Successfully killed process cgroup uid 0 pid 395 in 0ms
[   60.444587] <I>CTS-Core ESD protection work
[   60.685512] init: starting service 'boot-hal-1-2'...
[   60.689183] init: Control message: Processed ctl.interface_start for 'android.hardware.boot@1.0::IBootControl/default' from pid: 299 (/system/bin/hwservicemanager)
[   60.704548] init: Service 'boot-hal-1-2' (pid 397) exited with status 1
[   60.704582] init: Sending signal 9 to service 'boot-hal-1-2' (pid 397) process group...
[   60.704741] libprocessgroup: Successfully killed process cgroup uid 0 pid 397 in 0ms
[   61.687056] init: starting service 'boot-hal-1-2'...
[   61.691028] init: Control message: Processed ctl.interface_start for 'android.hardware.boot@1.0::IBootControl/default' from pid: 299 (/system/bin/hwservicemanager)
[   61.705914] init: Service 'boot-hal-1-2' (pid 399) exited with status 1
[   61.705952] init: Sending signal 9 to service 'boot-hal-1-2' (pid 399) process group...
[   61.706102] libprocessgroup: Successfully killed process cgroup uid 0 pid 399 in 0ms
[   62.460384] <I>CTS-Core ESD protection work
[   62.688682] init: starting service 'boot-hal-1-2'...
[   62.692640] init: Control message: Processed ctl.interface_start for 'android.hardware.boot@1.0::IBootControl/default' from pid: 299 (/system/bin/hwservicemanager)
[   62.707609] init: Service 'boot-hal-1-2' (pid 401) exited with status 1
[   62.707643] init: Sending signal 9 to service 'boot-hal-1-2' (pid 401) process group...
[   62.707797] libprocessgroup: Successfully killed process cgroup uid 0 pid 401 in 0ms
[   63.689977] init: starting service 'boot-hal-1-2'...
[   63.693933] init: Control message: Processed ctl.interface_start for 'android.hardware.boot@1.0::IBootControl/default' from pid: 299 (/system/bin/hwservicemanager)
[   63.708664] init: Service 'boot-hal-1-2' (pid 403) exited with status 1
[   63.708698] init: Sending signal 9 to service 'boot-hal-1-2' (pid 403) process group...
[   63.708851] libprocessgroup: Successfully killed process cgroup uid 0 pid 403 in 0ms
[   63.964605] sc27xx-fgu 64200000.spi:pmic@0:fgu@c00: not satisfy power on start condition.
[   63.964616] sc27xx-fgu 64200000.spi:pmic@0:fgu@c00: init_cap = 920, init_mah = 4554, init_clbcnt = 45379699, cur_clbcnt = 45452468, normal_cap = 921, data->cc_mah = 7, Tbat = 360, uusoc_vbat = 0, uusoc_mah = 0, cur_1000ma_adc = 1384, track_sts = 1
[   64.476377] <I>CTS-Core ESD protection work
[   64.691539] init: starting service 'boot-hal-1-2'...
[   64.695496] init: Control message: Processed ctl.interface_start for 'android.hardware.boot@1.0::IBootControl/default' from pid: 299 (/system/bin/hwservicemanager)
[   64.710507] init: Service 'boot-hal-1-2' (pid 405) exited with status 1
[   64.710541] init: Sending signal 9 to service 'boot-hal-1-2' (pid 405) process group...
[   64.710692] libprocessgroup: Successfully killed process cgroup uid 0 pid 405 in 0ms
[   65.693085] init: starting service 'boot-hal-1-2'...
[   65.696863] init: Control message: Processed ctl.interface_start for 'android.hardware.boot@1.0::IBootControl/default' from pid: 299 (/system/bin/hwservicemanager)
[   65.711783] init: Service 'boot-hal-1-2' (pid 407) exited with status 1
[   65.711818] init: Sending signal 9 to service 'boot-hal-1-2' (pid 407) process group...
[   65.711968] libprocessgroup: Successfully killed process cgroup uid 0 pid 407 in 0ms
[   66.492363] <I>CTS-Core ESD protection work
[   66.694641] init: starting service 'boot-hal-1-2'...
[   66.698587] init: Control message: Processed ctl.interface_start for 'android.hardware.boot@1.0::IBootControl/default' from pid: 299 (/system/bin/hwservicemanager)
[   66.713475] init: Service 'boot-hal-1-2' (pid 409) exited with status 1
[   66.713506] init: Sending signal 9 to service 'boot-hal-1-2' (pid 409) process group...
[   66.713660] libprocessgroup: Successfully killed process cgroup uid 0 pid 409 in 0ms
[   67.696183] init: starting service 'boot-hal-1-2'...
[   67.699865] init: Control message: Processed ctl.interface_start for 'android.hardware.boot@1.0::IBootControl/default' from pid: 299 (/system/bin/hwservicemanager)
[   67.714397] init: Service 'boot-hal-1-2' (pid 411) exited with status 1
[   67.714428] init: Sending signal 9 to service 'boot-hal-1-2' (pid 411) process group...
[   67.714581] libprocessgroup: Successfully killed process cgroup uid 0 pid 411 in 0ms
[   68.508390] <I>CTS-Core ESD protection work
[   68.697827] init: starting service 'boot-hal-1-2'...
[   68.701790] init: Control message: Processed ctl.interface_start for 'android.hardware.boot@1.0::IBootControl/default' from pid: 299 (/system/bin/hwservicemanager)
[   68.716131] init: Service 'boot-hal-1-2' (pid 413) exited with status 1
[   68.716163] init: Sending signal 9 to service 'boot-hal-1-2' (pid 413) process group...
[   68.716319] libprocessgroup: Successfully killed process cgroup uid 0 pid 413 in 0ms
[   69.699040] init: starting service 'boot-hal-1-2'...
[   69.703069] init: Control message: Processed ctl.interface_start for 'android.hardware.boot@1.0::IBootControl/default' from pid: 299 (/system/bin/hwservicemanager)
[   69.717386] init: Service 'boot-hal-1-2' (pid 415) exited with status 1
[   69.717417] init: Sending signal 9 to service 'boot-hal-1-2' (pid 415) process group...
[   69.717568] libprocessgroup: Successfully killed process cgroup uid 0 pid 415 in 0ms
[   70.524046] <I>CTS-Core ESD protection work
[   70.700796] init: starting service 'boot-hal-1-2'...
[   70.704689] init: Control message: Processed ctl.interface_start for 'android.hardware.boot@1.0::IBootControl/default' from pid: 299 (/system/bin/hwservicemanager)
[   70.718509] init: Service 'boot-hal-1-2' (pid 417) exited with status 1
[   70.718543] init: Sending signal 9 to service 'boot-hal-1-2' (pid 417) process group...
[   70.718697] libprocessgroup: Successfully killed process cgroup uid 0 pid 417 in 0ms
[   71.702088] init: starting service 'boot-hal-1-2'...
[   71.706082] init: Control message: Processed ctl.interface_start for 'android.hardware.boot@1.0::IBootControl/default' from pid: 299 (/system/bin/hwservicemanager)
[   71.720343] init: Service 'boot-hal-1-2' (pid 419) exited with status 1
[   71.720376] init: Sending signal 9 to service 'boot-hal-1-2' (pid 419) process group...
[   71.720529] libprocessgroup: Successfully killed process cgroup uid 0 pid 419 in 0ms
[   72.540374] <I>CTS-Core ESD protection work
[   72.668401] sprd-rotask: start rotation feature
[   72.702822] Disables boost it is 60 seconds after boot up
[   72.703656] init: starting service 'boot-hal-1-2'...
[   72.708165] init: Control message: Processed ctl.interface_start for 'android.hardware.boot@1.0::IBootControl/default' from pid: 299 (/system/bin/hwservicemanager)
[   72.725176] init: Service 'boot-hal-1-2' (pid 421) exited with status 1
[   72.725212] init: Sending signal 9 to service 'boot-hal-1-2' (pid 421) process group...
[   72.725372] libprocessgroup: Successfully killed process cgroup uid 0 pid 421 in 0ms
[   73.436513] charger-manager charger-manager: cm_manager_get_jeita_status: jeita status:(2) 2 2, temperature:360, jeita_size:4
[   73.436526] charger-manager charger-manager: current-last jeita status: 2-2, current temperature: 360
[   73.437425] charger-manager charger-manager: cm_manager_get_jeita_status: jeita status:(2) 2 2, temperature:360, jeita_size:4
[   73.437430] charger-manager charger-manager: battery_status 1, charging_status 0
[   73.438025] sc27xx-fgu 64200000.spi:pmic@0:fgu@c00: UUSOC: cur_avg_ma = 1069, resistance_moh = 0, ocv_pzero_uv = 3400000, ocv_pzero_cap = 0, ocv_pzero_mah = 0
[   73.442017] charger-manager charger-manager: cant not get input_cur.
[   73.443466] charger-manager charger-manager: vbat: 4429000, vbat_avg: 4428000, OCV: 4290420, ibat: 1066000, ibat_avg: 1069000, ibus: 0, vbus: 4487000, msoc: 947, chg_sts: 1, frce_full: 0, chg_lmt_cur: 1984000, inpt_lmt_cur: 2200000, chgr_type: 6, Tboard: 362, Tbatt: 362, thm_cur: -22, thm_pwr: 0, is_fchg: 1, fchg_en: 0, tflush: 30, tperiod: 15
[   73.443471] charger-manager charger-manager: new_uisoc = 947, old_uisoc = 946
[   73.451047] sgm41510_chg 5-006b: sgm41510_charger_dump_register: [REG_0x00]=0x15; [REG_0x01]=0x06; [REG_0x02]=0x11; [REG_0x03]=0x1a; [REG_0x04]=0x1f; [REG_0x05]=0x12; [REG_0x06]=0x9a; [REG_0x07]=0x9f; [REG_0x08]=0x03; [REG_0x09]=0x44; [REG_0x0a]=0x70; [REG_0x0b]=0x56; [REG_0x0c]=0x00; [REG_0x0d]=0x92; [REG_0x0e]=0x00; [REG_0x0f]=0x00; [REG_0x10]=0x00; [REG_0x11]=0x80; [REG_0x12]=0x00; [REG_0x13]=0x00; [REG_0x14]=0x00; [REG_0x15]=0x0c; 
[   73.705891] init: starting service 'boot-hal-1-2'...
[   73.710598] init: Control message: Processed ctl.interface_start for 'android.hardware.boot@1.0::IBootControl/default' from pid: 299 (/system/bin/hwservicemanager)
[   73.726795] init: Service 'boot-hal-1-2' (pid 423) exited with status 1
[   73.726828] init: Sending signal 9 to service 'boot-hal-1-2' (pid 423) process group...
[   73.726978] libprocessgroup: Successfully killed process cgroup uid 0 pid 423 in 0ms
[   74.556432] <I>CTS-Core ESD protection work
[   74.707839] init: starting service 'boot-hal-1-2'...
[   74.712938] init: Control message: Processed ctl.interface_start for 'android.hardware.boot@1.0::IBootControl/default' from pid: 299 (/system/bin/hwservicemanager)
[   74.729332] init: Service 'boot-hal-1-2' (pid 425) exited with status 1
[   74.729365] init: Sending signal 9 to service 'boot-hal-1-2' (pid 425) process group...
[   74.729525] libprocessgroup: Successfully killed process cgroup uid 0 pid 425 in 0ms
[   75.709753] init: starting service 'boot-hal-1-2'...
[   75.714626] init: Control message: Processed ctl.interface_start for 'android.hardware.boot@1.0::IBootControl/default' from pid: 299 (/system/bin/hwservicemanager)
[   75.730806] init: Service 'boot-hal-1-2' (pid 427) exited with status 1
[   75.730845] init: Sending signal 9 to service 'boot-hal-1-2' (pid 427) process group...
[   75.731002] libprocessgroup: Successfully killed process cgroup uid 0 pid 427 in 0ms
[   76.572491] <I>CTS-Core ESD protection work
[   76.711807] init: starting service 'boot-hal-1-2'...
[   76.716700] init: Control message: Processed ctl.interface_start for 'android.hardware.boot@1.0::IBootControl/default' from pid: 299 (/system/bin/hwservicemanager)
[   76.733346] init: Service 'boot-hal-1-2' (pid 429) exited with status 1
[   76.733380] init: Sending signal 9 to service 'boot-hal-1-2' (pid 429) process group...
[   76.733542] libprocessgroup: Successfully killed process cgroup uid 0 pid 429 in 0ms
[   77.713814] init: starting service 'boot-hal-1-2'...
[   77.718695] init: Control message: Processed ctl.interface_start for 'android.hardware.boot@1.0::IBootControl/default' from pid: 299 (/system/bin/hwservicemanager)
[   77.734972] init: Service 'boot-hal-1-2' (pid 431) exited with status 1
[   77.735023] init: Sending signal 9 to service 'boot-hal-1-2' (pid 431) process group...
[   77.735240] libprocessgroup: Successfully killed process cgroup uid 0 pid 431 in 0ms
[   78.588699] <I>CTS-Core ESD protection work
[   78.715964] init: starting service 'boot-hal-1-2'...
[   78.720484] init: Control message: Processed ctl.interface_start for 'android.hardware.boot@1.0::IBootControl/default' from pid: 299 (/system/bin/hwservicemanager)
[   78.737903] init: Service 'boot-hal-1-2' (pid 433) exited with status 1
[   78.737952] init: Sending signal 9 to service 'boot-hal-1-2' (pid 433) process group...
[   78.738169] libprocessgroup: Successfully killed process cgroup uid 0 pid 433 in 0ms
[   79.068745] sc27xx-fgu 64200000.spi:pmic@0:fgu@c00: not satisfy power on start condition.
[   79.068769] sc27xx-fgu 64200000.spi:pmic@0:fgu@c00: init_cap = 920, init_mah = 4554, init_clbcnt = 45379699, cur_clbcnt = 45497373, normal_cap = 922, data->cc_mah = 12, Tbat = 362, uusoc_vbat = 0, uusoc_mah = 0, cur_1000ma_adc = 1384, track_sts = 1
[   79.718289] init: starting service 'boot-hal-1-2'...
[   79.723069] init: Control message: Processed ctl.interface_start for 'android.hardware.boot@1.0::IBootControl/default' from pid: 299 (/system/bin/hwservicemanager)
[   79.740138] init: Service 'boot-hal-1-2' (pid 435) exited with status 1
[   79.740172] init: Sending signal 9 to service 'boot-hal-1-2' (pid 435) process group...
[   79.740328] libprocessgroup: Successfully killed process cgroup uid 0 pid 435 in 0ms
[   80.604738] <I>CTS-Core ESD protection work
[   80.720347] init: starting service 'boot-hal-1-2'...
[   80.725272] init: Control message: Processed ctl.interface_start for 'android.hardware.boot@1.0::IBootControl/default' from pid: 299 (/system/bin/hwservicemanager)
[   80.741708] init: Service 'boot-hal-1-2' (pid 437) exited with status 1
[   80.741746] init: Sending signal 9 to service 'boot-hal-1-2' (pid 437) process group...
[   80.741905] libprocessgroup: Successfully killed process cgroup uid 0 pid 437 in 0ms
[   81.722345] init: starting service 'boot-hal-1-2'...
[   81.727089] init: Control message: Processed ctl.interface_start for 'android.hardware.boot@1.0::IBootControl/default' from pid: 299 (/system/bin/hwservicemanager)
[   81.744426] init: Service 'boot-hal-1-2' (pid 439) exited with status 1
[   81.744478] init: Sending signal 9 to service 'boot-hal-1-2' (pid 439) process group...
[   81.744696] libprocessgroup: Successfully killed process cgroup uid 0 pid 439 in 0ms
[   82.620451] <I>CTS-Core ESD protection work
[   82.724443] init: starting service 'boot-hal-1-2'...
[   82.729184] init: Control message: Processed ctl.interface_start for 'android.hardware.boot@1.0::IBootControl/default' from pid: 299 (/system/bin/hwservicemanager)
[   82.746534] init: Service 'boot-hal-1-2' (pid 442) exited with status 1
[   82.746584] init: Sending signal 9 to service 'boot-hal-1-2' (pid 442) process group...
[   82.746806] libprocessgroup: Successfully killed process cgroup uid 0 pid 442 in 0ms
[   83.726505] init: starting service 'boot-hal-1-2'...
[   83.731453] init: Control message: Processed ctl.interface_start for 'android.hardware.boot@1.0::IBootControl/default' from pid: 299 (/system/bin/hwservicemanager)
[   83.747522] init: Service 'boot-hal-1-2' (pid 444) exited with status 1
[   83.747581] init: Sending signal 9 to service 'boot-hal-1-2' (pid 444) process group...
[   83.747813] libprocessgroup: Successfully killed process cgroup uid 0 pid 444 in 0ms
[   84.636474] <I>CTS-Core ESD protection work
[   84.728632] init: starting service 'boot-hal-1-2'...
[   84.733137] init: Control message: Processed ctl.interface_start for 'android.hardware.boot@1.0::IBootControl/default' from pid: 299 (/system/bin/hwservicemanager)
[   84.749437] init: Service 'boot-hal-1-2' (pid 446) exited with status 1
[   84.749472] init: Sending signal 9 to service 'boot-hal-1-2' (pid 446) process group...
[   84.749682] libprocessgroup: Successfully killed process cgroup uid 0 pid 446 in 0ms
[   85.730502] init: starting service 'boot-hal-1-2'...
[   85.735469] init: Control message: Processed ctl.interface_start for 'android.hardware.boot@1.0::IBootControl/default' from pid: 299 (/system/bin/hwservicemanager)
[   85.752958] init: Service 'boot-hal-1-2' (pid 448) exited with status 1
[   85.753015] init: Sending signal 9 to service 'boot-hal-1-2' (pid 448) process group...
[   85.753251] libprocessgroup: Successfully killed process cgroup uid 0 pid 448 in 0ms
[   86.652695] <I>CTS-Core ESD protection work
[   86.732585] init: starting service 'boot-hal-1-2'...
[   86.737315] init: Control message: Processed ctl.interface_start for 'android.hardware.boot@1.0::IBootControl/default' from pid: 299 (/system/bin/hwservicemanager)
[   86.754300] init: Service 'boot-hal-1-2' (pid 450) exited with status 1
[   86.754353] init: Sending signal 9 to service 'boot-hal-1-2' (pid 450) process group...
[   86.754573] libprocessgroup: Successfully killed process cgroup uid 0 pid 450 in 0ms
