Starting TWRP 3.7.1_12-bhs-5c3d206a-dirty on Mon Nov 17 06:09:45 2025
 (pid 313)
RECOVERY_SDCARD_ON_DATA := true
I:Lun file '/config/usb_gadget/g1/functions/mass_storage.gs6/lun.0/file'
TW_INCLUDE_FASTBOOTD := true
PRODUCT_USE_DYNAMIC_PARTITIONS := true
TW_INCLUDE_CRYPTO := true
I:Found brightness file at '/sys/devices/platform/sprd_backlight/backlight/sprd_backlight/brightness'
I:TWFunc::Set_Brightness: Setting brightness control to 90
I:TW_EXCLUDE_ENCRYPTED_BACKUPS := true
I:TW_EXCLUDE_MTP := true
I:LANG: en
I:AB_OTA_UPDATER := true
I:TW_NO_LEGACY_PROPS := true
boot command: bootonce-bootloader
I:Startup Commands: 
=> Linking mtab
=> Processing /etc/recovery.fstab
I:Reading /etc/twrp.flags
I:Reading /etc/recovery.fstab
I:Processing '/spl'
I:Processing '/spl_bk'
I:Processing '/uboot'
I:Processing '/sml'
I:Processing '/tos'
I:Processing '/teecfg'
I:Processing '/vbmeta'
I:Processing '/vbmeta_system'
I:Processing '/vbmeta_vendor'
I:Processing '/dtbo'
I:Processing '/ltedsp'
I:Processing '/ltegdsp'
I:Processing '/lteagdsp'
I:Processing '/ltecdsp'
I:Processing '/ltemodem'
I:Processing '/ltefixnv1'
I:Processing '/ltefixnv2'
I:Processing '/ltedeltanv'
I:Processing '/lteruntimenv1'
I:Processing '/lteruntimenv2'
I:Processing '/wcnmodem'
I:Processing '/gnssmodem'
I:Processing '/pmsys'
I:Processing '/misc'
I:Processing '/boot'
I:Processing '/persist'
I:Processing '/logo'
I:Processing '/fbootlogo'
I:Processing '/system'
I:Created '/system_root' folder.
I:Found an additional entry for '/system'
I:Processing '/system'
I:Processing '/system_ext'
I:Processing '/vendor'
I:Processing '/product'
I:Processing '/vendor_dlkm'
I:Processing '/metadata'
I:Unhandled flag: 'first_stage_mount'
I:Processing '/data'
I:Unhandled flag: 'latemount'
I:FBE contents 'aes-256-xts', filenames 'aes-256-cts:v2+inlinecrypt_optimized'
I:setting Key_Directory to: /metadata/vold/metadata_encryption
I:Unhandled flag: 'reservedsize=128M'
I:Unhandled flag: 'checkpoint=fs'
I:Processing '/mnt/vendor'
I:Processing '/storage/sdcard0'
I:Processing remaining twrp.flags
I:Processing '/external_sd'
I:Created '/external_sd' folder.
I:Processing '/product_image'
I:Processing '/system_ext_image'
I:Processing '/system_image'
I:Processing '/usb-otg'
I:Created '/usb-otg' folder.
I:Processing '/vbmeta_product'
I:Processing '/vbmeta_system_ext'
I:Processing '/vendor_boot'
I:Processing '/vendor_image'
I:Attempting to load modules
I:Checking mounted /vendor
I:Can't probe device vendor
Failed to mount '/vendor' (Block device required)
I:Actual block device: 'vendor', current file system: 'erofs'
I:Checking mounted /vendor_dlkm
I:Can't probe device vendor_dlkm
Failed to mount '/vendor_dlkm' (Block device required)
I:Actual block device: 'vendor_dlkm', current file system: 'ext4'
I:Checking directory: /vendor/lib/modules
I:Unable to open module directory: /vendor/lib/modules. Skipping
I:number of modules loaded by init: 138
I:mounting /tmp/vendor/lib/modules on /vendor/lib/modules
I:Checking directory: /vendor/lib/modules/1.1
I:Unable to open module directory: /vendor/lib/modules/1.1. Skipping
I:number of modules loaded by init: 138
I:mounting /tmp/vendor/lib/modules/1.1 on /vendor/lib/modules/1.1
I:Checking directory: /vendor/lib/modules/5.4-gki
I:Unable to open module directory: /vendor/lib/modules/5.4-gki. Skipping
I:number of modules loaded by init: 138
I:mounting /tmp/vendor/lib/modules/5.4-gki on /vendor/lib/modules/5.4-gki
I:Checking directory: /vendor_dlkm/lib/modules
I:Unable to open module directory: /vendor_dlkm/lib/modules. Skipping
I:number of modules loaded by init: 138
I:mounting /tmp/vendor_dlkm/lib/modules on /vendor_dlkm/lib/modules
I:Can't probe device vendor
Failed to mount '/vendor' (Block device required)
I:Actual block device: 'vendor', current file system: 'erofs'
I:Can't probe device vendor
Failed to mount '/vendor' (Block device required)
I:Actual block device: 'vendor', current file system: 'erofs'
I:Can't probe device vendor
Failed to mount '/vendor' (Block device required)
I:Actual block device: 'vendor', current file system: 'erofs'
I:Can't probe device vendor
Failed to mount '/vendor' (Block device required)
I:Actual block device: 'vendor', current file system: 'erofs'
I:Can't probe device vendor
Failed to mount '/vendor' (Block device required)
I:Actual block device: 'vendor', current file system: 'erofs'
I:Deleting property 'external_storage.casefold.enabled'
I:Can't probe device vendor
Failed to mount '/vendor' (Block device required)
I:Actual block device: 'vendor', current file system: 'erofs'
I:Deleting property 'external_storage.sdcardfs.enabled'
I:GetFstabPath: /odm/etc/fstab.ums9230_1h10
I:GetFstabPath: /vendor/etc/fstab.ums9230_1h10
I:GetFstabPath: /system/etc/fstab.ums9230_1h10
I:GetFstabPath: /first_stage_ramdisk/system/etc/fstab.ums9230_1h10
I:GetFstabPath: /fstab.ums9230_1h10
I:GetFstabPath: /first_stage_ramdisk/fstab.ums9230_1h10
I:Fstab: /first_stage_ramdisk/fstab.ums9230_1h10
I:Reading /etc/additional.fstab
I:Processing '/metadata'
I:Unhandled flag: 'first_stage_mount'
I:Done processing fstab files
I:Property ro.boot.product.vendor.sku not found, trying to get vintf manifest file name from ro.board.platform
I:Separate manifest doesn't exist for 'android.hardware.keymaster'
I:/vendor/etc/vintf/manifest_ums9230.xml not found. Using default path for manifest.xml
I:PageManager::LoadFileToBuffer loading filename: '/vendor/etc/vintf/manifest.xml' directly
I:Looking for 'android.hardware.keymaster' service in manifest
I:Keymaster_Ver::Unable to find vendor manifest on the device, and no default value set. Checking the ramdisk manifest
I:Property ro.boot.product.vendor.sku not found, trying to get vintf manifest file name from ro.board.platform
I:Separate manifest doesn't exist for 'android.hardware.keymaster'
I:/vendor/etc/vintf/manifest_ums9230.xml not found. Using default path for manifest.xml
I:PageManager::LoadFileToBuffer loading filename: '/vendor/etc/vintf/manifest.xml' directly
I:Looking for 'android.hardware.keymaster' service in manifest
I:Keymaster_Ver::Using keymaster version '' for decryption
Starting the UI...
Skipping adf graphics -- not present in build tree
setting DRM_FORMAT_XBGR8888 and GGL_PIXEL_FORMAT_RGBA_8888
setting DRM_FORMAT_XBGR8888 and GGL_PIXEL_FORMAT_RGBA_8888
Using drm graphics.
I:TWFunc::Set_Brightness: Setting brightness control to 90
I:Loading package: splash (/twres/splash.xml)
I:Load XML directly
I:PageManager::LoadFileToBuffer loading filename: '/twres/splash.xml' directly
I:Checking resolution...
I:Scaling theme width 0.666667x and height 0.833333x, offsets x: 0 y: 0 w: 0 h: 0
I:Loading resources...
I:Loading variables...
I:Loading mouse cursor...
I:Loading pages...
I:Loading page splash
I:Switching packages (splash)
I:Can't probe device /dev/block/sda72
I:Unable to mount '/data'
I:Actual block device: '/dev/block/sda72', current file system: 'f2fs'
I:Setting up '/data' as data/media emulated storage.
I:Can't probe device /dev/block/sda72
I:Unable to mount '/data'
I:Actual block device: '/dev/block/sda72', current file system: 'f2fs'
I:Backup folder set to '/data/media/TWRP/BACKUPS/Z60plusBD2309059028'
Using additional fstab for decryption /etc/additional.fstab 
I:Unable to decrypt metadata encryption
I:FBE setup failed. Trying FDE...
Updating partition details...
I:Can't probe device system
Failed to mount '/system_root' (Block device required)
I:Actual block device: 'system', current file system: 'erofs'
I:checking for twrp app
I:Can't probe device system
I:Unable to mount '/system_root'
I:Actual block device: 'system', current file system: 'erofs'
I:Can't probe device system_ext
Failed to mount '/system_ext' (Block device required)
I:Actual block device: 'system_ext', current file system: 'erofs'
I:Can't probe device vendor
Failed to mount '/vendor' (Block device required)
I:Actual block device: 'vendor', current file system: 'erofs'
I:Can't probe device product
Failed to mount '/product' (Block device required)
I:Actual block device: 'product', current file system: 'erofs'
I:Can't probe device vendor_dlkm
Failed to mount '/vendor_dlkm' (Block device required)
I:Actual block device: 'vendor_dlkm', current file system: 'ext4'
I:Can't probe device /dev/block/sda72
I:Unable to mount '/data'
I:Actual block device: '/dev/block/sda72', current file system: 'f2fs'
I:cmd: /system/bin/exfat-fuse -o big_writes,max_read=131072,max_write=131072 /dev/block/mmcblk1p1 /storage/sdcard0
WARN: volume was not unmounted cleanly.
I:cmd: /system/bin/exfat-fuse -o big_writes,max_read=131072,max_write=131072 /dev/block/mmcblk1p1 /external_sd
...done
I:Can't probe device /dev/block/sda72
I:Unable to mount '/data'
I:Actual block device: '/dev/block/sda72', current file system: 'f2fs'
Unable to mount storage
/super | /dev/block/by-name/super | Size: 0MB
   Flags: Can_Be_Backed_Up IsPresent Can_Flash_Img 
   Alternate_Block_Device: /dev/block/by-name/super
   Display_Name: super
   Backup_Path: /super
   Backup_Name: super
   Backup_Display_Name: Super ()
   Current_File_System: emmc
   Backup_Method: dd

I:Unmounting main partitions...
I:Loading package: TWRP (/twres/ui.xml)
I:Load XML directly
I:PageManager::LoadFileToBuffer loading filename: '/twres/languages/zh_TW.xml' directly
I:PageManager::LoadFileToBuffer loading filename: '/twres/languages/zh_CN.xml' directly
I:PageManager::LoadFileToBuffer loading filename: '/twres/languages/uk.xml' directly
I:PageManager::LoadFileToBuffer loading filename: '/twres/languages/tr.xml' directly
I:PageManager::LoadFileToBuffer loading filename: '/twres/languages/sv.xml' directly
I:PageManager::LoadFileToBuffer loading filename: '/twres/languages/sl.xml' directly
I:PageManager::LoadFileToBuffer loading filename: '/twres/languages/sk.xml' directly
I:PageManager::LoadFileToBuffer loading filename: '/twres/languages/ru.xml' directly
I:PageManager::LoadFileToBuffer loading filename: '/twres/languages/pt_PT.xml' directly
I:PageManager::LoadFileToBuffer loading filename: '/twres/languages/pt_BR.xml' directly
I:PageManager::LoadFileToBuffer loading filename: '/twres/languages/pl.xml' directly
I:PageManager::LoadFileToBuffer loading filename: '/twres/languages/nl.xml' directly
I:PageManager::LoadFileToBuffer loading filename: '/twres/languages/lk.xml' directly
I:PageManager::LoadFileToBuffer loading filename: '/twres/languages/ja.xml' directly
I:PageManager::LoadFileToBuffer loading filename: '/twres/languages/it.xml' directly
I:PageManager::LoadFileToBuffer loading filename: '/twres/languages/id.xml' directly
I:PageManager::LoadFileToBuffer loading filename: '/twres/languages/hu.xml' directly
I:PageManager::LoadFileToBuffer loading filename: '/twres/languages/fr.xml' directly
I:PageManager::LoadFileToBuffer loading filename: '/twres/languages/es.xml' directly
I:PageManager::LoadFileToBuffer loading filename: '/twres/languages/en.xml' directly
I:PageManager::LoadFileToBuffer loading filename: '/twres/languages/el.xml' directly
I:PageManager::LoadFileToBuffer loading filename: '/twres/languages/de.xml' directly
I:PageManager::LoadFileToBuffer loading filename: '/twres/languages/cz.xml' directly
I:PageManager::LoadFileToBuffer loading filename: '/twres/languages/en.xml' directly
parsing languageFile
parsing languageFile done
I:PageManager::LoadFileToBuffer loading filename: '/twres/ui.xml' directly
I:Checking resolution...
I:Scaling theme width 0.666667x and height 0.833333x, offsets x: 0 y: 0 w: 0 h: 0
I:Loading resources...
I:Failed to load image from indeterminate013, error -1
I:Loading variables...
I:Loading mouse cursor...
I:Loading pages...
I:Including file: /twres/portrait.xml...
I:PageManager::LoadFileToBuffer loading filename: '/twres/portrait.xml' directly
I:Loading resources...
I:Loading variables...
I:Loading mouse cursor...
I:Loading pages...
I:Loading page main
I:Loading page main2
I:Loading page install
I:Loading page flash_confirm
I:Loading page flash_zip
I:Loading page flash_done
I:Loading page flash_sleep_and_reboot
I:Loading page flashimage_confirm
I:Loading page clear_vars
I:Loading page reboot_system_routine
I:Loading page confirm_action
I:Loading page action_page
I:Loading page singleaction_page
I:Loading page action_complete
I:Loading page filecheck
I:Loading page rebootcheck
I:Loading page wipe
I:Loading page advancedwipe
I:Loading page formatdata
I:Loading page formatdata_confirm
I:Loading page checkpartitionlist
I:Loading page partitionoptions
I:Loading page refreshfilesystem
I:Loading page selectfilesystem
I:Loading page backup
I:Loading page multiuser_warning
I:Loading page backup_options
I:Loading page backupname1
I:Loading page backupname2
I:Loading page backupencryption
I:Loading page backupencryption2
I:Loading page checkbackuppassword
I:Loading page backup_run
I:Loading page restore
I:Unable to open '/data/media/TWRP/BACKUPS/Z60plusBD2309059028'
I:Loading page restore_force
I:Unable to open '/data/media/TWRP/BACKUPS'
I:Loading page restore_read
I:Loading page restore_decrypt
I:Loading page try_restore_decrypt
I:Loading page restore_select
I:Loading page renamebackup
I:Loading page restore_run
I:Loading page mount
I:Loading page usb_mount
I:Loading page usb_umount
I:Loading page system_readonly_check
I:Loading page fastbootreboot
I:Loading page reboot
I:Loading page installapp
I:Loading page system_readonly
I:Loading page settings
I:Loading page settings_timezone
I:Loading page settings_screen
I:Loading page settings_vibration
I:Loading page settings_language
I:Loading page copylog
I:Loading page advanced
I:Loading page partsdcardsel
I:Loading page partsdcardcheck
I:Loading page partsdcard
I:Loading page repackselect
I:Loading page repackconfirm
I:Loading page lock
I:Loading page filemanagerlist
I:Loading page filemanageroptions
I:Loading page choosedestinationfolder
I:Loading page filemanagerrenamefile
I:Loading page filemanagerrenamefolder
I:Loading page filemanagerchmod
I:Loading page filemanagerconfirm
I:Loading page filemanageraction
I:Loading page decrypt
I:Loading page decrypt_pattern
I:Loading page decrypt_pin
I:Loading page trydecrypt
I:Loading page canceldecrypt
I:Loading page terminalcommand
I:Loading page fastboot
I:Loading page sideload
I:Loading page fixcontexts
I:Loading page slideout
I:Loading page select_storage
I:Loading page select_language
I:Loading page decrypt_users
I:Loading page changeTwrpFolder
I:Loading page restore_keymaster
I:Switching packages (TWRP)
ro.boot.auto.efuse=T616
ro.boot.auto.chipid=UMS9230-AC
ro.boot.lwfq.type=0
ro.boot.mode=recovery
ro.boot.pmic.chipid=2730
ro.boot.flash.locked=0
ro.boot.wdten=e551
ro.boot.vbmeta.size=41408
ro.boot.vbmeta.digest=d69175a0097803eb871f003dc439a57f62da7966413ee8be242b913acc168d20
ro.boot.vbmeta.hash_alg=sha256
ro.boot.vbmeta.avb_version=1.1
ro.boot.vbmeta.device_state=unlocked
ro.boot.vbmeta.invalidate_on_error=yes
ro.boot.vendor.skip.init=0
ro.boot.ddrsize=6144M
ro.boot.ddrsize.range=[6144,)
ro.boot.dswdten=enable
ro.boot.dtbo_idx=1
ro.boot.hardware=ums9230_1h10
ro.boot.veritymode=enforcing
ro.boot.avb_version=1.2
ro.boot.boot_devices=soc/soc:ap-apb/20200000.ufs
ro.boot.force_normal_boot=0
ro.boot.verifiedbootstate=orange
ro.baseband=unknown
ro.bootmode=recovery
ro.hardware=ums9230_1h10
ro.revision=0
ro.bootloader=unknown
ro.boottime.adbd=3018156189
ro.boottime.init=1030087922
ro.boottime.init.modules=1328
ro.boottime.init.selinux=190987884
ro.boottime.init.first_stage=1442116691
ro.boottime.init.cold_boot_wait=170
ro.boottime.logd=2930207497
ro.boottime.ueventd=2751544228
ro.boottime.recovery=2988506766
ro.boottime.keystore2=2959297728
ro.boottime.keymint-1-0=2994982343
ro.boottime.prepdecrypt=2970091651
ro.boottime.boot-hal-1-2=3002909805
ro.boottime.gatekeeper-1-0=2999283612
ro.boottime.health-hal-2-1=3007529189
ro.boottime.servicemanager=2951526074
ro.boottime.hwservicemanager=2949026343
ro.boottime.vndservicemanager=2954136997
ro.product.bootimage.name=Z60_plus
ro.product.bootimage.brand=Symphony
ro.product.bootimage.model=Z60 plus
ro.product.bootimage.device=Z60_plus
ro.product.bootimage.manufacturer=Symphony
ro.bootimage.build.id=SP1A.210812.016
ro.bootimage.build.date=Tue Jun  4 14:02:54 CST 2024
ro.bootimage.build.date.utc=1717480974
ro.bootimage.build.tags=release-keys
ro.bootimage.build.type=user
ro.bootimage.build.version.sdk=31
ro.bootimage.build.version.release=12
ro.bootimage.build.version.incremental=181
ro.bootimage.build.version.release_or_codename=12
ro.bootimage.build.fingerprint=Symphony/Z60_plus/Z60_plus:12/SP1A.210812.016/181:user/release-keys
ro.odm.build.date=Sat Nov 15 03:15:36 +06 2025
ro.odm.build.date.utc=1763154936
ro.odm.build.version.incremental=eng.h.20251115.032703
ro.odm.build.fingerprint=Symphony/twrp_Z60plus/Z60plus:16.1.0/SP2A.220405.004/h11150315:eng/test-keys
ro.product.odm.name=twrp_Z60plus
ro.product.odm.brand=Symphony
ro.product.odm.model=Z60plus
ro.product.odm.device=Z60plus
ro.product.odm.manufacturer=Symphony
ro.build.id=SP2A.220405.004
ro.build.date=Sat Nov 15 03:15:36 +06 2025
ro.build.date.utc=1763154936
ro.build.host=HMB13
ro.build.tags=test-keys
ro.build.type=eng
ro.build.user=h
ro.build.flavor=twrp_Z60plus-eng
ro.build.display.id=twrp_Z60plus-eng 16.1.0 SP2A.220405.004 eng.h.20251115.032703 test-keys
ro.build.product=Z60plus
ro.build.version.sdk=32
ro.build.version.base_os=
ro.build.version.release=12
ro.build.version.codename=REL
ro.build.version.incremental=eng.h.20251115.032703
ro.build.version.preview_sdk=0
ro.build.version.all_codenames=REL
ro.build.version.security_patch=2099-12-31
ro.build.version.release_or_codename=16.1.0
ro.build.version.preview_sdk_fingerprint=REL
ro.build.version.min_supported_target_sdk=23
ro.build.description=twrp_Z60plus-eng 16.1.0 SP2A.220405.004 eng.h.20251115.032703 test-keys
ro.build.characteristics=default
ro.secure=0
ro.system.build.id=SP2A.220405.004
ro.system.build.date=Sat Nov 15 03:15:36 +06 2025
ro.system.build.date.utc=1763154936
ro.system.build.tags=test-keys
ro.system.build.type=eng
ro.system.build.version.sdk=32
ro.system.build.version.release=12
ro.system.build.version.incremental=eng.h.20251115.032703
ro.system.build.version.release_or_codename=16.1.0
ro.system.build.fingerprint=Symphony/twrp_Z60plus/Z60plus:16.1.0/SP2A.220405.004/h11150315:eng/test-keys
ro.treble.enabled=false
ro.product.cpu.abi=arm64-v8a
ro.product.cpu.abilist=arm64-v8a,armeabi-v7a,armeabi
ro.product.cpu.abilist32=armeabi-v7a,armeabi
ro.product.cpu.abilist64=arm64-v8a
ro.product.name=twrp_Z60plus
ro.product.brand=Symphony
ro.product.build.id=SP2A.220405.004
ro.product.build.date=Sat Nov 15 03:15:36 +06 2025
ro.product.build.date.utc=1763154936
ro.product.build.tags=test-keys
ro.product.build.type=eng
ro.product.build.version.sdk=32
ro.product.build.version.release=12
ro.product.build.version.incremental=eng.h.20251115.032703
ro.product.build.version.release_or_codename=16.1.0
ro.product.build.fingerprint=Symphony/twrp_Z60plus/Z60plus:16.1.0/SP2A.220405.004/h11150315:eng/test-keys
ro.product.model=Z60plus
ro.product.device=Z60plus
ro.product.system.name=twrp_Z60plus
ro.product.system.brand=Symphony
ro.product.system.model=Z60plus
ro.product.system.device=Z60plus
ro.product.system.manufacturer=Symphony
ro.product.product.name=twrp_Z60plus
ro.product.product.brand=Symphony
ro.product.product.model=Z60plus
ro.product.product.device=Z60plus
ro.product.product.manufacturer=Symphony
ro.product.system_ext.name=twrp_Z60plus
ro.product.system_ext.brand=Symphony
ro.product.system_ext.model=Z60plus
ro.product.system_ext.device=Z60plus
ro.product.system_ext.manufacturer=Symphony
ro.product.manufacturer=Symphony
ro.debuggable=1
ro.system_ext.build.id=SP2A.220405.004
ro.system_ext.build.date=Sat Nov 15 03:15:36 +06 2025
ro.system_ext.build.date.utc=1763154936
ro.system_ext.build.tags=test-keys
ro.system_ext.build.type=eng
ro.system_ext.build.version.sdk=32
ro.system_ext.build.version.release=12
ro.system_ext.build.version.incremental=eng.h.20251115.032703
ro.system_ext.build.version.release_or_codename=16.1.0
ro.system_ext.build.fingerprint=Symphony/twrp_Z60plus/Z60plus:16.1.0/SP2A.220405.004/h11150315:eng/test-keys
ro.actionable_compatible_property.enabled=true
ro.vendor.build.id=SP2A.220405.004
ro.vendor.build.date=Sat Nov 15 03:15:36 +06 2025
ro.vendor.build.date.utc=1763154936
ro.vendor.build.tags=test-keys
ro.vendor.build.type=eng
ro.vendor.build.version.sdk=32
ro.vendor.build.version.release=12
ro.vendor.build.version.incremental=eng.h.20251115.032703
ro.vendor.build.version.release_or_codename=16.1.0
ro.vendor.build.fingerprint=Symphony/twrp_Z60plus/Z60plus:16.1.0/SP2A.220405.004/h11150315:eng/test-keys
ro.vendor.product.cpu.abilist=arm64-v8a,armeabi-v7a,armeabi
ro.vendor.product.cpu.abilist32=armeabi-v7a,armeabi
ro.vendor.product.cpu.abilist64=arm64-v8a
ro.product.board=Z60_plus
ro.product.vendor.name=twrp_Z60plus
ro.product.vendor.brand=Symphony
ro.product.vendor.model=Z60plus
ro.product.vendor.device=Z60plus
ro.product.vendor.manufacturer=Symphony
ro.cold_boot_done=true
ro.bionic.arch=arm64
ro.bionic.2nd_arch=arm
ro.bionic.cpu_variant=generic
ro.bionic.2nd_cpu_variant=generic
ro.dalvik.vm.native.bridge=0
ro.zygote=zygote64_32
dalvik.vm.isa.arm.variant=generic
dalvik.vm.isa.arm.features=default
dalvik.vm.isa.arm64.variant=generic
dalvik.vm.isa.arm64.features=default
dalvik.vm.dexopt.secondary=true
dalvik.vm.dexopt.thermal-cutoff=2
dalvik.vm.usejit=true
dalvik.vm.madvise.artfile.size=4294967295
dalvik.vm.madvise.odexfile.size=104857600
dalvik.vm.madvise.vdexfile.size=104857600
dalvik.vm.lockprof.threshold=500
dalvik.vm.dex2oat-Xms=64m
dalvik.vm.dex2oat-Xmx=512m
dalvik.vm.minidebuginfo=true
dalvik.vm.appimageformat=lz4
dalvik.vm.usejitprofiles=true
dalvik.vm.image-dex2oat-Xms=64m
dalvik.vm.image-dex2oat-Xmx=64m
dalvik.vm.image-dex2oat-filter=extract
dalvik.vm.dex2oat-minidebuginfo=true
dalvik.vm.dex2oat-max-image-block-size=524288
dalvik.vm.dex2oat-resolve-startup-strings=true
dalvik.vm.dex2oat-updatable-bcp-packages-file=/system/etc/updatable-bcp-packages.txt
persist.sys.dalvik.vm.lib.2=libart.so
debug.atrace.tags.enableflags=0
ro.sf.lcd_width=54
ro.sf.lcd_height=96
ro.sys.sdcardfs=true
ro.twrp.boot=1
ro.twrp.version=3.7.1_12-bhs
ro.twrp.fastbootd=0
ro.wifi.channels=
ro.allow.mock.location=1
ro.build.selinux=1
ro.iorapd.enable=true
ro.kernel.android.checkjni=1
ro.kernel.version=5.4
ro.system.product.cpu.abilist=arm64-v8a,armeabi-v7a,armeabi
ro.system.product.cpu.abilist32=armeabi-v7a,armeabi
ro.system.product.cpu.abilist64=arm64-v8a
ro.product.locale=en-US
ro.storage.flash_type=2
ro.recovery.ui.dropscreen=1
ro.recovery.ui.margin_height=45
ro.postinstall.fstab.prefix=/system
fbe.contents=aes-256-xts
fbe.filenames=aes-256-cts:v2+inlinecrypt_optimized
twrp.usb.lun=/dev/block/by-name/userdata
twrp.usb.mass_storage=1
twrp.modules.loaded=true
twrp.crash_counter=0
fstab.additional=1
crypto.ready=1
keymaster_ver=
drm.service.enabled=true
ro.frp.pst=/dev/block/by-name/persist
ro.boot.slot_suffix=_a
ro.boot.dynamic_partitions=true
ro.hwui.use_vulkan=
ro.board.platform=ums9230
ro.build.ab_update=true
ro.carrier=unknown
pm.dexopt.ab-ota=speed-profile
pm.dexopt.shared=speed
pm.dexopt.cmdline=verify
pm.dexopt.install=speed-profile
pm.dexopt.inactive=verify
pm.dexopt.bg-dexopt=speed-profile
pm.dexopt.first-boot=extract
pm.dexopt.install-bulk=speed-profile
pm.dexopt.install-fast=skip
pm.dexopt.install-bulk-secondary=verify
pm.dexopt.install-bulk-downgraded=verify
pm.dexopt.install-bulk-secondary-downgraded=extract
ro.build.fingerprint=Symphony/twrp_Z60plus/Z60plus:16.1.0/SP2A.220405.004/eng.h.20251115.032703:eng/test-keys
ro.opengles.version=196610
ro.gsid.image_running=0
gsid.image_installed=0
hwservicemanager.ready=true
ro.incremental.enable=module:/vendor/lib/modules/incrementalfs.ko
init.svc.logd=running
init.svc.ueventd=running
init.svc.recovery=running
init.svc.keystore2=restarting
init.svc.keymint-1-0=restarting
init.svc.prepdecrypt=stopped
init.svc.boot-hal-1-2=restarting
init.svc.gatekeeper-1-0=running
init.svc.health-hal-2-1=running
init.svc.servicemanager=running
init.svc.hwservicemanager=running
init.svc.vndservicemanager=running
init.svc.adbd=restarting
init.svc_debug_pid.adbd=321
init.svc_debug_pid.logd=302
init.svc_debug_pid.ueventd=291
init.svc_debug_pid.recovery=313
init.svc_debug_pid.keystore2=310
init.svc_debug_pid.keymint-1-0=314
init.svc_debug_pid.prepdecrypt=
init.svc_debug_pid.boot-hal-1-2=316
init.svc_debug_pid.gatekeeper-1-0=315
init.svc_debug_pid.health-hal-2-1=317
init.svc_debug_pid.servicemanager=308
init.svc_debug_pid.hwservicemanager=307
init.svc_debug_pid.vndservicemanager=309
keyguard.no_require_sim=true
keystore.crash_count=0
log.tag.stats_log=I
ro.logd.size.stats=64K
ro.logd.kernel=true
ro.oem_unlock_supported=1
ro.product.ab_ota_partitions=boot,dtbo,system,system_ext,vendor,product,odm,odm_dlkm,vendor_boot,vendor_dlkm,vbmeta,vbmeta_system,vbmeta_vendor,vbmeta_product,vbmeta_system_ext,
ro.control_privapp_permissions=enforce
persist.debug.dalvik.vm.core_platform_api_policy=just-warn
pm.dexopt.post-boot=extract
pm.dexopt.boot-after-ota=extract
ro.property_service.version=2
qemu.hw.mainkeys=0
ro.rebootescrow.device=/dev/block/pmem0
ro.minui.pixel_format=RGBX_8888
ro.minui.overscan_percent=0
ro.boot.serialno=Z60plusBD2309059028
ro.serialno=Z60plusBD2309059028
service.adb.root=1
ro.soc.model=T616
ro.soc.manufacturer=Spreadtrum
external_storage.projid.enabled=1
ro.sf.lcd_density=280
ro.surface_flinger.use_vr_flinger=false
ro.surface_flinger.has_HDR_display=false
ro.surface_flinger.set_idle_timer_ms=80
ro.surface_flinger.set_touch_timer_ms=200
ro.surface_flinger.use_context_priority=true
ro.surface_flinger.has_wide_color_display=false
ro.surface_flinger.support_kernel_idle_timer=true
ro.surface_flinger.set_display_power_timer_ms=1000
ro.surface_flinger.primary_display_orientation=ORIENTATION_0
ro.surface_flinger.vsync_event_phase_offset_ns=1000000
ro.surface_flinger.max_virtual_display_dimension=0
ro.surface_flinger.running_without_sync_framework=false
ro.surface_flinger.vsync_sf_event_phase_offset_ns=1000000
ro.surface_flinger.start_graphics_allocator_service=false
ro.surface_flinger.max_frame_buffer_acquired_buffers=3
ro.surface_flinger.present_time_offset_from_vsync_ns=0
ro.surface_flinger.force_hwc_copy_for_virtual_displays=false
ro.surface_flinger.use_content_detection_for_refresh_rate=true
dev.mnt.blk.metadata=sda
net.bt.name=Android
persist.sys.pq.dci.enabled=1
persist.sys.pq.cabc.enabled=1
persist.sys.pq.enabled=1
persist.sys.ss.sr.enable=true
persist.sys.ss.hmm=true
persist.sys.ss.uhc.enable=true
persist.sys.ss.habit=true
persist.sys.ss.scene=true
persist.sys.ss.track=true
persist.sys.ss.enable=true
persist.sys.ss.scroll=false
persist.sys.ss.predict=false
persist.sys.usb.config=adb
persist.sys.power.touch=0
persist.sys.pwctl.wl=1
persist.sys.pwctl.gps=1
persist.sys.pwctl.gps.onlysave=0
persist.sys.pwctl.guru=1
persist.sys.pwctl.enable=1
persist.sys.pwctl.appidle=1
persist.sys.pwctl.appidle.force=1
persist.sys.pwctl.bgclean=1
persist.sys.pwctl.appstats=0
persist.sys.pwctl.onlysave=0
persist.sys.sdcardfs=force_on
persist.sys.heartbeat.enable=1
persist.sys.disable_rescue=true
service.wait_for_bootanim=1
ro.config.ringtone=Ring_Synth_04.ogg
ro.config.alarm_alert=Alarm_Classic.ogg
ro.config.notification_sound=OnTheHunt.ogg
ro.com.android.dataroaming=true
tombstoned.max_tombstone_count=50
persist.traced.enable=1
sys.usb.state=adb
sys.usb.config=adb
sys.usb.configfs=1
sys.usb.controller=musb-hdrc.1.auto
ro.odm.build.id=SP2A.220405.004
ro.odm.build.tags=test-keys
ro.odm.build.type=eng
ro.odm.build.version.sdk=32
ro.odm.build.version.release=12
ro.odm.build.version.release_or_codename=16.1.0
ro.odm.product.cpu.abilist=arm64-v8a,armeabi-v7a,armeabi
ro.odm.product.cpu.abilist32=armeabi-v7a,armeabi
ro.odm.product.cpu.abilist64=arm64-v8a
ro.vendor.ko.mount.point=/mnt/vendor
ro.vendor.sp.dev=/proc/pmic/
ro.vendor.sp.log=/dev/slog_pm
ro.vendor.gpu.boost=0
ro.vendor.wcn.hardware.etcpath=/vendor/firmware
ro.vendor.wcn.hardware.product=marlin3_internal
ro.vendor.ldsp.log=/dev/slog_ldsp
ro.vendor.keybox.id.value=Z60
ro.vendor.display.sr=true
ro.vendor.product.partitionpath=/dev/block/by-name/
persist.vendor.eng.jeita=1
persist.vendor.eng.reset=1
persist.vendor.nhmonitor=on
ro.vendor.build.security_patch=2099-12-31
ro.virtual_ab.enabled=true
ro.virtual_ab.compression.enabled=true
ro.crypto.type=file
ro.crypto.state=encrypted
wifi.interface=wlan0

I:Overriding ro.build.date.utc with value: "0"
I:Overriding ro.bootimage.build.date.utc with value: "0"
I:Overriding ro.vendor.build.date.utc with value: "0"
I:Overriding ro.system.build.date.utc with value: "0"
I:Overriding ro.system_ext.build.date.utc with value: "0"
I:Overriding ro.product.build.date.utc with value: "0"
I:Overriding ro.odm.build.date.utc with value: "0"
copying '/data/misc/keystore/persistent.sqlite' to '/tmp/misc/keystore/persistent.sqlite'
SELinux contexts loaded from /file_contexts
Full SELinux support is present.
I:Switching packages (TWRP)


Partition Logs:
/spl |  | Size: 0MB
   Flags: SlotSelect 
   Primary_Block_Device: /dev/block/mmcblk0boot0
   Display_Name: spl
   Storage_Name: spl
   Backup_Path: /spl
   Backup_Name: spl
   Backup_Display_Name: spl
   Storage_Path: /spl
   Current_File_System: emmc
   Fstab_File_System: emmc
   Backup_Method: dd

/spl_bk |  | Size: 0MB
   Flags: 
   Primary_Block_Device: /dev/block/mmcblk0boot1
   Display_Name: spl_bk
   Storage_Name: spl_bk
   Backup_Path: /spl_bk
   Backup_Name: spl_bk
   Backup_Display_Name: spl_bk
   Storage_Path: /spl_bk
   Current_File_System: emmc
   Fstab_File_System: emmc
   Backup_Method: dd

/uboot | /dev/block/by-name/uboot_a | Size: 3MB
   Flags: IsPresent SlotSelect 
   Primary_Block_Device: /dev/block/by-name/uboot
   Display_Name: uboot
   Storage_Name: uboot
   Backup_Path: /uboot
   Backup_Name: uboot
   Backup_Display_Name: uboot
   Storage_Path: /uboot
   Current_File_System: emmc
   Fstab_File_System: emmc
   Backup_Method: dd

/sml | /dev/block/by-name/sml_a | Size: 1MB
   Flags: IsPresent SlotSelect 
   Primary_Block_Device: /dev/block/by-name/sml
   Display_Name: sml
   Storage_Name: sml
   Backup_Path: /sml
   Backup_Name: sml
   Backup_Display_Name: sml
   Storage_Path: /sml
   Current_File_System: emmc
   Fstab_File_System: emmc
   Backup_Method: dd

/tos | /dev/block/by-name/trustos_a | Size: 6MB
   Flags: IsPresent SlotSelect 
   Primary_Block_Device: /dev/block/by-name/trustos
   Display_Name: tos
   Storage_Name: tos
   Backup_Path: /tos
   Backup_Name: tos
   Backup_Display_Name: tos
   Storage_Path: /tos
   Current_File_System: emmc
   Fstab_File_System: emmc
   Backup_Method: dd

/teecfg | /dev/block/by-name/teecfg_a | Size: 1MB
   Flags: IsPresent SlotSelect 
   Primary_Block_Device: /dev/block/by-name/teecfg
   Display_Name: teecfg
   Storage_Name: teecfg
   Backup_Path: /teecfg
   Backup_Name: teecfg
   Backup_Display_Name: teecfg
   Storage_Path: /teecfg
   Current_File_System: emmc
   Fstab_File_System: emmc
   Backup_Method: dd

/vbmeta | /dev/block/by-name/vbmeta_a | Size: 1MB
   Flags: Can_Be_Backed_Up IsPresent Can_Flash_Img SlotSelect 
   Primary_Block_Device: /dev/block/by-name/vbmeta
   Display_Name: vbmeta
   Storage_Name: vbmeta
   Backup_Path: /vbmeta
   Backup_Name: vbmeta
   Backup_Display_Name: vbmeta
   Storage_Path: /vbmeta
   Current_File_System: emmc
   Fstab_File_System: emmc
   Backup_Method: dd

/vbmeta_system | /dev/block/by-name/vbmeta_system_a | Size: 1MB
   Flags: Can_Be_Backed_Up IsPresent SlotSelect 
   Primary_Block_Device: /dev/block/by-name/vbmeta_system
   Display_Name: vbmeta_system
   Storage_Name: vbmeta_system
   Backup_Path: /vbmeta_system
   Backup_Name: vbmeta_system
   Backup_Display_Name: vbmeta_system
   Storage_Path: /vbmeta_system
   Current_File_System: emmc
   Fstab_File_System: emmc
   Backup_Method: dd

/vbmeta_vendor | /dev/block/by-name/vbmeta_vendor_a | Size: 1MB
   Flags: Can_Be_Backed_Up IsPresent SlotSelect 
   Primary_Block_Device: /dev/block/by-name/vbmeta_vendor
   Display_Name: vbmeta_vendor
   Storage_Name: vbmeta_vendor
   Backup_Path: /vbmeta_vendor
   Backup_Name: vbmeta_vendor
   Backup_Display_Name: vbmeta_vendor
   Storage_Path: /vbmeta_vendor
   Current_File_System: emmc
   Fstab_File_System: emmc
   Backup_Method: dd

/dtbo | /dev/block/by-name/dtbo_a | Size: 8MB
   Flags: Can_Be_Backed_Up IsPresent Can_Flash_Img SlotSelect 
   Primary_Block_Device: /dev/block/by-name/dtbo
   Display_Name: dtbo
   Storage_Name: dtbo
   Backup_Path: /dtbo
   Backup_Name: dtbo
   Backup_Display_Name: dtbo
   Storage_Path: /dtbo
   Current_File_System: emmc
   Fstab_File_System: emmc
   Backup_Method: dd

/ltedsp | /dev/block/by-name/l_ldsp_a | Size: 20MB
   Flags: IsPresent SlotSelect 
   Primary_Block_Device: /dev/block/by-name/l_ldsp
   Display_Name: ltedsp
   Storage_Name: ltedsp
   Backup_Path: /ltedsp
   Backup_Name: ltedsp
   Backup_Display_Name: ltedsp
   Storage_Path: /ltedsp
   Current_File_System: emmc
   Fstab_File_System: emmc
   Backup_Method: dd

/ltegdsp | /dev/block/by-name/l_gdsp_a | Size: 10MB
   Flags: IsPresent SlotSelect 
   Primary_Block_Device: /dev/block/by-name/l_gdsp
   Display_Name: ltegdsp
   Storage_Name: ltegdsp
   Backup_Path: /ltegdsp
   Backup_Name: ltegdsp
   Backup_Display_Name: ltegdsp
   Storage_Path: /ltegdsp
   Current_File_System: emmc
   Fstab_File_System: emmc
   Backup_Method: dd

/lteagdsp | /dev/block/by-name/l_agdsp_a | Size: 6MB
   Flags: IsPresent SlotSelect 
   Primary_Block_Device: /dev/block/by-name/l_agdsp
   Display_Name: lteagdsp
   Storage_Name: lteagdsp
   Backup_Path: /lteagdsp
   Backup_Name: lteagdsp
   Backup_Display_Name: lteagdsp
   Storage_Path: /lteagdsp
   Current_File_System: emmc
   Fstab_File_System: emmc
   Backup_Method: dd

/ltecdsp |  | Size: 0MB
   Flags: SlotSelect 
   Primary_Block_Device: /dev/block/by-name/l_cdsp
   Display_Name: ltecdsp
   Storage_Name: ltecdsp
   Backup_Path: /ltecdsp
   Backup_Name: ltecdsp
   Backup_Display_Name: ltecdsp
   Storage_Path: /ltecdsp
   Current_File_System: emmc
   Fstab_File_System: emmc
   Backup_Method: dd

/ltemodem | /dev/block/by-name/l_modem_a | Size: 25MB
   Flags: IsPresent SlotSelect 
   Primary_Block_Device: /dev/block/by-name/l_modem
   Display_Name: ltemodem
   Storage_Name: ltemodem
   Backup_Path: /ltemodem
   Backup_Name: ltemodem
   Backup_Display_Name: ltemodem
   Storage_Path: /ltemodem
   Current_File_System: emmc
   Fstab_File_System: emmc
   Backup_Method: dd

/ltefixnv1 |  | Size: 0MB
   Flags: 
   Primary_Block_Device: /dev/block/by-name/l_fixnv1
   Display_Name: ltefixnv1
   Storage_Name: ltefixnv1
   Backup_Path: /ltefixnv1
   Backup_Name: ltefixnv1
   Backup_Display_Name: ltefixnv1
   Storage_Path: /ltefixnv1
   Current_File_System: emmc
   Fstab_File_System: emmc
   Backup_Method: dd

/ltefixnv2 |  | Size: 0MB
   Flags: 
   Primary_Block_Device: /dev/block/by-name/l_fixnv2
   Display_Name: ltefixnv2
   Storage_Name: ltefixnv2
   Backup_Path: /ltefixnv2
   Backup_Name: ltefixnv2
   Backup_Display_Name: ltefixnv2
   Storage_Path: /ltefixnv2
   Current_File_System: emmc
   Fstab_File_System: emmc
   Backup_Method: dd

/ltedeltanv | /dev/block/by-name/l_deltanv_a | Size: 1MB
   Flags: IsPresent SlotSelect 
   Primary_Block_Device: /dev/block/by-name/l_deltanv
   Display_Name: ltedeltanv
   Storage_Name: ltedeltanv
   Backup_Path: /ltedeltanv
   Backup_Name: ltedeltanv
   Backup_Display_Name: ltedeltanv
   Storage_Path: /ltedeltanv
   Current_File_System: emmc
   Fstab_File_System: emmc
   Backup_Method: dd

/lteruntimenv1 | /dev/block/sda17 | Size: 2MB
   Flags: IsPresent 
   Primary_Block_Device: /dev/block/sda17
   Display_Name: lteruntimenv1
   Storage_Name: lteruntimenv1
   Backup_Path: /lteruntimenv1
   Backup_Name: lteruntimenv1
   Backup_Display_Name: lteruntimenv1
   Storage_Path: /lteruntimenv1
   Current_File_System: emmc
   Fstab_File_System: emmc
   Backup_Method: dd

/lteruntimenv2 | /dev/block/sda18 | Size: 2MB
   Flags: IsPresent 
   Primary_Block_Device: /dev/block/sda18
   Display_Name: lteruntimenv2
   Storage_Name: lteruntimenv2
   Backup_Path: /lteruntimenv2
   Backup_Name: lteruntimenv2
   Backup_Display_Name: lteruntimenv2
   Storage_Path: /lteruntimenv2
   Current_File_System: emmc
   Fstab_File_System: emmc
   Backup_Method: dd

/wcnmodem | /dev/block/by-name/wcnmodem_a | Size: 10MB
   Flags: IsPresent SlotSelect 
   Primary_Block_Device: /dev/block/by-name/wcnmodem
   Display_Name: wcnmodem
   Storage_Name: wcnmodem
   Backup_Path: /wcnmodem
   Backup_Name: wcnmodem
   Backup_Display_Name: wcnmodem
   Storage_Path: /wcnmodem
   Current_File_System: emmc
   Fstab_File_System: emmc
   Backup_Method: dd

/gnssmodem | /dev/block/by-name/gnssmodem_a | Size: 1MB
   Flags: IsPresent SlotSelect 
   Primary_Block_Device: /dev/block/by-name/gnssmodem
   Display_Name: gnssmodem
   Storage_Name: gnssmodem
   Backup_Path: /gnssmodem
   Backup_Name: gnssmodem
   Backup_Display_Name: gnssmodem
   Storage_Path: /gnssmodem
   Current_File_System: emmc
   Fstab_File_System: emmc
   Backup_Method: dd

/pmsys | /dev/block/by-name/pm_sys_a | Size: 1MB
   Flags: IsPresent SlotSelect 
   Primary_Block_Device: /dev/block/by-name/pm_sys
   Display_Name: pmsys
   Storage_Name: pmsys
   Backup_Path: /pmsys
   Backup_Name: pmsys
   Backup_Display_Name: pmsys
   Storage_Path: /pmsys
   Current_File_System: emmc
   Fstab_File_System: emmc
   Backup_Method: dd

/misc | /dev/block/sda3 | Size: 1MB
   Flags: IsPresent 
   Primary_Block_Device: /dev/block/sda3
   Display_Name: misc
   Storage_Name: misc
   Backup_Path: /misc
   Backup_Name: misc
   Backup_Display_Name: misc
   Storage_Path: /misc
   Current_File_System: emmc
   Fstab_File_System: emmc
   Backup_Method: dd

/boot | /dev/block/sda40 | Size: 64MB
   Flags: Can_Be_Backed_Up IsPresent Can_Flash_Img SlotSelect 
   Primary_Block_Device: /dev/block/sda40
   Display_Name: boot
   Storage_Name: boot
   Backup_Path: /boot
   Backup_Name: boot
   Backup_Display_Name: Boot
   Storage_Path: /boot
   Current_File_System: emmc
   Fstab_File_System: emmc
   Backup_Method: dd

/persist | /dev/block/sda23 | Size: 2MB
   Flags: IsPresent 
   Primary_Block_Device: /dev/block/sda23
   Display_Name: persist
   Storage_Name: persist
   Backup_Path: /persist
   Backup_Name: persist
   Backup_Display_Name: persist
   Storage_Path: /persist
   Current_File_System: emmc
   Fstab_File_System: emmc
   Backup_Method: dd

/logo | /dev/block/sda11 | Size: 8MB
   Flags: IsPresent 
   Primary_Block_Device: /dev/block/sda11
   Display_Name: logo
   Storage_Name: logo
   Backup_Path: /logo
   Backup_Name: logo
   Backup_Display_Name: logo
   Storage_Path: /logo
   Current_File_System: emmc
   Fstab_File_System: emmc
   Backup_Method: dd

/fbootlogo | /dev/block/sda12 | Size: 8MB
   Flags: IsPresent 
   Primary_Block_Device: /dev/block/sda12
   Display_Name: fbootlogo
   Storage_Name: fbootlogo
   Backup_Path: /fbootlogo
   Backup_Name: fbootlogo
   Backup_Display_Name: fbootlogo
   Storage_Path: /fbootlogo
   Current_File_System: emmc
   Fstab_File_System: emmc
   Backup_Method: dd

/system_root | system | Size: 0MB Used: 0MB Free: 0MB Backup Size: 0MB
   Flags: Can_Be_Mounted IsPresent SlotSelect Mount_Read_Only 
   Primary_Block_Device: system
   Display_Name: System
   Storage_Name: System
   Backup_Path: /system_root
   Backup_Name: system
   Backup_Display_Name: System
   Storage_Path: /system_root
   Current_File_System: erofs
   Fstab_File_System: erofs
   Backup_Method: files

/system_ext | system_ext | Size: 0MB Used: 0MB Free: 0MB Backup Size: 0MB
   Flags: Can_Be_Mounted Can_Be_Wiped Can_Be_Backed_Up Wipe_Available_in_GUI IsPresent SlotSelect Mount_Read_Only 
   Primary_Block_Device: system_ext
   Display_Name: System_EXT
   Storage_Name: System_EXT
   Backup_Path: /system_ext
   Backup_Name: System_EXT
   Backup_Display_Name: System_EXT
   Storage_Path: /system_ext
   Current_File_System: erofs
   Fstab_File_System: erofs
   Backup_Method: files

/vendor | vendor | Size: 0MB Used: 0MB Free: 0MB Backup Size: 0MB
   Flags: Can_Be_Mounted Can_Be_Wiped IsPresent SlotSelect Mount_Read_Only 
   Primary_Block_Device: vendor
   Display_Name: Vendor
   Storage_Name: Vendor
   Backup_Path: /vendor
   Backup_Name: vendor
   Backup_Display_Name: Vendor
   Storage_Path: /vendor
   Current_File_System: erofs
   Fstab_File_System: erofs
   Backup_Method: files

/product | product | Size: 0MB Used: 0MB Free: 0MB Backup Size: 0MB
   Flags: Can_Be_Mounted Can_Be_Wiped Can_Be_Backed_Up Wipe_Available_in_GUI IsPresent SlotSelect Mount_Read_Only 
   Primary_Block_Device: product
   Display_Name: Product
   Storage_Name: Product
   Backup_Path: /product
   Backup_Name: Product
   Backup_Display_Name: Product
   Storage_Path: /product
   Current_File_System: erofs
   Fstab_File_System: erofs
   Backup_Method: files

/vendor_dlkm | vendor_dlkm | Size: 0MB Used: 0MB Free: 0MB Backup Size: 0MB
   Flags: Can_Be_Mounted Can_Be_Wiped IsPresent SlotSelect Mount_Read_Only 
   Primary_Block_Device: vendor_dlkm
   Display_Name: Vendor DLKM
   Storage_Name: Vendor DLKM
   Backup_Path: /vendor_dlkm
   Backup_Name: vendor_dlkm
   Backup_Display_Name: Vendor DLKM
   Storage_Path: /vendor_dlkm
   Current_File_System: ext4
   Fstab_File_System: ext4
   Backup_Method: files
   Mount_Flags: 1024, Mount_Options: 

/data | /dev/block/sda72 | Size: 0MB Used: 0MB Free: 0MB Backup Size: 0MB
   Flags: Can_Be_Mounted Can_Be_Wiped Can_Be_Backed_Up Wipe_During_Factory_Reset Wipe_Available_in_GUI IsPresent Can_Be_Encrypted Is_Encrypted Has_Data_Media Can_Encrypt_Backup Use_Userdata_Encryption Is_Storage Is_Settings_Storage 
   Symlink_Path: /data/media
   Symlink_Mount_Point: /sdcard
   Primary_Block_Device: /dev/block/sda72
   Display_Name: Data
   Storage_Name: Internal Storage
   Backup_Path: /data
   Backup_Name: data
   Backup_Display_Name: Data
   Storage_Path: /data/media
   Current_File_System: f2fs
   Fstab_File_System: f2fs
   Backup_Method: files
   Mount_Flags: 1030, Mount_Options: discard,reserve_root=32768,resgid=1065,inline_xattr,inline_data,inlinecrypt,fsync_mode=nobarrier
   MTP_Storage_ID: 65537
   Metadata Key Directory: /metadata/vold/metadata_encryption

/mnt/vendor | /dev/block/sda1 | Size: 5MB Used: 0MB Free: 5MB Backup Size: 0MB
   Flags: Can_Be_Mounted Can_Be_Wiped IsPresent 
   Primary_Block_Device: /dev/block/sda1
   Display_Name: mnt/vendor
   Storage_Name: mnt/vendor
   Backup_Path: /mnt/vendor
   Backup_Name: mnt/vendor
   Backup_Display_Name: mnt/vendor
   Storage_Path: /mnt/vendor
   Current_File_System: ext4
   Fstab_File_System: ext4
   Backup_Method: files
   Mount_Flags: 1030, Mount_Options: nomblk_io_submit,noauto_da_alloc

/storage/sdcard0 | /dev/block/mmcblk1p1 | Size: 61055MB Used: 13720MB Free: 47334MB Backup Size: 13720MB
   Flags: Can_Be_Mounted Can_Be_Wiped IsPresent 
   Primary_Block_Device: /dev/block/mmcblk1p1
   Display_Name: storage/sdcard0
   Storage_Name: storage/sdcard0
   Backup_Path: /storage/sdcard0
   Backup_Name: storage/sdcard0
   Backup_Display_Name: storage/sdcard0
   Storage_Path: /storage/sdcard0
   Current_File_System: exfat
   Fstab_File_System: vfat
   Backup_Method: files

/external_sd | /dev/block/mmcblk1p1 | Size: 61055MB Used: 13720MB Free: 47334MB Backup Size: 13720MB
   Flags: Can_Be_Mounted Can_Be_Wiped Wipe_Available_in_GUI Removable IsPresent Is_Storage 
   Primary_Block_Device: /dev/block/mmcblk1p1
   Alternate_Block_Device: /dev/block/mmcblk1
   Display_Name: external_sd
   Storage_Name: external_sd
   Backup_Path: /external_sd
   Backup_Name: external_sd
   Backup_Display_Name: external_sd
   Storage_Path: /external_sd
   Current_File_System: exfat
   Fstab_File_System: vfat
   Backup_Method: files
   Mount_Flags: 0, Mount_Options: utf8
   MTP_Storage_ID: 65538

/product_image | /dev/block/dm-3 | Size: 1317MB
   Flags: Can_Be_Backed_Up IsPresent Can_Flash_Img 
   Primary_Block_Device: /dev/block/dm-3
   Display_Name: Product image
   Storage_Name: Product image
   Backup_Path: /product_image
   Backup_Name: product_image
   Backup_Display_Name: Product image
   Storage_Path: /product_image
   Current_File_System: emmc
   Fstab_File_System: emmc
   Backup_Method: dd

/system_ext_image | /dev/block/dm-1 | Size: 213MB
   Flags: Can_Be_Backed_Up IsPresent Can_Flash_Img 
   Primary_Block_Device: /dev/block/dm-1
   Display_Name: System_ext image
   Storage_Name: System_ext image
   Backup_Path: /system_ext_image
   Backup_Name: system_ext_image
   Backup_Display_Name: System_ext image
   Storage_Path: /system_ext_image
   Current_File_System: emmc
   Fstab_File_System: emmc
   Backup_Method: dd

/system_image | /dev/block/dm-0 | Size: 570MB
   Flags: Can_Be_Backed_Up IsPresent Can_Flash_Img 
   Primary_Block_Device: /dev/block/dm-0
   Display_Name: System image
   Storage_Name: System image
   Backup_Path: /system_image
   Backup_Name: system_image
   Backup_Display_Name: System image
   Storage_Path: /system_image
   Current_File_System: emmc
   Fstab_File_System: emmc
   Backup_Method: dd

/usb-otg | /dev/block/sda1 | Size: 5MB Used: 0MB Free: 5MB Backup Size: 0MB
   Flags: Can_Be_Mounted Can_Be_Wiped Wipe_Available_in_GUI Removable IsPresent Is_Storage 
   Primary_Block_Device: /dev/block/sda1
   Alternate_Block_Device: /dev/block/sda
   Display_Name: usb-otg
   Storage_Name: usb-otg
   Backup_Path: /usb-otg
   Backup_Name: usb-otg
   Backup_Display_Name: usb-otg
   Storage_Path: /usb-otg
   Current_File_System: ext4
   Fstab_File_System: vfat
   Backup_Method: files
   Mount_Flags: 0, Mount_Options: utf8
   MTP_Storage_ID: 65539

/vbmeta_product | /dev/block/by-name/vbmeta_product_a | Size: 1MB
   Flags: Can_Be_Backed_Up IsPresent SlotSelect 
   Primary_Block_Device: /dev/block/by-name/vbmeta_product
   Display_Name: vbmeta_product
   Storage_Name: vbmeta_product
   Backup_Path: /vbmeta_product
   Backup_Name: vbmeta_product
   Backup_Display_Name: vbmeta_product
   Storage_Path: /vbmeta_product
   Current_File_System: emmc
   Fstab_File_System: emmc
   Backup_Method: dd

/vbmeta_system_ext | /dev/block/by-name/vbmeta_system_ext_a | Size: 1MB
   Flags: Can_Be_Backed_Up IsPresent SlotSelect 
   Primary_Block_Device: /dev/block/by-name/vbmeta_system_ext
   Display_Name: vbmeta_system_ext
   Storage_Name: vbmeta_system_ext
   Backup_Path: /vbmeta_system_ext
   Backup_Name: vbmeta_system_ext
   Backup_Display_Name: vbmeta_system_ext
   Storage_Path: /vbmeta_system_ext
   Current_File_System: emmc
   Fstab_File_System: emmc
   Backup_Method: dd

/vendor_boot | /dev/block/by-name/vendor_boot_a | Size: 100MB
   Flags: Can_Be_Backed_Up IsPresent Can_Flash_Img SlotSelect 
   Primary_Block_Device: /dev/block/by-name/vendor_boot
   Display_Name: Vendor Boot
   Storage_Name: Vendor Boot
   Backup_Path: /vendor_boot
   Backup_Name: vendor_boot
   Backup_Display_Name: Vendor Boot
   Storage_Path: /vendor_boot
   Current_File_System: emmc
   Fstab_File_System: emmc
   Backup_Method: dd

/vendor_image | /dev/block/dm-2 | Size: 655MB
   Flags: Can_Be_Backed_Up IsPresent Can_Flash_Img 
   Primary_Block_Device: /dev/block/dm-2
   Display_Name: Vendor image
   Storage_Name: Vendor image
   Backup_Path: /vendor_image
   Backup_Name: vendor_image
   Backup_Display_Name: Vendor image
   Storage_Path: /vendor_image
   Current_File_System: emmc
   Fstab_File_System: emmc
   Backup_Method: dd

/metadata | /dev/block/sda54 | Size: 9MB Used: 0MB Free: 9MB Backup Size: 0MB
   Flags: Can_Be_Mounted Can_Be_Wiped Wipe_Available_in_GUI IsPresent 
   Primary_Block_Device: /dev/block/sda54
   Display_Name: Metadata
   Storage_Name: Metadata
   Backup_Path: /metadata
   Backup_Name: metadata
   Backup_Display_Name: Metadata
   Storage_Path: /metadata
   Current_File_System: ext4
   Fstab_File_System: ext4
   Backup_Method: files
   Mount_Flags: 1030, Mount_Options: 

/super | /dev/block/by-name/super | Size: 0MB
   Flags: Can_Be_Backed_Up IsPresent Can_Flash_Img 
   Alternate_Block_Device: /dev/block/by-name/super
   Display_Name: super
   Backup_Path: /super
   Backup_Name: super
   Backup_Display_Name: Super ()
   Current_File_System: emmc
   Backup_Method: dd

I:Attempt to load settings from settings file...
I:InfoManager file '.twrps' not found.
I:Backup folder set to '/data/media/TWRP/BACKUPS/Z60plusBD2309059028'
I:Unable to open: /data/recovery/.version. Data may be unmounted. Error: No such file or directory
I:Can't probe device /dev/block/sda72
I:Unable to mount '/data'
I:Actual block device: '/dev/block/sda72', current file system: 'f2fs'
I:cmd: /system/bin/exfat-fuse -o big_writes,max_read=131072,max_write=131072 /dev/block/mmcblk1p1 /external_sd
I:TWFunc::Set_Brightness: Setting brightness control to 90
I:Switching packages (TWRP)
I:Set page: 'system_readonly'
I:TWFunc::Set_Brightness: Setting brightness control to 0
I:TWFunc::Set_Brightness: Setting brightness control to 90
I:Cannot find file /sys/class/timed_output/vibrator/enable
I:Set overlay: ''
I:Cannot find file /sys/class/timed_output/vibrator/enable
I:operation_start: 'Toggle System Mount'
I:operation_end - status=0
I:Set page: 'main'
I:Set page: 'clear_vars'
I:Set page: 'main2'
I:Set page: 'main'
I:Set page: 'clear_vars'
I:Set page: 'main2'
I:Recreating /data/recovery/ folder.
I:Can't probe device /dev/block/sda72
I:Unable to mount '/data'
I:Actual block device: '/dev/block/sda72', current file system: 'f2fs'
I:Can't probe device /dev/block/sda72
I:Unable to mount '/data'
I:Actual block device: '/dev/block/sda72', current file system: 'f2fs'
I:Path /data/recovery/log.gz does not exist. Unable to copy file to /data/recovery/last_log.gz
I:Can't probe device /dev/block/sda72
I:Unable to mount '/data'
I:Actual block device: '/dev/block/sda72', current file system: 'f2fs'
I:Can't probe device system
I:Unable to mount '/system_root'
I:Actual block device: 'system', current file system: 'erofs'
I:PageManager::LoadFileToBuffer loading filename: '/twres/languages/en.xml' directly
I:Starting Adb Backup FIFO
parsing languageFile
parsing languageFile done
I:Translating partition display names
I:Backup folder set to '/data/media/TWRP/BACKUPS/Z60plusBD2309059028'
I:Can't probe device system
Failed to mount '/system_root' (Block device required)
I:Actual block device: 'system', current file system: 'erofs'
I:Unable to read sdk version from build prop
I:Switching packages (TWRP)
I:Set page: 'main'
I:Set page: 'clear_vars'
I:Set page: 'main2'
I:Cannot find file /sys/class/timed_output/vibrator/enable
I:Set page: 'settings'
I:Cannot find file /sys/class/timed_output/vibrator/enable
I:Cannot find file /sys/class/timed_output/vibrator/enable
I:Set page: 'settings_timezone'
I:Cannot find file /sys/class/timed_output/vibrator/enable
I:Cannot find file /sys/class/timed_output/vibrator/enable
I:Cannot find file /sys/class/timed_output/vibrator/enable
I:Cannot find file /sys/class/timed_output/vibrator/enable
I:Cannot find file /sys/class/timed_output/vibrator/enable
I:Cannot find file /sys/class/timed_output/vibrator/enable
I:Set page: 'settings_screen'
I:Cannot find file /sys/class/timed_output/vibrator/enable
I:Set page: 'settings_vibration'
I:Set page: 'main'
I:Set page: 'clear_vars'
I:Set page: 'main2'
I:Set page: 'mount'
I:Is_Mounted: Unable to find partition for path '/mnt/vendor'
I:Is_Mounted: Unable to find partition for path '/mnt/vendor'
I:Is_Mounted: Unable to find partition for path '/storage/sdcard0'
I:Is_Mounted: Unable to find partition for path '/storage/sdcard0'
I:Is_Mounted: Unable to find partition for path '/mnt/vendor'
I:Is_Mounted: Unable to find partition for path '/mnt/vendor'
I:Is_Mounted: Unable to find partition for path '/storage/sdcard0'
I:Is_Mounted: Unable to find partition for path '/storage/sdcard0'
I:Is_Mounted: Unable to find partition for path '/mnt/vendor'
I:Is_Mounted: Unable to find partition for path '/mnt/vendor'
I:Is_Mounted: Unable to find partition for path '/storage/sdcard0'
I:Is_Mounted: Unable to find partition for path '/storage/sdcard0'
I:Is_Mounted: Unable to find partition for path '/mnt/vendor'
I:Is_Mounted: Unable to find partition for path '/mnt/vendor'
I:Is_Mounted: Unable to find partition for path '/storage/sdcard0'
I:Is_Mounted: Unable to find partition for path '/storage/sdcard0'
I:Is_Mounted: Unable to find partition for path '/mnt/vendor'
I:Is_Mounted: Unable to find partition for path '/mnt/vendor'
I:Is_Mounted: Unable to find partition for path '/storage/sdcard0'
I:Is_Mounted: Unable to find partition for path '/storage/sdcard0'
I:Is_Mounted: Unable to find partition for path '/mnt/vendor'
I:Is_Mounted: Unable to find partition for path '/mnt/vendor'
I:Is_Mounted: Unable to find partition for path '/storage/sdcard0'
I:Is_Mounted: Unable to find partition for path '/storage/sdcard0'
I:Is_Mounted: Unable to find partition for path '/mnt/vendor'
I:Is_Mounted: Unable to find partition for path '/mnt/vendor'
I:Is_Mounted: Unable to find partition for path '/storage/sdcard0'
I:Is_Mounted: Unable to find partition for path '/storage/sdcard0'
I:Is_Mounted: Unable to find partition for path '/mnt/vendor'
I:Is_Mounted: Unable to find partition for path '/mnt/vendor'
I:Is_Mounted: Unable to find partition for path '/storage/sdcard0'
I:Is_Mounted: Unable to find partition for path '/storage/sdcard0'
I:Is_Mounted: Unable to find partition for path '/mnt/vendor'
I:Is_Mounted: Unable to find partition for path '/mnt/vendor'
I:Is_Mounted: Unable to find partition for path '/storage/sdcard0'
I:Is_Mounted: Unable to find partition for path '/storage/sdcard0'
I:Is_Mounted: Unable to find partition for path '/mnt/vendor'
I:Is_Mounted: Unable to find partition for path '/mnt/vendor'
I:Is_Mounted: Unable to find partition for path '/storage/sdcard0'
I:Is_Mounted: Unable to find partition for path '/storage/sdcard0'
I:Is_Mounted: Unable to find partition for path '/mnt/vendor'
I:Is_Mounted: Unable to find partition for path '/mnt/vendor'
I:Is_Mounted: Unable to find partition for path '/storage/sdcard0'
I:Is_Mounted: Unable to find partition for path '/storage/sdcard0'
I:Is_Mounted: Unable to find partition for path '/mnt/vendor'
I:Is_Mounted: Unable to find partition for path '/mnt/vendor'
I:Is_Mounted: Unable to find partition for path '/storage/sdcard0'
I:Is_Mounted: Unable to find partition for path '/storage/sdcard0'
I:Is_Mounted: Unable to find partition for path '/mnt/vendor'
I:Is_Mounted: Unable to find partition for path '/mnt/vendor'
I:Is_Mounted: Unable to find partition for path '/storage/sdcard0'
I:Is_Mounted: Unable to find partition for path '/storage/sdcard0'
I:Is_Mounted: Unable to find partition for path '/mnt/vendor'
I:Is_Mounted: Unable to find partition for path '/mnt/vendor'
I:Is_Mounted: Unable to find partition for path '/storage/sdcard0'
I:Is_Mounted: Unable to find partition for path '/storage/sdcard0'
I:Is_Mounted: Unable to find partition for path '/mnt/vendor'
I:Is_Mounted: Unable to find partition for path '/mnt/vendor'
I:Is_Mounted: Unable to find partition for path '/storage/sdcard0'
I:Is_Mounted: Unable to find partition for path '/storage/sdcard0'
I:Is_Mounted: Unable to find partition for path '/mnt/vendor'
I:Is_Mounted: Unable to find partition for path '/mnt/vendor'
I:Is_Mounted: Unable to find partition for path '/storage/sdcard0'
I:Is_Mounted: Unable to find partition for path '/storage/sdcard0'
I:Is_Mounted: Unable to find partition for path '/mnt/vendor'
I:Is_Mounted: Unable to find partition for path '/mnt/vendor'
I:Is_Mounted: Unable to find partition for path '/storage/sdcard0'
I:Is_Mounted: Unable to find partition for path '/storage/sdcard0'
I:Is_Mounted: Unable to find partition for path '/mnt/vendor'
I:Is_Mounted: Unable to find partition for path '/mnt/vendor'
I:Is_Mounted: Unable to find partition for path '/storage/sdcard0'
I:Is_Mounted: Unable to find partition for path '/storage/sdcard0'
I:Is_Mounted: Unable to find partition for path '/mnt/vendor'
I:Is_Mounted: Unable to find partition for path '/mnt/vendor'
I:Is_Mounted: Unable to find partition for path '/storage/sdcard0'
I:Is_Mounted: Unable to find partition for path '/storage/sdcard0'
I:Is_Mounted: Unable to find partition for path '/mnt/vendor'
I:Is_Mounted: Unable to find partition for path '/mnt/vendor'
I:Is_Mounted: Unable to find partition for path '/storage/sdcard0'
I:Is_Mounted: Unable to find partition for path '/storage/sdcard0'
I:Is_Mounted: Unable to find partition for path '/mnt/vendor'
I:Is_Mounted: Unable to find partition for path '/mnt/vendor'
I:Is_Mounted: Unable to find partition for path '/storage/sdcard0'
I:Is_Mounted: Unable to find partition for path '/storage/sdcard0'
I:Is_Mounted: Unable to find partition for path '/mnt/vendor'
I:Is_Mounted: Unable to find partition for path '/mnt/vendor'
I:Is_Mounted: Unable to find partition for path '/storage/sdcard0'
I:Is_Mounted: Unable to find partition for path '/storage/sdcard0'
I:Is_Mounted: Unable to find partition for path '/mnt/vendor'
I:Is_Mounted: Unable to find partition for path '/mnt/vendor'
I:Is_Mounted: Unable to find partition for path '/storage/sdcard0'
I:Is_Mounted: Unable to find partition for path '/storage/sdcard0'
I:Can't probe device system
Failed to mount '/system_root' (Block device required)
I:Actual block device: 'system', current file system: 'erofs'
I:Is_Mounted: Unable to find partition for path '/mnt/vendor'
I:Is_Mounted: Unable to find partition for path '/mnt/vendor'
I:Is_Mounted: Unable to find partition for path '/storage/sdcard0'
I:Is_Mounted: Unable to find partition for path '/storage/sdcard0'
I:Is_Mounted: Unable to find partition for path '/mnt/vendor'
I:Is_Mounted: Unable to find partition for path '/mnt/vendor'
I:Is_Mounted: Unable to find partition for path '/storage/sdcard0'
I:Is_Mounted: Unable to find partition for path '/storage/sdcard0'
I:Is_Mounted: Unable to find partition for path '/mnt/vendor'
I:Is_Mounted: Unable to find partition for path '/mnt/vendor'
I:Is_Mounted: Unable to find partition for path '/storage/sdcard0'
I:Is_Mounted: Unable to find partition for path '/storage/sdcard0'
I:Is_Mounted: Unable to find partition for path '/mnt/vendor'
I:Is_Mounted: Unable to find partition for path '/mnt/vendor'
I:Is_Mounted: Unable to find partition for path '/storage/sdcard0'
I:Is_Mounted: Unable to find partition for path '/storage/sdcard0'
I:Is_Mounted: Unable to find partition for path '/mnt/vendor'
I:Is_Mounted: Unable to find partition for path '/mnt/vendor'
I:Is_Mounted: Unable to find partition for path '/storage/sdcard0'
I:Is_Mounted: Unable to find partition for path '/storage/sdcard0'
I:Is_Mounted: Unable to find partition for path '/mnt/vendor'
I:Is_Mounted: Unable to find partition for path '/mnt/vendor'
I:Is_Mounted: Unable to find partition for path '/storage/sdcard0'
I:Is_Mounted: Unable to find partition for path '/storage/sdcard0'
I:Is_Mounted: Unable to find partition for path '/mnt/vendor'
I:Is_Mounted: Unable to find partition for path '/mnt/vendor'
I:Is_Mounted: Unable to find partition for path '/storage/sdcard0'
I:Is_Mounted: Unable to find partition for path '/storage/sdcard0'
I:Is_Mounted: Unable to find partition for path '/mnt/vendor'
I:Is_Mounted: Unable to find partition for path '/mnt/vendor'
I:Is_Mounted: Unable to find partition for path '/storage/sdcard0'
I:Is_Mounted: Unable to find partition for path '/storage/sdcard0'
I:Is_Mounted: Unable to find partition for path '/mnt/vendor'
I:Is_Mounted: Unable to find partition for path '/mnt/vendor'
I:Is_Mounted: Unable to find partition for path '/storage/sdcard0'
I:Is_Mounted: Unable to find partition for path '/storage/sdcard0'
I:Is_Mounted: Unable to find partition for path '/mnt/vendor'
I:Is_Mounted: Unable to find partition for path '/mnt/vendor'
I:Is_Mounted: Unable to find partition for path '/storage/sdcard0'
I:Is_Mounted: Unable to find partition for path '/storage/sdcard0'
I:Is_Mounted: Unable to find partition for path '/mnt/vendor'
I:Is_Mounted: Unable to find partition for path '/mnt/vendor'
I:Is_Mounted: Unable to find partition for path '/storage/sdcard0'
I:Is_Mounted: Unable to find partition for path '/storage/sdcard0'
I:Can't probe device system_ext
Failed to mount '/system_ext' (Block device required)
I:Actual block device: 'system_ext', current file system: 'erofs'
I:Is_Mounted: Unable to find partition for path '/mnt/vendor'
I:Is_Mounted: Unable to find partition for path '/mnt/vendor'
I:Is_Mounted: Unable to find partition for path '/storage/sdcard0'
I:Is_Mounted: Unable to find partition for path '/storage/sdcard0'
I:Is_Mounted: Unable to find partition for path '/mnt/vendor'
I:Is_Mounted: Unable to find partition for path '/mnt/vendor'
I:Is_Mounted: Unable to find partition for path '/storage/sdcard0'
I:Is_Mounted: Unable to find partition for path '/storage/sdcard0'
I:Is_Mounted: Unable to find partition for path '/mnt/vendor'
I:Is_Mounted: Unable to find partition for path '/mnt/vendor'
I:Is_Mounted: Unable to find partition for path '/storage/sdcard0'
I:Is_Mounted: Unable to find partition for path '/storage/sdcard0'
I:Is_Mounted: Unable to find partition for path '/mnt/vendor'
I:Is_Mounted: Unable to find partition for path '/mnt/vendor'
I:Is_Mounted: Unable to find partition for path '/storage/sdcard0'
I:Is_Mounted: Unable to find partition for path '/storage/sdcard0'
I:Is_Mounted: Unable to find partition for path '/mnt/vendor'
I:Is_Mounted: Unable to find partition for path '/mnt/vendor'
I:Is_Mounted: Unable to find partition for path '/storage/sdcard0'
I:Is_Mounted: Unable to find partition for path '/storage/sdcard0'
I:Is_Mounted: Unable to find partition for path '/mnt/vendor'
I:Is_Mounted: Unable to find partition for path '/mnt/vendor'
I:Is_Mounted: Unable to find partition for path '/storage/sdcard0'
I:Is_Mounted: Unable to find partition for path '/storage/sdcard0'
I:Is_Mounted: Unable to find partition for path '/mnt/vendor'
I:Is_Mounted: Unable to find partition for path '/mnt/vendor'
I:Is_Mounted: Unable to find partition for path '/storage/sdcard0'
I:Is_Mounted: Unable to find partition for path '/storage/sdcard0'
I:Is_Mounted: Unable to find partition for path '/mnt/vendor'
I:Is_Mounted: Unable to find partition for path '/mnt/vendor'
I:Is_Mounted: Unable to find partition for path '/storage/sdcard0'
I:Is_Mounted: Unable to find partition for path '/storage/sdcard0'
I:Is_Mounted: Unable to find partition for path '/mnt/vendor'
I:Is_Mounted: Unable to find partition for path '/mnt/vendor'
I:Is_Mounted: Unable to find partition for path '/storage/sdcard0'
I:Is_Mounted: Unable to find partition for path '/storage/sdcard0'
I:Is_Mounted: Unable to find partition for path '/mnt/vendor'
I:Is_Mounted: Unable to find partition for path '/mnt/vendor'
I:Is_Mounted: Unable to find partition for path '/storage/sdcard0'
I:Is_Mounted: Unable to find partition for path '/storage/sdcard0'
I:Is_Mounted: Unable to find partition for path '/mnt/vendor'
I:Is_Mounted: Unable to find partition for path '/mnt/vendor'
I:Is_Mounted: Unable to find partition for path '/storage/sdcard0'
I:Is_Mounted: Unable to find partition for path '/storage/sdcard0'
I:Is_Mounted: Unable to find partition for path '/mnt/vendor'
I:Is_Mounted: Unable to find partition for path '/mnt/vendor'
I:Is_Mounted: Unable to find partition for path '/storage/sdcard0'
I:Is_Mounted: Unable to find partition for path '/storage/sdcard0'
I:Can't probe device vendor
Failed to mount '/vendor' (Block device required)
I:Actual block device: 'vendor', current file system: 'erofs'
I:Is_Mounted: Unable to find partition for path '/mnt/vendor'
I:Is_Mounted: Unable to find partition for path '/mnt/vendor'
I:Is_Mounted: Unable to find partition for path '/storage/sdcard0'
I:Is_Mounted: Unable to find partition for path '/storage/sdcard0'
I:Is_Mounted: Unable to find partition for path '/mnt/vendor'
I:Is_Mounted: Unable to find partition for path '/mnt/vendor'
I:Is_Mounted: Unable to find partition for path '/storage/sdcard0'
I:Is_Mounted: Unable to find partition for path '/storage/sdcard0'
I:Is_Mounted: Unable to find partition for path '/mnt/vendor'
I:Is_Mounted: Unable to find partition for path '/mnt/vendor'
I:Is_Mounted: Unable to find partition for path '/storage/sdcard0'
I:Is_Mounted: Unable to find partition for path '/storage/sdcard0'
I:Is_Mounted: Unable to find partition for path '/mnt/vendor'
I:Is_Mounted: Unable to find partition for path '/mnt/vendor'
I:Is_Mounted: Unable to find partition for path '/storage/sdcard0'
I:Is_Mounted: Unable to find partition for path '/storage/sdcard0'
I:Is_Mounted: Unable to find partition for path '/mnt/vendor'
I:Is_Mounted: Unable to find partition for path '/mnt/vendor'
I:Is_Mounted: Unable to find partition for path '/storage/sdcard0'
I:Is_Mounted: Unable to find partition for path '/storage/sdcard0'
I:Is_Mounted: Unable to find partition for path '/mnt/vendor'
I:Is_Mounted: Unable to find partition for path '/mnt/vendor'
I:Is_Mounted: Unable to find partition for path '/storage/sdcard0'
I:Is_Mounted: Unable to find partition for path '/storage/sdcard0'
I:Is_Mounted: Unable to find partition for path '/mnt/vendor'
I:Is_Mounted: Unable to find partition for path '/mnt/vendor'
I:Is_Mounted: Unable to find partition for path '/storage/sdcard0'
I:Is_Mounted: Unable to find partition for path '/storage/sdcard0'
I:Is_Mounted: Unable to find partition for path '/mnt/vendor'
I:Is_Mounted: Unable to find partition for path '/mnt/vendor'
I:Is_Mounted: Unable to find partition for path '/storage/sdcard0'
I:Is_Mounted: Unable to find partition for path '/storage/sdcard0'
I:Is_Mounted: Unable to find partition for path '/mnt/vendor'
I:Is_Mounted: Unable to find partition for path '/mnt/vendor'
I:Is_Mounted: Unable to find partition for path '/storage/sdcard0'
I:Is_Mounted: Unable to find partition for path '/storage/sdcard0'
I:Is_Mounted: Unable to find partition for path '/mnt/vendor'
I:Is_Mounted: Unable to find partition for path '/mnt/vendor'
I:Is_Mounted: Unable to find partition for path '/storage/sdcard0'
I:Is_Mounted: Unable to find partition for path '/storage/sdcard0'
I:Is_Mounted: Unable to find partition for path '/mnt/vendor'
I:Is_Mounted: Unable to find partition for path '/mnt/vendor'
I:Is_Mounted: Unable to find partition for path '/storage/sdcard0'
I:Is_Mounted: Unable to find partition for path '/storage/sdcard0'
I:Is_Mounted: Unable to find partition for path '/mnt/vendor'
I:Is_Mounted: Unable to find partition for path '/mnt/vendor'
I:Is_Mounted: Unable to find partition for path '/storage/sdcard0'
I:Is_Mounted: Unable to find partition for path '/storage/sdcard0'
I:Is_Mounted: Unable to find partition for path '/mnt/vendor'
I:Is_Mounted: Unable to find partition for path '/mnt/vendor'
I:Is_Mounted: Unable to find partition for path '/storage/sdcard0'
I:Is_Mounted: Unable to find partition for path '/storage/sdcard0'
I:Can't probe device product
Failed to mount '/product' (Block device required)
I:Actual block device: 'product', current file system: 'erofs'
I:Is_Mounted: Unable to find partition for path '/mnt/vendor'
I:Is_Mounted: Unable to find partition for path '/mnt/vendor'
I:Is_Mounted: Unable to find partition for path '/storage/sdcard0'
I:Is_Mounted: Unable to find partition for path '/storage/sdcard0'
I:Is_Mounted: Unable to find partition for path '/mnt/vendor'
I:Is_Mounted: Unable to find partition for path '/mnt/vendor'
I:Is_Mounted: Unable to find partition for path '/storage/sdcard0'
I:Is_Mounted: Unable to find partition for path '/storage/sdcard0'
I:Is_Mounted: Unable to find partition for path '/mnt/vendor'
I:Is_Mounted: Unable to find partition for path '/mnt/vendor'
I:Is_Mounted: Unable to find partition for path '/storage/sdcard0'
I:Is_Mounted: Unable to find partition for path '/storage/sdcard0'
I:Is_Mounted: Unable to find partition for path '/mnt/vendor'
I:Is_Mounted: Unable to find partition for path '/mnt/vendor'
I:Is_Mounted: Unable to find partition for path '/storage/sdcard0'
I:Is_Mounted: Unable to find partition for path '/storage/sdcard0'
I:Is_Mounted: Unable to find partition for path '/mnt/vendor'
I:Is_Mounted: Unable to find partition for path '/mnt/vendor'
I:Is_Mounted: Unable to find partition for path '/storage/sdcard0'
I:Is_Mounted: Unable to find partition for path '/storage/sdcard0'
I:Is_Mounted: Unable to find partition for path '/mnt/vendor'
I:Is_Mounted: Unable to find partition for path '/mnt/vendor'
I:Is_Mounted: Unable to find partition for path '/storage/sdcard0'
I:Is_Mounted: Unable to find partition for path '/storage/sdcard0'
I:Is_Mounted: Unable to find partition for path '/mnt/vendor'
I:Is_Mounted: Unable to find partition for path '/mnt/vendor'
I:Is_Mounted: Unable to find partition for path '/storage/sdcard0'
I:Is_Mounted: Unable to find partition for path '/storage/sdcard0'
I:Is_Mounted: Unable to find partition for path '/mnt/vendor'
I:Is_Mounted: Unable to find partition for path '/mnt/vendor'
I:Is_Mounted: Unable to find partition for path '/storage/sdcard0'
I:Is_Mounted: Unable to find partition for path '/storage/sdcard0'
I:Is_Mounted: Unable to find partition for path '/mnt/vendor'
I:Is_Mounted: Unable to find partition for path '/mnt/vendor'
I:Is_Mounted: Unable to find partition for path '/storage/sdcard0'
I:Is_Mounted: Unable to find partition for path '/storage/sdcard0'
I:Is_Mounted: Unable to find partition for path '/mnt/vendor'
I:Is_Mounted: Unable to find partition for path '/mnt/vendor'
I:Is_Mounted: Unable to find partition for path '/storage/sdcard0'
I:Is_Mounted: Unable to find partition for path '/storage/sdcard0'
I:Is_Mounted: Unable to find partition for path '/mnt/vendor'
I:Is_Mounted: Unable to find partition for path '/mnt/vendor'
I:Is_Mounted: Unable to find partition for path '/storage/sdcard0'
I:Is_Mounted: Unable to find partition for path '/storage/sdcard0'
I:Can't probe device vendor_dlkm
Failed to mount '/vendor_dlkm' (Block device required)
I:Actual block device: 'vendor_dlkm', current file system: 'ext4'
I:Is_Mounted: Unable to find partition for path '/mnt/vendor'
I:Is_Mounted: Unable to find partition for path '/mnt/vendor'
I:Is_Mounted: Unable to find partition for path '/storage/sdcard0'
I:Is_Mounted: Unable to find partition for path '/storage/sdcard0'
I:Is_Mounted: Unable to find partition for path '/mnt/vendor'
I:Is_Mounted: Unable to find partition for path '/mnt/vendor'
I:Is_Mounted: Unable to find partition for path '/storage/sdcard0'
I:Is_Mounted: Unable to find partition for path '/storage/sdcard0'
I:Is_Mounted: Unable to find partition for path '/mnt/vendor'
I:Is_Mounted: Unable to find partition for path '/mnt/vendor'
I:Is_Mounted: Unable to find partition for path '/storage/sdcard0'
I:Is_Mounted: Unable to find partition for path '/storage/sdcard0'
I:Is_Mounted: Unable to find partition for path '/mnt/vendor'
I:Is_Mounted: Unable to find partition for path '/mnt/vendor'
I:Is_Mounted: Unable to find partition for path '/storage/sdcard0'
I:Is_Mounted: Unable to find partition for path '/storage/sdcard0'
I:Is_Mounted: Unable to find partition for path '/mnt/vendor'
I:Is_Mounted: Unable to find partition for path '/mnt/vendor'
I:Is_Mounted: Unable to find partition for path '/storage/sdcard0'
I:Is_Mounted: Unable to find partition for path '/storage/sdcard0'
I:Is_Mounted: Unable to find partition for path '/mnt/vendor'
I:Is_Mounted: Unable to find partition for path '/mnt/vendor'
I:Is_Mounted: Unable to find partition for path '/storage/sdcard0'
I:Is_Mounted: Unable to find partition for path '/storage/sdcard0'
I:Is_Mounted: Unable to find partition for path '/mnt/vendor'
I:Is_Mounted: Unable to find partition for path '/mnt/vendor'
I:Is_Mounted: Unable to find partition for path '/storage/sdcard0'
I:Is_Mounted: Unable to find partition for path '/storage/sdcard0'
I:Is_Mounted: Unable to find partition for path '/mnt/vendor'
I:Is_Mounted: Unable to find partition for path '/mnt/vendor'
I:Is_Mounted: Unable to find partition for path '/storage/sdcard0'
I:Is_Mounted: Unable to find partition for path '/storage/sdcard0'
I:Is_Mounted: Unable to find partition for path '/mnt/vendor'
I:Is_Mounted: Unable to find partition for path '/mnt/vendor'
I:Is_Mounted: Unable to find partition for path '/storage/sdcard0'
I:Is_Mounted: Unable to find partition for path '/storage/sdcard0'
I:Is_Mounted: Unable to find partition for path '/mnt/vendor'
I:Is_Mounted: Unable to find partition for path '/mnt/vendor'
I:Is_Mounted: Unable to find partition for path '/storage/sdcard0'
I:Is_Mounted: Unable to find partition for path '/storage/sdcard0'
I:Is_Mounted: Unable to find partition for path '/mnt/vendor'
I:Is_Mounted: Unable to find partition for path '/mnt/vendor'
I:Is_Mounted: Unable to find partition for path '/storage/sdcard0'
I:Is_Mounted: Unable to find partition for path '/storage/sdcard0'
I:Is_Mounted: Unable to find partition for path '/mnt/vendor'
I:Is_Mounted: Unable to find partition for path '/mnt/vendor'
I:Is_Mounted: Unable to find partition for path '/storage/sdcard0'
I:Is_Mounted: Unable to find partition for path '/storage/sdcard0'
I:Is_Mounted: Unable to find partition for path '/mnt/vendor'
I:Is_Mounted: Unable to find partition for path '/mnt/vendor'
I:Is_Mounted: Unable to find partition for path '/storage/sdcard0'
I:Is_Mounted: Unable to find partition for path '/storage/sdcard0'
I:Can't probe device /dev/block/sda72
Failed to mount '/data' (Invalid argument)
I:Actual block device: '/dev/block/sda72', current file system: 'f2fs'
I:Is_Mounted: Unable to find partition for path '/mnt/vendor'
I:Is_Mounted: Unable to find partition for path '/mnt/vendor'
I:Is_Mounted: Unable to find partition for path '/storage/sdcard0'
I:Is_Mounted: Unable to find partition for path '/storage/sdcard0'
I:Is_Mounted: Unable to find partition for path '/mnt/vendor'
I:Is_Mounted: Unable to find partition for path '/mnt/vendor'
I:Is_Mounted: Unable to find partition for path '/storage/sdcard0'
I:Is_Mounted: Unable to find partition for path '/storage/sdcard0'
I:Is_Mounted: Unable to find partition for path '/mnt/vendor'
I:Is_Mounted: Unable to find partition for path '/mnt/vendor'
I:Is_Mounted: Unable to find partition for path '/storage/sdcard0'
I:Is_Mounted: Unable to find partition for path '/storage/sdcard0'
I:Is_Mounted: Unable to find partition for path '/mnt/vendor'
I:Is_Mounted: Unable to find partition for path '/mnt/vendor'
I:Is_Mounted: Unable to find partition for path '/storage/sdcard0'
I:Is_Mounted: Unable to find partition for path '/storage/sdcard0'
I:Is_Mounted: Unable to find partition for path '/mnt/vendor'
I:Is_Mounted: Unable to find partition for path '/mnt/vendor'
I:Is_Mounted: Unable to find partition for path '/storage/sdcard0'
I:Is_Mounted: Unable to find partition for path '/storage/sdcard0'
I:Is_Mounted: Unable to find partition for path '/mnt/vendor'
I:Is_Mounted: Unable to find partition for path '/mnt/vendor'
I:Is_Mounted: Unable to find partition for path '/storage/sdcard0'
I:Is_Mounted: Unable to find partition for path '/storage/sdcard0'
I:Is_Mounted: Unable to find partition for path '/mnt/vendor'
I:Is_Mounted: Unable to find partition for path '/mnt/vendor'
I:Is_Mounted: Unable to find partition for path '/storage/sdcard0'
I:Is_Mounted: Unable to find partition for path '/storage/sdcard0'
I:Is_Mounted: Unable to find partition for path '/mnt/vendor'
I:Is_Mounted: Unable to find partition for path '/mnt/vendor'
I:Is_Mounted: Unable to find partition for path '/storage/sdcard0'
I:Is_Mounted: Unable to find partition for path '/storage/sdcard0'
I:Is_Mounted: Unable to find partition for path '/mnt/vendor'
I:Is_Mounted: Unable to find partition for path '/mnt/vendor'
I:Is_Mounted: Unable to find partition for path '/storage/sdcard0'
I:Is_Mounted: Unable to find partition for path '/storage/sdcard0'
I:Is_Mounted: Unable to find partition for path '/mnt/vendor'
I:Is_Mounted: Unable to find partition for path '/mnt/vendor'
I:Is_Mounted: Unable to find partition for path '/storage/sdcard0'
I:Is_Mounted: Unable to find partition for path '/storage/sdcard0'
I:Is_Mounted: Unable to find partition for path '/mnt/vendor'
I:Is_Mounted: Unable to find partition for path '/mnt/vendor'
I:Is_Mounted: Unable to find partition for path '/storage/sdcard0'
I:Is_Mounted: Unable to find partition for path '/storage/sdcard0'
I:Is_Mounted: Unable to find partition for path '/mnt/vendor'
I:Is_Mounted: Unable to find partition for path '/mnt/vendor'
I:Is_Mounted: Unable to find partition for path '/storage/sdcard0'
I:Is_Mounted: Unable to find partition for path '/storage/sdcard0'
I:Is_Mounted: Unable to find partition for path '/mnt/vendor'
I:Is_Mounted: Unable to find partition for path '/mnt/vendor'
I:Is_Mounted: Unable to find partition for path '/storage/sdcard0'
I:Is_Mounted: Unable to find partition for path '/storage/sdcard0'
Unable to find partition for path '/mnt'
I:Is_Mounted: Unable to find partition for path '/mnt/vendor'
I:Is_Mounted: Unable to find partition for path '/mnt/vendor'
I:Is_Mounted: Unable to find partition for path '/storage/sdcard0'
I:Is_Mounted: Unable to find partition for path '/storage/sdcard0'
I:Is_Mounted: Unable to find partition for path '/mnt/vendor'
I:Is_Mounted: Unable to find partition for path '/mnt/vendor'
I:Is_Mounted: Unable to find partition for path '/storage/sdcard0'
I:Is_Mounted: Unable to find partition for path '/storage/sdcard0'
I:Is_Mounted: Unable to find partition for path '/mnt/vendor'
I:Is_Mounted: Unable to find partition for path '/mnt/vendor'
I:Is_Mounted: Unable to find partition for path '/storage/sdcard0'
I:Is_Mounted: Unable to find partition for path '/storage/sdcard0'
I:Is_Mounted: Unable to find partition for path '/mnt/vendor'
I:Is_Mounted: Unable to find partition for path '/mnt/vendor'
I:Is_Mounted: Unable to find partition for path '/storage/sdcard0'
I:Is_Mounted: Unable to find partition for path '/storage/sdcard0'
I:Is_Mounted: Unable to find partition for path '/mnt/vendor'
I:Is_Mounted: Unable to find partition for path '/mnt/vendor'
I:Is_Mounted: Unable to find partition for path '/storage/sdcard0'
I:Is_Mounted: Unable to find partition for path '/storage/sdcard0'
I:Is_Mounted: Unable to find partition for path '/mnt/vendor'
I:Is_Mounted: Unable to find partition for path '/mnt/vendor'
I:Is_Mounted: Unable to find partition for path '/storage/sdcard0'
I:Is_Mounted: Unable to find partition for path '/storage/sdcard0'
I:Is_Mounted: Unable to find partition for path '/mnt/vendor'
I:Is_Mounted: Unable to find partition for path '/mnt/vendor'
I:Is_Mounted: Unable to find partition for path '/storage/sdcard0'
I:Is_Mounted: Unable to find partition for path '/storage/sdcard0'
I:Is_Mounted: Unable to find partition for path '/mnt/vendor'
I:Is_Mounted: Unable to find partition for path '/mnt/vendor'
I:Is_Mounted: Unable to find partition for path '/storage/sdcard0'
I:Is_Mounted: Unable to find partition for path '/storage/sdcard0'
I:Is_Mounted: Unable to find partition for path '/mnt/vendor'
I:Is_Mounted: Unable to find partition for path '/mnt/vendor'
I:Is_Mounted: Unable to find partition for path '/storage/sdcard0'
I:Is_Mounted: Unable to find partition for path '/storage/sdcard0'
I:Is_Mounted: Unable to find partition for path '/mnt/vendor'
I:Is_Mounted: Unable to find partition for path '/mnt/vendor'
I:Is_Mounted: Unable to find partition for path '/storage/sdcard0'
I:Is_Mounted: Unable to find partition for path '/storage/sdcard0'
I:Is_Mounted: Unable to find partition for path '/mnt/vendor'
I:Is_Mounted: Unable to find partition for path '/mnt/vendor'
I:Is_Mounted: Unable to find partition for path '/storage/sdcard0'
I:Is_Mounted: Unable to find partition for path '/storage/sdcard0'
I:Is_Mounted: Unable to find partition for path '/mnt/vendor'
I:Is_Mounted: Unable to find partition for path '/mnt/vendor'
I:Is_Mounted: Unable to find partition for path '/storage/sdcard0'
I:Is_Mounted: Unable to find partition for path '/storage/sdcard0'
I:Is_Mounted: Unable to find partition for path '/mnt/vendor'
I:Is_Mounted: Unable to find partition for path '/mnt/vendor'
I:Is_Mounted: Unable to find partition for path '/storage/sdcard0'
I:Is_Mounted: Unable to find partition for path '/storage/sdcard0'
I:Is_Mounted: Unable to find partition for path '/mnt/vendor'
I:Is_Mounted: Unable to find partition for path '/mnt/vendor'
I:Is_Mounted: Unable to find partition for path '/storage/sdcard0'
I:Is_Mounted: Unable to find partition for path '/storage/sdcard0'
I:Is_Mounted: Unable to find partition for path '/mnt/vendor'
I:Is_Mounted: Unable to find partition for path '/mnt/vendor'
I:Is_Mounted: Unable to find partition for path '/storage/sdcard0'
I:Is_Mounted: Unable to find partition for path '/storage/sdcard0'
I:Is_Mounted: Unable to find partition for path '/mnt/vendor'
I:Is_Mounted: Unable to find partition for path '/mnt/vendor'
I:Is_Mounted: Unable to find partition for path '/storage/sdcard0'
I:Is_Mounted: Unable to find partition for path '/storage/sdcard0'
I:Is_Mounted: Unable to find partition for path '/mnt/vendor'
I:Is_Mounted: Unable to find partition for path '/mnt/vendor'
I:Is_Mounted: Unable to find partition for path '/storage/sdcard0'
I:Is_Mounted: Unable to find partition for path '/storage/sdcard0'
I:Is_Mounted: Unable to find partition for path '/mnt/vendor'
I:Is_Mounted: Unable to find partition for path '/mnt/vendor'
I:Is_Mounted: Unable to find partition for path '/storage/sdcard0'
I:Is_Mounted: Unable to find partition for path '/storage/sdcard0'
I:Is_Mounted: Unable to find partition for path '/mnt/vendor'
I:Is_Mounted: Unable to find partition for path '/mnt/vendor'
I:Is_Mounted: Unable to find partition for path '/storage/sdcard0'
I:Is_Mounted: Unable to find partition for path '/storage/sdcard0'
I:Is_Mounted: Unable to find partition for path '/mnt/vendor'
I:Is_Mounted: Unable to find partition for path '/mnt/vendor'
I:Is_Mounted: Unable to find partition for path '/storage/sdcard0'
I:Is_Mounted: Unable to find partition for path '/storage/sdcard0'
I:Is_Mounted: Unable to find partition for path '/mnt/vendor'
I:Is_Mounted: Unable to find partition for path '/mnt/vendor'
I:Is_Mounted: Unable to find partition for path '/storage/sdcard0'
I:Is_Mounted: Unable to find partition for path '/storage/sdcard0'
I:Is_Mounted: Unable to find partition for path '/mnt/vendor'
I:Is_Mounted: Unable to find partition for path '/mnt/vendor'
I:Is_Mounted: Unable to find partition for path '/storage/sdcard0'
I:Is_Mounted: Unable to find partition for path '/storage/sdcard0'
I:Is_Mounted: Unable to find partition for path '/mnt/vendor'
I:Is_Mounted: Unable to find partition for path '/mnt/vendor'
I:Is_Mounted: Unable to find partition for path '/storage/sdcard0'
I:Is_Mounted: Unable to find partition for path '/storage/sdcard0'
Unable to find partition for path '/storage'
I:Is_Mounted: Unable to find partition for path '/mnt/vendor'
I:Is_Mounted: Unable to find partition for path '/mnt/vendor'
I:Is_Mounted: Unable to find partition for path '/storage/sdcard0'
I:Is_Mounted: Unable to find partition for path '/storage/sdcard0'
I:Is_Mounted: Unable to find partition for path '/mnt/vendor'
I:Is_Mounted: Unable to find partition for path '/mnt/vendor'
I:Is_Mounted: Unable to find partition for path '/storage/sdcard0'
I:Is_Mounted: Unable to find partition for path '/storage/sdcard0'
I:Is_Mounted: Unable to find partition for path '/mnt/vendor'
I:Is_Mounted: Unable to find partition for path '/mnt/vendor'
I:Is_Mounted: Unable to find partition for path '/storage/sdcard0'
I:Is_Mounted: Unable to find partition for path '/storage/sdcard0'
I:Is_Mounted: Unable to find partition for path '/mnt/vendor'
I:Is_Mounted: Unable to find partition for path '/mnt/vendor'
I:Is_Mounted: Unable to find partition for path '/storage/sdcard0'
I:Is_Mounted: Unable to find partition for path '/storage/sdcard0'
I:Is_Mounted: Unable to find partition for path '/mnt/vendor'
I:Is_Mounted: Unable to find partition for path '/mnt/vendor'
I:Is_Mounted: Unable to find partition for path '/storage/sdcard0'
I:Is_Mounted: Unable to find partition for path '/storage/sdcard0'
I:Is_Mounted: Unable to find partition for path '/mnt/vendor'
I:Is_Mounted: Unable to find partition for path '/mnt/vendor'
I:Is_Mounted: Unable to find partition for path '/storage/sdcard0'
I:Is_Mounted: Unable to find partition for path '/storage/sdcard0'
I:Is_Mounted: Unable to find partition for path '/mnt/vendor'
I:Is_Mounted: Unable to find partition for path '/mnt/vendor'
I:Is_Mounted: Unable to find partition for path '/storage/sdcard0'
I:Is_Mounted: Unable to find partition for path '/storage/sdcard0'
I:Is_Mounted: Unable to find partition for path '/mnt/vendor'
I:Is_Mounted: Unable to find partition for path '/mnt/vendor'
I:Is_Mounted: Unable to find partition for path '/storage/sdcard0'
I:Is_Mounted: Unable to find partition for path '/storage/sdcard0'
I:Is_Mounted: Unable to find partition for path '/mnt/vendor'
I:Is_Mounted: Unable to find partition for path '/mnt/vendor'
I:Is_Mounted: Unable to find partition for path '/storage/sdcard0'
I:Is_Mounted: Unable to find partition for path '/storage/sdcard0'
I:Is_Mounted: Unable to find partition for path '/mnt/vendor'
I:Is_Mounted: Unable to find partition for path '/mnt/vendor'
I:Is_Mounted: Unable to find partition for path '/storage/sdcard0'
I:Is_Mounted: Unable to find partition for path '/storage/sdcard0'
I:Is_Mounted: Unable to find partition for path '/mnt/vendor'
I:Is_Mounted: Unable to find partition for path '/mnt/vendor'
I:Is_Mounted: Unable to find partition for path '/storage/sdcard0'
I:Is_Mounted: Unable to find partition for path '/storage/sdcard0'
I:Is_Mounted: Unable to find partition for path '/mnt/vendor'
I:Is_Mounted: Unable to find partition for path '/mnt/vendor'
I:Is_Mounted: Unable to find partition for path '/storage/sdcard0'
I:Is_Mounted: Unable to find partition for path '/storage/sdcard0'
I:Is_Mounted: Unable to find partition for path '/mnt/vendor'
I:Is_Mounted: Unable to find partition for path '/mnt/vendor'
I:Is_Mounted: Unable to find partition for path '/storage/sdcard0'
I:Is_Mounted: Unable to find partition for path '/storage/sdcard0'
I:Is_Mounted: Unable to find partition for path '/mnt/vendor'
I:Is_Mounted: Unable to find partition for path '/mnt/vendor'
I:Is_Mounted: Unable to find partition for path '/storage/sdcard0'
I:Is_Mounted: Unable to find partition for path '/storage/sdcard0'
I:Is_Mounted: Unable to find partition for path '/mnt/vendor'
I:Is_Mounted: Unable to find partition for path '/mnt/vendor'
I:Is_Mounted: Unable to find partition for path '/storage/sdcard0'
I:Is_Mounted: Unable to find partition for path '/storage/sdcard0'
I:Is_Mounted: Unable to find partition for path '/mnt/vendor'
I:Is_Mounted: Unable to find partition for path '/mnt/vendor'
I:Is_Mounted: Unable to find partition for path '/storage/sdcard0'
I:Is_Mounted: Unable to find partition for path '/storage/sdcard0'
I:Is_Mounted: Unable to find partition for path '/mnt/vendor'
I:Is_Mounted: Unable to find partition for path '/mnt/vendor'
I:Is_Mounted: Unable to find partition for path '/storage/sdcard0'
I:Is_Mounted: Unable to find partition for path '/storage/sdcard0'
I:Is_Mounted: Unable to find partition for path '/mnt/vendor'
I:Is_Mounted: Unable to find partition for path '/mnt/vendor'
I:Is_Mounted: Unable to find partition for path '/storage/sdcard0'
I:Is_Mounted: Unable to find partition for path '/storage/sdcard0'
I:Is_Mounted: Unable to find partition for path '/mnt/vendor'
I:Is_Mounted: Unable to find partition for path '/mnt/vendor'
I:Is_Mounted: Unable to find partition for path '/storage/sdcard0'
I:Is_Mounted: Unable to find partition for path '/storage/sdcard0'
I:Is_Mounted: Unable to find partition for path '/mnt/vendor'
I:Is_Mounted: Unable to find partition for path '/mnt/vendor'
I:Is_Mounted: Unable to find partition for path '/storage/sdcard0'
I:Is_Mounted: Unable to find partition for path '/storage/sdcard0'
I:Is_Mounted: Unable to find partition for path '/mnt/vendor'
I:Is_Mounted: Unable to find partition for path '/mnt/vendor'
I:Is_Mounted: Unable to find partition for path '/storage/sdcard0'
I:Is_Mounted: Unable to find partition for path '/storage/sdcard0'
I:Is_Mounted: Unable to find partition for path '/mnt/vendor'
I:Is_Mounted: Unable to find partition for path '/mnt/vendor'
I:Is_Mounted: Unable to find partition for path '/storage/sdcard0'
I:Is_Mounted: Unable to find partition for path '/storage/sdcard0'
I:Is_Mounted: Unable to find partition for path '/mnt/vendor'
I:Is_Mounted: Unable to find partition for path '/mnt/vendor'
I:Is_Mounted: Unable to find partition for path '/storage/sdcard0'
I:Is_Mounted: Unable to find partition for path '/storage/sdcard0'
I:Is_Mounted: Unable to find partition for path '/mnt/vendor'
I:Is_Mounted: Unable to find partition for path '/mnt/vendor'
I:Is_Mounted: Unable to find partition for path '/storage/sdcard0'
I:Is_Mounted: Unable to find partition for path '/storage/sdcard0'
I:Is_Mounted: Unable to find partition for path '/mnt/vendor'
I:Is_Mounted: Unable to find partition for path '/mnt/vendor'
I:Is_Mounted: Unable to find partition for path '/storage/sdcard0'
I:Is_Mounted: Unable to find partition for path '/storage/sdcard0'
I:Is_Mounted: Unable to find partition for path '/mnt/vendor'
I:Is_Mounted: Unable to find partition for path '/mnt/vendor'
I:Is_Mounted: Unable to find partition for path '/storage/sdcard0'
I:Is_Mounted: Unable to find partition for path '/storage/sdcard0'
I:Is_Mounted: Unable to find partition for path '/mnt/vendor'
I:Is_Mounted: Unable to find partition for path '/mnt/vendor'
I:Is_Mounted: Unable to find partition for path '/storage/sdcard0'
I:Is_Mounted: Unable to find partition for path '/storage/sdcard0'
I:Is_Mounted: Unable to find partition for path '/mnt/vendor'
I:Is_Mounted: Unable to find partition for path '/mnt/vendor'
I:Is_Mounted: Unable to find partition for path '/storage/sdcard0'
I:Is_Mounted: Unable to find partition for path '/storage/sdcard0'
I:Is_Mounted: Unable to find partition for path '/mnt/vendor'
I:Is_Mounted: Unable to find partition for path '/mnt/vendor'
I:Is_Mounted: Unable to find partition for path '/storage/sdcard0'
I:Is_Mounted: Unable to find partition for path '/storage/sdcard0'
I:Is_Mounted: Unable to find partition for path '/mnt/vendor'
I:Is_Mounted: Unable to find partition for path '/mnt/vendor'
I:Is_Mounted: Unable to find partition for path '/storage/sdcard0'
I:Is_Mounted: Unable to find partition for path '/storage/sdcard0'
I:Is_Mounted: Unable to find partition for path '/mnt/vendor'
I:Is_Mounted: Unable to find partition for path '/mnt/vendor'
I:Is_Mounted: Unable to find partition for path '/storage/sdcard0'
I:Is_Mounted: Unable to find partition for path '/storage/sdcard0'
I:Is_Mounted: Unable to find partition for path '/mnt/vendor'
I:Is_Mounted: Unable to find partition for path '/mnt/vendor'
I:Is_Mounted: Unable to find partition for path '/storage/sdcard0'
I:Is_Mounted: Unable to find partition for path '/storage/sdcard0'
I:Is_Mounted: Unable to find partition for path '/mnt/vendor'
I:Is_Mounted: Unable to find partition for path '/mnt/vendor'
I:Is_Mounted: Unable to find partition for path '/storage/sdcard0'
I:Is_Mounted: Unable to find partition for path '/storage/sdcard0'
I:Set page: 'decrypt'
I:Set page: 'trydecrypt'
I:operation_start: 'Decrypt'
terminating
Decrypt process ended with signal: 6
Failed to decrypt data.
I:Set page: 'decrypt'
I:operation_end - status=1
I:Set page: 'canceldecrypt'
I:operation_start: 'Refreshing Sizes'
Updating partition details...
I:Can't probe device system
Failed to mount '/system_root' (Block device required)
I:Actual block device: 'system', current file system: 'erofs'
I:checking for twrp app
I:Can't probe device system
I:Unable to mount '/system_root'
I:Actual block device: 'system', current file system: 'erofs'
I:Can't probe device system_ext
Failed to mount '/system_ext' (Block device required)
I:Actual block device: 'system_ext', current file system: 'erofs'
I:Can't probe device vendor
Failed to mount '/vendor' (Block device required)
I:Actual block device: 'vendor', current file system: 'erofs'
I:Can't probe device product
Failed to mount '/product' (Block device required)
I:Actual block device: 'product', current file system: 'erofs'
I:Can't probe device vendor_dlkm
Failed to mount '/vendor_dlkm' (Block device required)
I:Actual block device: 'vendor_dlkm', current file system: 'ext4'
I:Can't probe device /dev/block/sda72
I:Unable to mount '/data'
I:Actual block device: '/dev/block/sda72', current file system: 'f2fs'
Failed to mount '/mnt/vendor' (Device or resource busy)
I:Actual block device: '/dev/block/sda1', current file system: 'ext4'
I:cmd: /system/bin/exfat-fuse -o big_writes,max_read=131072,max_write=131072 /dev/block/mmcblk1p1 /storage/sdcard0
WARN: volume was not unmounted cleanly.
...done
I:Can't probe device /dev/block/sda72
I:Unable to mount '/data'
I:Actual block device: '/dev/block/sda72', current file system: 'f2fs'
Unable to mount storage
I:Set page: 'main'
I:Set page: 'clear_vars'
I:Set page: 'main2'
I:operation_end - status=0
I:Set page: 'mount'
I:Is_Mounted: Unable to find partition for path '/mnt/vendor'
I:Is_Mounted: Unable to find partition for path '/mnt/vendor'
I:Is_Mounted: Unable to find partition for path '/storage/sdcard0'
I:Is_Mounted: Unable to find partition for path '/storage/sdcard0'
I:Is_Mounted: Unable to find partition for path '/mnt/vendor'
I:Is_Mounted: Unable to find partition for path '/mnt/vendor'
I:Is_Mounted: Unable to find partition for path '/storage/sdcard0'
I:Is_Mounted: Unable to find partition for path '/storage/sdcard0'
I:Is_Mounted: Unable to find partition for path '/mnt/vendor'
I:Is_Mounted: Unable to find partition for path '/mnt/vendor'
I:Is_Mounted: Unable to find partition for path '/storage/sdcard0'
I:Is_Mounted: Unable to find partition for path '/storage/sdcard0'
I:Is_Mounted: Unable to find partition for path '/mnt/vendor'
I:Is_Mounted: Unable to find partition for path '/mnt/vendor'
I:Is_Mounted: Unable to find partition for path '/storage/sdcard0'
I:Is_Mounted: Unable to find partition for path '/storage/sdcard0'
I:Is_Mounted: Unable to find partition for path '/mnt/vendor'
I:Is_Mounted: Unable to find partition for path '/mnt/vendor'
I:Is_Mounted: Unable to find partition for path '/storage/sdcard0'
I:Is_Mounted: Unable to find partition for path '/storage/sdcard0'
I:Is_Mounted: Unable to find partition for path '/mnt/vendor'
I:Is_Mounted: Unable to find partition for path '/mnt/vendor'
I:Is_Mounted: Unable to find partition for path '/storage/sdcard0'
I:Is_Mounted: Unable to find partition for path '/storage/sdcard0'
I:Is_Mounted: Unable to find partition for path '/mnt/vendor'
I:Is_Mounted: Unable to find partition for path '/mnt/vendor'
I:Is_Mounted: Unable to find partition for path '/storage/sdcard0'
I:Is_Mounted: Unable to find partition for path '/storage/sdcard0'
I:Is_Mounted: Unable to find partition for path '/mnt/vendor'
I:Is_Mounted: Unable to find partition for path '/mnt/vendor'
I:Is_Mounted: Unable to find partition for path '/storage/sdcard0'
I:Is_Mounted: Unable to find partition for path '/storage/sdcard0'
I:Is_Mounted: Unable to find partition for path '/mnt/vendor'
I:Is_Mounted: Unable to find partition for path '/mnt/vendor'
I:Is_Mounted: Unable to find partition for path '/storage/sdcard0'
I:Is_Mounted: Unable to find partition for path '/storage/sdcard0'
I:Is_Mounted: Unable to find partition for path '/mnt/vendor'
I:Is_Mounted: Unable to find partition for path '/mnt/vendor'
I:Is_Mounted: Unable to find partition for path '/storage/sdcard0'
I:Is_Mounted: Unable to find partition for path '/storage/sdcard0'
I:Is_Mounted: Unable to find partition for path '/mnt/vendor'
I:Is_Mounted: Unable to find partition for path '/mnt/vendor'
I:Is_Mounted: Unable to find partition for path '/storage/sdcard0'
I:Is_Mounted: Unable to find partition for path '/storage/sdcard0'
I:Is_Mounted: Unable to find partition for path '/mnt/vendor'
I:Is_Mounted: Unable to find partition for path '/mnt/vendor'
I:Is_Mounted: Unable to find partition for path '/storage/sdcard0'
I:Is_Mounted: Unable to find partition for path '/storage/sdcard0'
I:Is_Mounted: Unable to find partition for path '/mnt/vendor'
I:Is_Mounted: Unable to find partition for path '/mnt/vendor'
I:Is_Mounted: Unable to find partition for path '/storage/sdcard0'
I:Is_Mounted: Unable to find partition for path '/storage/sdcard0'
I:Is_Mounted: Unable to find partition for path '/mnt/vendor'
I:Is_Mounted: Unable to find partition for path '/mnt/vendor'
I:Is_Mounted: Unable to find partition for path '/storage/sdcard0'
I:Is_Mounted: Unable to find partition for path '/storage/sdcard0'
I:Is_Mounted: Unable to find partition for path '/mnt/vendor'
I:Is_Mounted: Unable to find partition for path '/mnt/vendor'
I:Is_Mounted: Unable to find partition for path '/storage/sdcard0'
I:Is_Mounted: Unable to find partition for path '/storage/sdcard0'
I:Is_Mounted: Unable to find partition for path '/mnt/vendor'
I:Is_Mounted: Unable to find partition for path '/mnt/vendor'
I:Is_Mounted: Unable to find partition for path '/storage/sdcard0'
I:Is_Mounted: Unable to find partition for path '/storage/sdcard0'
I:Is_Mounted: Unable to find partition for path '/mnt/vendor'
I:Is_Mounted: Unable to find partition for path '/mnt/vendor'
I:Is_Mounted: Unable to find partition for path '/storage/sdcard0'
I:Is_Mounted: Unable to find partition for path '/storage/sdcard0'
I:Is_Mounted: Unable to find partition for path '/mnt/vendor'
I:Is_Mounted: Unable to find partition for path '/mnt/vendor'
I:Is_Mounted: Unable to find partition for path '/storage/sdcard0'
I:Is_Mounted: Unable to find partition for path '/storage/sdcard0'
I:Is_Mounted: Unable to find partition for path '/mnt/vendor'
I:Is_Mounted: Unable to find partition for path '/mnt/vendor'
I:Is_Mounted: Unable to find partition for path '/storage/sdcard0'
I:Is_Mounted: Unable to find partition for path '/storage/sdcard0'
I:Is_Mounted: Unable to find partition for path '/mnt/vendor'
I:Is_Mounted: Unable to find partition for path '/mnt/vendor'
I:Is_Mounted: Unable to find partition for path '/storage/sdcard0'
I:Is_Mounted: Unable to find partition for path '/storage/sdcard0'
I:Is_Mounted: Unable to find partition for path '/mnt/vendor'
I:Is_Mounted: Unable to find partition for path '/mnt/vendor'
I:Is_Mounted: Unable to find partition for path '/storage/sdcard0'
I:Is_Mounted: Unable to find partition for path '/storage/sdcard0'
I:Is_Mounted: Unable to find partition for path '/mnt/vendor'
I:Is_Mounted: Unable to find partition for path '/mnt/vendor'
I:Is_Mounted: Unable to find partition for path '/storage/sdcard0'
I:Is_Mounted: Unable to find partition for path '/storage/sdcard0'
I:Set page: 'usb_mount'
I:Device doesn't have multiple lun files, mount current storage
I:USB mount '/external_sd', '/dev/block/mmcblk1p1' > '/config/usb_gadget/g1/functions/mass_storage.gs6/lun.0/file'
I:Set page: 'usb_umount'
I:Cannot find file /config/usb_gadget/g1/functions/mass_storage.gs6/lun.1/file
I:Can't probe device /dev/block/sda72
I:Unable to mount '/data'
I:Actual block device: '/dev/block/sda72', current file system: 'f2fs'
I:cmd: /system/bin/exfat-fuse -o big_writes,max_read=131072,max_write=131072 /dev/block/mmcblk1p1 /external_sd
Updating partition details...
I:Can't probe device system
Failed to mount '/system_root' (Block device required)
I:Actual block device: 'system', current file system: 'erofs'
I:checking for twrp app
I:Can't probe device system
I:Unable to mount '/system_root'
I:Actual block device: 'system', current file system: 'erofs'
I:Can't probe device system_ext
Failed to mount '/system_ext' (Block device required)
I:Actual block device: 'system_ext', current file system: 'erofs'
I:Can't probe device vendor
Failed to mount '/vendor' (Block device required)
I:Actual block device: 'vendor', current file system: 'erofs'
I:Can't probe device product
Failed to mount '/product' (Block device required)
I:Actual block device: 'product', current file system: 'erofs'
I:Can't probe device vendor_dlkm
Failed to mount '/vendor_dlkm' (Block device required)
I:Actual block device: 'vendor_dlkm', current file system: 'ext4'
I:Can't probe device /dev/block/sda72
I:Unable to mount '/data'
I:Actual block device: '/dev/block/sda72', current file system: 'f2fs'
Failed to mount '/mnt/vendor' (Device or resource busy)
I:Actual block device: '/dev/block/sda1', current file system: 'ext4'
I:cmd: /system/bin/exfat-fuse -o big_writes,max_read=131072,max_write=131072 /dev/block/mmcblk1p1 /storage/sdcard0
WARN: volume was not unmounted cleanly.
...done
I:Can't probe device /dev/block/sda72
I:Unable to mount '/data'
I:Actual block device: '/dev/block/sda72', current file system: 'f2fs'
Unable to mount storage
I:Unmounting main partitions...
I:Set page: 'mount'
I:Is_Mounted: Unable to find partition for path '/mnt/vendor'
I:Is_Mounted: Unable to find partition for path '/mnt/vendor'
I:Is_Mounted: Unable to find partition for path '/storage/sdcard0'
I:Is_Mounted: Unable to find partition for path '/storage/sdcard0'
I:Is_Mounted: Unable to find partition for path '/mnt/vendor'
I:Is_Mounted: Unable to find partition for path '/mnt/vendor'
I:Is_Mounted: Unable to find partition for path '/storage/sdcard0'
I:Is_Mounted: Unable to find partition for path '/storage/sdcard0'
I:Is_Mounted: Unable to find partition for path '/mnt/vendor'
I:Is_Mounted: Unable to find partition for path '/mnt/vendor'
I:Is_Mounted: Unable to find partition for path '/storage/sdcard0'
I:Is_Mounted: Unable to find partition for path '/storage/sdcard0'
I:Is_Mounted: Unable to find partition for path '/mnt/vendor'
I:Is_Mounted: Unable to find partition for path '/mnt/vendor'
I:Is_Mounted: Unable to find partition for path '/storage/sdcard0'
I:Is_Mounted: Unable to find partition for path '/storage/sdcard0'
I:Is_Mounted: Unable to find partition for path '/mnt/vendor'
I:Is_Mounted: Unable to find partition for path '/mnt/vendor'
I:Is_Mounted: Unable to find partition for path '/storage/sdcard0'
I:Is_Mounted: Unable to find partition for path '/storage/sdcard0'
I:Is_Mounted: Unable to find partition for path '/mnt/vendor'
I:Is_Mounted: Unable to find partition for path '/mnt/vendor'
I:Is_Mounted: Unable to find partition for path '/storage/sdcard0'
I:Is_Mounted: Unable to find partition for path '/storage/sdcard0'
I:Is_Mounted: Unable to find partition for path '/mnt/vendor'
I:Is_Mounted: Unable to find partition for path '/mnt/vendor'
I:Is_Mounted: Unable to find partition for path '/storage/sdcard0'
I:Is_Mounted: Unable to find partition for path '/storage/sdcard0'
I:Is_Mounted: Unable to find partition for path '/mnt/vendor'
I:Is_Mounted: Unable to find partition for path '/mnt/vendor'
I:Is_Mounted: Unable to find partition for path '/storage/sdcard0'
I:Is_Mounted: Unable to find partition for path '/storage/sdcard0'
I:Is_Mounted: Unable to find partition for path '/mnt/vendor'
I:Is_Mounted: Unable to find partition for path '/mnt/vendor'
I:Is_Mounted: Unable to find partition for path '/storage/sdcard0'
I:Is_Mounted: Unable to find partition for path '/storage/sdcard0'
I:Is_Mounted: Unable to find partition for path '/mnt/vendor'
I:Is_Mounted: Unable to find partition for path '/mnt/vendor'
I:Is_Mounted: Unable to find partition for path '/storage/sdcard0'
I:Is_Mounted: Unable to find partition for path '/storage/sdcard0'
I:Is_Mounted: Unable to find partition for path '/mnt/vendor'
I:Is_Mounted: Unable to find partition for path '/mnt/vendor'
I:Is_Mounted: Unable to find partition for path '/storage/sdcard0'
I:Is_Mounted: Unable to find partition for path '/storage/sdcard0'
I:Is_Mounted: Unable to find partition for path '/mnt/vendor'
I:Is_Mounted: Unable to find partition for path '/mnt/vendor'
I:Is_Mounted: Unable to find partition for path '/storage/sdcard0'
I:Is_Mounted: Unable to find partition for path '/storage/sdcard0'
I:Is_Mounted: Unable to find partition for path '/mnt/vendor'
I:Is_Mounted: Unable to find partition for path '/mnt/vendor'
I:Is_Mounted: Unable to find partition for path '/storage/sdcard0'
I:Is_Mounted: Unable to find partition for path '/storage/sdcard0'
I:Is_Mounted: Unable to find partition for path '/mnt/vendor'
I:Is_Mounted: Unable to find partition for path '/mnt/vendor'
I:Is_Mounted: Unable to find partition for path '/storage/sdcard0'
I:Is_Mounted: Unable to find partition for path '/storage/sdcard0'
I:Is_Mounted: Unable to find partition for path '/mnt/vendor'
I:Is_Mounted: Unable to find partition for path '/mnt/vendor'
I:Is_Mounted: Unable to find partition for path '/storage/sdcard0'
I:Is_Mounted: Unable to find partition for path '/storage/sdcard0'
I:Is_Mounted: Unable to find partition for path '/mnt/vendor'
I:Is_Mounted: Unable to find partition for path '/mnt/vendor'
I:Is_Mounted: Unable to find partition for path '/storage/sdcard0'
I:Is_Mounted: Unable to find partition for path '/storage/sdcard0'
I:Is_Mounted: Unable to find partition for path '/mnt/vendor'
I:Is_Mounted: Unable to find partition for path '/mnt/vendor'
I:Is_Mounted: Unable to find partition for path '/storage/sdcard0'
I:Is_Mounted: Unable to find partition for path '/storage/sdcard0'
I:Is_Mounted: Unable to find partition for path '/mnt/vendor'
I:Is_Mounted: Unable to find partition for path '/mnt/vendor'
I:Is_Mounted: Unable to find partition for path '/storage/sdcard0'
I:Is_Mounted: Unable to find partition for path '/storage/sdcard0'
I:Is_Mounted: Unable to find partition for path '/mnt/vendor'
I:Is_Mounted: Unable to find partition for path '/mnt/vendor'
I:Is_Mounted: Unable to find partition for path '/storage/sdcard0'
I:Is_Mounted: Unable to find partition for path '/storage/sdcard0'
I:Is_Mounted: Unable to find partition for path '/mnt/vendor'
I:Is_Mounted: Unable to find partition for path '/mnt/vendor'
I:Is_Mounted: Unable to find partition for path '/storage/sdcard0'
I:Is_Mounted: Unable to find partition for path '/storage/sdcard0'
I:Is_Mounted: Unable to find partition for path '/mnt/vendor'
I:Is_Mounted: Unable to find partition for path '/mnt/vendor'
I:Is_Mounted: Unable to find partition for path '/storage/sdcard0'
I:Is_Mounted: Unable to find partition for path '/storage/sdcard0'
I:Is_Mounted: Unable to find partition for path '/mnt/vendor'
I:Is_Mounted: Unable to find partition for path '/mnt/vendor'
I:Is_Mounted: Unable to find partition for path '/storage/sdcard0'
I:Is_Mounted: Unable to find partition for path '/storage/sdcard0'
I:Is_Mounted: Unable to find partition for path '/mnt/vendor'
I:Is_Mounted: Unable to find partition for path '/mnt/vendor'
I:Is_Mounted: Unable to find partition for path '/storage/sdcard0'
I:Is_Mounted: Unable to find partition for path '/storage/sdcard0'
I:Is_Mounted: Unable to find partition for path '/mnt/vendor'
I:Is_Mounted: Unable to find partition for path '/mnt/vendor'
I:Is_Mounted: Unable to find partition for path '/storage/sdcard0'
I:Is_Mounted: Unable to find partition for path '/storage/sdcard0'
I:Is_Mounted: Unable to find partition for path '/mnt/vendor'
I:Is_Mounted: Unable to find partition for path '/mnt/vendor'
I:Is_Mounted: Unable to find partition for path '/storage/sdcard0'
I:Is_Mounted: Unable to find partition for path '/storage/sdcard0'
I:Set page: 'main'
I:Set page: 'clear_vars'
I:Set page: 'main2'
I:Set page: 'advanced'
I:Loading package: TWRP (theme/ui.zip)
I:Loading zip theme
I:Failed to load package 'theme/ui.zip'.
I:Attempting to reload stock theme...
I:Loading package: TWRP (/twres/ui.xml)
I:Load XML directly
I:PageManager::LoadFileToBuffer loading filename: '/twres/languages/zh_TW.xml' directly
I:PageManager::LoadFileToBuffer loading filename: '/twres/languages/zh_CN.xml' directly
I:PageManager::LoadFileToBuffer loading filename: '/twres/languages/uk.xml' directly
I:PageManager::LoadFileToBuffer loading filename: '/twres/languages/tr.xml' directly
I:PageManager::LoadFileToBuffer loading filename: '/twres/languages/sv.xml' directly
I:PageManager::LoadFileToBuffer loading filename: '/twres/languages/sl.xml' directly
I:PageManager::LoadFileToBuffer loading filename: '/twres/languages/sk.xml' directly
I:PageManager::LoadFileToBuffer loading filename: '/twres/languages/ru.xml' directly
I:PageManager::LoadFileToBuffer loading filename: '/twres/languages/pt_PT.xml' directly
I:PageManager::LoadFileToBuffer loading filename: '/twres/languages/pt_BR.xml' directly
I:PageManager::LoadFileToBuffer loading filename: '/twres/languages/pl.xml' directly
I:PageManager::LoadFileToBuffer loading filename: '/twres/languages/nl.xml' directly
I:PageManager::LoadFileToBuffer loading filename: '/twres/languages/lk.xml' directly
I:PageManager::LoadFileToBuffer loading filename: '/twres/languages/ja.xml' directly
I:PageManager::LoadFileToBuffer loading filename: '/twres/languages/it.xml' directly
I:PageManager::LoadFileToBuffer loading filename: '/twres/languages/id.xml' directly
I:PageManager::LoadFileToBuffer loading filename: '/twres/languages/hu.xml' directly
I:PageManager::LoadFileToBuffer loading filename: '/twres/languages/fr.xml' directly
I:PageManager::LoadFileToBuffer loading filename: '/twres/languages/es.xml' directly
I:PageManager::LoadFileToBuffer loading filename: '/twres/languages/en.xml' directly
I:PageManager::LoadFileToBuffer loading filename: '/twres/languages/el.xml' directly
I:PageManager::LoadFileToBuffer loading filename: '/twres/languages/de.xml' directly
I:PageManager::LoadFileToBuffer loading filename: '/twres/languages/cz.xml' directly
I:PageManager::LoadFileToBuffer loading filename: '/twres/languages/en.xml' directly
parsing languageFile
parsing languageFile done
I:PageManager::LoadFileToBuffer loading filename: '/twres/ui.xml' directly
I:Checking resolution...
I:Scaling theme width 0.666667x and height 0.833333x, offsets x: 0 y: 0 w: 0 h: 0
I:Loading resources...
I:Failed to load image from indeterminate013, error -1
I:Loading variables...
I:Loading mouse cursor...
I:Loading pages...
I:Including file: /twres/portrait.xml...
I:PageManager::LoadFileToBuffer loading filename: '/twres/portrait.xml' directly
I:Loading resources...
I:Loading variables...
I:Loading mouse cursor...
I:Loading pages...
I:Loading page main
I:Loading page main2
I:Loading page install
I:Loading page flash_confirm
I:Loading page flash_zip
I:Loading page flash_done
I:Loading page flash_sleep_and_reboot
I:Loading page flashimage_confirm
I:Loading page clear_vars
I:Loading page reboot_system_routine
I:Loading page confirm_action
I:Loading page action_page
I:Loading page singleaction_page
I:Loading page action_complete
I:Loading page filecheck
I:Loading page rebootcheck
I:Loading page wipe
I:Loading page advancedwipe
I:Loading page formatdata
I:Loading page formatdata_confirm
I:Loading page checkpartitionlist
I:Loading page partitionoptions
I:Loading page refreshfilesystem
I:Loading page selectfilesystem
I:Loading page backup
I:Loading page multiuser_warning
I:Loading page backup_options
I:Loading page backupname1
I:Loading page backupname2
I:Loading page backupencryption
I:Loading page backupencryption2
I:Loading page checkbackuppassword
I:Loading page backup_run
I:Loading page restore
I:Unable to open '/data/media/TWRP/BACKUPS/Z60plusBD2309059028'
I:Loading page restore_force
I:Unable to open '/data/media/TWRP/BACKUPS'
I:Loading page restore_read
I:Loading page restore_decrypt
I:Loading page try_restore_decrypt
I:Loading page restore_select
I:Loading page renamebackup
I:Loading page restore_run
I:Loading page mount
I:Loading page usb_mount
I:Loading page usb_umount
I:Loading page system_readonly_check
I:Loading page fastbootreboot
I:Loading page reboot
I:Loading page installapp
I:Loading page system_readonly
I:Loading page settings
I:Loading page settings_timezone
I:Loading page settings_screen
I:Loading page settings_vibration
I:Loading page settings_language
I:Loading page copylog
I:Loading page advanced
I:Loading page partsdcardsel
I:Loading page partsdcardcheck
I:Loading page partsdcard
I:Loading page repackselect
I:Loading page repackconfirm
I:Loading page lock
I:Loading page filemanagerlist
I:Loading page filemanageroptions
I:Loading page choosedestinationfolder
I:Loading page filemanagerrenamefile
I:Loading page filemanagerrenamefolder
I:Loading page filemanagerchmod
I:Loading page filemanagerconfirm
I:Loading page filemanageraction
I:Loading page decrypt
I:Loading page decrypt_pattern
I:Loading page decrypt_pin
I:Loading page trydecrypt
I:Loading page canceldecrypt
I:Loading page terminalcommand
I:Loading page fastboot
I:Loading page sideload
I:Loading page fixcontexts
I:Loading page slideout
I:Loading page select_storage
I:Loading page select_language
I:Loading page decrypt_users
I:Loading page changeTwrpFolder
I:Loading page restore_keymaster
I:Set page: 'clear_vars'
I:Set page: 'main2'
I:Switching packages (TWRP)
I:Loading language 'en'
I:PageManager::LoadFileToBuffer loading filename: '/twres/languages/en.xml' directly
parsing languageFile
parsing languageFile done
I:Translating partition display names
I:Backup folder set to '/data/media/TWRP/BACKUPS/Z60plusBD2309059028'
I:Attempt to load settings from settings file...
I:InfoManager file '.twrps' not found.
I:Backup folder set to '/data/media/TWRP/BACKUPS/Z60plusBD2309059028'
I:Can't probe device /dev/block/sda72
I:Unable to mount '/data'
I:Actual block device: '/dev/block/sda72', current file system: 'f2fs'
I:Version number saved to '/data/recovery/.version'
I:Can't probe device /dev/block/sda72
I:Unable to mount '/data'
I:Actual block device: '/dev/block/sda72', current file system: 'f2fs'
I:TWFunc::Set_Brightness: Setting brightness control to 90
I:Set page: 'advanced'
I:Set page: 'partsdcardsel'
I:Set page: 'advanced'
I:Set page: 'main'
I:Set page: 'clear_vars'
I:Set page: 'main2'
I:Set page: 'settings'
I:Set page: 'settings_timezone'
I:Set page: 'settings_screen'
I:Set page: 'settings_vibration'
I:Set page: 'settings'
I:Set page: 'main'
I:Set page: 'clear_vars'
I:Set page: 'main2'
I:Set page: 'advanced'
I:Set page: 'fixcontexts'
I:Set page: 'advanced'
I:Set page: 'main'
I:Set page: 'clear_vars'
I:Set page: 'main2'
I:TWFunc::Set_Brightness: Setting brightness control to 5
I:TWFunc::Set_Brightness: Setting brightness control to 0
